run_id,ts,predicoes_publicadas
E_w1_p1_r1,1791038047.8810854,0
E_w1_p1_r1,1791038048.3811889,0
E_w1_p1_r1,1791038048.881499,0
E_w1_p1_r1,1791038049.3816347,0
E_w1_p1_r1,1791038049.8817441,0
E_w1_p1_r1,1791038050.3818784,0
E_w1_p1_r1,1791038050.8820188,0
E_w1_p1_r1,1791038051.3821654,0
E_w1_p1_r1,1791038051.8822727,0
E_w1_p1_r1,1791038052.3823879,0
E_w1_p1_r1,1791038052.8824987,0
E_w1_p1_r1,1791038053.3826432,0
E_w1_p1_r1,1791038053.8827627,0
E_w1_p1_r1,1791038054.382897,0
E_w1_p1_r1,1791038054.8830314,0
E_w1_p1_r1,1791038055.383132,0
E_w1_p1_r1,1791038055.88325,0
E_w1_p1_r1,1791038056.3833706,0
E_w1_p1_r1,1791038056.8834777,0
E_w1_p1_r1,1791038057.383587,0
E_w1_p1_r1,1791038057.8837082,0
E_w1_p1_r1,1791038058.3838108,0
E_w1_p1_r1,1791038058.8839252,0
E_w1_p1_r1,1791038059.3840337,0
E_w1_p1_r1,1791038059.8841538,0
E_w1_p1_r1,1791038060.3842747,0
E_w1_p1_r1,1791038060.8843977,0
E_w1_p1_r1,1791038061.3845172,0
E_w1_p1_r1,1791038061.8846333,0
E_w1_p1_r1,1791038062.3847468,0
E_w1_p1_r1,1791038062.884853,0
E_w1_p1_r1,1791038063.3849618,0
E_w1_p1_r1,1791038063.885052,0
E_w1_p1_r1,1791038064.3851528,0
E_w1_p1_r1,1791038064.885292,0
E_w1_p1_r1,1791038065.3854208,0
E_w1_p1_r1,1791038065.8855553,0
E_w1_p1_r1,1791038066.3857105,0
E_w1_p1_r1,1791038066.8858483,0
E_w1_p1_r1,1791038067.3859541,0
E_w1_p1_r1,1791038067.8860555,0
E_w1_p1_r1,1791038068.3864934,0
E_w1_p1_r1,1791038068.8866217,0
E_w1_p1_r1,1791038069.386743,0
E_w1_p1_r1,1791038069.886851,0
E_w1_p1_r1,1791038070.3869526,0
E_w1_p1_r1,1791038070.887092,0
E_w1_p1_r1,1791038071.3871953,0
E_w1_p1_r1,1791038071.887531,0
E_w1_p1_r1,1791038072.3876357,0
E_w1_p1_r1,1791038072.8877451,0
E_w1_p1_r1,1791038073.3878455,0
E_w1_p1_r1,1791038073.8879504,0
E_w1_p1_r1,1791038074.3880715,0
E_w1_p1_r1,1791038074.8881938,0
E_w1_p1_r1,1791038075.3883438,0
E_w1_p1_r1,1791038075.8884535,0
E_w1_p1_r1,1791038076.3885648,0
E_w1_p1_r1,1791038076.8887272,0
E_w1_p1_r1,1791038077.388855,0
E_w1_p1_r1,1791038077.8890405,0
E_w1_p1_r1,1791038078.3891587,0
E_w1_p1_r1,1791038078.8893023,0
E_w1_p1_r1,1791038079.3894205,0
E_w1_p1_r1,1791038079.8895335,0
E_w1_p1_r1,1791038080.3896756,0
E_w1_p1_r1,1791038080.8897414,0
E_w1_p1_r1,1791038081.3898535,0
E_w1_p1_r1,1791038081.8901742,0
E_w1_p1_r1,1791038082.3902893,0
E_w1_p1_r1,1791038082.8904023,0
E_w1_p1_r1,1791038083.3905525,0
E_w1_p1_r1,1791038083.8907378,0
E_w1_p1_r1,1791038084.3908498,0
E_w1_p1_r1,1791038084.8910024,0
E_w1_p1_r1,1791038085.3911111,0
E_w1_p1_r1,1791038085.891256,0
E_w1_p1_r1,1791038086.391402,657
E_w1_p1_r1,1791038086.8917599,2650
E_w1_p1_r1,1791038087.391871,6497
E_w1_p1_r1,1791038087.89199,10000
E_w1_p1_r1,1791038088.392111,10000
E_w1_p1_r1,1791038088.892231,10000
E_w1_p1_r1,1791038089.3923783,10000
E_w1_p1_r1,1791038089.892497,10000
E_w1_p1_r1,1791038090.3926046,14882
E_w1_p1_r1,1791038090.8927224,20000
E_w1_p1_r1,1791038091.3928213,20000
E_w1_p1_r1,1791038091.8929417,20000
E_w1_p1_r1,1791038092.3930469,20000
E_w1_p1_r1,1791038092.893154,20000
E_w1_p1_r1,1791038093.3932703,20000
E_w1_p1_r1,1791038093.8936176,20000
E_w1_p1_r1,1791038094.3937423,20000
E_w1_p1_r1,1791038094.8938935,20000
E_w1_p1_r1,1791038095.394027,20000
E_w1_p1_r1,1791038095.8941445,20000
E_w1_p1_r1,1791038096.394266,29367
E_w1_p1_r1,1791038096.894416,44613
E_w1_p1_r1,1791038097.3945334,56470
E_w1_p1_r1,1791038097.8949025,60000
E_w1_p1_r1,1791038098.3952484,60000
E_w1_p1_r1,1791038098.895404,60000
E_w1_p1_r1,1791038099.3955157,60000
E_w1_p1_r1,1791038099.8956282,60000
E_w1_p1_r1,1791038100.3957646,60000
E_w1_p1_r1,1791038100.8959315,60000
E_w1_p1_r1,1791038101.3960721,60000
E_w1_p1_r1,1791038101.896187,60000
E_w1_p1_r1,1791038102.396338,60437
E_w1_p1_r1,1791038102.89645,76316
E_w1_p1_r1,1791038103.3965633,80000
E_w1_p1_r1,1791038103.8967202,80000
E_w1_p1_r1,1791038104.3970928,80000
E_w1_p1_r1,1791038104.8973138,80000
E_w1_p1_r1,1791038105.3974278,80000
E_w1_p1_r1,1791038105.8975394,80000
E_w1_p1_r1,1791038106.3977318,105630
E_w1_p1_r1,1791038106.8981056,110000
E_w1_p1_r1,1791038107.3984518,110000
E_w1_p1_r1,1791038107.8985722,110000
E_w1_p1_r1,1791038108.3987114,110000
E_w1_p1_r1,1791038108.898869,110000
E_w1_p1_r1,1791038109.3990045,110000
E_w1_p1_r1,1791038109.8994007,110000
E_w1_p1_r1,1791038110.3995264,110000
E_w1_p1_r1,1791038110.8996499,126844
E_w1_p1_r1,1791038111.3999798,140000
E_w1_p1_r1,1791038111.900099,140000
E_w1_p1_r1,1791038112.400256,140000
E_w1_p1_r1,1791038112.9005723,140000
E_w1_p1_r1,1791038113.4007256,140000
E_w1_p1_r1,1791038113.9009607,140000
E_w1_p1_r1,1791038114.4011226,140000
E_w1_p1_r1,1791038114.9012704,140000
E_w1_p1_r1,1791038115.401622,170000
E_w1_p1_r1,1791038115.9019907,170000
E_w1_p1_r1,1791038116.4021113,170000
E_w1_p1_r1,1791038116.902228,170000
E_w1_p1_r1,1791038117.4025993,170000
E_w1_p1_r1,1791038117.9027536,170000
E_w1_p1_r1,1791038118.403113,170000
E_w1_p1_r1,1791038118.9032269,170000
E_w1_p1_r1,1791038119.4033403,174917
E_w1_p1_r1,1791038119.9034648,200000
E_w1_p1_r1,1791038120.4038405,200000
E_w1_p1_r1,1791038120.9039884,200000
E_w1_p1_r1,1791038121.4041328,200000
E_w1_p1_r1,1791038121.9045017,200000
E_w1_p1_r1,1791038122.404612,200000
E_w1_p1_r1,1791038122.90477,226004
E_w1_p1_r1,1791038123.4048872,245844
E_w1_p1_r1,1791038123.9050345,259516
E_w1_p1_r1,1791038124.405183,270000
E_w1_p1_r1,1791038124.9052935,280000
E_w1_p1_r1,1791038125.4056642,290000
E_w1_p1_r1,1791038125.9060261,296955
E_w1_p1_r1,1791038126.406144,300000
E_w1_p1_r2,1791038200.7518446,0
E_w1_p1_r2,1791038201.251936,0
E_w1_p1_r2,1791038201.7520428,0
E_w1_p1_r2,1791038202.2521756,0
E_w1_p1_r2,1791038202.7522714,0
E_w1_p1_r2,1791038203.2523847,0
E_w1_p1_r2,1791038203.7524824,0
E_w1_p1_r2,1791038204.252579,0
E_w1_p1_r2,1791038204.752666,0
E_w1_p1_r2,1791038205.25275,0
E_w1_p1_r2,1791038205.7528791,0
E_w1_p1_r2,1791038206.252976,0
E_w1_p1_r2,1791038206.753295,0
E_w1_p1_r2,1791038207.2533886,0
E_w1_p1_r2,1791038207.753488,0
E_w1_p1_r2,1791038208.2535844,0
E_w1_p1_r2,1791038208.7565234,0
E_w1_p1_r2,1791038209.2566721,0
E_w1_p1_r2,1791038209.7567506,0
E_w1_p1_r2,1791038210.2568378,0
E_w1_p1_r2,1791038210.7569735,0
E_w1_p1_r2,1791038211.25711,0
E_w1_p1_r2,1791038211.7572317,0
E_w1_p1_r2,1791038212.2573385,0
E_w1_p1_r2,1791038212.7574387,0
E_w1_p1_r2,1791038213.2575314,0
E_w1_p1_r2,1791038213.7576394,0
E_w1_p1_r2,1791038214.257731,0
E_w1_p1_r2,1791038214.7578464,0
E_w1_p1_r2,1791038215.2579849,0
E_w1_p1_r2,1791038215.7580981,0
E_w1_p1_r2,1791038216.2581959,0
E_w1_p1_r2,1791038216.7583053,0
E_w1_p1_r2,1791038217.258404,0
E_w1_p1_r2,1791038217.7584968,0
E_w1_p1_r2,1791038218.258608,0
E_w1_p1_r2,1791038218.7587473,0
E_w1_p1_r2,1791038219.258838,0
E_w1_p1_r2,1791038219.7589383,0
E_w1_p1_r2,1791038220.2590325,0
E_w1_p1_r2,1791038220.7591367,0
E_w1_p1_r2,1791038221.2592576,0
E_w1_p1_r2,1791038221.7594075,0
E_w1_p1_r2,1791038222.2595308,0
E_w1_p1_r2,1791038222.7596514,0
E_w1_p1_r2,1791038223.2597754,0
E_w1_p1_r2,1791038223.7598803,0
E_w1_p1_r2,1791038224.260039,0
E_w1_p1_r2,1791038224.7601843,0
E_w1_p1_r2,1791038225.2603276,0
E_w1_p1_r2,1791038225.7604475,0
E_w1_p1_r2,1791038226.2605755,0
E_w1_p1_r2,1791038226.7607348,0
E_w1_p1_r2,1791038227.2608387,0
E_w1_p1_r2,1791038227.7617567,0
E_w1_p1_r2,1791038228.2618911,0
E_w1_p1_r2,1791038228.762199,0
E_w1_p1_r2,1791038229.262322,0
E_w1_p1_r2,1791038229.7624836,0
E_w1_p1_r2,1791038230.2626092,0
E_w1_p1_r2,1791038230.7627473,0
E_w1_p1_r2,1791038231.2628706,0
E_w1_p1_r2,1791038231.7630105,0
E_w1_p1_r2,1791038232.2631426,0
E_w1_p1_r2,1791038232.763263,0
E_w1_p1_r2,1791038233.263377,0
E_w1_p1_r2,1791038233.7634969,29
E_w1_p1_r2,1791038234.2636197,1090
E_w1_p1_r2,1791038234.7637668,4770
E_w1_p1_r2,1791038235.2638876,10000
E_w1_p1_r2,1791038235.7640097,10000
E_w1_p1_r2,1791038236.264143,10000
E_w1_p1_r2,1791038236.7642944,10000
E_w1_p1_r2,1791038237.2644415,10721
E_w1_p1_r2,1791038237.7645705,22558
E_w1_p1_r2,1791038238.2647328,30000
E_w1_p1_r2,1791038238.7648537,30000
E_w1_p1_r2,1791038239.264976,30000
E_w1_p1_r2,1791038239.765096,30000
E_w1_p1_r2,1791038240.2652042,30000
E_w1_p1_r2,1791038240.7653484,31243
E_w1_p1_r2,1791038241.265467,43082
E_w1_p1_r2,1791038241.7655895,50000
E_w1_p1_r2,1791038242.2657313,50000
E_w1_p1_r2,1791038242.7658496,50000
E_w1_p1_r2,1791038243.265973,50000
E_w1_p1_r2,1791038243.7661183,50000
E_w1_p1_r2,1791038244.2662673,60369
E_w1_p1_r2,1791038244.7663877,70000
E_w1_p1_r2,1791038245.2665336,70000
E_w1_p1_r2,1791038245.7667937,70000
E_w1_p1_r2,1791038246.2669291,70000
E_w1_p1_r2,1791038246.7670655,70000
E_w1_p1_r2,1791038247.26721,70000
E_w1_p1_r2,1791038247.7676284,84733
E_w1_p1_r2,1791038248.2677588,90000
E_w1_p1_r2,1791038248.767883,90000
E_w1_p1_r2,1791038249.2680316,90000
E_w1_p1_r2,1791038249.7681744,90000
E_w1_p1_r2,1791038250.2683136,90000
E_w1_p1_r2,1791038250.7684507,90000
E_w1_p1_r2,1791038251.2685778,95550
E_w1_p1_r2,1791038251.76874,110000
E_w1_p1_r2,1791038252.2688606,110000
E_w1_p1_r2,1791038252.768989,120000
E_w1_p1_r2,1791038253.2691276,120000
E_w1_p1_r2,1791038253.7692435,127965
E_w1_p1_r2,1791038254.2693534,130000
E_w1_p1_r2,1791038254.7694833,130000
E_w1_p1_r2,1791038255.2695909,130000
E_w1_p1_r2,1791038255.7697315,150000
E_w1_p1_r2,1791038256.2698534,150000
E_w1_p1_r2,1791038256.7699828,150000
E_w1_p1_r2,1791038257.2701032,150000
E_w1_p1_r2,1791038257.7702456,160000
E_w1_p1_r2,1791038258.2703679,160000
E_w1_p1_r2,1791038258.7705286,180000
E_w1_p1_r2,1791038259.270772,180000
E_w1_p1_r2,1791038259.7708964,185626
E_w1_p1_r2,1791038260.271054,190000
E_w1_p1_r2,1791038260.7712026,190000
E_w1_p1_r2,1791038261.2713234,200000
E_w1_p1_r2,1791038261.7714927,200000
E_w1_p1_r2,1791038262.2716057,200000
E_w1_p1_r2,1791038262.7717433,210000
E_w1_p1_r2,1791038263.2718654,210000
E_w1_p1_r2,1791038263.7721963,210000
E_w1_p1_r2,1791038264.2724104,235708
E_w1_p1_r2,1791038264.7725327,260000
E_w1_p1_r2,1791038265.2726438,270000
E_w1_p1_r2,1791038265.7727954,280000
E_w1_p1_r2,1791038266.2729108,290000
E_w1_p1_r2,1791038266.7730405,300000
E_w1_p1_r3,1791038341.5152664,0
E_w1_p1_r3,1791038342.015417,0
E_w1_p1_r3,1791038342.5155165,0
E_w1_p1_r3,1791038343.0156467,0
E_w1_p1_r3,1791038343.515724,0
E_w1_p1_r3,1791038344.0158632,0
E_w1_p1_r3,1791038344.5159764,0
E_w1_p1_r3,1791038345.0160885,0
E_w1_p1_r3,1791038345.516178,0
E_w1_p1_r3,1791038346.0163302,0
E_w1_p1_r3,1791038346.5164318,0
E_w1_p1_r3,1791038347.0165803,0
E_w1_p1_r3,1791038347.516719,0
E_w1_p1_r3,1791038348.016819,0
E_w1_p1_r3,1791038348.516926,0
E_w1_p1_r3,1791038349.0170438,0
E_w1_p1_r3,1791038349.5171587,0
E_w1_p1_r3,1791038350.0172515,0
E_w1_p1_r3,1791038350.5173473,0
E_w1_p1_r3,1791038351.0174348,0
E_w1_p1_r3,1791038351.5175798,0
E_w1_p1_r3,1791038352.017725,0
E_w1_p1_r3,1791038352.5178201,0
E_w1_p1_r3,1791038353.0179262,0
E_w1_p1_r3,1791038353.518024,0
E_w1_p1_r3,1791038354.018175,0
E_w1_p1_r3,1791038354.518313,0
E_w1_p1_r3,1791038355.018413,0
E_w1_p1_r3,1791038355.5185194,0
E_w1_p1_r3,1791038356.0186539,0
E_w1_p1_r3,1791038356.5187445,0
E_w1_p1_r3,1791038357.0188365,0
E_w1_p1_r3,1791038357.5189703,0
E_w1_p1_r3,1791038358.019068,0
E_w1_p1_r3,1791038358.5193956,0
E_w1_p1_r3,1791038359.0197215,0
E_w1_p1_r3,1791038359.519858,0
E_w1_p1_r3,1791038360.0199974,0
E_w1_p1_r3,1791038360.520122,0
E_w1_p1_r3,1791038361.0204499,0
E_w1_p1_r3,1791038361.5208397,0
E_w1_p1_r3,1791038362.0209415,0
E_w1_p1_r3,1791038362.521048,0
E_w1_p1_r3,1791038363.021151,0
E_w1_p1_r3,1791038363.521614,0
E_w1_p1_r3,1791038364.0219808,0
E_w1_p1_r3,1791038364.522143,0
E_w1_p1_r3,1791038365.0225697,0
E_w1_p1_r3,1791038365.5229347,0
E_w1_p1_r3,1791038366.0230722,0
E_w1_p1_r3,1791038366.523218,0
E_w1_p1_r3,1791038367.0233748,0
E_w1_p1_r3,1791038367.52349,0
E_w1_p1_r3,1791038368.0238497,0
E_w1_p1_r3,1791038368.5240088,0
E_w1_p1_r3,1791038369.0241385,0
E_w1_p1_r3,1791038369.52425,0
E_w1_p1_r3,1791038370.0243607,0
E_w1_p1_r3,1791038370.5244732,0
E_w1_p1_r3,1791038371.0248473,0
E_w1_p1_r3,1791038371.5252063,0
E_w1_p1_r3,1791038372.0255983,0
E_w1_p1_r3,1791038372.5257597,0
E_w1_p1_r3,1791038373.0259535,0
E_w1_p1_r3,1791038373.5260892,0
E_w1_p1_r3,1791038374.0262039,0
E_w1_p1_r3,1791038374.526438,0
E_w1_p1_r3,1791038375.0268075,486
E_w1_p1_r3,1791038375.5269244,1970
E_w1_p1_r3,1791038376.0273168,6886
E_w1_p1_r3,1791038376.527731,10000
E_w1_p1_r3,1791038377.0280914,10000
E_w1_p1_r3,1791038377.5282357,10000
E_w1_p1_r3,1791038378.0283434,11342
E_w1_p1_r3,1791038378.528484,22218
E_w1_p1_r3,1791038379.0285969,30000
E_w1_p1_r3,1791038379.5287178,30000
E_w1_p1_r3,1791038380.0290215,30000
E_w1_p1_r3,1791038380.5291517,30000
E_w1_p1_r3,1791038381.0292668,31465
E_w1_p1_r3,1791038381.5293808,44070
E_w1_p1_r3,1791038382.0297484,50000
E_w1_p1_r3,1791038382.5298533,50000
E_w1_p1_r3,1791038383.029968,50000
E_w1_p1_r3,1791038383.530336,50000
E_w1_p1_r3,1791038384.0305007,50000
E_w1_p1_r3,1791038384.5306604,60000
E_w1_p1_r3,1791038385.0307872,60000
E_w1_p1_r3,1791038385.5309138,60000
E_w1_p1_r3,1791038386.031028,60000
E_w1_p1_r3,1791038386.5311503,60000
E_w1_p1_r3,1791038387.0312533,60000
E_w1_p1_r3,1791038387.5313704,60000
E_w1_p1_r3,1791038388.0314934,60000
E_w1_p1_r3,1791038388.531643,60000
E_w1_p1_r3,1791038389.031743,60000
E_w1_p1_r3,1791038389.5318537,71913
E_w1_p1_r3,1791038390.0319574,90000
E_w1_p1_r3,1791038390.5320745,90000
E_w1_p1_r3,1791038391.0321896,90000
E_w1_p1_r3,1791038391.5325952,90000
E_w1_p1_r3,1791038392.0329914,97533
E_w1_p1_r3,1791038392.533362,100000
E_w1_p1_r3,1791038393.033748,102437
E_w1_p1_r3,1791038393.534112,110000
E_w1_p1_r3,1791038394.034489,110000
E_w1_p1_r3,1791038394.5348647,120000
E_w1_p1_r3,1791038395.0350246,120000
E_w1_p1_r3,1791038395.535392,130000
E_w1_p1_r3,1791038396.0357509,130000
E_w1_p1_r3,1791038396.5361216,150000
E_w1_p1_r3,1791038397.0364985,150000
E_w1_p1_r3,1791038397.5369384,150000
E_w1_p1_r3,1791038398.037317,150000
E_w1_p1_r3,1791038398.537496,160000
E_w1_p1_r3,1791038399.0376132,160000
E_w1_p1_r3,1791038399.5378194,170000
E_w1_p1_r3,1791038400.0379682,170000
E_w1_p1_r3,1791038400.538125,180000
E_w1_p1_r3,1791038401.0382788,180000
E_w1_p1_r3,1791038401.538452,180000
E_w1_p1_r3,1791038402.0386002,212321
E_w1_p1_r3,1791038402.5387428,234619
E_w1_p1_r3,1791038403.0388732,260000
E_w1_p1_r3,1791038403.5389838,270000
E_w1_p1_r3,1791038404.0391214,280000
E_w1_p1_r3,1791038404.53924,290000
E_w1_p1_r3,1791038405.0393944,290000
E_w1_p1_r3,1791038405.5395217,300000
E_w1_p3_r1,1791038477.527825,0
E_w1_p3_r1,1791038478.0279264,0
E_w1_p3_r1,1791038478.5280654,0
E_w1_p3_r1,1791038479.0282176,0
E_w1_p3_r1,1791038479.528309,0
E_w1_p3_r1,1791038480.0284126,0
E_w1_p3_r1,1791038480.5285099,0
E_w1_p3_r1,1791038481.0286288,0
E_w1_p3_r1,1791038481.5287247,0
E_w1_p3_r1,1791038482.0288281,0
E_w1_p3_r1,1791038482.5289266,0
E_w1_p3_r1,1791038483.029039,0
E_w1_p3_r1,1791038483.52914,0
E_w1_p3_r1,1791038484.0292387,0
E_w1_p3_r1,1791038484.529353,0
E_w1_p3_r1,1791038485.0294483,0
E_w1_p3_r1,1791038485.529541,0
E_w1_p3_r1,1791038486.0296352,0
E_w1_p3_r1,1791038486.5297523,0
E_w1_p3_r1,1791038487.029858,0
E_w1_p3_r1,1791038487.529967,0
E_w1_p3_r1,1791038488.030063,0
E_w1_p3_r1,1791038488.5301669,0
E_w1_p3_r1,1791038489.0302753,0
E_w1_p3_r1,1791038489.5303726,0
E_w1_p3_r1,1791038490.0305245,0
E_w1_p3_r1,1791038490.5306394,0
E_w1_p3_r1,1791038491.0307348,0
E_w1_p3_r1,1791038491.5308416,0
E_w1_p3_r1,1791038492.0309525,0
E_w1_p3_r1,1791038492.5310798,0
E_w1_p3_r1,1791038493.0311794,0
E_w1_p3_r1,1791038493.5312726,0
E_w1_p3_r1,1791038494.0314085,0
E_w1_p3_r1,1791038494.5315425,0
E_w1_p3_r1,1791038495.0316448,0
E_w1_p3_r1,1791038495.5317485,0
E_w1_p3_r1,1791038496.0318463,0
E_w1_p3_r1,1791038496.5319586,0
E_w1_p3_r1,1791038497.0322938,0
E_w1_p3_r1,1791038497.5324073,0
E_w1_p3_r1,1791038498.0327606,0
E_w1_p3_r1,1791038498.5328822,0
E_w1_p3_r1,1791038499.0329926,0
E_w1_p3_r1,1791038499.5331125,0
E_w1_p3_r1,1791038500.0332346,0
E_w1_p3_r1,1791038500.5333998,0
E_w1_p3_r1,1791038501.03351,0
E_w1_p3_r1,1791038501.5336688,0
E_w1_p3_r1,1791038502.0340376,0
E_w1_p3_r1,1791038502.5343885,0
E_w1_p3_r1,1791038503.0347884,0
E_w1_p3_r1,1791038503.53516,0
E_w1_p3_r1,1791038504.0356085,0
E_w1_p3_r1,1791038504.5359547,0
E_w1_p3_r1,1791038505.0363204,0
E_w1_p3_r1,1791038505.5367653,0
E_w1_p3_r1,1791038506.0371397,0
E_w1_p3_r1,1791038506.5374985,0
E_w1_p3_r1,1791038507.0378923,0
E_w1_p3_r1,1791038507.538023,0
E_w1_p3_r1,1791038508.0382252,0
E_w1_p3_r1,1791038508.538343,0
E_w1_p3_r1,1791038509.0384781,0
E_w1_p3_r1,1791038509.5385897,0
E_w1_p3_r1,1791038510.0387454,0
E_w1_p3_r1,1791038510.539029,0
E_w1_p3_r1,1791038511.04091,0
E_w1_p3_r1,1791038511.5416389,0
E_w1_p3_r1,1791038512.0418348,0
E_w1_p3_r1,1791038512.5419774,0
E_w1_p3_r1,1791038513.042104,0
E_w1_p3_r1,1791038513.5422328,0
E_w1_p3_r1,1791038514.0423582,0
E_w1_p3_r1,1791038514.5450408,0
E_w1_p3_r1,1791038515.0451684,0
E_w1_p3_r1,1791038515.5452898,0
E_w1_p3_r1,1791038516.046154,0
E_w1_p3_r1,1791038516.5467563,0
E_w1_p3_r1,1791038517.046896,0
E_w1_p3_r1,1791038517.5470283,0
E_w1_p3_r1,1791038518.0471654,0
E_w1_p3_r1,1791038518.5473988,0
E_w1_p3_r1,1791038519.0475492,0
E_w1_p3_r1,1791038519.547719,0
E_w1_p3_r1,1791038520.0478792,0
E_w1_p3_r1,1791038520.5487685,0
E_w1_p3_r1,1791038521.048903,0
E_w1_p3_r1,1791038521.5497718,0
E_w1_p3_r1,1791038522.049904,0
E_w1_p3_r1,1791038522.5500576,0
E_w1_p3_r1,1791038523.050197,0
E_w1_p3_r1,1791038523.5503268,0
E_w1_p3_r1,1791038524.0504441,0
E_w1_p3_r1,1791038524.550584,0
E_w1_p3_r1,1791038525.0507123,0
E_w1_p3_r1,1791038525.5508528,0
E_w1_p3_r1,1791038526.0509953,333
E_w1_p3_r1,1791038526.551137,1784
E_w1_p3_r1,1791038527.051264,4246
E_w1_p3_r1,1791038527.5514312,7282
E_w1_p3_r1,1791038528.0515528,11519
E_w1_p3_r1,1791038528.5517118,16507
E_w1_p3_r1,1791038529.0518486,20000
E_w1_p3_r1,1791038529.5519822,20000
E_w1_p3_r1,1791038530.0521197,20000
E_w1_p3_r1,1791038530.552259,20000
E_w1_p3_r1,1791038531.052394,20000
E_w1_p3_r1,1791038531.552526,20000
E_w1_p3_r1,1791038532.0526407,20000
E_w1_p3_r1,1791038532.5527568,20000
E_w1_p3_r1,1791038533.0528865,20000
E_w1_p3_r1,1791038533.5530176,20000
E_w1_p3_r1,1791038534.053179,20000
E_w1_p3_r1,1791038534.5533016,30037
E_w1_p3_r1,1791038535.0534325,43177
E_w1_p3_r1,1791038535.5535748,55612
E_w1_p3_r1,1791038536.0537488,66628
E_w1_p3_r1,1791038536.5538733,77636
E_w1_p3_r1,1791038537.0539906,88694
E_w1_p3_r1,1791038537.5553877,99714
E_w1_p3_r1,1791038538.0555284,110278
E_w1_p3_r1,1791038538.555667,122058
E_w1_p3_r1,1791038539.0557678,132227
E_w1_p3_r1,1791038539.5558991,140925
E_w1_p3_r1,1791038540.058061,150754
E_w1_p3_r1,1791038540.5581737,160000
E_w1_p3_r1,1791038541.058292,169800
E_w1_p3_r1,1791038541.5584085,173858
E_w1_p3_r1,1791038542.058521,180000
E_w1_p3_r1,1791038542.5586514,189351
E_w1_p3_r1,1791038543.0587597,190392
E_w1_p3_r1,1791038543.5588999,190392
E_w1_p3_r1,1791038544.059023,200392
E_w1_p3_r1,1791038544.5591671,200538
E_w1_p3_r1,1791038545.059332,200538
E_w1_p3_r1,1791038545.5594323,200538
E_w1_p3_r1,1791038546.059549,200538
E_w1_p3_r1,1791038546.5596685,200538
E_w1_p3_r1,1791038547.0597575,200538
E_w1_p3_r1,1791038547.559871,200538
E_w1_p3_r1,1791038548.0600243,200538
E_w1_p3_r1,1791038548.561325,200538
E_w1_p3_r1,1791038549.0614402,200538
E_w1_p3_r1,1791038549.5615704,200538
E_w1_p3_r1,1791038550.0617175,200538
E_w1_p3_r1,1791038550.5618396,200538
E_w1_p3_r1,1791038551.0619726,200538
E_w1_p3_r1,1791038551.5621157,200538
E_w1_p3_r1,1791038552.0622275,200538
E_w1_p3_r1,1791038552.5623481,200538
E_w1_p3_r1,1791038553.062488,200538
E_w1_p3_r1,1791038553.5626013,200538
E_w1_p3_r1,1791038554.0627449,200538
E_w1_p3_r1,1791038554.562854,200538
E_w1_p3_r1,1791038555.0629897,200538
E_w1_p3_r1,1791038555.5631309,218929
E_w1_p3_r1,1791038556.0632546,234037
E_w1_p3_r1,1791038556.5633907,250015
E_w1_p3_r1,1791038557.063521,273088
E_w1_p3_r1,1791038557.563635,290538
E_w1_p3_r1,1791038558.0637846,300000
E_w1_p3_r2,1791038630.0609772,0
E_w1_p3_r2,1791038630.5611207,0
E_w1_p3_r2,1791038631.0612354,0
E_w1_p3_r2,1791038631.5613308,0
E_w1_p3_r2,1791038632.061432,0
E_w1_p3_r2,1791038632.5615792,0
E_w1_p3_r2,1791038633.061724,0
E_w1_p3_r2,1791038633.561839,0
E_w1_p3_r2,1791038634.0619807,0
E_w1_p3_r2,1791038634.5621083,0
E_w1_p3_r2,1791038635.0622041,0
E_w1_p3_r2,1791038635.5623503,0
E_w1_p3_r2,1791038636.0624712,0
E_w1_p3_r2,1791038636.5625827,0
E_w1_p3_r2,1791038637.0627208,0
E_w1_p3_r2,1791038637.562828,0
E_w1_p3_r2,1791038638.0629566,0
E_w1_p3_r2,1791038638.5630724,0
E_w1_p3_r2,1791038639.0631895,0
E_w1_p3_r2,1791038639.5632823,0
E_w1_p3_r2,1791038640.063397,0
E_w1_p3_r2,1791038640.5635219,0
E_w1_p3_r2,1791038641.063616,0
E_w1_p3_r2,1791038641.563722,0
E_w1_p3_r2,1791038642.0638225,0
E_w1_p3_r2,1791038642.5639374,0
E_w1_p3_r2,1791038643.0640504,0
E_w1_p3_r2,1791038643.5641823,0
E_w1_p3_r2,1791038644.0645072,0
E_w1_p3_r2,1791038644.5646062,0
E_w1_p3_r2,1791038645.0647066,0
E_w1_p3_r2,1791038645.5649405,0
E_w1_p3_r2,1791038646.065042,0
E_w1_p3_r2,1791038646.5651553,0
E_w1_p3_r2,1791038647.065264,0
E_w1_p3_r2,1791038647.565366,0
E_w1_p3_r2,1791038648.0654778,0
E_w1_p3_r2,1791038648.5655951,0
E_w1_p3_r2,1791038649.0657237,0
E_w1_p3_r2,1791038649.5658317,0
E_w1_p3_r2,1791038650.0659258,0
E_w1_p3_r2,1791038650.5660434,0
E_w1_p3_r2,1791038651.0661836,0
E_w1_p3_r2,1791038651.5663445,0
E_w1_p3_r2,1791038652.0664933,0
E_w1_p3_r2,1791038652.5666673,0
E_w1_p3_r2,1791038653.0667572,0
E_w1_p3_r2,1791038653.566894,0
E_w1_p3_r2,1791038654.0671043,0
E_w1_p3_r2,1791038654.5672238,0
E_w1_p3_r2,1791038655.0673738,0
E_w1_p3_r2,1791038655.5675247,0
E_w1_p3_r2,1791038656.0676644,0
E_w1_p3_r2,1791038656.5677638,0
E_w1_p3_r2,1791038657.0678787,0
E_w1_p3_r2,1791038657.5680227,0
E_w1_p3_r2,1791038658.0681667,0
E_w1_p3_r2,1791038658.5687742,0
E_w1_p3_r2,1791038659.068941,0
E_w1_p3_r2,1791038659.569073,0
E_w1_p3_r2,1791038660.0692296,0
E_w1_p3_r2,1791038660.5693662,0
E_w1_p3_r2,1791038661.069519,0
E_w1_p3_r2,1791038661.569658,0
E_w1_p3_r2,1791038662.06975,0
E_w1_p3_r2,1791038662.5698998,0
E_w1_p3_r2,1791038663.0700502,0
E_w1_p3_r2,1791038663.5701811,0
E_w1_p3_r2,1791038664.0702965,0
E_w1_p3_r2,1791038664.5704267,0
E_w1_p3_r2,1791038665.070573,0
E_w1_p3_r2,1791038665.5707393,0
E_w1_p3_r2,1791038666.0708444,0
E_w1_p3_r2,1791038666.570967,0
E_w1_p3_r2,1791038667.0710993,0
E_w1_p3_r2,1791038667.5712335,0
E_w1_p3_r2,1791038668.0713375,0
E_w1_p3_r2,1791038668.571505,0
E_w1_p3_r2,1791038669.0716166,0
E_w1_p3_r2,1791038669.5721042,0
E_w1_p3_r2,1791038670.0722132,0
E_w1_p3_r2,1791038670.5723166,0
E_w1_p3_r2,1791038671.0724366,0
E_w1_p3_r2,1791038671.572552,0
E_w1_p3_r2,1791038672.072727,0
E_w1_p3_r2,1791038672.5728621,0
E_w1_p3_r2,1791038673.0732303,0
E_w1_p3_r2,1791038673.5733554,0
E_w1_p3_r2,1791038674.0734727,0
E_w1_p3_r2,1791038674.5735993,0
E_w1_p3_r2,1791038675.0737236,0
E_w1_p3_r2,1791038675.5738328,0
E_w1_p3_r2,1791038676.073949,0
E_w1_p3_r2,1791038676.5740993,0
E_w1_p3_r2,1791038677.0744689,0
E_w1_p3_r2,1791038677.5746052,439
E_w1_p3_r2,1791038678.0749767,1088
E_w1_p3_r2,1791038678.575121,2601
E_w1_p3_r2,1791038679.0752378,4467
E_w1_p3_r2,1791038679.5753565,7324
E_w1_p3_r2,1791038680.075499,10000
E_w1_p3_r2,1791038680.5756247,10000
E_w1_p3_r2,1791038681.0757682,10000
E_w1_p3_r2,1791038681.5758708,12458
E_w1_p3_r2,1791038682.0759795,16822
E_w1_p3_r2,1791038682.5760899,20000
E_w1_p3_r2,1791038683.0762033,20000
E_w1_p3_r2,1791038683.5763297,22414
E_w1_p3_r2,1791038684.0764463,27890
E_w1_p3_r2,1791038684.5768094,35203
E_w1_p3_r2,1791038685.07696,43893
E_w1_p3_r2,1791038685.5770977,50000
E_w1_p3_r2,1791038686.0775785,56165
E_w1_p3_r2,1791038686.5777216,62988
E_w1_p3_r2,1791038687.0778513,68127
E_w1_p3_r2,1791038687.5779688,73069
E_w1_p3_r2,1791038688.0783305,79243
E_w1_p3_r2,1791038688.578448,86771
E_w1_p3_r2,1791038689.0785618,93370
E_w1_p3_r2,1791038689.5788748,102223
E_w1_p3_r2,1791038690.07903,112237
E_w1_p3_r2,1791038690.579476,121417
E_w1_p3_r2,1791038691.0796542,129869
E_w1_p3_r2,1791038691.5798118,138182
E_w1_p3_r2,1791038692.0799286,146501
E_w1_p3_r2,1791038692.5800877,155366
E_w1_p3_r2,1791038693.0807772,160000
E_w1_p3_r2,1791038693.5809,167729
E_w1_p3_r2,1791038694.0812597,170000
E_w1_p3_r2,1791038694.5814166,175316
E_w1_p3_r2,1791038695.0815542,180000
E_w1_p3_r2,1791038695.5816681,190000
E_w1_p3_r2,1791038696.081807,190000
E_w1_p3_r2,1791038696.5821695,200250
E_w1_p3_r2,1791038697.0823112,200250
E_w1_p3_r2,1791038697.582442,200250
E_w1_p3_r2,1791038698.0825615,200250
E_w1_p3_r2,1791038698.5827227,200250
E_w1_p3_r2,1791038699.0828457,200250
E_w1_p3_r2,1791038699.5830061,200250
E_w1_p3_r2,1791038700.083153,200250
E_w1_p3_r2,1791038700.5832865,200250
E_w1_p3_r2,1791038701.0834064,200250
E_w1_p3_r2,1791038701.583543,200250
E_w1_p3_r2,1791038702.0836663,200250
E_w1_p3_r2,1791038702.5838137,200250
E_w1_p3_r2,1791038703.083939,200250
E_w1_p3_r2,1791038703.5840702,200250
E_w1_p3_r2,1791038704.084192,200250
E_w1_p3_r2,1791038704.5845497,200250
E_w1_p3_r2,1791038705.084778,200250
E_w1_p3_r2,1791038705.5851774,200250
E_w1_p3_r2,1791038706.0853307,200250
E_w1_p3_r2,1791038706.5854824,200250
E_w1_p3_r2,1791038707.0858355,200250
E_w1_p3_r2,1791038707.5859513,226689
E_w1_p3_r2,1791038708.0860693,247512
E_w1_p3_r2,1791038708.5862176,260250
E_w1_p3_r2,1791038709.086346,270250
E_w1_p3_r2,1791038709.586469,280250
E_w1_p3_r2,1791038710.0865846,290250
E_w1_p3_r2,1791038710.5867188,292243
E_w1_p3_r2,1791038711.0868633,300000
E_w1_p3_r3,1791038782.772546,0
E_w1_p3_r3,1791038783.2727149,0
E_w1_p3_r3,1791038783.772848,0
E_w1_p3_r3,1791038784.272981,0
E_w1_p3_r3,1791038784.773073,0
E_w1_p3_r3,1791038785.2731647,0
E_w1_p3_r3,1791038785.773276,0
E_w1_p3_r3,1791038786.2733932,0
E_w1_p3_r3,1791038786.77349,0
E_w1_p3_r3,1791038787.2736583,0
E_w1_p3_r3,1791038787.7737556,0
E_w1_p3_r3,1791038788.273871,0
E_w1_p3_r3,1791038788.7739668,0
E_w1_p3_r3,1791038789.2740645,0
E_w1_p3_r3,1791038789.7741585,0
E_w1_p3_r3,1791038790.2742717,0
E_w1_p3_r3,1791038790.7743995,0
E_w1_p3_r3,1791038791.2745056,0
E_w1_p3_r3,1791038791.7746012,0
E_w1_p3_r3,1791038792.2747874,0
E_w1_p3_r3,1791038792.7748942,0
E_w1_p3_r3,1791038793.2750125,0
E_w1_p3_r3,1791038793.7751226,0
E_w1_p3_r3,1791038794.275234,0
E_w1_p3_r3,1791038794.7753515,0
E_w1_p3_r3,1791038795.275441,0
E_w1_p3_r3,1791038795.7755523,0
E_w1_p3_r3,1791038796.2756598,0
E_w1_p3_r3,1791038796.7757537,0
E_w1_p3_r3,1791038797.2759023,0
E_w1_p3_r3,1791038797.776027,0
E_w1_p3_r3,1791038798.2761157,0
E_w1_p3_r3,1791038798.7762575,0
E_w1_p3_r3,1791038799.2763484,0
E_w1_p3_r3,1791038799.7764876,0
E_w1_p3_r3,1791038800.2766266,0
E_w1_p3_r3,1791038800.7767565,0
E_w1_p3_r3,1791038801.2768629,0
E_w1_p3_r3,1791038801.7770212,0
E_w1_p3_r3,1791038802.2771578,0
E_w1_p3_r3,1791038802.7773032,0
E_w1_p3_r3,1791038803.277416,0
E_w1_p3_r3,1791038803.7775662,0
E_w1_p3_r3,1791038804.277668,0
E_w1_p3_r3,1791038804.7777987,0
E_w1_p3_r3,1791038805.2779365,0
E_w1_p3_r3,1791038805.7780635,0
E_w1_p3_r3,1791038806.2781897,0
E_w1_p3_r3,1791038806.7783098,0
E_w1_p3_r3,1791038807.2784233,0
E_w1_p3_r3,1791038807.7785697,0
E_w1_p3_r3,1791038808.278933,0
E_w1_p3_r3,1791038808.779277,0
E_w1_p3_r3,1791038809.2794209,0
E_w1_p3_r3,1791038809.7797697,0
E_w1_p3_r3,1791038810.2798862,0
E_w1_p3_r3,1791038810.780003,0
E_w1_p3_r3,1791038811.2801406,0
E_w1_p3_r3,1791038811.7802563,0
E_w1_p3_r3,1791038812.280397,0
E_w1_p3_r3,1791038812.7805045,0
E_w1_p3_r3,1791038813.28062,0
E_w1_p3_r3,1791038813.7807548,0
E_w1_p3_r3,1791038814.2808871,0
E_w1_p3_r3,1791038814.7810068,0
E_w1_p3_r3,1791038815.2811408,0
E_w1_p3_r3,1791038815.7812822,0
E_w1_p3_r3,1791038816.2813942,0
E_w1_p3_r3,1791038816.7815015,0
E_w1_p3_r3,1791038817.2816129,0
E_w1_p3_r3,1791038817.7819657,0
E_w1_p3_r3,1791038818.2820919,0
E_w1_p3_r3,1791038818.7824545,0
E_w1_p3_r3,1791038819.282571,0
E_w1_p3_r3,1791038819.782702,0
E_w1_p3_r3,1791038820.2828147,0
E_w1_p3_r3,1791038820.7829275,0
E_w1_p3_r3,1791038821.2830257,0
E_w1_p3_r3,1791038821.7831645,0
E_w1_p3_r3,1791038822.2832673,0
E_w1_p3_r3,1791038822.7834005,0
E_w1_p3_r3,1791038823.28351,0
E_w1_p3_r3,1791038823.7836137,0
E_w1_p3_r3,1791038824.2837338,0
E_w1_p3_r3,1791038824.7838385,0
E_w1_p3_r3,1791038825.284208,0
E_w1_p3_r3,1791038825.7844625,0
E_w1_p3_r3,1791038826.2848957,0
E_w1_p3_r3,1791038826.7852604,0
E_w1_p3_r3,1791038827.2853909,0
E_w1_p3_r3,1791038827.785516,0
E_w1_p3_r3,1791038828.2856753,0
E_w1_p3_r3,1791038828.78582,0
E_w1_p3_r3,1791038829.2859445,0
E_w1_p3_r3,1791038829.7860615,0
E_w1_p3_r3,1791038830.2864122,0
E_w1_p3_r3,1791038830.7865686,595
E_w1_p3_r3,1791038831.28671,1816
E_w1_p3_r3,1791038831.787086,4475
E_w1_p3_r3,1791038832.2874308,7751
E_w1_p3_r3,1791038832.7875595,11674
E_w1_p3_r3,1791038833.287727,15539
E_w1_p3_r3,1791038833.7878704,20000
E_w1_p3_r3,1791038834.2882395,20000
E_w1_p3_r3,1791038834.788377,20000
E_w1_p3_r3,1791038835.288514,20000
E_w1_p3_r3,1791038835.7886703,20000
E_w1_p3_r3,1791038836.2887619,20000
E_w1_p3_r3,1791038836.7888772,28342
E_w1_p3_r3,1791038837.2889879,39626
E_w1_p3_r3,1791038837.7890937,48028
E_w1_p3_r3,1791038838.2892487,57267
E_w1_p3_r3,1791038838.7896485,67075
E_w1_p3_r3,1791038839.2900074,77741
E_w1_p3_r3,1791038839.7901258,89204
E_w1_p3_r3,1791038840.2902796,99486
E_w1_p3_r3,1791038840.7906427,107289
E_w1_p3_r3,1791038841.290765,117621
E_w1_p3_r3,1791038841.7911272,131372
E_w1_p3_r3,1791038842.2915719,144674
E_w1_p3_r3,1791038842.791713,154256
E_w1_p3_r3,1791038843.2920828,160000
E_w1_p3_r3,1791038843.7925296,170000
E_w1_p3_r3,1791038844.2927387,170000
E_w1_p3_r3,1791038844.7931118,179868
E_w1_p3_r3,1791038845.2932777,179958
E_w1_p3_r3,1791038845.793413,189868
E_w1_p3_r3,1791038846.2935708,189868
E_w1_p3_r3,1791038846.7939482,191248
E_w1_p3_r3,1791038847.2940595,199251
E_w1_p3_r3,1791038847.7941787,199251
E_w1_p3_r3,1791038848.2942936,199251
E_w1_p3_r3,1791038848.7944295,199251
E_w1_p3_r3,1791038849.2947824,199251
E_w1_p3_r3,1791038849.795153,199251
E_w1_p3_r3,1791038850.2955,199251
E_w1_p3_r3,1791038850.7956572,199251
E_w1_p3_r3,1791038851.2957423,199251
E_w1_p3_r3,1791038851.7959063,199251
E_w1_p3_r3,1791038852.2960346,199251
E_w1_p3_r3,1791038852.7961502,199251
E_w1_p3_r3,1791038853.296324,199251
E_w1_p3_r3,1791038853.7967293,199251
E_w1_p3_r3,1791038854.2971413,199251
E_w1_p3_r3,1791038854.7972581,199251
E_w1_p3_r3,1791038855.2974012,199251
E_w1_p3_r3,1791038855.7977612,199251
E_w1_p3_r3,1791038856.2978706,199251
E_w1_p3_r3,1791038856.7979872,199251
E_w1_p3_r3,1791038857.298098,199251
E_w1_p3_r3,1791038857.7982562,199251
E_w1_p3_r3,1791038858.2983656,199251
E_w1_p3_r3,1791038858.7984934,205539
E_w1_p3_r3,1791038859.2988653,231310
E_w1_p3_r3,1791038859.7992256,249697
E_w1_p3_r3,1791038860.299339,269251
E_w1_p3_r3,1791038860.7995026,279251
E_w1_p3_r3,1791038861.2998745,288081
E_w1_p3_r3,1791038861.800017,292554
E_w1_p3_r3,1791038862.3001401,300000
E_w1_p6_r1,1791038932.8585,0
E_w1_p6_r1,1791038933.3586195,0
E_w1_p6_r1,1791038933.858755,0
E_w1_p6_r1,1791038934.3588514,0
E_w1_p6_r1,1791038934.8589385,0
E_w1_p6_r1,1791038935.3590481,0
E_w1_p6_r1,1791038935.8591537,0
E_w1_p6_r1,1791038936.3592505,0
E_w1_p6_r1,1791038936.8593416,0
E_w1_p6_r1,1791038937.359463,0
E_w1_p6_r1,1791038937.859574,0
E_w1_p6_r1,1791038938.359712,0
E_w1_p6_r1,1791038938.8598244,0
E_w1_p6_r1,1791038939.3599246,0
E_w1_p6_r1,1791038939.8600416,0
E_w1_p6_r1,1791038940.3601446,0
E_w1_p6_r1,1791038940.8602548,0
E_w1_p6_r1,1791038941.360356,0
E_w1_p6_r1,1791038941.860449,0
E_w1_p6_r1,1791038942.360591,0
E_w1_p6_r1,1791038942.8606696,0
E_w1_p6_r1,1791038943.3607771,0
E_w1_p6_r1,1791038943.860899,0
E_w1_p6_r1,1791038944.361017,0
E_w1_p6_r1,1791038944.8611479,0
E_w1_p6_r1,1791038945.3612857,0
E_w1_p6_r1,1791038945.8614218,0
E_w1_p6_r1,1791038946.3615446,0
E_w1_p6_r1,1791038946.861652,0
E_w1_p6_r1,1791038947.3617558,0
E_w1_p6_r1,1791038947.861867,0
E_w1_p6_r1,1791038948.3619676,0
E_w1_p6_r1,1791038948.8620615,0
E_w1_p6_r1,1791038949.3621836,0
E_w1_p6_r1,1791038949.862315,0
E_w1_p6_r1,1791038950.3624642,0
E_w1_p6_r1,1791038950.8625743,0
E_w1_p6_r1,1791038951.3627057,0
E_w1_p6_r1,1791038951.862797,0
E_w1_p6_r1,1791038952.3629305,0
E_w1_p6_r1,1791038952.8630335,0
E_w1_p6_r1,1791038953.3631365,0
E_w1_p6_r1,1791038953.8633015,0
E_w1_p6_r1,1791038954.3634462,0
E_w1_p6_r1,1791038954.8635995,0
E_w1_p6_r1,1791038955.3637333,0
E_w1_p6_r1,1791038955.8638535,0
E_w1_p6_r1,1791038956.363993,0
E_w1_p6_r1,1791038956.8641644,0
E_w1_p6_r1,1791038957.3643103,0
E_w1_p6_r1,1791038957.864447,0
E_w1_p6_r1,1791038958.3646047,0
E_w1_p6_r1,1791038958.8647442,0
E_w1_p6_r1,1791038959.3648934,0
E_w1_p6_r1,1791038959.8650422,0
E_w1_p6_r1,1791038960.3651621,0
E_w1_p6_r1,1791038960.8653069,0
E_w1_p6_r1,1791038961.365429,0
E_w1_p6_r1,1791038961.8655653,0
E_w1_p6_r1,1791038962.3657196,0
E_w1_p6_r1,1791038962.8658643,0
E_w1_p6_r1,1791038963.3659909,0
E_w1_p6_r1,1791038963.8667946,0
E_w1_p6_r1,1791038964.3669221,0
E_w1_p6_r1,1791038964.8670738,0
E_w1_p6_r1,1791038965.3672352,0
E_w1_p6_r1,1791038965.8673527,0
E_w1_p6_r1,1791038966.367513,0
E_w1_p6_r1,1791038966.8676317,0
E_w1_p6_r1,1791038967.367751,0
E_w1_p6_r1,1791038967.8678792,0
E_w1_p6_r1,1791038968.3680322,0
E_w1_p6_r1,1791038968.8681624,0
E_w1_p6_r1,1791038969.3682966,0
E_w1_p6_r1,1791038969.8684359,0
E_w1_p6_r1,1791038970.3685818,0
E_w1_p6_r1,1791038970.8687189,0
E_w1_p6_r1,1791038971.3688304,0
E_w1_p6_r1,1791038971.869747,0
E_w1_p6_r1,1791038972.369869,0
E_w1_p6_r1,1791038972.8699908,0
E_w1_p6_r1,1791038973.370141,0
E_w1_p6_r1,1791038973.8702567,0
E_w1_p6_r1,1791038974.3703992,0
E_w1_p6_r1,1791038974.8705308,0
E_w1_p6_r1,1791038975.3706522,0
E_w1_p6_r1,1791038975.8707366,0
E_w1_p6_r1,1791038976.3708835,0
E_w1_p6_r1,1791038976.8712778,0
E_w1_p6_r1,1791038977.3714027,0
E_w1_p6_r1,1791038977.8715281,192
E_w1_p6_r1,1791038978.3716426,1079
E_w1_p6_r1,1791038978.8717906,2559
E_w1_p6_r1,1791038979.3721485,5738
E_w1_p6_r1,1791038979.872303,10261
E_w1_p6_r1,1791038980.3724334,14918
E_w1_p6_r1,1791038980.8727527,20628
E_w1_p6_r1,1791038981.3728654,28275
E_w1_p6_r1,1791038981.8729897,38751
E_w1_p6_r1,1791038982.3731136,52473
E_w1_p6_r1,1791038982.8732765,68994
E_w1_p6_r1,1791038983.373519,87882
E_w1_p6_r1,1791038983.873672,99814
E_w1_p6_r1,1791038984.3737571,99814
E_w1_p6_r1,1791038984.8739104,99814
E_w1_p6_r1,1791038985.374059,99814
E_w1_p6_r1,1791038985.8742254,99814
E_w1_p6_r1,1791038986.3743749,99814
E_w1_p6_r1,1791038986.8745315,99814
E_w1_p6_r1,1791038987.3747365,99814
E_w1_p6_r1,1791038987.8748534,99814
E_w1_p6_r1,1791038988.3750038,99814
E_w1_p6_r1,1791038988.8751512,99814
E_w1_p6_r1,1791038989.375275,99814
E_w1_p6_r1,1791038989.8753977,99814
E_w1_p6_r1,1791038990.3758621,99814
E_w1_p6_r1,1791038990.8759778,99814
E_w1_p6_r1,1791038991.3760905,99814
E_w1_p6_r1,1791038991.876457,99814
E_w1_p6_r1,1791038992.3767812,99814
E_w1_p6_r1,1791038992.8768995,99814
E_w1_p6_r1,1791038993.3772602,99814
E_w1_p6_r1,1791038993.8773925,99814
E_w1_p6_r1,1791038994.3775508,99814
E_w1_p6_r1,1791038994.8777318,99814
E_w1_p6_r1,1791038995.3780868,99814
E_w1_p6_r1,1791038995.878203,99814
E_w1_p6_r1,1791038996.378355,105381
E_w1_p6_r1,1791038996.878464,117891
E_w1_p6_r1,1791038997.378838,130135
E_w1_p6_r1,1791038997.8789485,139741
E_w1_p6_r1,1791038998.3790548,148002
E_w1_p6_r1,1791038998.879425,157829
E_w1_p6_r1,1791038999.379591,168619
E_w1_p6_r1,1791038999.879975,181895
E_w1_p6_r1,1791039000.3803456,195093
E_w1_p6_r1,1791039000.8807747,199542
E_w1_p6_r1,1791039001.3809035,199542
E_w1_p6_r1,1791039001.8810298,199542
E_w1_p6_r1,1791039002.3811593,199542
E_w1_p6_r1,1791039002.881294,199542
E_w1_p6_r1,1791039003.3816123,199542
E_w1_p6_r1,1791039003.8817563,199542
E_w1_p6_r1,1791039004.3818824,199542
E_w1_p6_r1,1791039004.8820515,199542
E_w1_p6_r1,1791039005.3821702,199542
E_w1_p6_r1,1791039005.8822885,199542
E_w1_p6_r1,1791039006.3824315,199542
E_w1_p6_r1,1791039006.8825877,199542
E_w1_p6_r1,1791039007.3827577,199542
E_w1_p6_r1,1791039007.8828685,199542
E_w1_p6_r1,1791039008.383123,199542
E_w1_p6_r1,1791039008.8832414,199542
E_w1_p6_r1,1791039009.3836145,199542
E_w1_p6_r1,1791039009.8837311,199542
E_w1_p6_r1,1791039010.383849,199542
E_w1_p6_r1,1791039010.8839977,199542
E_w1_p6_r1,1791039011.3841493,199542
E_w1_p6_r1,1791039011.8843024,199542
E_w1_p6_r1,1791039012.3845315,199542
E_w1_p6_r1,1791039012.8846529,199542
E_w1_p6_r1,1791039013.3850005,199542
E_w1_p6_r1,1791039013.8851142,199542
E_w1_p6_r1,1791039014.3852623,199607
E_w1_p6_r1,1791039014.8854227,222276
E_w1_p6_r1,1791039015.3855367,246717
E_w1_p6_r1,1791039015.885951,272389
E_w1_p6_r1,1791039016.3860807,279542
E_w1_p6_r1,1791039016.88622,290327
E_w1_p6_r1,1791039017.3863294,299911
E_w1_p6_r1,1791039017.8864388,300000
E_w1_p6_r2,1791039087.892003,0
E_w1_p6_r2,1791039088.3921096,0
E_w1_p6_r2,1791039088.8922215,0
E_w1_p6_r2,1791039089.3923604,0
E_w1_p6_r2,1791039089.89245,0
E_w1_p6_r2,1791039090.3925507,0
E_w1_p6_r2,1791039090.8926563,0
E_w1_p6_r2,1791039091.392738,0
E_w1_p6_r2,1791039091.8930488,0
E_w1_p6_r2,1791039092.3931828,0
E_w1_p6_r2,1791039092.8932922,0
E_w1_p6_r2,1791039093.3934083,0
E_w1_p6_r2,1791039093.8935618,0
E_w1_p6_r2,1791039094.3936498,0
E_w1_p6_r2,1791039094.8937552,0
E_w1_p6_r2,1791039095.3938782,0
E_w1_p6_r2,1791039095.8939855,0
E_w1_p6_r2,1791039096.3941011,0
E_w1_p6_r2,1791039096.89421,0
E_w1_p6_r2,1791039097.394311,0
E_w1_p6_r2,1791039097.8944285,0
E_w1_p6_r2,1791039098.3945434,0
E_w1_p6_r2,1791039098.8946655,0
E_w1_p6_r2,1791039099.3947387,0
E_w1_p6_r2,1791039099.894874,0
E_w1_p6_r2,1791039100.394978,0
E_w1_p6_r2,1791039100.8950827,0
E_w1_p6_r2,1791039101.3951752,0
E_w1_p6_r2,1791039101.895319,0
E_w1_p6_r2,1791039102.3954182,0
E_w1_p6_r2,1791039102.8955271,0
E_w1_p6_r2,1791039103.3956382,0
E_w1_p6_r2,1791039103.8957496,0
E_w1_p6_r2,1791039104.3958864,0
E_w1_p6_r2,1791039104.895995,0
E_w1_p6_r2,1791039105.3961055,0
E_w1_p6_r2,1791039105.896246,0
E_w1_p6_r2,1791039106.3963447,0
E_w1_p6_r2,1791039106.89648,0
E_w1_p6_r2,1791039107.396572,0
E_w1_p6_r2,1791039107.8969069,0
E_w1_p6_r2,1791039108.3970847,0
E_w1_p6_r2,1791039108.8971977,0
E_w1_p6_r2,1791039109.3975644,0
E_w1_p6_r2,1791039109.8979347,0
E_w1_p6_r2,1791039110.398077,0
E_w1_p6_r2,1791039110.8984432,0
E_w1_p6_r2,1791039111.3987617,0
E_w1_p6_r2,1791039111.8991258,0
E_w1_p6_r2,1791039112.399489,0
E_w1_p6_r2,1791039112.8997386,0
E_w1_p6_r2,1791039113.400101,0
E_w1_p6_r2,1791039113.9002583,0
E_w1_p6_r2,1791039114.4006345,0
E_w1_p6_r2,1791039114.9007452,0
E_w1_p6_r2,1791039115.4011147,0
E_w1_p6_r2,1791039115.9014776,0
E_w1_p6_r2,1791039116.401839,0
E_w1_p6_r2,1791039116.9019551,0
E_w1_p6_r2,1791039117.4023263,0
E_w1_p6_r2,1791039117.9026752,0
E_w1_p6_r2,1791039118.40303,0
E_w1_p6_r2,1791039118.9033988,0
E_w1_p6_r2,1791039119.4035466,0
E_w1_p6_r2,1791039119.903662,0
E_w1_p6_r2,1791039120.4037654,0
E_w1_p6_r2,1791039120.9041445,0
E_w1_p6_r2,1791039121.4043837,0
E_w1_p6_r2,1791039121.9047506,0
E_w1_p6_r2,1791039122.4051235,0
E_w1_p6_r2,1791039122.9054873,0
E_w1_p6_r2,1791039123.405641,0
E_w1_p6_r2,1791039123.9058018,0
E_w1_p6_r2,1791039124.4059367,0
E_w1_p6_r2,1791039124.9060855,0
E_w1_p6_r2,1791039125.4062293,0
E_w1_p6_r2,1791039125.9063756,0
E_w1_p6_r2,1791039126.406512,0
E_w1_p6_r2,1791039126.90665,0
E_w1_p6_r2,1791039127.4067466,0
E_w1_p6_r2,1791039127.9068918,0
E_w1_p6_r2,1791039128.4070349,0
E_w1_p6_r2,1791039128.9071832,0
E_w1_p6_r2,1791039129.4075644,0
E_w1_p6_r2,1791039129.9077039,0
E_w1_p6_r2,1791039130.4078588,0
E_w1_p6_r2,1791039130.90797,0
E_w1_p6_r2,1791039131.4080873,0
E_w1_p6_r2,1791039131.9084415,0
E_w1_p6_r2,1791039132.4086072,0
E_w1_p6_r2,1791039132.908739,134
E_w1_p6_r2,1791039133.409095,1142
E_w1_p6_r2,1791039133.9095745,2828
E_w1_p6_r2,1791039134.4099452,5730
E_w1_p6_r2,1791039134.910303,9127
E_w1_p6_r2,1791039135.4107144,13090
E_w1_p6_r2,1791039135.910828,17342
E_w1_p6_r2,1791039136.411187,22223
E_w1_p6_r2,1791039136.911327,28479
E_w1_p6_r2,1791039137.4114387,35043
E_w1_p6_r2,1791039137.9118128,43613
E_w1_p6_r2,1791039138.4119644,54879
E_w1_p6_r2,1791039138.9122796,66019
E_w1_p6_r2,1791039139.4126413,80268
E_w1_p6_r2,1791039139.912772,96952
E_w1_p6_r2,1791039140.4129186,100084
E_w1_p6_r2,1791039140.913066,100084
E_w1_p6_r2,1791039141.413429,100084
E_w1_p6_r2,1791039141.9135678,100084
E_w1_p6_r2,1791039142.41373,100084
E_w1_p6_r2,1791039142.9138384,100084
E_w1_p6_r2,1791039143.4139988,100084
E_w1_p6_r2,1791039143.914167,100084
E_w1_p6_r2,1791039144.4145253,100084
E_w1_p6_r2,1791039144.9148965,100084
E_w1_p6_r2,1791039145.415231,100084
E_w1_p6_r2,1791039145.9156072,100084
E_w1_p6_r2,1791039146.4159782,100084
E_w1_p6_r2,1791039146.9160945,100084
E_w1_p6_r2,1791039147.4162526,100084
E_w1_p6_r2,1791039147.916398,100084
E_w1_p6_r2,1791039148.416763,100084
E_w1_p6_r2,1791039148.9171216,100084
E_w1_p6_r2,1791039149.4173315,100084
E_w1_p6_r2,1791039149.9175081,100084
E_w1_p6_r2,1791039150.4176717,100084
E_w1_p6_r2,1791039150.9178321,100084
E_w1_p6_r2,1791039151.41799,100084
E_w1_p6_r2,1791039151.9183564,100084
E_w1_p6_r2,1791039152.4185028,100084
E_w1_p6_r2,1791039152.918665,103488
E_w1_p6_r2,1791039153.4188073,114716
E_w1_p6_r2,1791039153.918971,125651
E_w1_p6_r2,1791039154.419134,136438
E_w1_p6_r2,1791039154.9195023,148848
E_w1_p6_r2,1791039155.4198563,162352
E_w1_p6_r2,1791039155.91997,172599
E_w1_p6_r2,1791039156.4201133,187643
E_w1_p6_r2,1791039156.9202983,199898
E_w1_p6_r2,1791039157.4204423,199899
E_w1_p6_r2,1791039157.9205546,199899
E_w1_p6_r2,1791039158.4208944,199899
E_w1_p6_r2,1791039158.9212646,199899
E_w1_p6_r2,1791039159.4213772,199899
E_w1_p6_r2,1791039159.9215398,199899
E_w1_p6_r2,1791039160.4219096,199899
E_w1_p6_r2,1791039160.9220285,199899
E_w1_p6_r2,1791039161.4221888,199899
E_w1_p6_r2,1791039161.9225574,199899
E_w1_p6_r2,1791039162.422732,199899
E_w1_p6_r2,1791039162.922888,199899
E_w1_p6_r2,1791039163.423242,199899
E_w1_p6_r2,1791039163.9233975,199899
E_w1_p6_r2,1791039164.423534,199899
E_w1_p6_r2,1791039164.9238894,199899
E_w1_p6_r2,1791039165.4242563,199899
E_w1_p6_r2,1791039165.9243884,199899
E_w1_p6_r2,1791039166.424546,199899
E_w1_p6_r2,1791039166.9246619,199899
E_w1_p6_r2,1791039167.4250526,199899
E_w1_p6_r2,1791039167.9254336,199899
E_w1_p6_r2,1791039168.425863,199899
E_w1_p6_r2,1791039168.9262156,216531
E_w1_p6_r2,1791039169.4265769,244999
E_w1_p6_r2,1791039169.9269478,275151
E_w1_p6_r2,1791039170.427065,279899
E_w1_p6_r2,1791039170.9271827,279899
E_w1_p6_r2,1791039171.427332,299374
E_w1_p6_r2,1791039171.9274762,300000
E_w1_p6_r3,1791039242.305513,0
E_w1_p6_r3,1791039242.8056476,0
E_w1_p6_r3,1791039243.3057804,0
E_w1_p6_r3,1791039243.8060844,0
E_w1_p6_r3,1791039244.3061788,0
E_w1_p6_r3,1791039244.80632,0
E_w1_p6_r3,1791039245.3064983,0
E_w1_p6_r3,1791039245.8066087,0
E_w1_p6_r3,1791039246.3067298,0
E_w1_p6_r3,1791039246.8068247,0
E_w1_p6_r3,1791039247.30695,0
E_w1_p6_r3,1791039247.8070629,0
E_w1_p6_r3,1791039248.3071628,0
E_w1_p6_r3,1791039248.8072681,0
E_w1_p6_r3,1791039249.307386,0
E_w1_p6_r3,1791039249.8075337,0
E_w1_p6_r3,1791039250.3076596,0
E_w1_p6_r3,1791039250.807735,0
E_w1_p6_r3,1791039251.3078442,0
E_w1_p6_r3,1791039251.8079488,0
E_w1_p6_r3,1791039252.3080504,0
E_w1_p6_r3,1791039252.808141,0
E_w1_p6_r3,1791039253.3082347,0
E_w1_p6_r3,1791039253.8083322,0
E_w1_p6_r3,1791039254.3084307,0
E_w1_p6_r3,1791039254.8085642,0
E_w1_p6_r3,1791039255.3086638,0
E_w1_p6_r3,1791039255.8087986,0
E_w1_p6_r3,1791039256.308901,0
E_w1_p6_r3,1791039256.80901,0
E_w1_p6_r3,1791039257.3091357,0
E_w1_p6_r3,1791039257.8092623,0
E_w1_p6_r3,1791039258.309616,0
E_w1_p6_r3,1791039258.8097296,0
E_w1_p6_r3,1791039259.3098335,0
E_w1_p6_r3,1791039259.8099747,0
E_w1_p6_r3,1791039260.3100672,0
E_w1_p6_r3,1791039260.810173,0
E_w1_p6_r3,1791039261.3102767,0
E_w1_p6_r3,1791039261.8103795,0
E_w1_p6_r3,1791039262.310533,0
E_w1_p6_r3,1791039262.8109057,0
E_w1_p6_r3,1791039263.3112776,0
E_w1_p6_r3,1791039263.8113942,0
E_w1_p6_r3,1791039264.3115485,0
E_w1_p6_r3,1791039264.8119175,0
E_w1_p6_r3,1791039265.3120549,0
E_w1_p6_r3,1791039265.8124387,0
E_w1_p6_r3,1791039266.3125973,0
E_w1_p6_r3,1791039266.8127677,0
E_w1_p6_r3,1791039267.312925,0
E_w1_p6_r3,1791039267.8130755,0
E_w1_p6_r3,1791039268.3132286,0
E_w1_p6_r3,1791039268.8133447,0
E_w1_p6_r3,1791039269.313743,0
E_w1_p6_r3,1791039269.8141854,0
E_w1_p6_r3,1791039270.3145518,0
E_w1_p6_r3,1791039270.8147178,0
E_w1_p6_r3,1791039271.3151338,0
E_w1_p6_r3,1791039271.8154955,0
E_w1_p6_r3,1791039272.3156493,0
E_w1_p6_r3,1791039272.8160036,0
E_w1_p6_r3,1791039273.3161235,0
E_w1_p6_r3,1791039273.8162348,0
E_w1_p6_r3,1791039274.316354,0
E_w1_p6_r3,1791039274.8165183,0
E_w1_p6_r3,1791039275.3168743,0
E_w1_p6_r3,1791039275.8172445,0
E_w1_p6_r3,1791039276.3174531,0
E_w1_p6_r3,1791039276.8178124,0
E_w1_p6_r3,1791039277.317966,0
E_w1_p6_r3,1791039277.8180873,0
E_w1_p6_r3,1791039278.3181963,0
E_w1_p6_r3,1791039278.8186026,0
E_w1_p6_r3,1791039279.3189216,0
E_w1_p6_r3,1791039279.81903,0
E_w1_p6_r3,1791039280.3191388,0
E_w1_p6_r3,1791039280.8192723,0
E_w1_p6_r3,1791039281.3193908,0
E_w1_p6_r3,1791039281.8194993,0
E_w1_p6_r3,1791039282.3197927,0
E_w1_p6_r3,1791039282.8203838,0
E_w1_p6_r3,1791039283.3205392,0
E_w1_p6_r3,1791039283.8209152,0
E_w1_p6_r3,1791039284.3210673,0
E_w1_p6_r3,1791039284.8211792,0
E_w1_p6_r3,1791039285.321341,0
E_w1_p6_r3,1791039285.8214955,0
E_w1_p6_r3,1791039286.3216493,0
E_w1_p6_r3,1791039286.8217928,0
E_w1_p6_r3,1791039287.321953,0
E_w1_p6_r3,1791039287.8220713,1407
E_w1_p6_r3,1791039288.3221836,5305
E_w1_p6_r3,1791039288.8225517,12310
E_w1_p6_r3,1791039289.322885,22261
E_w1_p6_r3,1791039289.8229918,31133
E_w1_p6_r3,1791039290.3233464,40576
E_w1_p6_r3,1791039290.823492,52032
E_w1_p6_r3,1791039291.323846,63720
E_w1_p6_r3,1791039291.8239567,74677
E_w1_p6_r3,1791039292.3243196,90244
E_w1_p6_r3,1791039292.8244393,99925
E_w1_p6_r3,1791039293.3249056,99925
E_w1_p6_r3,1791039293.8250208,99925
E_w1_p6_r3,1791039294.3253787,99925
E_w1_p6_r3,1791039294.8255308,99925
E_w1_p6_r3,1791039295.3258953,99925
E_w1_p6_r3,1791039295.8259847,99925
E_w1_p6_r3,1791039296.3261194,99925
E_w1_p6_r3,1791039296.8264716,99925
E_w1_p6_r3,1791039297.3268402,99925
E_w1_p6_r3,1791039297.8269558,99925
E_w1_p6_r3,1791039298.3272235,99925
E_w1_p6_r3,1791039298.8273358,99925
E_w1_p6_r3,1791039299.3275785,99925
E_w1_p6_r3,1791039299.8277328,99925
E_w1_p6_r3,1791039300.3281124,99925
E_w1_p6_r3,1791039300.8284726,99925
E_w1_p6_r3,1791039301.3288205,99925
E_w1_p6_r3,1791039301.8291593,99925
E_w1_p6_r3,1791039302.329442,99925
E_w1_p6_r3,1791039302.8295512,99925
E_w1_p6_r3,1791039303.3299203,99925
E_w1_p6_r3,1791039303.830282,99925
E_w1_p6_r3,1791039304.3305116,99925
E_w1_p6_r3,1791039304.8306286,99925
E_w1_p6_r3,1791039305.3308122,99925
E_w1_p6_r3,1791039305.8309207,99925
E_w1_p6_r3,1791039306.3310423,104157
E_w1_p6_r3,1791039306.831203,117753
E_w1_p6_r3,1791039307.3313427,133105
E_w1_p6_r3,1791039307.8314617,151106
E_w1_p6_r3,1791039308.3318725,170985
E_w1_p6_r3,1791039308.8322194,185680
E_w1_p6_r3,1791039309.332577,192474
E_w1_p6_r3,1791039309.8329468,200188
E_w1_p6_r3,1791039310.333297,200188
E_w1_p6_r3,1791039310.8336658,200188
E_w1_p6_r3,1791039311.3337677,200188
E_w1_p6_r3,1791039311.8341243,200188
E_w1_p6_r3,1791039312.33427,200188
E_w1_p6_r3,1791039312.8343892,200188
E_w1_p6_r3,1791039313.3347478,200188
E_w1_p6_r3,1791039313.83524,200188
E_w1_p6_r3,1791039314.3356087,200188
E_w1_p6_r3,1791039314.8357391,200188
E_w1_p6_r3,1791039315.3358452,200188
E_w1_p6_r3,1791039315.8359647,200188
E_w1_p6_r3,1791039316.3363361,200188
E_w1_p6_r3,1791039316.836462,200188
E_w1_p6_r3,1791039317.3368292,200188
E_w1_p6_r3,1791039317.8369377,200188
E_w1_p6_r3,1791039318.3371167,200188
E_w1_p6_r3,1791039318.8374321,200188
E_w1_p6_r3,1791039319.3375409,200188
E_w1_p6_r3,1791039319.8377144,200188
E_w1_p6_r3,1791039320.3380883,200188
E_w1_p6_r3,1791039320.8382363,200188
E_w1_p6_r3,1791039321.3383646,200188
E_w1_p6_r3,1791039321.8384945,202439
E_w1_p6_r3,1791039322.3386283,217529
E_w1_p6_r3,1791039322.8387685,246310
E_w1_p6_r3,1791039323.3388934,268226
E_w1_p6_r3,1791039323.8390167,280188
E_w1_p6_r3,1791039324.339154,290188
E_w1_p6_r3,1791039324.8392777,300000
E_w2_p1_r1,1791039405.6597967,0
E_w2_p1_r1,1791039406.1598856,0
E_w2_p1_r1,1791039406.6599998,0
E_w2_p1_r1,1791039407.160091,0
E_w2_p1_r1,1791039407.6601899,0
E_w2_p1_r1,1791039408.1602821,0
E_w2_p1_r1,1791039408.6604328,0
E_w2_p1_r1,1791039409.1605692,0
E_w2_p1_r1,1791039409.660811,0
E_w2_p1_r1,1791039410.1609213,0
E_w2_p1_r1,1791039410.6610403,0
E_w2_p1_r1,1791039411.161179,0
E_w2_p1_r1,1791039411.6612778,0
E_w2_p1_r1,1791039412.16138,0
E_w2_p1_r1,1791039412.6614716,0
E_w2_p1_r1,1791039413.1615937,0
E_w2_p1_r1,1791039413.661742,0
E_w2_p1_r1,1791039414.1618528,0
E_w2_p1_r1,1791039414.6619563,0
E_w2_p1_r1,1791039415.1620615,0
E_w2_p1_r1,1791039415.662274,0
E_w2_p1_r1,1791039416.162372,0
E_w2_p1_r1,1791039416.6627128,0
E_w2_p1_r1,1791039417.1637535,0
E_w2_p1_r1,1791039417.6638522,0
E_w2_p1_r1,1791039418.1639462,0
E_w2_p1_r1,1791039418.664065,0
E_w2_p1_r1,1791039419.1642203,0
E_w2_p1_r1,1791039419.6643631,0
E_w2_p1_r1,1791039420.164499,0
E_w2_p1_r1,1791039420.6645937,0
E_w2_p1_r1,1791039421.1648967,0
E_w2_p1_r1,1791039421.665036,0
E_w2_p1_r1,1791039422.1651404,0
E_w2_p1_r1,1791039422.6652384,0
E_w2_p1_r1,1791039423.1653454,0
E_w2_p1_r1,1791039423.6654797,0
E_w2_p1_r1,1791039424.1655777,0
E_w2_p1_r1,1791039424.6657162,0
E_w2_p1_r1,1791039425.1658547,0
E_w2_p1_r1,1791039425.6659446,0
E_w2_p1_r1,1791039426.1660795,0
E_w2_p1_r1,1791039426.6661918,0
E_w2_p1_r1,1791039427.1662889,0
E_w2_p1_r1,1791039427.6664054,0
E_w2_p1_r1,1791039428.1665137,0
E_w2_p1_r1,1791039428.6666362,0
E_w2_p1_r1,1791039429.1667743,0
E_w2_p1_r1,1791039429.6668973,0
E_w2_p1_r1,1791039430.1670234,0
E_w2_p1_r1,1791039430.6671662,0
E_w2_p1_r1,1791039431.1672878,0
E_w2_p1_r1,1791039431.6674345,0
E_w2_p1_r1,1791039432.1675591,0
E_w2_p1_r1,1791039432.6677372,0
E_w2_p1_r1,1791039433.1678815,0
E_w2_p1_r1,1791039433.6679943,0
E_w2_p1_r1,1791039434.1681013,0
E_w2_p1_r1,1791039434.6682277,0
E_w2_p1_r1,1791039435.168355,0
E_w2_p1_r1,1791039435.6684785,0
E_w2_p1_r1,1791039436.1686158,0
E_w2_p1_r1,1791039436.6687672,0
E_w2_p1_r1,1791039437.168899,0
E_w2_p1_r1,1791039437.669021,0
E_w2_p1_r1,1791039438.1691608,0
E_w2_p1_r1,1791039438.66929,0
E_w2_p1_r1,1791039439.1694212,0
E_w2_p1_r1,1791039439.6695452,0
E_w2_p1_r1,1791039440.169663,0
E_w2_p1_r1,1791039440.6697466,0
E_w2_p1_r1,1791039441.16985,0
E_w2_p1_r1,1791039441.6699913,0
E_w2_p1_r1,1791039442.1701267,0
E_w2_p1_r1,1791039442.670244,0
E_w2_p1_r1,1791039443.1703537,0
E_w2_p1_r1,1791039443.6705,0
E_w2_p1_r1,1791039444.1706438,0
E_w2_p1_r1,1791039444.6707578,0
E_w2_p1_r1,1791039445.1710706,157
E_w2_p1_r1,1791039445.6712806,1185
E_w2_p1_r1,1791039446.1714275,5316
E_w2_p1_r1,1791039446.671558,10000
E_w2_p1_r1,1791039447.171721,10000
E_w2_p1_r1,1791039447.6718822,10000
E_w2_p1_r1,1791039448.172016,10000
E_w2_p1_r1,1791039448.672151,10000
E_w2_p1_r1,1791039449.1722894,10000
E_w2_p1_r1,1791039449.6724257,10000
E_w2_p1_r1,1791039450.1725438,10000
E_w2_p1_r1,1791039450.6726577,10000
E_w2_p1_r1,1791039451.1727612,19461
E_w2_p1_r1,1791039451.6729078,33378
E_w2_p1_r1,1791039452.173023,40000
E_w2_p1_r1,1791039452.6731398,40000
E_w2_p1_r1,1791039453.1732807,40000
E_w2_p1_r1,1791039453.6734157,40000
E_w2_p1_r1,1791039454.1735613,40000
E_w2_p1_r1,1791039454.6737163,40000
E_w2_p1_r1,1791039455.1738505,40000
E_w2_p1_r1,1791039455.6739798,40000
E_w2_p1_r1,1791039456.1740887,40000
E_w2_p1_r1,1791039456.6742232,58055
E_w2_p1_r1,1791039457.174346,70000
E_w2_p1_r1,1791039457.6744764,70000
E_w2_p1_r1,1791039458.174616,70000
E_w2_p1_r1,1791039458.6747694,70000
E_w2_p1_r1,1791039459.1749084,70000
E_w2_p1_r1,1791039459.6750429,70000
E_w2_p1_r1,1791039460.175155,70000
E_w2_p1_r1,1791039460.675277,70000
E_w2_p1_r1,1791039461.1753595,70000
E_w2_p1_r1,1791039461.675501,70000
E_w2_p1_r1,1791039462.1756268,70000
E_w2_p1_r1,1791039462.6757698,70000
E_w2_p1_r1,1791039463.175903,88509
E_w2_p1_r1,1791039463.6760309,100000
E_w2_p1_r1,1791039464.176162,100000
E_w2_p1_r1,1791039464.6762924,100000
E_w2_p1_r1,1791039465.1764133,100000
E_w2_p1_r1,1791039465.6765883,100000
E_w2_p1_r1,1791039466.1767232,100000
E_w2_p1_r1,1791039466.6768465,100000
E_w2_p1_r1,1791039467.1770005,105637
E_w2_p1_r1,1791039467.6771414,130000
E_w2_p1_r1,1791039468.177289,130000
E_w2_p1_r1,1791039468.6774144,130000
E_w2_p1_r1,1791039469.1775646,130000
E_w2_p1_r1,1791039469.6777084,130000
E_w2_p1_r1,1791039470.177834,155166
E_w2_p1_r1,1791039470.6779602,160000
E_w2_p1_r1,1791039471.1783423,160000
E_w2_p1_r1,1791039471.6784582,160000
E_w2_p1_r1,1791039472.1785758,160000
E_w2_p1_r1,1791039472.6787288,160000
E_w2_p1_r1,1791039473.1788414,160000
E_w2_p1_r1,1791039473.6789749,188267
E_w2_p1_r1,1791039474.1791055,205980
E_w2_p1_r1,1791039474.6792293,223903
E_w2_p1_r1,1791039475.1793518,235637
E_w2_p1_r1,1791039475.679501,240000
E_w2_p1_r1,1791039476.1796112,250000
E_w2_p1_r1,1791039476.6797338,260000
E_w2_p1_r1,1791039477.1798544,260000
E_w2_p1_r1,1791039477.67998,270000
E_w2_p1_r1,1791039478.1801257,280000
E_w2_p1_r1,1791039478.6803102,288996
E_w2_p1_r1,1791039479.1804135,290000
E_w2_p1_r1,1791039479.6805484,300000
E_w2_p1_r2,1791039554.759788,0
E_w2_p1_r2,1791039555.2598884,0
E_w2_p1_r2,1791039555.7599845,0
E_w2_p1_r2,1791039556.2600725,0
E_w2_p1_r2,1791039556.760174,0
E_w2_p1_r2,1791039557.2602787,0
E_w2_p1_r2,1791039557.760388,0
E_w2_p1_r2,1791039558.2604756,0
E_w2_p1_r2,1791039558.7606006,0
E_w2_p1_r2,1791039559.2607405,0
E_w2_p1_r2,1791039559.7608325,0
E_w2_p1_r2,1791039560.26094,0
E_w2_p1_r2,1791039560.7610447,0
E_w2_p1_r2,1791039561.261147,0
E_w2_p1_r2,1791039561.7612665,0
E_w2_p1_r2,1791039562.2623444,0
E_w2_p1_r2,1791039562.762461,0
E_w2_p1_r2,1791039563.2625647,0
E_w2_p1_r2,1791039563.7627258,0
E_w2_p1_r2,1791039564.26283,0
E_w2_p1_r2,1791039564.76295,0
E_w2_p1_r2,1791039565.2637365,0
E_w2_p1_r2,1791039565.7638335,0
E_w2_p1_r2,1791039566.2639484,0
E_w2_p1_r2,1791039566.7641103,0
E_w2_p1_r2,1791039567.2642417,0
E_w2_p1_r2,1791039567.7643468,0
E_w2_p1_r2,1791039568.2644517,0
E_w2_p1_r2,1791039568.764552,0
E_w2_p1_r2,1791039569.264667,0
E_w2_p1_r2,1791039569.7647326,0
E_w2_p1_r2,1791039570.2648718,0
E_w2_p1_r2,1791039570.7650058,0
E_w2_p1_r2,1791039571.2650995,0
E_w2_p1_r2,1791039571.7652147,0
E_w2_p1_r2,1791039572.2653105,0
E_w2_p1_r2,1791039572.7654185,0
E_w2_p1_r2,1791039573.2655191,0
E_w2_p1_r2,1791039573.765641,0
E_w2_p1_r2,1791039574.2657552,0
E_w2_p1_r2,1791039574.7658918,0
E_w2_p1_r2,1791039575.2660308,0
E_w2_p1_r2,1791039575.766167,0
E_w2_p1_r2,1791039576.2662697,0
E_w2_p1_r2,1791039576.7663667,0
E_w2_p1_r2,1791039577.2664886,0
E_w2_p1_r2,1791039577.7665863,0
E_w2_p1_r2,1791039578.266716,0
E_w2_p1_r2,1791039578.7668507,0
E_w2_p1_r2,1791039579.2669935,0
E_w2_p1_r2,1791039579.7671423,0
E_w2_p1_r2,1791039580.2672937,0
E_w2_p1_r2,1791039580.7674708,0
E_w2_p1_r2,1791039581.2676315,0
E_w2_p1_r2,1791039581.7677472,0
E_w2_p1_r2,1791039582.2678983,0
E_w2_p1_r2,1791039582.7680607,0
E_w2_p1_r2,1791039583.2684853,0
E_w2_p1_r2,1791039583.768622,0
E_w2_p1_r2,1791039584.2687654,0
E_w2_p1_r2,1791039584.7689228,0
E_w2_p1_r2,1791039585.269046,0
E_w2_p1_r2,1791039585.7692058,0
E_w2_p1_r2,1791039586.2693162,0
E_w2_p1_r2,1791039586.7694361,0
E_w2_p1_r2,1791039587.26959,0
E_w2_p1_r2,1791039587.7697415,0
E_w2_p1_r2,1791039588.26989,0
E_w2_p1_r2,1791039588.770017,0
E_w2_p1_r2,1791039589.2701313,0
E_w2_p1_r2,1791039589.7702498,0
E_w2_p1_r2,1791039590.270356,0
E_w2_p1_r2,1791039590.7704637,0
E_w2_p1_r2,1791039591.2705913,0
E_w2_p1_r2,1791039591.7707267,0
E_w2_p1_r2,1791039592.2717621,0
E_w2_p1_r2,1791039592.7718644,0
E_w2_p1_r2,1791039593.271989,0
E_w2_p1_r2,1791039593.7721033,0
E_w2_p1_r2,1791039594.272234,0
E_w2_p1_r2,1791039594.7723475,0
E_w2_p1_r2,1791039595.2724886,0
E_w2_p1_r2,1791039595.7726102,268
E_w2_p1_r2,1791039596.2727687,5527
E_w2_p1_r2,1791039596.7729151,16660
E_w2_p1_r2,1791039597.2730367,27400
E_w2_p1_r2,1791039597.7731576,30000
E_w2_p1_r2,1791039598.273286,30000
E_w2_p1_r2,1791039598.773422,30000
E_w2_p1_r2,1791039599.2735498,30000
E_w2_p1_r2,1791039599.7736654,30000
E_w2_p1_r2,1791039600.2737553,30000
E_w2_p1_r2,1791039600.7738786,36132
E_w2_p1_r2,1791039601.274009,53733
E_w2_p1_r2,1791039601.7741258,60000
E_w2_p1_r2,1791039602.2742555,60000
E_w2_p1_r2,1791039602.7743807,60000
E_w2_p1_r2,1791039603.2745357,60000
E_w2_p1_r2,1791039603.7746522,60000
E_w2_p1_r2,1791039604.2747703,60000
E_w2_p1_r2,1791039604.774899,60000
E_w2_p1_r2,1791039605.2750652,71675
E_w2_p1_r2,1791039605.7751803,90000
E_w2_p1_r2,1791039606.2753057,90000
E_w2_p1_r2,1791039606.7754283,90000
E_w2_p1_r2,1791039607.275559,90000
E_w2_p1_r2,1791039607.7757182,90000
E_w2_p1_r2,1791039608.2758508,90000
E_w2_p1_r2,1791039608.7759717,112759
E_w2_p1_r2,1791039609.2760932,120000
E_w2_p1_r2,1791039609.7762125,120000
E_w2_p1_r2,1791039610.2763345,120000
E_w2_p1_r2,1791039610.7764661,120000
E_w2_p1_r2,1791039611.2766469,125120
E_w2_p1_r2,1791039611.7767541,130000
E_w2_p1_r2,1791039612.2769413,130000
E_w2_p1_r2,1791039612.7770624,130000
E_w2_p1_r2,1791039613.2771838,138616
E_w2_p1_r2,1791039613.7773097,140000
E_w2_p1_r2,1791039614.2774243,140000
E_w2_p1_r2,1791039614.7775624,140000
E_w2_p1_r2,1791039615.2777276,170000
E_w2_p1_r2,1791039615.777845,170000
E_w2_p1_r2,1791039616.278004,170000
E_w2_p1_r2,1791039616.7781186,170000
E_w2_p1_r2,1791039617.2782521,180000
E_w2_p1_r2,1791039617.7783654,180000
E_w2_p1_r2,1791039618.2784903,200902
E_w2_p1_r2,1791039618.7786179,210000
E_w2_p1_r2,1791039619.2787564,210000
E_w2_p1_r2,1791039619.7789028,210000
E_w2_p1_r2,1791039620.2790227,210000
E_w2_p1_r2,1791039620.7791433,214434
E_w2_p1_r2,1791039621.2792628,236963
E_w2_p1_r2,1791039621.779404,260460
E_w2_p1_r2,1791039622.2795103,280000
E_w2_p1_r2,1791039622.7796414,290000
E_w2_p1_r2,1791039623.2798343,300000
E_w2_p1_r3,1791039698.3222625,0
E_w2_p1_r3,1791039698.822362,0
E_w2_p1_r3,1791039699.322461,0
E_w2_p1_r3,1791039699.8225992,0
E_w2_p1_r3,1791039700.3227043,0
E_w2_p1_r3,1791039700.8227913,0
E_w2_p1_r3,1791039701.3231053,0
E_w2_p1_r3,1791039701.8231986,0
E_w2_p1_r3,1791039702.3232946,0
E_w2_p1_r3,1791039702.8234112,0
E_w2_p1_r3,1791039703.3235106,0
E_w2_p1_r3,1791039703.8236098,0
E_w2_p1_r3,1791039704.323755,0
E_w2_p1_r3,1791039704.8238537,0
E_w2_p1_r3,1791039705.323956,0
E_w2_p1_r3,1791039705.8240736,0
E_w2_p1_r3,1791039706.3242059,0
E_w2_p1_r3,1791039706.8243115,0
E_w2_p1_r3,1791039707.3244078,0
E_w2_p1_r3,1791039707.8245037,0
E_w2_p1_r3,1791039708.3246229,0
E_w2_p1_r3,1791039708.8248637,0
E_w2_p1_r3,1791039709.3249624,0
E_w2_p1_r3,1791039709.8250792,0
E_w2_p1_r3,1791039710.3257341,0
E_w2_p1_r3,1791039710.8258352,0
E_w2_p1_r3,1791039711.3259416,0
E_w2_p1_r3,1791039711.826042,0
E_w2_p1_r3,1791039712.3261425,0
E_w2_p1_r3,1791039712.826228,0
E_w2_p1_r3,1791039713.3263211,0
E_w2_p1_r3,1791039713.826459,0
E_w2_p1_r3,1791039714.3266,0
E_w2_p1_r3,1791039714.8267057,0
E_w2_p1_r3,1791039715.3268044,0
E_w2_p1_r3,1791039715.8269186,0
E_w2_p1_r3,1791039716.3270175,0
E_w2_p1_r3,1791039716.8271265,0
E_w2_p1_r3,1791039717.3272433,0
E_w2_p1_r3,1791039717.8273454,0
E_w2_p1_r3,1791039718.3274474,0
E_w2_p1_r3,1791039718.827553,0
E_w2_p1_r3,1791039719.32764,0
E_w2_p1_r3,1791039719.8279896,0
E_w2_p1_r3,1791039720.3280828,0
E_w2_p1_r3,1791039720.8282177,0
E_w2_p1_r3,1791039721.3283455,0
E_w2_p1_r3,1791039721.8287148,0
E_w2_p1_r3,1791039722.3290956,0
E_w2_p1_r3,1791039722.82921,0
E_w2_p1_r3,1791039723.3295343,0
E_w2_p1_r3,1791039723.8297129,0
E_w2_p1_r3,1791039724.329893,0
E_w2_p1_r3,1791039724.8300288,0
E_w2_p1_r3,1791039725.3301601,0
E_w2_p1_r3,1791039725.8304644,0
E_w2_p1_r3,1791039726.3307734,0
E_w2_p1_r3,1791039726.8309317,0
E_w2_p1_r3,1791039727.3310432,0
E_w2_p1_r3,1791039727.831163,0
E_w2_p1_r3,1791039728.3313153,0
E_w2_p1_r3,1791039728.8314726,0
E_w2_p1_r3,1791039729.3316371,0
E_w2_p1_r3,1791039729.8318048,0
E_w2_p1_r3,1791039730.3319142,0
E_w2_p1_r3,1791039730.8320677,0
E_w2_p1_r3,1791039731.3321812,0
E_w2_p1_r3,1791039731.8323057,0
E_w2_p1_r3,1791039732.3323956,0
E_w2_p1_r3,1791039732.832501,0
E_w2_p1_r3,1791039733.3326178,0
E_w2_p1_r3,1791039733.832742,0
E_w2_p1_r3,1791039734.332851,162
E_w2_p1_r3,1791039734.8329651,1500
E_w2_p1_r3,1791039735.3330848,4264
E_w2_p1_r3,1791039735.8332167,7988
E_w2_p1_r3,1791039736.3333218,10000
E_w2_p1_r3,1791039736.8334558,10000
E_w2_p1_r3,1791039737.3335938,10000
E_w2_p1_r3,1791039737.8337245,10000
E_w2_p1_r3,1791039738.3338695,11921
E_w2_p1_r3,1791039738.833992,17096
E_w2_p1_r3,1791039739.334361,20000
E_w2_p1_r3,1791039739.8347368,20000
E_w2_p1_r3,1791039740.3348424,20000
E_w2_p1_r3,1791039740.8350003,20000
E_w2_p1_r3,1791039741.3351412,20000
E_w2_p1_r3,1791039741.8354812,20000
E_w2_p1_r3,1791039742.335795,20000
E_w2_p1_r3,1791039742.8359087,20000
E_w2_p1_r3,1791039743.3362727,30746
E_w2_p1_r3,1791039743.8363965,44086
E_w2_p1_r3,1791039744.3365555,50000
E_w2_p1_r3,1791039744.8369184,50000
E_w2_p1_r3,1791039745.337284,50000
E_w2_p1_r3,1791039745.8374286,50000
E_w2_p1_r3,1791039746.3375854,50000
E_w2_p1_r3,1791039746.8377402,50000
E_w2_p1_r3,1791039747.3381026,50000
E_w2_p1_r3,1791039747.8382301,50000
E_w2_p1_r3,1791039748.3386583,50000
E_w2_p1_r3,1791039748.8387933,50000
E_w2_p1_r3,1791039749.338928,50000
E_w2_p1_r3,1791039749.8390336,56318
E_w2_p1_r3,1791039750.3391821,74792
E_w2_p1_r3,1791039750.8392994,89504
E_w2_p1_r3,1791039751.339461,104701
E_w2_p1_r3,1791039751.8395774,121917
E_w2_p1_r3,1791039752.3398733,130000
E_w2_p1_r3,1791039752.8399794,130000
E_w2_p1_r3,1791039753.340091,130000
E_w2_p1_r3,1791039753.840637,130000
E_w2_p1_r3,1791039754.3407688,140000
E_w2_p1_r3,1791039754.8408818,140000
E_w2_p1_r3,1791039755.3411229,150000
E_w2_p1_r3,1791039755.8412724,150000
E_w2_p1_r3,1791039756.3413944,160000
E_w2_p1_r3,1791039756.8415554,160000
E_w2_p1_r3,1791039757.3419163,160000
E_w2_p1_r3,1791039757.8420258,160000
E_w2_p1_r3,1791039758.3421428,160000
E_w2_p1_r3,1791039758.8424273,160000
E_w2_p1_r3,1791039759.342801,170000
E_w2_p1_r3,1791039759.8429573,190000
E_w2_p1_r3,1791039760.3433206,190000
E_w2_p1_r3,1791039760.8434746,190000
E_w2_p1_r3,1791039761.343838,199798
E_w2_p1_r3,1791039761.8442063,200000
E_w2_p1_r3,1791039762.3443153,200000
E_w2_p1_r3,1791039762.8444319,206025
E_w2_p1_r3,1791039763.3447902,221592
E_w2_p1_r3,1791039763.8452318,239154
E_w2_p1_r3,1791039764.3455498,258737
E_w2_p1_r3,1791039764.845666,260000
E_w2_p1_r3,1791039765.3457587,270000
E_w2_p1_r3,1791039765.8461297,280000
E_w2_p1_r3,1791039766.3465033,289128
E_w2_p1_r3,1791039766.8466403,299436
E_w2_p1_r3,1791039767.3467488,300000
E_w2_p3_r1,1791039839.028977,0
E_w2_p3_r1,1791039839.5290804,0
E_w2_p3_r1,1791039840.02919,0
E_w2_p3_r1,1791039840.529325,0
E_w2_p3_r1,1791039841.0294175,0
E_w2_p3_r1,1791039841.5295353,0
E_w2_p3_r1,1791039842.0296357,0
E_w2_p3_r1,1791039842.5297413,0
E_w2_p3_r1,1791039843.029883,0
E_w2_p3_r1,1791039843.5300152,0
E_w2_p3_r1,1791039844.0301194,0
E_w2_p3_r1,1791039844.5302536,0
E_w2_p3_r1,1791039845.0305653,0
E_w2_p3_r1,1791039845.530711,0
E_w2_p3_r1,1791039846.0308478,0
E_w2_p3_r1,1791039846.5309486,0
E_w2_p3_r1,1791039847.0310464,0
E_w2_p3_r1,1791039847.5311527,0
E_w2_p3_r1,1791039848.0314944,0
E_w2_p3_r1,1791039848.5316143,0
E_w2_p3_r1,1791039849.0317314,0
E_w2_p3_r1,1791039849.5318422,0
E_w2_p3_r1,1791039850.0319502,0
E_w2_p3_r1,1791039850.5320766,0
E_w2_p3_r1,1791039851.0321846,0
E_w2_p3_r1,1791039851.5322907,0
E_w2_p3_r1,1791039852.032401,0
E_w2_p3_r1,1791039852.5324986,0
E_w2_p3_r1,1791039853.0326054,0
E_w2_p3_r1,1791039853.532719,0
E_w2_p3_r1,1791039854.0328248,0
E_w2_p3_r1,1791039854.5329154,0
E_w2_p3_r1,1791039855.0330138,0
E_w2_p3_r1,1791039855.5331118,0
E_w2_p3_r1,1791039856.0332162,0
E_w2_p3_r1,1791039856.5333216,0
E_w2_p3_r1,1791039857.0334208,0
E_w2_p3_r1,1791039857.5335252,0
E_w2_p3_r1,1791039858.0336144,0
E_w2_p3_r1,1791039858.5337317,0
E_w2_p3_r1,1791039859.0338519,0
E_w2_p3_r1,1791039859.533953,0
E_w2_p3_r1,1791039860.0340493,0
E_w2_p3_r1,1791039860.5341468,0
E_w2_p3_r1,1791039861.0342338,0
E_w2_p3_r1,1791039861.5343378,0
E_w2_p3_r1,1791039862.0344625,0
E_w2_p3_r1,1791039862.53457,0
E_w2_p3_r1,1791039863.03473,0
E_w2_p3_r1,1791039863.5348506,0
E_w2_p3_r1,1791039864.03499,0
E_w2_p3_r1,1791039864.5351012,0
E_w2_p3_r1,1791039865.035478,0
E_w2_p3_r1,1791039865.53559,0
E_w2_p3_r1,1791039866.0357397,0
E_w2_p3_r1,1791039866.5361032,0
E_w2_p3_r1,1791039867.0362222,0
E_w2_p3_r1,1791039867.5363443,0
E_w2_p3_r1,1791039868.03683,0
E_w2_p3_r1,1791039868.5370739,0
E_w2_p3_r1,1791039869.0371907,0
E_w2_p3_r1,1791039869.537303,0
E_w2_p3_r1,1791039870.0374498,0
E_w2_p3_r1,1791039870.5376072,0
E_w2_p3_r1,1791039871.03774,0
E_w2_p3_r1,1791039871.5378516,0
E_w2_p3_r1,1791039872.0380106,0
E_w2_p3_r1,1791039872.5381556,0
E_w2_p3_r1,1791039873.038292,0
E_w2_p3_r1,1791039873.5384398,0
E_w2_p3_r1,1791039874.0385625,0
E_w2_p3_r1,1791039874.5387073,0
E_w2_p3_r1,1791039875.0388393,0
E_w2_p3_r1,1791039875.5389752,0
E_w2_p3_r1,1791039876.0390842,0
E_w2_p3_r1,1791039876.5392244,0
E_w2_p3_r1,1791039877.0393455,0
E_w2_p3_r1,1791039877.5394628,0
E_w2_p3_r1,1791039878.0396035,0
E_w2_p3_r1,1791039878.5397203,0
E_w2_p3_r1,1791039879.0398917,0
E_w2_p3_r1,1791039879.5400019,0
E_w2_p3_r1,1791039880.0401268,541
E_w2_p3_r1,1791039880.5405295,1958
E_w2_p3_r1,1791039881.0409672,7290
E_w2_p3_r1,1791039881.5410895,10000
E_w2_p3_r1,1791039882.0412238,10000
E_w2_p3_r1,1791039882.5413382,10000
E_w2_p3_r1,1791039883.0416706,10000
E_w2_p3_r1,1791039883.5420158,13950
E_w2_p3_r1,1791039884.0421329,25180
E_w2_p3_r1,1791039884.5422723,33400
E_w2_p3_r1,1791039885.0427644,43074
E_w2_p3_r1,1791039885.542912,52735
E_w2_p3_r1,1791039886.0430722,63492
E_w2_p3_r1,1791039886.543204,70000
E_w2_p3_r1,1791039887.0433433,70000
E_w2_p3_r1,1791039887.54347,80000
E_w2_p3_r1,1791039888.0435984,80000
E_w2_p3_r1,1791039888.5437438,90000
E_w2_p3_r1,1791039889.043864,90000
E_w2_p3_r1,1791039889.5439801,99963
E_w2_p3_r1,1791039890.0441175,99963
E_w2_p3_r1,1791039890.544457,99963
E_w2_p3_r1,1791039891.0446095,99963
E_w2_p3_r1,1791039891.544989,99963
E_w2_p3_r1,1791039892.045149,100464
E_w2_p3_r1,1791039892.54552,101500
E_w2_p3_r1,1791039893.0456386,104377
E_w2_p3_r1,1791039893.5457768,108226
E_w2_p3_r1,1791039894.0461478,113422
E_w2_p3_r1,1791039894.5462635,118501
E_w2_p3_r1,1791039895.046483,119963
E_w2_p3_r1,1791039895.5468397,119963
E_w2_p3_r1,1791039896.0472164,119963
E_w2_p3_r1,1791039896.5473382,119963
E_w2_p3_r1,1791039897.0477333,119963
E_w2_p3_r1,1791039897.547883,119963
E_w2_p3_r1,1791039898.048258,123664
E_w2_p3_r1,1791039898.5484142,130234
E_w2_p3_r1,1791039899.0485313,138362
E_w2_p3_r1,1791039899.5486512,153602
E_w2_p3_r1,1791039900.0489333,166095
E_w2_p3_r1,1791039900.5492916,177474
E_w2_p3_r1,1791039901.04966,189474
E_w2_p3_r1,1791039901.5500255,199053
E_w2_p3_r1,1791039902.0504303,207193
E_w2_p3_r1,1791039902.5508032,218585
E_w2_p3_r1,1791039903.0509927,229343
E_w2_p3_r1,1791039903.5511582,241049
E_w2_p3_r1,1791039904.0512843,248973
E_w2_p3_r1,1791039904.5514376,249963
E_w2_p3_r1,1791039905.0515666,251006
E_w2_p3_r1,1791039905.551918,266813
E_w2_p3_r1,1791039906.0520253,269963
E_w2_p3_r1,1791039906.5521436,269963
E_w2_p3_r1,1791039907.0525074,279352
E_w2_p3_r1,1791039907.5526242,289890
E_w2_p3_r1,1791039908.0527656,289890
E_w2_p3_r1,1791039908.5528843,300000
E_w2_p3_r2,1791039981.2898607,0
E_w2_p3_r2,1791039981.789993,0
E_w2_p3_r2,1791039982.290134,0
E_w2_p3_r2,1791039982.7902367,0
E_w2_p3_r2,1791039983.2903476,0
E_w2_p3_r2,1791039983.7904818,0
E_w2_p3_r2,1791039984.2906191,0
E_w2_p3_r2,1791039984.7907548,0
E_w2_p3_r2,1791039985.2908652,0
E_w2_p3_r2,1791039985.7909956,0
E_w2_p3_r2,1791039986.2910976,0
E_w2_p3_r2,1791039986.7912364,0
E_w2_p3_r2,1791039987.2913625,0
E_w2_p3_r2,1791039987.7914753,0
E_w2_p3_r2,1791039988.2916095,0
E_w2_p3_r2,1791039988.7917218,0
E_w2_p3_r2,1791039989.2918177,0
E_w2_p3_r2,1791039989.791908,0
E_w2_p3_r2,1791039990.2920208,0
E_w2_p3_r2,1791039990.792137,0
E_w2_p3_r2,1791039991.2922578,0
E_w2_p3_r2,1791039991.7923484,0
E_w2_p3_r2,1791039992.292458,0
E_w2_p3_r2,1791039992.7925801,0
E_w2_p3_r2,1791039993.2927182,0
E_w2_p3_r2,1791039993.7928307,0
E_w2_p3_r2,1791039994.2929451,0
E_w2_p3_r2,1791039994.793067,0
E_w2_p3_r2,1791039995.2932394,0
E_w2_p3_r2,1791039995.7933486,0
E_w2_p3_r2,1791039996.2934647,0
E_w2_p3_r2,1791039996.7935896,0
E_w2_p3_r2,1791039997.293705,0
E_w2_p3_r2,1791039997.79381,0
E_w2_p3_r2,1791039998.2939248,0
E_w2_p3_r2,1791039998.7940123,0
E_w2_p3_r2,1791039999.2941105,0
E_w2_p3_r2,1791039999.7941983,0
E_w2_p3_r2,1791040000.2943397,0
E_w2_p3_r2,1791040000.794473,0
E_w2_p3_r2,1791040001.294571,0
E_w2_p3_r2,1791040001.7946696,0
E_w2_p3_r2,1791040002.2947376,0
E_w2_p3_r2,1791040002.7948341,0
E_w2_p3_r2,1791040003.2949705,0
E_w2_p3_r2,1791040003.795081,0
E_w2_p3_r2,1791040004.29519,0
E_w2_p3_r2,1791040004.7952912,0
E_w2_p3_r2,1791040005.2954028,0
E_w2_p3_r2,1791040005.7955205,0
E_w2_p3_r2,1791040006.2956388,0
E_w2_p3_r2,1791040006.7957246,0
E_w2_p3_r2,1791040007.2958663,0
E_w2_p3_r2,1791040007.7959747,0
E_w2_p3_r2,1791040008.296083,0
E_w2_p3_r2,1791040008.7962406,0
E_w2_p3_r2,1791040009.2967322,0
E_w2_p3_r2,1791040009.7968924,0
E_w2_p3_r2,1791040010.2970083,0
E_w2_p3_r2,1791040010.7971296,0
E_w2_p3_r2,1791040011.297236,0
E_w2_p3_r2,1791040011.7973793,0
E_w2_p3_r2,1791040012.2975144,0
E_w2_p3_r2,1791040012.7976632,0
E_w2_p3_r2,1791040013.2978024,0
E_w2_p3_r2,1791040013.7979636,0
E_w2_p3_r2,1791040014.298111,0
E_w2_p3_r2,1791040014.7987592,0
E_w2_p3_r2,1791040015.2988853,0
E_w2_p3_r2,1791040015.798997,0
E_w2_p3_r2,1791040016.2991347,0
E_w2_p3_r2,1791040016.799239,0
E_w2_p3_r2,1791040017.299373,0
E_w2_p3_r2,1791040017.7994797,0
E_w2_p3_r2,1791040018.299602,0
E_w2_p3_r2,1791040018.7997758,0
E_w2_p3_r2,1791040019.299902,0
E_w2_p3_r2,1791040019.8000338,0
E_w2_p3_r2,1791040020.300271,0
E_w2_p3_r2,1791040020.8003764,0
E_w2_p3_r2,1791040021.300519,0
E_w2_p3_r2,1791040021.8006394,0
E_w2_p3_r2,1791040022.3007698,0
E_w2_p3_r2,1791040022.8008945,0
E_w2_p3_r2,1791040023.301059,0
E_w2_p3_r2,1791040023.8012052,0
E_w2_p3_r2,1791040024.30131,0
E_w2_p3_r2,1791040024.8014302,0
E_w2_p3_r2,1791040025.3015404,0
E_w2_p3_r2,1791040025.8016453,91
E_w2_p3_r2,1791040026.3019795,1094
E_w2_p3_r2,1791040026.8020833,4169
E_w2_p3_r2,1791040027.3021932,10000
E_w2_p3_r2,1791040027.8022985,10000
E_w2_p3_r2,1791040028.3024182,10000
E_w2_p3_r2,1791040028.8028965,10000
E_w2_p3_r2,1791040029.3030071,10000
E_w2_p3_r2,1791040029.8031495,10000
E_w2_p3_r2,1791040030.3032804,12236
E_w2_p3_r2,1791040030.8034186,19221
E_w2_p3_r2,1791040031.303553,28449
E_w2_p3_r2,1791040031.8036604,39171
E_w2_p3_r2,1791040032.3037384,50296
E_w2_p3_r2,1791040032.8038392,61053
E_w2_p3_r2,1791040033.3039608,70000
E_w2_p3_r2,1791040033.8040717,80000
E_w2_p3_r2,1791040034.304198,80000
E_w2_p3_r2,1791040034.8043313,90000
E_w2_p3_r2,1791040035.3044503,90000
E_w2_p3_r2,1791040035.8045647,99958
E_w2_p3_r2,1791040036.30471,99958
E_w2_p3_r2,1791040036.8048575,99958
E_w2_p3_r2,1791040037.3049748,99958
E_w2_p3_r2,1791040037.8051026,99958
E_w2_p3_r2,1791040038.3052242,99958
E_w2_p3_r2,1791040038.8053653,99958
E_w2_p3_r2,1791040039.3055189,99958
E_w2_p3_r2,1791040039.8056674,99958
E_w2_p3_r2,1791040040.3057616,99958
E_w2_p3_r2,1791040040.8059177,99958
E_w2_p3_r2,1791040041.3060665,99958
E_w2_p3_r2,1791040041.8061783,99983
E_w2_p3_r2,1791040042.3067584,100745
E_w2_p3_r2,1791040042.8068938,102719
E_w2_p3_r2,1791040043.3070521,105316
E_w2_p3_r2,1791040043.807185,109653
E_w2_p3_r2,1791040044.3073175,112055
E_w2_p3_r2,1791040044.8074276,115081
E_w2_p3_r2,1791040045.3077946,117808
E_w2_p3_r2,1791040045.8079107,120793
E_w2_p3_r2,1791040046.3080215,125631
E_w2_p3_r2,1791040046.8081317,132788
E_w2_p3_r2,1791040047.3082569,143156
E_w2_p3_r2,1791040047.8083723,153048
E_w2_p3_r2,1791040048.3084922,164802
E_w2_p3_r2,1791040048.8086085,174256
E_w2_p3_r2,1791040049.3087695,184633
E_w2_p3_r2,1791040049.8091352,196473
E_w2_p3_r2,1791040050.3092518,208956
E_w2_p3_r2,1791040050.8096159,220651
E_w2_p3_r2,1791040051.3097684,230376
E_w2_p3_r2,1791040051.809879,239409
E_w2_p3_r2,1791040052.3102427,239958
E_w2_p3_r2,1791040052.8103821,247649
E_w2_p3_r2,1791040053.3107364,254591
E_w2_p3_r2,1791040053.8108432,259958
E_w2_p3_r2,1791040054.3109663,259958
E_w2_p3_r2,1791040054.811088,266929
E_w2_p3_r2,1791040055.3114548,277891
E_w2_p3_r2,1791040055.8115919,279958
E_w2_p3_r2,1791040056.3117623,279958
E_w2_p3_r2,1791040056.8118765,290692
E_w2_p3_r2,1791040057.3120112,300000
E_w2_p3_r3,1791040129.6608896,0
E_w2_p3_r3,1791040130.1610308,0
E_w2_p3_r3,1791040130.6611655,0
E_w2_p3_r3,1791040131.1613016,0
E_w2_p3_r3,1791040131.6613889,0
E_w2_p3_r3,1791040132.1614945,0
E_w2_p3_r3,1791040132.6616192,0
E_w2_p3_r3,1791040133.161757,0
E_w2_p3_r3,1791040133.6618643,0
E_w2_p3_r3,1791040134.161995,0
E_w2_p3_r3,1791040134.6621044,0
E_w2_p3_r3,1791040135.162245,0
E_w2_p3_r3,1791040135.6623619,0
E_w2_p3_r3,1791040136.162469,0
E_w2_p3_r3,1791040136.6625645,0
E_w2_p3_r3,1791040137.162664,0
E_w2_p3_r3,1791040137.6627543,0
E_w2_p3_r3,1791040138.1628618,0
E_w2_p3_r3,1791040138.6635368,0
E_w2_p3_r3,1791040139.1636605,0
E_w2_p3_r3,1791040139.6637452,0
E_w2_p3_r3,1791040140.163861,0
E_w2_p3_r3,1791040140.6645584,0
E_w2_p3_r3,1791040141.1646674,0
E_w2_p3_r3,1791040141.6647546,0
E_w2_p3_r3,1791040142.1648636,0
E_w2_p3_r3,1791040142.6649797,0
E_w2_p3_r3,1791040143.1650796,0
E_w2_p3_r3,1791040143.665181,0
E_w2_p3_r3,1791040144.1652954,0
E_w2_p3_r3,1791040144.6653976,0
E_w2_p3_r3,1791040145.1655314,0
E_w2_p3_r3,1791040145.6656308,0
E_w2_p3_r3,1791040146.165742,0
E_w2_p3_r3,1791040146.665879,0
E_w2_p3_r3,1791040147.1660178,0
E_w2_p3_r3,1791040147.666126,0
E_w2_p3_r3,1791040148.1662304,0
E_w2_p3_r3,1791040148.6663566,0
E_w2_p3_r3,1791040149.1664667,0
E_w2_p3_r3,1791040149.6665688,0
E_w2_p3_r3,1791040150.1667075,0
E_w2_p3_r3,1791040150.6668162,0
E_w2_p3_r3,1791040151.16695,0
E_w2_p3_r3,1791040151.6670532,0
E_w2_p3_r3,1791040152.167207,0
E_w2_p3_r3,1791040152.6673234,0
E_w2_p3_r3,1791040153.1675756,0
E_w2_p3_r3,1791040153.6677241,0
E_w2_p3_r3,1791040154.1678998,0
E_w2_p3_r3,1791040154.6680017,0
E_w2_p3_r3,1791040155.1681201,0
E_w2_p3_r3,1791040155.6682703,0
E_w2_p3_r3,1791040156.1687403,0
E_w2_p3_r3,1791040156.6688836,0
E_w2_p3_r3,1791040157.1690285,0
E_w2_p3_r3,1791040157.6696465,0
E_w2_p3_r3,1791040158.1707795,0
E_w2_p3_r3,1791040158.670914,0
E_w2_p3_r3,1791040159.1710682,0
E_w2_p3_r3,1791040159.6717734,0
E_w2_p3_r3,1791040160.1719408,0
E_w2_p3_r3,1791040160.6720748,0
E_w2_p3_r3,1791040161.1722262,0
E_w2_p3_r3,1791040161.672367,0
E_w2_p3_r3,1791040162.1727517,0
E_w2_p3_r3,1791040162.6737645,0
E_w2_p3_r3,1791040163.1739173,0
E_w2_p3_r3,1791040163.6747591,0
E_w2_p3_r3,1791040164.174888,0
E_w2_p3_r3,1791040164.6750305,0
E_w2_p3_r3,1791040165.1757562,0
E_w2_p3_r3,1791040165.6759,0
E_w2_p3_r3,1791040166.1767588,0
E_w2_p3_r3,1791040166.6777697,0
E_w2_p3_r3,1791040167.1778972,0
E_w2_p3_r3,1791040167.6780317,0
E_w2_p3_r3,1791040168.1781518,0
E_w2_p3_r3,1791040168.6787677,0
E_w2_p3_r3,1791040169.1797256,0
E_w2_p3_r3,1791040169.6798477,0
E_w2_p3_r3,1791040170.179966,0
E_w2_p3_r3,1791040170.6800926,0
E_w2_p3_r3,1791040171.1803553,374
E_w2_p3_r3,1791040171.6804726,1504
E_w2_p3_r3,1791040172.1806006,4259
E_w2_p3_r3,1791040172.680774,10000
E_w2_p3_r3,1791040173.1827602,10000
E_w2_p3_r3,1791040173.6837394,10000
E_w2_p3_r3,1791040174.1838658,10000
E_w2_p3_r3,1791040174.6839838,17959
E_w2_p3_r3,1791040175.1841266,29369
E_w2_p3_r3,1791040175.6845899,37881
E_w2_p3_r3,1791040176.1847625,47630
E_w2_p3_r3,1791040176.684895,58097
E_w2_p3_r3,1791040177.1850202,68154
E_w2_p3_r3,1791040177.6851523,70000
E_w2_p3_r3,1791040178.1852872,80000
E_w2_p3_r3,1791040178.6854484,80000
E_w2_p3_r3,1791040179.185565,90000
E_w2_p3_r3,1791040179.68572,90166
E_w2_p3_r3,1791040180.1858237,99353
E_w2_p3_r3,1791040180.6859553,99353
E_w2_p3_r3,1791040181.1860738,99353
E_w2_p3_r3,1791040181.686232,99353
E_w2_p3_r3,1791040182.1863718,99377
E_w2_p3_r3,1791040182.6865141,100150
E_w2_p3_r3,1791040183.1866372,101959
E_w2_p3_r3,1791040183.6867495,104635
E_w2_p3_r3,1791040184.1871188,106887
E_w2_p3_r3,1791040184.687266,109271
E_w2_p3_r3,1791040185.187413,109353
E_w2_p3_r3,1791040185.6875274,109353
E_w2_p3_r3,1791040186.187767,111774
E_w2_p3_r3,1791040186.6878881,115032
E_w2_p3_r3,1791040187.1880016,118760
E_w2_p3_r3,1791040187.6881323,119353
E_w2_p3_r3,1791040188.1882527,121478
E_w2_p3_r3,1791040188.6886334,125374
E_w2_p3_r3,1791040189.1890008,128391
E_w2_p3_r3,1791040189.6891532,130838
E_w2_p3_r3,1791040190.1892776,134858
E_w2_p3_r3,1791040190.6895504,140270
E_w2_p3_r3,1791040191.1896665,145987
E_w2_p3_r3,1791040191.6897488,153322
E_w2_p3_r3,1791040192.1898692,159683
E_w2_p3_r3,1791040192.6899874,166096
E_w2_p3_r3,1791040193.190136,173329
E_w2_p3_r3,1791040193.690258,180838
E_w2_p3_r3,1791040194.190373,188859
E_w2_p3_r3,1791040194.6905305,197201
E_w2_p3_r3,1791040195.1907015,206390
E_w2_p3_r3,1791040195.690815,215355
E_w2_p3_r3,1791040196.1909533,223872
E_w2_p3_r3,1791040196.6913555,231062
E_w2_p3_r3,1791040197.191471,241614
E_w2_p3_r3,1791040197.6915913,250513
E_w2_p3_r3,1791040198.1917243,257391
E_w2_p3_r3,1791040198.6918328,261895
E_w2_p3_r3,1791040199.1919825,268937
E_w2_p3_r3,1791040199.6921053,274393
E_w2_p3_r3,1791040200.1922283,285219
E_w2_p3_r3,1791040200.692343,289353
E_w2_p3_r3,1791040201.192468,289674
E_w2_p3_r3,1791040201.6926095,299602
E_w2_p3_r3,1791040202.1927652,300000
E_w2_p6_r1,1791040272.9768112,0
E_w2_p6_r1,1791040273.4769506,0
E_w2_p6_r1,1791040273.9770923,0
E_w2_p6_r1,1791040274.477209,0
E_w2_p6_r1,1791040274.9773195,0
E_w2_p6_r1,1791040275.477408,0
E_w2_p6_r1,1791040275.9775069,0
E_w2_p6_r1,1791040276.4776428,0
E_w2_p6_r1,1791040276.9777396,0
E_w2_p6_r1,1791040277.4778576,0
E_w2_p6_r1,1791040277.977976,0
E_w2_p6_r1,1791040278.4780738,0
E_w2_p6_r1,1791040278.9782217,0
E_w2_p6_r1,1791040279.4783258,0
E_w2_p6_r1,1791040279.9787345,0
E_w2_p6_r1,1791040280.4788394,0
E_w2_p6_r1,1791040280.978945,0
E_w2_p6_r1,1791040281.4790387,0
E_w2_p6_r1,1791040281.9791756,0
E_w2_p6_r1,1791040282.4792857,0
E_w2_p6_r1,1791040282.9793885,0
E_w2_p6_r1,1791040283.479505,0
E_w2_p6_r1,1791040283.9796422,0
E_w2_p6_r1,1791040284.4797652,0
E_w2_p6_r1,1791040284.979882,0
E_w2_p6_r1,1791040285.48002,0
E_w2_p6_r1,1791040285.980133,0
E_w2_p6_r1,1791040286.4802773,0
E_w2_p6_r1,1791040286.9803813,0
E_w2_p6_r1,1791040287.48047,0
E_w2_p6_r1,1791040287.9805741,0
E_w2_p6_r1,1791040288.480735,0
E_w2_p6_r1,1791040288.9808729,0
E_w2_p6_r1,1791040289.481007,0
E_w2_p6_r1,1791040289.9810998,0
E_w2_p6_r1,1791040290.4812064,0
E_w2_p6_r1,1791040290.9813173,0
E_w2_p6_r1,1791040291.4814236,0
E_w2_p6_r1,1791040291.9815707,0
E_w2_p6_r1,1791040292.4817097,0
E_w2_p6_r1,1791040292.9818225,0
E_w2_p6_r1,1791040293.4819257,0
E_w2_p6_r1,1791040293.9820316,0
E_w2_p6_r1,1791040294.482121,0
E_w2_p6_r1,1791040294.9822323,0
E_w2_p6_r1,1791040295.4827406,0
E_w2_p6_r1,1791040295.9837167,0
E_w2_p6_r1,1791040296.4847639,0
E_w2_p6_r1,1791040296.9848971,0
E_w2_p6_r1,1791040297.4850361,0
E_w2_p6_r1,1791040297.9851785,0
E_w2_p6_r1,1791040298.4857428,0
E_w2_p6_r1,1791040298.9858723,0
E_w2_p6_r1,1791040299.48601,0
E_w2_p6_r1,1791040299.9861677,0
E_w2_p6_r1,1791040300.4867582,0
E_w2_p6_r1,1791040300.9869015,0
E_w2_p6_r1,1791040301.4870422,0
E_w2_p6_r1,1791040301.9873977,0
E_w2_p6_r1,1791040302.487565,0
E_w2_p6_r1,1791040302.9877512,0
E_w2_p6_r1,1791040303.487894,0
E_w2_p6_r1,1791040303.9880524,0
E_w2_p6_r1,1791040304.4881933,0
E_w2_p6_r1,1791040304.988759,0
E_w2_p6_r1,1791040305.4888937,0
E_w2_p6_r1,1791040305.9890401,0
E_w2_p6_r1,1791040306.489184,0
E_w2_p6_r1,1791040306.9893203,0
E_w2_p6_r1,1791040307.489451,0
E_w2_p6_r1,1791040307.9895797,0
E_w2_p6_r1,1791040308.4897316,0
E_w2_p6_r1,1791040308.9898546,0
E_w2_p6_r1,1791040309.4899857,0
E_w2_p6_r1,1791040309.9901237,0
E_w2_p6_r1,1791040310.4902596,0
E_w2_p6_r1,1791040310.99038,0
E_w2_p6_r1,1791040311.4907477,0
E_w2_p6_r1,1791040311.9908698,0
E_w2_p6_r1,1791040312.4915054,0
E_w2_p6_r1,1791040312.991744,0
E_w2_p6_r1,1791040313.4943328,0
E_w2_p6_r1,1791040313.9945543,0
E_w2_p6_r1,1791040314.4946692,0
E_w2_p6_r1,1791040314.994736,0
E_w2_p6_r1,1791040315.4948592,0
E_w2_p6_r1,1791040315.9949903,0
E_w2_p6_r1,1791040316.4951026,0
E_w2_p6_r1,1791040316.9952474,0
E_w2_p6_r1,1791040317.4953773,0
E_w2_p6_r1,1791040317.9954836,0
E_w2_p6_r1,1791040318.4960515,0
E_w2_p6_r1,1791040318.9961963,0
E_w2_p6_r1,1791040319.4963214,0
E_w2_p6_r1,1791040319.9964569,0
E_w2_p6_r1,1791040320.4966226,0
E_w2_p6_r1,1791040320.9967418,0
E_w2_p6_r1,1791040321.4968593,0
E_w2_p6_r1,1791040321.997001,0
E_w2_p6_r1,1791040322.4971263,528
E_w2_p6_r1,1791040322.9972434,2386
E_w2_p6_r1,1791040323.4973652,6010
E_w2_p6_r1,1791040323.9984236,11328
E_w2_p6_r1,1791040324.4985423,21281
E_w2_p6_r1,1791040324.99871,33040
E_w2_p6_r1,1791040325.4988291,47153
E_w2_p6_r1,1791040325.9989543,64539
E_w2_p6_r1,1791040326.49909,85858
E_w2_p6_r1,1791040326.9992666,117221
E_w2_p6_r1,1791040327.4993951,150964
E_w2_p6_r1,1791040327.999529,188655
E_w2_p6_r1,1791040328.4997132,200149
E_w2_p6_r1,1791040328.9998264,200149
E_w2_p6_r1,1791040329.499956,200149
E_w2_p6_r1,1791040330.0000708,200149
E_w2_p6_r1,1791040330.5001993,200149
E_w2_p6_r1,1791040331.000325,200149
E_w2_p6_r1,1791040331.5004547,200149
E_w2_p6_r1,1791040332.0005922,200149
E_w2_p6_r1,1791040332.500736,200149
E_w2_p6_r1,1791040333.0008607,200149
E_w2_p6_r1,1791040333.5017302,200149
E_w2_p6_r1,1791040334.0018473,200149
E_w2_p6_r1,1791040334.501952,200149
E_w2_p6_r1,1791040335.0021086,200149
E_w2_p6_r1,1791040335.5022495,223396
E_w2_p6_r1,1791040336.002379,248542
E_w2_p6_r1,1791040336.5025122,278511
E_w2_p6_r1,1791040337.0026264,295540
E_w2_p6_r1,1791040337.502763,300000
E_w2_p6_r2,1791040408.133107,0
E_w2_p6_r2,1791040408.6332166,0
E_w2_p6_r2,1791040409.1333122,0
E_w2_p6_r2,1791040409.6334484,0
E_w2_p6_r2,1791040410.1335485,0
E_w2_p6_r2,1791040410.6336396,0
E_w2_p6_r2,1791040411.133739,0
E_w2_p6_r2,1791040411.6338406,0
E_w2_p6_r2,1791040412.1339636,0
E_w2_p6_r2,1791040412.6340544,0
E_w2_p6_r2,1791040413.1341543,0
E_w2_p6_r2,1791040413.6342695,0
E_w2_p6_r2,1791040414.134406,0
E_w2_p6_r2,1791040414.6345003,0
E_w2_p6_r2,1791040415.1346104,0
E_w2_p6_r2,1791040415.6347287,0
E_w2_p6_r2,1791040416.1357408,0
E_w2_p6_r2,1791040416.635864,0
E_w2_p6_r2,1791040417.135975,0
E_w2_p6_r2,1791040417.6360848,0
E_w2_p6_r2,1791040418.1361837,0
E_w2_p6_r2,1791040418.636303,0
E_w2_p6_r2,1791040419.1364155,0
E_w2_p6_r2,1791040419.636513,0
E_w2_p6_r2,1791040420.1366537,0
E_w2_p6_r2,1791040420.6367378,0
E_w2_p6_r2,1791040421.1368423,0
E_w2_p6_r2,1791040421.6369467,0
E_w2_p6_r2,1791040422.1370811,0
E_w2_p6_r2,1791040422.6371868,0
E_w2_p6_r2,1791040423.1373317,0
E_w2_p6_r2,1791040423.6374853,0
E_w2_p6_r2,1791040424.1375837,0
E_w2_p6_r2,1791040424.6377406,0
E_w2_p6_r2,1791040425.1378806,0
E_w2_p6_r2,1791040425.6381726,0
E_w2_p6_r2,1791040426.1383004,0
E_w2_p6_r2,1791040426.638405,0
E_w2_p6_r2,1791040427.1385298,0
E_w2_p6_r2,1791040427.6386566,0
E_w2_p6_r2,1791040428.1387649,0
E_w2_p6_r2,1791040428.6388772,0
E_w2_p6_r2,1791040429.1389863,0
E_w2_p6_r2,1791040429.639296,0
E_w2_p6_r2,1791040430.139435,0
E_w2_p6_r2,1791040430.639578,0
E_w2_p6_r2,1791040431.1397207,0
E_w2_p6_r2,1791040431.6398516,0
E_w2_p6_r2,1791040432.13999,0
E_w2_p6_r2,1791040432.640115,0
E_w2_p6_r2,1791040433.1402655,0
E_w2_p6_r2,1791040433.6404123,0
E_w2_p6_r2,1791040434.1405387,0
E_w2_p6_r2,1791040434.6406667,0
E_w2_p6_r2,1791040435.1407485,0
E_w2_p6_r2,1791040435.640881,0
E_w2_p6_r2,1791040436.141036,0
E_w2_p6_r2,1791040436.6412325,0
E_w2_p6_r2,1791040437.1413555,0
E_w2_p6_r2,1791040437.64152,0
E_w2_p6_r2,1791040438.1416514,0
E_w2_p6_r2,1791040438.6417673,0
E_w2_p6_r2,1791040439.1419313,0
E_w2_p6_r2,1791040439.6420941,0
E_w2_p6_r2,1791040440.1422246,0
E_w2_p6_r2,1791040440.642391,0
E_w2_p6_r2,1791040441.1425276,0
E_w2_p6_r2,1791040441.6426635,0
E_w2_p6_r2,1791040442.1427658,0
E_w2_p6_r2,1791040442.6428933,0
E_w2_p6_r2,1791040443.1430354,0
E_w2_p6_r2,1791040443.643172,0
E_w2_p6_r2,1791040444.1433246,0
E_w2_p6_r2,1791040444.6434484,0
E_w2_p6_r2,1791040445.1435921,0
E_w2_p6_r2,1791040445.643806,0
E_w2_p6_r2,1791040446.1439772,0
E_w2_p6_r2,1791040446.6443124,0
E_w2_p6_r2,1791040447.144457,0
E_w2_p6_r2,1791040447.6446035,0
E_w2_p6_r2,1791040448.1447854,0
E_w2_p6_r2,1791040448.6449313,0
E_w2_p6_r2,1791040449.1463044,0
E_w2_p6_r2,1791040449.6464384,0
E_w2_p6_r2,1791040450.1466372,0
E_w2_p6_r2,1791040450.64676,0
E_w2_p6_r2,1791040451.1469135,0
E_w2_p6_r2,1791040451.64705,0
E_w2_p6_r2,1791040452.1480234,0
E_w2_p6_r2,1791040452.648154,0
E_w2_p6_r2,1791040453.1483078,0
E_w2_p6_r2,1791040453.648734,0
E_w2_p6_r2,1791040454.1488445,0
E_w2_p6_r2,1791040454.651347,0
E_w2_p6_r2,1791040455.151479,0
E_w2_p6_r2,1791040455.651642,0
E_w2_p6_r2,1791040456.1517575,0
E_w2_p6_r2,1791040456.6519032,0
E_w2_p6_r2,1791040457.1520185,0
E_w2_p6_r2,1791040457.6521456,0
E_w2_p6_r2,1791040458.1525164,0
E_w2_p6_r2,1791040458.6526496,0
E_w2_p6_r2,1791040459.1527913,228
E_w2_p6_r2,1791040459.6529276,1778
E_w2_p6_r2,1791040460.153224,4377
E_w2_p6_r2,1791040460.6533556,8393
E_w2_p6_r2,1791040461.1538005,15553
E_w2_p6_r2,1791040461.6539392,25179
E_w2_p6_r2,1791040462.154083,37810
E_w2_p6_r2,1791040462.654723,51866
E_w2_p6_r2,1791040463.1548536,73453
E_w2_p6_r2,1791040463.654977,103972
E_w2_p6_r2,1791040464.1551266,133834
E_w2_p6_r2,1791040464.6552594,172718
E_w2_p6_r2,1791040465.15537,199813
E_w2_p6_r2,1791040465.6554956,199813
E_w2_p6_r2,1791040466.1556087,199813
E_w2_p6_r2,1791040466.6557598,199813
E_w2_p6_r2,1791040467.1559086,199813
E_w2_p6_r2,1791040467.6560376,199813
E_w2_p6_r2,1791040468.1563952,199813
E_w2_p6_r2,1791040468.6567426,199813
E_w2_p6_r2,1791040469.1568651,199813
E_w2_p6_r2,1791040469.6569803,199813
E_w2_p6_r2,1791040470.1573193,199813
E_w2_p6_r2,1791040470.6585708,199813
E_w2_p6_r2,1791040471.1587121,199813
E_w2_p6_r2,1791040471.658822,199813
E_w2_p6_r2,1791040472.1589522,199841
E_w2_p6_r2,1791040472.6590838,227629
E_w2_p6_r2,1791040473.159256,254772
E_w2_p6_r2,1791040473.6593957,283671
E_w2_p6_r2,1791040474.1595526,300000
E_w2_p6_r3,1791040544.998543,0
E_w2_p6_r3,1791040545.4987142,0
E_w2_p6_r3,1791040545.9988177,0
E_w2_p6_r3,1791040546.49892,0
E_w2_p6_r3,1791040546.9990237,0
E_w2_p6_r3,1791040547.4991295,0
E_w2_p6_r3,1791040547.999225,0
E_w2_p6_r3,1791040548.4993474,0
E_w2_p6_r3,1791040548.9994357,0
E_w2_p6_r3,1791040549.4995315,0
E_w2_p6_r3,1791040549.9996364,0
E_w2_p6_r3,1791040550.4997678,0
E_w2_p6_r3,1791040550.9998808,0
E_w2_p6_r3,1791040551.4999943,0
E_w2_p6_r3,1791040552.0000455,0
E_w2_p6_r3,1791040552.50126,0
E_w2_p6_r3,1791040553.0034657,0
E_w2_p6_r3,1791040553.503583,0
E_w2_p6_r3,1791040554.003725,0
E_w2_p6_r3,1791040554.5047402,0
E_w2_p6_r3,1791040555.0048385,0
E_w2_p6_r3,1791040555.504951,0
E_w2_p6_r3,1791040556.0050492,0
E_w2_p6_r3,1791040556.5054607,0
E_w2_p6_r3,1791040557.0055785,0
E_w2_p6_r3,1791040557.5057292,0
E_w2_p6_r3,1791040558.0058312,0
E_w2_p6_r3,1791040558.5059667,0
E_w2_p6_r3,1791040559.0060604,0
E_w2_p6_r3,1791040559.5061538,0
E_w2_p6_r3,1791040560.0062666,0
E_w2_p6_r3,1791040560.5063567,0
E_w2_p6_r3,1791040561.0064702,0
E_w2_p6_r3,1791040561.506616,0
E_w2_p6_r3,1791040562.0067303,0
E_w2_p6_r3,1791040562.5068624,0
E_w2_p6_r3,1791040563.0069687,0
E_w2_p6_r3,1791040563.507086,0
E_w2_p6_r3,1791040564.0071802,0
E_w2_p6_r3,1791040564.507275,0
E_w2_p6_r3,1791040565.0073876,0
E_w2_p6_r3,1791040565.507746,0
E_w2_p6_r3,1791040566.007858,0
E_w2_p6_r3,1791040566.5079718,0
E_w2_p6_r3,1791040567.0080826,0
E_w2_p6_r3,1791040567.5082064,0
E_w2_p6_r3,1791040568.00831,0
E_w2_p6_r3,1791040568.5084474,0
E_w2_p6_r3,1791040569.0085618,0
E_w2_p6_r3,1791040569.5086565,0
E_w2_p6_r3,1791040570.008767,0
E_w2_p6_r3,1791040570.5088918,0
E_w2_p6_r3,1791040571.0090353,0
E_w2_p6_r3,1791040571.509202,0
E_w2_p6_r3,1791040572.00932,0
E_w2_p6_r3,1791040572.5094242,0
E_w2_p6_r3,1791040573.0095437,0
E_w2_p6_r3,1791040573.5096657,0
E_w2_p6_r3,1791040574.0098028,0
E_w2_p6_r3,1791040574.509957,0
E_w2_p6_r3,1791040575.0100992,0
E_w2_p6_r3,1791040575.5104718,0
E_w2_p6_r3,1791040576.0106375,0
E_w2_p6_r3,1791040576.5107932,0
E_w2_p6_r3,1791040577.0111659,0
E_w2_p6_r3,1791040577.5115383,0
E_w2_p6_r3,1791040578.0117407,0
E_w2_p6_r3,1791040578.5118518,0
E_w2_p6_r3,1791040579.0119996,0
E_w2_p6_r3,1791040579.5121603,0
E_w2_p6_r3,1791040580.0123162,0
E_w2_p6_r3,1791040580.5127237,0
E_w2_p6_r3,1791040581.0128365,0
E_w2_p6_r3,1791040581.5129519,0
E_w2_p6_r3,1791040582.0130877,0
E_w2_p6_r3,1791040582.5132303,0
E_w2_p6_r3,1791040583.013333,0
E_w2_p6_r3,1791040583.5136561,0
E_w2_p6_r3,1791040584.0138085,0
E_w2_p6_r3,1791040584.5141504,0
E_w2_p6_r3,1791040585.0144901,0
E_w2_p6_r3,1791040585.5146146,0
E_w2_p6_r3,1791040586.0147738,0
E_w2_p6_r3,1791040586.5148833,0
E_w2_p6_r3,1791040587.0150442,0
E_w2_p6_r3,1791040587.5151641,0
E_w2_p6_r3,1791040588.0155659,0
E_w2_p6_r3,1791040588.5156665,0
E_w2_p6_r3,1791040589.0158,0
E_w2_p6_r3,1791040589.5159056,0
E_w2_p6_r3,1791040590.0160303,0
E_w2_p6_r3,1791040590.516179,0
E_w2_p6_r3,1791040591.0163074,0
E_w2_p6_r3,1791040591.5166538,0
E_w2_p6_r3,1791040592.016999,0
E_w2_p6_r3,1791040592.5171866,0
E_w2_p6_r3,1791040593.0173123,0
E_w2_p6_r3,1791040593.5174265,0
E_w2_p6_r3,1791040594.017547,0
E_w2_p6_r3,1791040594.5179105,0
E_w2_p6_r3,1791040595.018019,0
E_w2_p6_r3,1791040595.518129,0
E_w2_p6_r3,1791040596.0182352,446
E_w2_p6_r3,1791040596.518398,2552
E_w2_p6_r3,1791040597.0185676,6960
E_w2_p6_r3,1791040597.518809,14042
E_w2_p6_r3,1791040598.018926,23537
E_w2_p6_r3,1791040598.5192914,35284
E_w2_p6_r3,1791040599.0194461,52178
E_w2_p6_r3,1791040599.5195909,75876
E_w2_p6_r3,1791040600.019739,100593
E_w2_p6_r3,1791040600.5198503,130518
E_w2_p6_r3,1791040601.0199661,160739
E_w2_p6_r3,1791040601.5200794,173991
E_w2_p6_r3,1791040602.0201793,187987
E_w2_p6_r3,1791040602.52032,199470
E_w2_p6_r3,1791040603.0204525,199470
E_w2_p6_r3,1791040603.5207725,199470
E_w2_p6_r3,1791040604.0208838,199470
E_w2_p6_r3,1791040604.520988,199470
E_w2_p6_r3,1791040605.021104,199470
E_w2_p6_r3,1791040605.521421,199470
E_w2_p6_r3,1791040606.0217524,199470
E_w2_p6_r3,1791040606.5220964,199470
E_w2_p6_r3,1791040607.0222006,199470
E_w2_p6_r3,1791040607.5223098,199470
E_w2_p6_r3,1791040608.0226464,214255
E_w2_p6_r3,1791040608.5228972,228847
E_w2_p6_r3,1791040609.023034,248268
E_w2_p6_r3,1791040609.5231743,260014
E_w2_p6_r3,1791040610.0232916,270021
E_w2_p6_r3,1791040610.5234356,281231
E_w2_p6_r3,1791040611.0238311,297288
E_w2_p6_r3,1791040611.52399,300000
E_w3_p1_r1,1791040692.995047,0
E_w3_p1_r1,1791040693.4953513,0
E_w3_p1_r1,1791040693.995442,0
E_w3_p1_r1,1791040694.4955401,0
E_w3_p1_r1,1791040694.9955938,0
E_w3_p1_r1,1791040695.4957232,0
E_w3_p1_r1,1791040695.995823,0
E_w3_p1_r1,1791040696.4959376,0
E_w3_p1_r1,1791040696.9960365,0
E_w3_p1_r1,1791040697.496154,0
E_w3_p1_r1,1791040697.9962494,0
E_w3_p1_r1,1791040698.496355,0
E_w3_p1_r1,1791040698.9964752,0
E_w3_p1_r1,1791040699.496584,0
E_w3_p1_r1,1791040699.9966998,0
E_w3_p1_r1,1791040700.496804,0
E_w3_p1_r1,1791040700.996924,0
E_w3_p1_r1,1791040701.4970412,0
E_w3_p1_r1,1791040701.9971578,0
E_w3_p1_r1,1791040702.4972718,0
E_w3_p1_r1,1791040702.9973893,0
E_w3_p1_r1,1791040703.4975111,0
E_w3_p1_r1,1791040703.9976308,0
E_w3_p1_r1,1791040704.4977436,0
E_w3_p1_r1,1791040704.9978619,0
E_w3_p1_r1,1791040705.497988,0
E_w3_p1_r1,1791040705.998124,0
E_w3_p1_r1,1791040706.4982326,0
E_w3_p1_r1,1791040706.9983177,0
E_w3_p1_r1,1791040707.4984262,0
E_w3_p1_r1,1791040707.9985147,0
E_w3_p1_r1,1791040708.4986546,0
E_w3_p1_r1,1791040708.9987943,0
E_w3_p1_r1,1791040709.4989269,0
E_w3_p1_r1,1791040709.999026,0
E_w3_p1_r1,1791040710.4991655,0
E_w3_p1_r1,1791040710.999302,0
E_w3_p1_r1,1791040711.4994433,0
E_w3_p1_r1,1791040711.9995804,0
E_w3_p1_r1,1791040712.4997172,0
E_w3_p1_r1,1791040712.9998195,0
E_w3_p1_r1,1791040713.4999201,0
E_w3_p1_r1,1791040714.0000324,0
E_w3_p1_r1,1791040714.5003686,0
E_w3_p1_r1,1791040715.0004666,0
E_w3_p1_r1,1791040715.5006075,0
E_w3_p1_r1,1791040716.0007186,0
E_w3_p1_r1,1791040716.500834,0
E_w3_p1_r1,1791040717.0009282,0
E_w3_p1_r1,1791040717.5010636,0
E_w3_p1_r1,1791040718.0011535,0
E_w3_p1_r1,1791040718.5013013,0
E_w3_p1_r1,1791040719.001419,0
E_w3_p1_r1,1791040719.501577,0
E_w3_p1_r1,1791040720.0017297,0
E_w3_p1_r1,1791040720.5019193,0
E_w3_p1_r1,1791040721.002267,0
E_w3_p1_r1,1791040721.5026336,0
E_w3_p1_r1,1791040722.0029798,0
E_w3_p1_r1,1791040722.5031137,0
E_w3_p1_r1,1791040723.0032644,0
E_w3_p1_r1,1791040723.5033689,0
E_w3_p1_r1,1791040724.0037389,0
E_w3_p1_r1,1791040724.5038593,0
E_w3_p1_r1,1791040725.003977,0
E_w3_p1_r1,1791040725.5041053,0
E_w3_p1_r1,1791040726.0042572,0
E_w3_p1_r1,1791040726.5043807,0
E_w3_p1_r1,1791040727.0044932,0
E_w3_p1_r1,1791040727.504607,0
E_w3_p1_r1,1791040728.0047288,0
E_w3_p1_r1,1791040728.5048413,0
E_w3_p1_r1,1791040729.0049706,0
E_w3_p1_r1,1791040729.5050828,0
E_w3_p1_r1,1791040730.0052173,0
E_w3_p1_r1,1791040730.505326,0
E_w3_p1_r1,1791040731.005442,334
E_w3_p1_r1,1791040731.5056,1527
E_w3_p1_r1,1791040732.0057464,3843
E_w3_p1_r1,1791040732.5058994,7517
E_w3_p1_r1,1791040733.0060246,10000
E_w3_p1_r1,1791040733.5063748,10000
E_w3_p1_r1,1791040734.0065236,10000
E_w3_p1_r1,1791040734.5066679,10000
E_w3_p1_r1,1791040735.007031,15591
E_w3_p1_r1,1791040735.507401,25223
E_w3_p1_r1,1791040736.0077636,30000
E_w3_p1_r1,1791040736.508151,30000
E_w3_p1_r1,1791040737.0085275,30000
E_w3_p1_r1,1791040737.5086474,30000
E_w3_p1_r1,1791040738.008805,30000
E_w3_p1_r1,1791040738.5089676,35570
E_w3_p1_r1,1791040739.0090992,46047
E_w3_p1_r1,1791040739.5094192,50000
E_w3_p1_r1,1791040740.009789,50000
E_w3_p1_r1,1791040740.5101411,50000
E_w3_p1_r1,1791040741.0102952,50000
E_w3_p1_r1,1791040741.5104074,50000
E_w3_p1_r1,1791040742.0105493,50000
E_w3_p1_r1,1791040742.510747,64798
E_w3_p1_r1,1791040743.0111127,70000
E_w3_p1_r1,1791040743.5115142,70000
E_w3_p1_r1,1791040744.0116374,70000
E_w3_p1_r1,1791040744.5117755,70000
E_w3_p1_r1,1791040745.0118887,70000
E_w3_p1_r1,1791040745.512247,70000
E_w3_p1_r1,1791040746.0123842,72563
E_w3_p1_r1,1791040746.5127654,90000
E_w3_p1_r1,1791040747.0128884,90000
E_w3_p1_r1,1791040747.5132487,90000
E_w3_p1_r1,1791040748.013626,90000
E_w3_p1_r1,1791040748.5138166,90000
E_w3_p1_r1,1791040749.0139632,90000
E_w3_p1_r1,1791040749.5143263,107829
E_w3_p1_r1,1791040750.0147371,110000
E_w3_p1_r1,1791040750.5151048,110000
E_w3_p1_r1,1791040751.0152626,110000
E_w3_p1_r1,1791040751.515641,110000
E_w3_p1_r1,1791040752.0157743,110000
E_w3_p1_r1,1791040752.5162377,128795
E_w3_p1_r1,1791040753.0166128,130000
E_w3_p1_r1,1791040753.5169754,130000
E_w3_p1_r1,1791040754.017088,130000
E_w3_p1_r1,1791040754.5174167,130000
E_w3_p1_r1,1791040755.0175514,130000
E_w3_p1_r1,1791040755.5179138,150000
E_w3_p1_r1,1791040756.0182827,150000
E_w3_p1_r1,1791040756.518446,150000
E_w3_p1_r1,1791040757.0185559,150000
E_w3_p1_r1,1791040757.5187883,150000
E_w3_p1_r1,1791040758.0188963,150000
E_w3_p1_r1,1791040758.519024,166724
E_w3_p1_r1,1791040759.0193977,170000
E_w3_p1_r1,1791040759.5195065,170000
E_w3_p1_r1,1791040760.019621,170000
E_w3_p1_r1,1791040760.519756,170000
E_w3_p1_r1,1791040761.020026,183420
E_w3_p1_r1,1791040761.5201476,190000
E_w3_p1_r1,1791040762.020517,190000
E_w3_p1_r1,1791040762.5209196,190000
E_w3_p1_r1,1791040763.021287,190000
E_w3_p1_r1,1791040763.521446,190000
E_w3_p1_r1,1791040764.0216002,210000
E_w3_p1_r1,1791040764.521747,210000
E_w3_p1_r1,1791040765.0218654,210000
E_w3_p1_r1,1791040765.522027,210000
E_w3_p1_r1,1791040766.0221555,210000
E_w3_p1_r1,1791040766.5222766,230000
E_w3_p1_r1,1791040767.0223906,230000
E_w3_p1_r1,1791040767.5225506,230000
E_w3_p1_r1,1791040768.0227084,230000
E_w3_p1_r1,1791040768.5230591,241564
E_w3_p1_r1,1791040769.0234187,263273
E_w3_p1_r1,1791040769.5237727,280000
E_w3_p1_r1,1791040770.0238981,290000
E_w3_p1_r1,1791040770.5242565,298538
E_w3_p1_r1,1791040771.0243976,300000
E_w3_p1_r1,1791041229.2867148,0
E_w3_p1_r1,1791041229.786817,0
E_w3_p1_r1,1791041230.2869523,0
E_w3_p1_r1,1791041230.7871003,0
E_w3_p1_r1,1791041231.2880542,0
E_w3_p1_r1,1791041231.7881913,0
E_w3_p1_r1,1791041232.28833,0
E_w3_p1_r1,1791041232.7886572,0
E_w3_p1_r1,1791041233.288799,0
E_w3_p1_r1,1791041233.7889123,0
E_w3_p1_r1,1791041234.2890394,0
E_w3_p1_r1,1791041234.7891815,0
E_w3_p1_r1,1791041235.2892857,0
E_w3_p1_r1,1791041235.7894225,0
E_w3_p1_r1,1791041236.289551,0
E_w3_p1_r1,1791041236.789802,0
E_w3_p1_r1,1791041237.2899292,0
E_w3_p1_r1,1791041237.7900674,0
E_w3_p1_r1,1791041238.2901816,0
E_w3_p1_r1,1791041238.7902997,0
E_w3_p1_r1,1791041239.290403,0
E_w3_p1_r1,1791041239.7905085,0
E_w3_p1_r1,1791041240.290631,0
E_w3_p1_r1,1791041240.7907712,0
E_w3_p1_r1,1791041241.2909195,0
E_w3_p1_r1,1791041241.791016,0
E_w3_p1_r1,1791041242.2911239,0
E_w3_p1_r1,1791041242.7912462,0
E_w3_p1_r1,1791041243.291359,0
E_w3_p1_r1,1791041243.791505,0
E_w3_p1_r1,1791041244.2917356,0
E_w3_p1_r1,1791041244.7918432,0
E_w3_p1_r1,1791041245.2919624,0
E_w3_p1_r1,1791041245.7927425,0
E_w3_p1_r1,1791041246.2928395,0
E_w3_p1_r1,1791041246.7929308,0
E_w3_p1_r1,1791041247.2930465,0
E_w3_p1_r1,1791041247.7931712,0
E_w3_p1_r1,1791041248.2932746,0
E_w3_p1_r1,1791041248.7933784,0
E_w3_p1_r1,1791041249.2934945,0
E_w3_p1_r1,1791041249.7936003,0
E_w3_p1_r1,1791041250.293733,0
E_w3_p1_r1,1791041250.793953,0
E_w3_p1_r1,1791041251.2940578,0
E_w3_p1_r1,1791041251.794157,0
E_w3_p1_r1,1791041252.2942579,0
E_w3_p1_r1,1791041252.794406,0
E_w3_p1_r1,1791041253.2945063,0
E_w3_p1_r1,1791041253.7946165,0
E_w3_p1_r1,1791041254.294732,0
E_w3_p1_r1,1791041254.7948358,0
E_w3_p1_r1,1791041255.2949345,0
E_w3_p1_r1,1791041255.7950351,0
E_w3_p1_r1,1791041256.2951286,0
E_w3_p1_r1,1791041256.7952368,0
E_w3_p1_r1,1791041257.2953355,0
E_w3_p1_r1,1791041257.7954648,0
E_w3_p1_r1,1791041258.2955658,0
E_w3_p1_r1,1791041258.79572,0
E_w3_p1_r1,1791041259.295824,0
E_w3_p1_r1,1791041259.7959282,0
E_w3_p1_r1,1791041260.2960603,0
E_w3_p1_r1,1791041260.7961931,0
E_w3_p1_r1,1791041261.296344,0
E_w3_p1_r1,1791041261.796801,0
E_w3_p1_r1,1791041262.297122,0
E_w3_p1_r1,1791041262.797256,0
E_w3_p1_r1,1791041263.2976012,0
E_w3_p1_r1,1791041263.7979696,0
E_w3_p1_r1,1791041264.2983394,0
E_w3_p1_r1,1791041264.7984486,0
E_w3_p1_r1,1791041265.2985632,0
E_w3_p1_r1,1791041265.7987041,0
E_w3_p1_r1,1791041266.2990522,0
E_w3_p1_r1,1791041266.7991672,0
E_w3_p1_r1,1791041267.2992885,0
E_w3_p1_r1,1791041267.7994328,0
E_w3_p1_r1,1791041268.2995431,0
E_w3_p1_r1,1791041268.7996578,0
E_w3_p1_r1,1791041269.29979,0
E_w3_p1_r1,1791041269.7999215,0
E_w3_p1_r1,1791041270.3001404,0
E_w3_p1_r1,1791041270.8005118,0
E_w3_p1_r1,1791041271.3006268,0
E_w3_p1_r1,1791041271.8007605,0
E_w3_p1_r1,1791041272.3008692,0
E_w3_p1_r1,1791041272.8010063,0
E_w3_p1_r1,1791041273.301119,0
E_w3_p1_r1,1791041273.8012402,0
E_w3_p1_r1,1791041274.301349,0
E_w3_p1_r1,1791041274.801458,0
E_w3_p1_r1,1791041275.301581,0
E_w3_p1_r1,1791041275.801731,0
E_w3_p1_r1,1791041276.3018644,0
E_w3_p1_r1,1791041276.8022394,0
E_w3_p1_r1,1791041277.3023875,0
E_w3_p1_r1,1791041277.8025465,0
E_w3_p1_r1,1791041278.3026626,0
E_w3_p1_r1,1791041278.8028228,0
E_w3_p1_r1,1791041279.3029475,0
E_w3_p1_r1,1791041279.8030746,0
E_w3_p1_r1,1791041280.3031967,2432
E_w3_p1_r1,1791041280.80331,13278
E_w3_p1_r1,1791041281.3034225,24580
E_w3_p1_r1,1791041281.8035398,30000
E_w3_p1_r1,1791041282.3038867,30000
E_w3_p1_r1,1791041282.8042462,30000
E_w3_p1_r1,1791041283.3043888,30000
E_w3_p1_r1,1791041283.804496,30000
E_w3_p1_r1,1791041284.3046021,30000
E_w3_p1_r1,1791041284.8049402,36146
E_w3_p1_r1,1791041285.3052878,52668
E_w3_p1_r1,1791041285.8054311,60000
E_w3_p1_r1,1791041286.3055403,60000
E_w3_p1_r1,1791041286.8060467,60000
E_w3_p1_r1,1791041287.3061635,60000
E_w3_p1_r1,1791041287.806542,60000
E_w3_p1_r1,1791041288.306914,60000
E_w3_p1_r1,1791041288.8073032,60000
E_w3_p1_r1,1791041289.3074398,72931
E_w3_p1_r1,1791041289.8075807,90000
E_w3_p1_r1,1791041290.3077292,90000
E_w3_p1_r1,1791041290.8085794,90000
E_w3_p1_r1,1791041291.308719,90000
E_w3_p1_r1,1791041291.8088331,90000
E_w3_p1_r1,1791041292.3089468,90000
E_w3_p1_r1,1791041292.8090813,110947
E_w3_p1_r1,1791041293.3091993,120000
E_w3_p1_r1,1791041293.8093288,120000
E_w3_p1_r1,1791041294.309458,120000
E_w3_p1_r1,1791041294.8095918,120000
E_w3_p1_r1,1791041295.3097312,120000
E_w3_p1_r1,1791041295.809858,137375
E_w3_p1_r1,1791041296.3099968,150000
E_w3_p1_r1,1791041296.8101127,150000
E_w3_p1_r1,1791041297.3102522,150000
E_w3_p1_r1,1791041297.8104062,150000
E_w3_p1_r1,1791041298.3105445,150000
E_w3_p1_r1,1791041298.8107216,150000
E_w3_p1_r1,1791041299.310847,150000
E_w3_p1_r1,1791041299.8109934,150000
E_w3_p1_r1,1791041300.3111227,186989
E_w3_p1_r1,1791041300.8112736,190000
E_w3_p1_r1,1791041301.3113847,190000
E_w3_p1_r1,1791041301.8114967,190000
E_w3_p1_r1,1791041302.3116415,190000
E_w3_p1_r1,1791041302.8117747,217645
E_w3_p1_r1,1791041303.3118858,241769
E_w3_p1_r1,1791041303.812023,260000
E_w3_p1_r1,1791041304.312134,270000
E_w3_p1_r1,1791041304.8122578,276645
E_w3_p1_r1,1791041305.3123646,280000
E_w3_p1_r1,1791041305.8125134,290000
E_w3_p1_r1,1791041306.312637,300000
E_w3_p1_r2,1791041384.571059,0
E_w3_p1_r2,1791041385.0711975,0
E_w3_p1_r2,1791041385.5712907,0
E_w3_p1_r2,1791041386.0714023,0
E_w3_p1_r2,1791041386.5715005,0
E_w3_p1_r2,1791041387.0716016,0
E_w3_p1_r2,1791041387.5717072,0
E_w3_p1_r2,1791041388.0718284,0
E_w3_p1_r2,1791041388.571915,0
E_w3_p1_r2,1791041389.07203,0
E_w3_p1_r2,1791041389.5721343,0
E_w3_p1_r2,1791041390.0722637,0
E_w3_p1_r2,1791041390.5723994,0
E_w3_p1_r2,1791041391.0725105,0
E_w3_p1_r2,1791041391.572654,0
E_w3_p1_r2,1791041392.0729609,0
E_w3_p1_r2,1791041392.5730996,0
E_w3_p1_r2,1791041393.0732353,0
E_w3_p1_r2,1791041393.5733361,0
E_w3_p1_r2,1791041394.073445,0
E_w3_p1_r2,1791041394.5737574,0
E_w3_p1_r2,1791041395.0738785,0
E_w3_p1_r2,1791041395.574742,0
E_w3_p1_r2,1791041396.0748618,0
E_w3_p1_r2,1791041396.57575,0
E_w3_p1_r2,1791041397.075865,0
E_w3_p1_r2,1791041397.5759795,0
E_w3_p1_r2,1791041398.076093,0
E_w3_p1_r2,1791041398.5762293,0
E_w3_p1_r2,1791041399.0763457,0
E_w3_p1_r2,1791041399.576454,0
E_w3_p1_r2,1791041400.0765502,0
E_w3_p1_r2,1791041400.576659,0
E_w3_p1_r2,1791041401.0767436,0
E_w3_p1_r2,1791041401.5768375,0
E_w3_p1_r2,1791041402.0769303,0
E_w3_p1_r2,1791041402.5770645,0
E_w3_p1_r2,1791041403.0772028,0
E_w3_p1_r2,1791041403.5772977,0
E_w3_p1_r2,1791041404.077412,0
E_w3_p1_r2,1791041404.577511,0
E_w3_p1_r2,1791041405.077616,0
E_w3_p1_r2,1791041405.5777216,0
E_w3_p1_r2,1791041406.0778625,0
E_w3_p1_r2,1791041406.5779567,0
E_w3_p1_r2,1791041407.0780663,0
E_w3_p1_r2,1791041407.5781674,0
E_w3_p1_r2,1791041408.078328,0
E_w3_p1_r2,1791041408.578464,0
E_w3_p1_r2,1791041409.078603,0
E_w3_p1_r2,1791041409.5787203,0
E_w3_p1_r2,1791041410.0788221,0
E_w3_p1_r2,1791041410.578941,0
E_w3_p1_r2,1791041411.0790417,0
E_w3_p1_r2,1791041411.5791423,0
E_w3_p1_r2,1791041412.0792406,0
E_w3_p1_r2,1791041412.579364,0
E_w3_p1_r2,1791041413.079758,0
E_w3_p1_r2,1791041413.5801213,0
E_w3_p1_r2,1791041414.080231,0
E_w3_p1_r2,1791041414.5803475,0
E_w3_p1_r2,1791041415.080752,0
E_w3_p1_r2,1791041415.5808735,0
E_w3_p1_r2,1791041416.0809789,0
E_w3_p1_r2,1791041416.5810826,0
E_w3_p1_r2,1791041417.0811825,0
E_w3_p1_r2,1791041417.5812926,0
E_w3_p1_r2,1791041418.0813935,0
E_w3_p1_r2,1791041418.581499,0
E_w3_p1_r2,1791041419.0820098,0
E_w3_p1_r2,1791041419.5823743,0
E_w3_p1_r2,1791041420.0825064,0
E_w3_p1_r2,1791041420.5826206,0
E_w3_p1_r2,1791041421.0829208,0
E_w3_p1_r2,1791041421.5830312,0
E_w3_p1_r2,1791041422.0831816,0
E_w3_p1_r2,1791041422.5832655,0
E_w3_p1_r2,1791041423.0833712,0
E_w3_p1_r2,1791041423.5834715,0
E_w3_p1_r2,1791041424.083573,0
E_w3_p1_r2,1791041424.5836728,776
E_w3_p1_r2,1791041425.0837297,3411
E_w3_p1_r2,1791041425.58385,9106
E_w3_p1_r2,1791041426.0839536,10000
E_w3_p1_r2,1791041426.5840826,10000
E_w3_p1_r2,1791041427.0841773,10000
E_w3_p1_r2,1791041427.584278,10000
E_w3_p1_r2,1791041428.0843806,10000
E_w3_p1_r2,1791041428.584514,10000
E_w3_p1_r2,1791041429.0846176,10000
E_w3_p1_r2,1791041429.5847292,14671
E_w3_p1_r2,1791041430.084827,29772
E_w3_p1_r2,1791041430.584942,39042
E_w3_p1_r2,1791041431.0850544,40000
E_w3_p1_r2,1791041431.5852027,40000
E_w3_p1_r2,1791041432.0857189,40000
E_w3_p1_r2,1791041432.5860856,40000
E_w3_p1_r2,1791041433.0862052,40000
E_w3_p1_r2,1791041433.5863588,40000
E_w3_p1_r2,1791041434.0864801,40000
E_w3_p1_r2,1791041434.5866563,44274
E_w3_p1_r2,1791041435.0868104,62983
E_w3_p1_r2,1791041435.587171,70000
E_w3_p1_r2,1791041436.0872822,70000
E_w3_p1_r2,1791041436.587385,70000
E_w3_p1_r2,1791041437.0875065,70000
E_w3_p1_r2,1791041437.5878515,70000
E_w3_p1_r2,1791041438.0879683,70000
E_w3_p1_r2,1791041438.588093,70000
E_w3_p1_r2,1791041439.0884547,80000
E_w3_p1_r2,1791041439.5885885,100000
E_w3_p1_r2,1791041440.0887527,100000
E_w3_p1_r2,1791041440.5891163,100000
E_w3_p1_r2,1791041441.089499,100000
E_w3_p1_r2,1791041441.5898716,100000
E_w3_p1_r2,1791041442.0902317,100000
E_w3_p1_r2,1791041442.5903542,122105
E_w3_p1_r2,1791041443.0904677,130000
E_w3_p1_r2,1791041443.5905921,130000
E_w3_p1_r2,1791041444.0907352,130000
E_w3_p1_r2,1791041444.5908675,130000
E_w3_p1_r2,1791041445.0910017,130000
E_w3_p1_r2,1791041445.5911593,147033
E_w3_p1_r2,1791041446.0916169,160000
E_w3_p1_r2,1791041446.591744,160000
E_w3_p1_r2,1791041447.0918584,160000
E_w3_p1_r2,1791041447.5919685,160000
E_w3_p1_r2,1791041448.0920792,160000
E_w3_p1_r2,1791041448.5922048,160000
E_w3_p1_r2,1791041449.092553,182304
E_w3_p1_r2,1791041449.5926685,190000
E_w3_p1_r2,1791041450.0927663,190000
E_w3_p1_r2,1791041450.5929227,200000
E_w3_p1_r2,1791041451.0930614,200000
E_w3_p1_r2,1791041451.5931835,210000
E_w3_p1_r2,1791041452.09335,210000
E_w3_p1_r2,1791041452.5935047,210000
E_w3_p1_r2,1791041453.0936236,210000
E_w3_p1_r2,1791041453.593744,210000
E_w3_p1_r2,1791041454.0940914,235864
E_w3_p1_r2,1791041454.5944664,259538
E_w3_p1_r2,1791041455.0946085,280000
E_w3_p1_r2,1791041455.594946,290000
E_w3_p1_r2,1791041456.0951486,298481
E_w3_p1_r2,1791041456.595295,300000
E_w3_p1_r3,1791041531.529033,0
E_w3_p1_r3,1791041532.0291715,0
E_w3_p1_r3,1791041532.5293083,0
E_w3_p1_r3,1791041533.0294197,0
E_w3_p1_r3,1791041533.5295196,0
E_w3_p1_r3,1791041534.0296307,0
E_w3_p1_r3,1791041534.5299666,0
E_w3_p1_r3,1791041535.0303931,0
E_w3_p1_r3,1791041535.530544,0
E_w3_p1_r3,1791041536.0307186,0
E_w3_p1_r3,1791041536.5308335,0
E_w3_p1_r3,1791041537.0309746,0
E_w3_p1_r3,1791041537.531074,0
E_w3_p1_r3,1791041538.0311687,0
E_w3_p1_r3,1791041538.5312767,0
E_w3_p1_r3,1791041539.0313787,0
E_w3_p1_r3,1791041539.531505,0
E_w3_p1_r3,1791041540.0316122,0
E_w3_p1_r3,1791041540.531739,0
E_w3_p1_r3,1791041541.031852,0
E_w3_p1_r3,1791041541.5319672,0
E_w3_p1_r3,1791041542.0320876,0
E_w3_p1_r3,1791041542.5322003,0
E_w3_p1_r3,1791041543.032318,0
E_w3_p1_r3,1791041543.5324495,0
E_w3_p1_r3,1791041544.0325782,0
E_w3_p1_r3,1791041544.5327182,0
E_w3_p1_r3,1791041545.0328307,0
E_w3_p1_r3,1791041545.533746,0
E_w3_p1_r3,1791041546.0338418,0
E_w3_p1_r3,1791041546.5339491,0
E_w3_p1_r3,1791041547.0340874,0
E_w3_p1_r3,1791041547.5343723,0
E_w3_p1_r3,1791041548.0345044,0
E_w3_p1_r3,1791041548.5346124,0
E_w3_p1_r3,1791041549.0349507,0
E_w3_p1_r3,1791041549.5350912,0
E_w3_p1_r3,1791041550.035232,0
E_w3_p1_r3,1791041550.5353262,0
E_w3_p1_r3,1791041551.0354311,0
E_w3_p1_r3,1791041551.535532,0
E_w3_p1_r3,1791041552.0356264,0
E_w3_p1_r3,1791041552.5357604,0
E_w3_p1_r3,1791041553.035866,0
E_w3_p1_r3,1791041553.5359592,0
E_w3_p1_r3,1791041554.0361042,0
E_w3_p1_r3,1791041554.5362482,0
E_w3_p1_r3,1791041555.0363603,0
E_w3_p1_r3,1791041555.5364647,0
E_w3_p1_r3,1791041556.0365784,0
E_w3_p1_r3,1791041556.5366952,0
E_w3_p1_r3,1791041557.0368066,0
E_w3_p1_r3,1791041557.5369294,0
E_w3_p1_r3,1791041558.0370505,0
E_w3_p1_r3,1791041558.5371952,0
E_w3_p1_r3,1791041559.0373452,0
E_w3_p1_r3,1791041559.5375276,0
E_w3_p1_r3,1791041560.037655,0
E_w3_p1_r3,1791041560.5377505,0
E_w3_p1_r3,1791041561.0378897,0
E_w3_p1_r3,1791041561.5380182,0
E_w3_p1_r3,1791041562.0381224,0
E_w3_p1_r3,1791041562.5382233,0
E_w3_p1_r3,1791041563.038338,0
E_w3_p1_r3,1791041563.5384555,0
E_w3_p1_r3,1791041564.0385625,0
E_w3_p1_r3,1791041564.5387013,0
E_w3_p1_r3,1791041565.0388176,0
E_w3_p1_r3,1791041565.5389369,0
E_w3_p1_r3,1791041566.039065,0
E_w3_p1_r3,1791041566.5392108,0
E_w3_p1_r3,1791041567.0393405,0
E_w3_p1_r3,1791041567.539485,0
E_w3_p1_r3,1791041568.03964,0
E_w3_p1_r3,1791041568.539787,0
E_w3_p1_r3,1791041569.0399058,0
E_w3_p1_r3,1791041569.5400085,0
E_w3_p1_r3,1791041570.040128,0
E_w3_p1_r3,1791041570.5402443,660
E_w3_p1_r3,1791041571.0403912,2831
E_w3_p1_r3,1791041571.5405328,6568
E_w3_p1_r3,1791041572.0406537,10000
E_w3_p1_r3,1791041572.5407674,10000
E_w3_p1_r3,1791041573.0409184,10000
E_w3_p1_r3,1791041573.5411685,10000
E_w3_p1_r3,1791041574.0412836,10457
E_w3_p1_r3,1791041574.5414195,21384
E_w3_p1_r3,1791041575.041552,29434
E_w3_p1_r3,1791041575.5416708,30000
E_w3_p1_r3,1791041576.0417657,30000
E_w3_p1_r3,1791041576.5419483,30000
E_w3_p1_r3,1791041577.0420732,30000
E_w3_p1_r3,1791041577.5422072,30292
E_w3_p1_r3,1791041578.0423439,44978
E_w3_p1_r3,1791041578.5424607,50000
E_w3_p1_r3,1791041579.0425773,50000
E_w3_p1_r3,1791041579.5427423,50000
E_w3_p1_r3,1791041580.0429149,50000
E_w3_p1_r3,1791041580.543068,50000
E_w3_p1_r3,1791041581.0432057,51714
E_w3_p1_r3,1791041581.543322,65404
E_w3_p1_r3,1791041582.0434718,70000
E_w3_p1_r3,1791041582.54361,70000
E_w3_p1_r3,1791041583.0437553,70000
E_w3_p1_r3,1791041583.5438814,70000
E_w3_p1_r3,1791041584.0439978,70000
E_w3_p1_r3,1791041584.544113,70000
E_w3_p1_r3,1791041585.0442467,89399
E_w3_p1_r3,1791041585.544361,90000
E_w3_p1_r3,1791041586.0444982,90000
E_w3_p1_r3,1791041586.5446236,90000
E_w3_p1_r3,1791041587.0447783,90000
E_w3_p1_r3,1791041587.5449607,90000
E_w3_p1_r3,1791041588.04509,110000
E_w3_p1_r3,1791041588.5452118,110000
E_w3_p1_r3,1791041589.0453324,110000
E_w3_p1_r3,1791041589.545472,110000
E_w3_p1_r3,1791041590.0455897,110000
E_w3_p1_r3,1791041590.5457249,110000
E_w3_p1_r3,1791041591.045849,130000
E_w3_p1_r3,1791041591.5459821,130000
E_w3_p1_r3,1791041592.0461075,130000
E_w3_p1_r3,1791041592.546256,130000
E_w3_p1_r3,1791041593.0463848,130000
E_w3_p1_r3,1791041593.5465055,130000
E_w3_p1_r3,1791041594.0466425,140518
E_w3_p1_r3,1791041594.5468628,150000
E_w3_p1_r3,1791041595.04698,150000
E_w3_p1_r3,1791041595.5471506,150000
E_w3_p1_r3,1791041596.0472648,150000
E_w3_p1_r3,1791041596.5473766,150000
E_w3_p1_r3,1791041597.0475004,170000
E_w3_p1_r3,1791041597.5476148,170000
E_w3_p1_r3,1791041598.0477533,170000
E_w3_p1_r3,1791041598.5479023,170000
E_w3_p1_r3,1791041599.0480468,170000
E_w3_p1_r3,1791041599.5481672,190000
E_w3_p1_r3,1791041600.0483036,190000
E_w3_p1_r3,1791041600.5484664,190000
E_w3_p1_r3,1791041601.0486252,190000
E_w3_p1_r3,1791041601.548754,190000
E_w3_p1_r3,1791041602.0488818,194118
E_w3_p1_r3,1791041602.5490017,210000
E_w3_p1_r3,1791041603.049153,210000
E_w3_p1_r3,1791041603.549274,210000
E_w3_p1_r3,1791041604.0493944,210000
E_w3_p1_r3,1791041604.5495102,216524
E_w3_p1_r3,1791041605.0496302,230000
E_w3_p1_r3,1791041605.5497642,230000
E_w3_p1_r3,1791041606.0498843,230000
E_w3_p1_r3,1791041606.5500016,240469
E_w3_p1_r3,1791041607.0501175,266596
E_w3_p1_r3,1791041607.5502949,280000
E_w3_p1_r3,1791041608.0504375,290000
E_w3_p1_r3,1791041608.5505576,300000
E_w3_p3_r1,1791041680.7176218,0
E_w3_p3_r1,1791041681.2177324,0
E_w3_p3_r1,1791041681.7178745,0
E_w3_p3_r1,1791041682.2179966,0
E_w3_p3_r1,1791041682.7180905,0
E_w3_p3_r1,1791041683.2182286,0
E_w3_p3_r1,1791041683.7183506,0
E_w3_p3_r1,1791041684.2184901,0
E_w3_p3_r1,1791041684.718586,0
E_w3_p3_r1,1791041685.2187333,0
E_w3_p3_r1,1791041685.7188222,0
E_w3_p3_r1,1791041686.2189388,0
E_w3_p3_r1,1791041686.7190604,0
E_w3_p3_r1,1791041687.219167,0
E_w3_p3_r1,1791041687.7192569,0
E_w3_p3_r1,1791041688.2193727,0
E_w3_p3_r1,1791041688.7194784,0
E_w3_p3_r1,1791041689.2196112,0
E_w3_p3_r1,1791041689.7197468,0
E_w3_p3_r1,1791041690.219882,0
E_w3_p3_r1,1791041690.7200005,0
E_w3_p3_r1,1791041691.2201176,0
E_w3_p3_r1,1791041691.7202423,0
E_w3_p3_r1,1791041692.220361,0
E_w3_p3_r1,1791041692.720478,0
E_w3_p3_r1,1791041693.2206113,0
E_w3_p3_r1,1791041693.7207444,0
E_w3_p3_r1,1791041694.2208517,0
E_w3_p3_r1,1791041694.721358,0
E_w3_p3_r1,1791041695.2214668,0
E_w3_p3_r1,1791041695.7215898,0
E_w3_p3_r1,1791041696.2217202,0
E_w3_p3_r1,1791041696.7218347,0
E_w3_p3_r1,1791041697.221947,0
E_w3_p3_r1,1791041697.7220807,0
E_w3_p3_r1,1791041698.222187,0
E_w3_p3_r1,1791041698.7222989,0
E_w3_p3_r1,1791041699.2224987,0
E_w3_p3_r1,1791041699.7226305,0
E_w3_p3_r1,1791041700.2227633,0
E_w3_p3_r1,1791041700.7228858,0
E_w3_p3_r1,1791041701.2230146,0
E_w3_p3_r1,1791041701.7231965,0
E_w3_p3_r1,1791041702.2233179,0
E_w3_p3_r1,1791041702.7234275,0
E_w3_p3_r1,1791041703.2235332,0
E_w3_p3_r1,1791041703.7236533,0
E_w3_p3_r1,1791041704.2237475,0
E_w3_p3_r1,1791041704.7238529,0
E_w3_p3_r1,1791041705.223965,0
E_w3_p3_r1,1791041705.7247112,0
E_w3_p3_r1,1791041706.2248108,0
E_w3_p3_r1,1791041706.7274323,0
E_w3_p3_r1,1791041707.2277553,0
E_w3_p3_r1,1791041707.7278666,0
E_w3_p3_r1,1791041708.227995,0
E_w3_p3_r1,1791041708.7281208,0
E_w3_p3_r1,1791041709.2287428,0
E_w3_p3_r1,1791041709.7288513,0
E_w3_p3_r1,1791041710.2289624,0
E_w3_p3_r1,1791041710.7297559,0
E_w3_p3_r1,1791041711.230739,0
E_w3_p3_r1,1791041711.73085,0
E_w3_p3_r1,1791041712.2309797,0
E_w3_p3_r1,1791041712.7311072,0
E_w3_p3_r1,1791041713.2312162,0
E_w3_p3_r1,1791041713.7313335,0
E_w3_p3_r1,1791041714.2317028,0
E_w3_p3_r1,1791041714.7318118,0
E_w3_p3_r1,1791041715.2320268,0
E_w3_p3_r1,1791041715.732143,0
E_w3_p3_r1,1791041716.2326305,0
E_w3_p3_r1,1791041716.732738,0
E_w3_p3_r1,1791041717.233734,1902
E_w3_p3_r1,1791041717.7342901,12872
E_w3_p3_r1,1791041718.2344031,21155
E_w3_p3_r1,1791041718.734529,29056
E_w3_p3_r1,1791041719.2346573,30000
E_w3_p3_r1,1791041719.7348437,30000
E_w3_p3_r1,1791041720.23496,48481
E_w3_p3_r1,1791041720.7351713,85612
E_w3_p3_r1,1791041721.235724,124827
E_w3_p3_r1,1791041721.7358327,168718
E_w3_p3_r1,1791041722.2367382,198052
E_w3_p3_r1,1791041722.7375233,230000
E_w3_p3_r1,1791041723.2376418,249206
E_w3_p3_r1,1791041723.737902,270000
E_w3_p3_r1,1791041724.2380047,289819
E_w3_p3_r1,1791041724.738098,300000
E_w3_p3_r2,1791057801.9450858,0
E_w3_p3_r2,1791057802.44518,0
E_w3_p3_r2,1791057802.9452634,0
E_w3_p3_r2,1791057803.4453647,0
E_w3_p3_r2,1791057803.9454584,0
E_w3_p3_r2,1791057804.4455438,0
E_w3_p3_r2,1791057804.9456396,0
E_w3_p3_r2,1791057805.445747,0
E_w3_p3_r2,1791057805.945852,0
E_w3_p3_r2,1791057806.445947,0
E_w3_p3_r2,1791057806.9460523,0
E_w3_p3_r2,1791057807.4461505,0
E_w3_p3_r2,1791057807.94625,0
E_w3_p3_r2,1791057808.4463532,0
E_w3_p3_r2,1791057808.9464304,0
E_w3_p3_r2,1791057809.4465392,0
E_w3_p3_r2,1791057809.9474494,0
E_w3_p3_r2,1791057810.4475596,0
E_w3_p3_r2,1791057810.9476738,0
E_w3_p3_r2,1791057811.4477904,0
E_w3_p3_r2,1791057811.9478922,0
E_w3_p3_r2,1791057812.4479947,0
E_w3_p3_r2,1791057812.9480996,0
E_w3_p3_r2,1791057813.4482265,0
E_w3_p3_r2,1791057813.948334,0
E_w3_p3_r2,1791057814.448555,0
E_w3_p3_r2,1791057814.948664,0
E_w3_p3_r2,1791057815.448786,0
E_w3_p3_r2,1791057815.948888,0
E_w3_p3_r2,1791057816.449009,0
E_w3_p3_r2,1791057816.9491127,0
E_w3_p3_r2,1791057817.4492214,0
E_w3_p3_r2,1791057817.9493597,0
E_w3_p3_r2,1791057818.4494724,0
E_w3_p3_r2,1791057818.949619,0
E_w3_p3_r2,1791057819.4497097,0
E_w3_p3_r2,1791057819.9498003,0
E_w3_p3_r2,1791057820.4498866,0
E_w3_p3_r2,1791057820.9499736,0
E_w3_p3_r2,1791057821.4500635,0
E_w3_p3_r2,1791057821.9501982,0
E_w3_p3_r2,1791057822.450296,0
E_w3_p3_r2,1791057822.9504046,0
E_w3_p3_r2,1791057823.450527,0
E_w3_p3_r2,1791057823.9506636,0
E_w3_p3_r2,1791057824.4507778,0
E_w3_p3_r2,1791057824.9508822,0
E_w3_p3_r2,1791057825.4509923,0
E_w3_p3_r2,1791057825.9511292,0
E_w3_p3_r2,1791057826.4512358,0
E_w3_p3_r2,1791057826.9513676,0
E_w3_p3_r2,1791057827.451567,0
E_w3_p3_r2,1791057827.9516816,0
E_w3_p3_r2,1791057828.4518037,0
E_w3_p3_r2,1791057828.951919,0
E_w3_p3_r2,1791057829.452029,0
E_w3_p3_r2,1791057829.9525554,0
E_w3_p3_r2,1791057830.4526663,0
E_w3_p3_r2,1791057830.952778,0
E_w3_p3_r2,1791057831.453039,0
E_w3_p3_r2,1791057831.9536312,0
E_w3_p3_r2,1791057832.4539998,0
E_w3_p3_r2,1791057832.9541142,0
E_w3_p3_r2,1791057833.4542348,0
E_w3_p3_r2,1791057833.9543543,0
E_w3_p3_r2,1791057834.4544792,0
E_w3_p3_r2,1791057834.9545696,0
E_w3_p3_r2,1791057835.4551423,0
E_w3_p3_r2,1791057835.955285,0
E_w3_p3_r2,1791057836.4555583,0
E_w3_p3_r2,1791057836.9556592,0
E_w3_p3_r2,1791057837.456564,0
E_w3_p3_r2,1791057837.956679,0
E_w3_p3_r2,1791057838.4567864,0
E_w3_p3_r2,1791057838.956903,0
E_w3_p3_r2,1791057839.4575582,0
E_w3_p3_r2,1791057839.9576666,0
E_w3_p3_r2,1791057840.4577775,1251
E_w3_p3_r2,1791057840.959348,8209
E_w3_p3_r2,1791057841.4615593,15825
E_w3_p3_r2,1791057841.9625971,21874
E_w3_p3_r2,1791057842.462718,30000
E_w3_p3_r2,1791057842.9635673,30000
E_w3_p3_r2,1791057843.463681,38704
E_w3_p3_r2,1791057843.9637797,50000
E_w3_p3_r2,1791057844.463889,52938
E_w3_p3_r2,1791057844.9639935,67016
E_w3_p3_r2,1791057845.4641008,97996
E_w3_p3_r2,1791057845.9642107,143648
E_w3_p3_r2,1791057846.4643362,190662
E_w3_p3_r2,1791057846.9644654,244777
E_w3_p3_r2,1791057847.4647365,286324
E_w3_p3_r2,1791057847.9648445,300000
