tx_id,classe_real,prob_pandas,rotulo_pandas,prob_spark,rotulo_spark,dif_abs_prob
0,0,0.007017597549439144,0,0.0070175975494391,0,4.423544863740858e-17
1,0,0.0,0,0.0,0,0.0
2,0,0.0,0,0.0,0,0.0
3,0,9.712151500778927e-05,0,9.712151500778928e-05,0,1.3552527156068805e-20
4,0,0.0,0,0.0,0,0.0
5,0,1.0323304617013603e-05,0,1.0323304617013604e-05,0,1.6940658945086007e-21
6,0,6.064596036173937e-05,0,6.064596036173937e-05,0,0.0
7,0,0.0,0,0.0,0,0.0
8,0,0.00024666349945960886,0,0.0002466634994596,0,8.890457814381136e-18
9,0,0.0,0,0.0,0,0.0
10,0,8.961510903292219e-05,0,8.961510903292219e-05,0,0.0
11,0,3.887799282783332e-05,0,3.887799282783332e-05,0,0.0
12,0,0.0,0,0.0,0,0.0
13,0,2.947745985755135e-06,0,2.947745985755135e-06,0,0.0
14,0,0.015,0,0.015,0,0.0
15,0,0.0,0,0.0,0,0.0
16,0,3.628719429604681e-05,0,3.628719429604681e-05,0,0.0
17,0,0.0,0,0.0,0,0.0
18,0,0.0,0,0.0,0,0.0
19,0,0.00038465628283235615,0,0.0003846562828323,0,5.616167253474913e-17
20,0,0.0,0,0.0,0,0.0
21,0,0.0,0,0.0,0,0.0
22,0,0.010171702962972748,0,0.0101717029629727,0,4.85722573273506e-17
23,0,0.0,0,0.0,0,0.0
24,0,1.0323304617013603e-05,0,1.0323304617013604e-05,0,1.6940658945086007e-21
25,0,0.0,0,0.0,0,0.0
26,0,8.486290503296785e-06,0,8.486290503296785e-06,0,0.0
27,0,0.004447646839397911,0,0.0044476468393979,0,1.1275702593849246e-17
28,0,0.00022819111108959408,0,0.0002281911110895,0,9.408164351742965e-17
29,0,4.1825738813588453e-05,0,4.182573881358845e-05,0,6.776263578034403e-21
30,0,0.0038083389700753084,0,0.0038083389700753,0,8.239936510889834e-18
31,0,0.00017772030435440458,0,0.0001777203043544,0,4.580754178751256e-18
32,0,0.00045422909665844904,0,0.0004542290966584,0,4.9060148304969076e-17
33,0,0.00045422909665844904,0,0.0004542290966584,0,4.9060148304969076e-17
34,0,0.00013883097122400383,0,0.000138830971224,0,3.821812658011403e-18
35,0,0.00013883097122400383,0,0.000138830971224,0,3.821812658011403e-18
36,0,8.020645409555797e-06,0,8.020645409555797e-06,0,0.0
37,0,3.628719429604681e-05,0,3.628719429604681e-05,0,0.0
38,0,6.157167125271307e-05,0,6.157167125271307e-05,0,0.0
39,0,2.708805086201588e-05,0,2.708805086201588e-05,0,0.0
40,0,0.005151174252221125,0,0.0051511742522211,0,2.5153490401663703e-17
41,0,3.333944831029167e-05,0,3.333944831029167e-05,0,0.0
42,0,0.00015349946624343698,0,0.0001534994662434,0,3.69712940817557e-17
43,0,0.0,0,0.0,0,0.0
44,0,0.0,0,0.0,0,0.0
45,0,5.194120866901077e-05,0,5.194120866901077e-05,0,0.0
46,0,0.0,0,0.0,0,0.0
47,0,0.0,0,0.0,0,0.0
48,0,0.005,0,0.005,0,0.0
49,0,3.333944831029167e-05,0,3.333944831029167e-05,0,0.0
50,0,0.003896109058292245,0,0.0038961090582922,0,4.5102810375396984e-17
51,0,0.01,0,0.01,0,0.0
52,0,0.010106459137558126,0,0.0101064591375581,0,2.6020852139652106e-17
53,0,0.0002608157969220971,0,0.000260815796922,0,9.71445146547012e-17
54,0,0.0,0,0.0,0,0.0
55,0,0.005544775407494106,0,0.0055447754074941,0,6.071532165918825e-18
56,0,0.00013329242670646218,0,0.0001332924267064,0,6.217899459204368e-17
57,0,6.339816962935999e-05,0,6.339816962935999e-05,0,0.0
58,0,0.00017477255836864945,0,0.0001747725583686,0,4.9439619065339e-17
59,0,0.0,0,0.0,0,0.0
60,0,0.0,0,0.0,0,0.0
61,0,9.726668425555609e-05,0,9.726668425555608e-05,0,1.3552527156068805e-20
62,0,0.0,0,0.0,0,0.0
63,0,0.0001495419844518196,0,0.0001495419844518,0,1.9596954267675493e-17
64,0,0.005041825738813588,0,0.0050418257388135,0,8.847089727481716e-17
65,0,0.0001614155001038417,0,0.0001614155001038,0,4.1714678586379783e-17
66,0,0.0,0,0.0,0,0.0
67,0,0.0,0,0.0,0,0.0
68,0,0.0,0,0.0,0,0.0
69,0,0.01,0,0.01,0,0.0
70,0,0.00017772030435440458,0,0.0001777203043544,0,4.580754178751256e-18
71,0,3.887799282783332e-05,0,3.887799282783332e-05,0,0.0
72,0,3.333944831029167e-05,0,3.333944831029167e-05,0,0.0
73,0,0.00024073724633126507,0,0.0002407372463312,0,6.50792354034424e-17
74,0,0.0,0,0.0,0,0.0
75,0,0.00022193971364131828,0,0.0002219397136413,0,1.8295911660692887e-17
76,0,0.00013340870930383608,0,0.0001334087093038,0,3.607682728945516e-17
77,0,0.0014804946881834423,0,0.0014804946881834,0,4.228388472693467e-17
78,0,0.0003912070488102523,0,0.0003912070488102,0,5.231275482242559e-17
79,0,0.0033948411199718827,0,0.0033948411199718,0,8.283304597789254e-17
80,0,0.0,0,0.0,0,0.0
81,0,0.00010298935506558128,0,0.0001029893550655,0,8.127450535494463e-17
82,0,0.0,0,0.0,0,0.0
83,0,0.0,0,0.0,0,0.0
84,0,0.0,0,0.0,0,0.0
85,0,0.0,0,0.0,0,0.0
86,0,0.025041805067421926,0,0.0250418050674219,0,2.42861286636753e-17
87,0,0.00013883097122400383,0,0.000138830971224,0,3.821812658011403e-18
88,0,1.9735416702054715e-05,0,1.9735416702054715e-05,0,0.0
89,0,5.627566072263052e-05,0,5.627566072263052e-05,0,0.0
90,0,0.0,0,0.0,0,0.0
91,0,8.486290503296785e-06,0,8.486290503296785e-06,0,0.0
92,0,0.0005760458694132417,0,0.0005760458694132,0,4.163336342344337e-17
93,0,3.333944831029167e-05,0,3.333944831029167e-05,0,0.0
94,0,5.538544517541651e-06,0,5.538544517541651e-06,0,0.0
95,0,3.333944831029167e-05,0,3.333944831029167e-05,0,0.0
96,0,0.0,0,0.0,0,0.0
97,0,0.004442137665313862,0,0.0044421376653138,0,6.158268339717665e-17
98,0,0.002350147189406844,0,0.0023501471894068,0,4.380176776841438e-17
99,0,0.0,0,0.0,0,0.0
100,0,0.0,0,0.0,0,0.0
101,0,0.00013046096331808095,0,0.000130460963318,0,8.096279723035504e-17
102,0,0.0,0,0.0,0,0.0
103,0,0.005304763543281152,0,0.0053047635432811,0,5.204170427930421e-17
104,0,0.01,0,0.01,0,0.0
105,0,0.0,0,0.0,0,0.0
106,0,0.0,0,0.0,0,0.0
107,0,3.628719429604681e-05,0,3.628719429604681e-05,0,0.0
108,0,0.0,0,0.0,0,0.0
109,0,0.006905589734966915,0,0.0069055897349669,0,1.474514954580286e-17
110,0,0.0,0,0.0,0,0.0
111,0,0.00025362160855797,0,0.0002536216085579,0,6.998525023393931e-17
112,0,0.0,0,0.0,0,0.0
113,0,0.0,0,0.0,0,0.0
114,0,0.0,0,0.0,0,0.0
115,0,0.0,0,0.0,0,0.0
116,0,0.0,0,0.0,0,0.0
117,0,0.0001591594321773522,0,0.0001591594321773,0,5.220433460517704e-17
118,0,3.333944831029167e-05,0,3.333944831029167e-05,0,0.0
119,0,3.333944831029167e-05,0,3.333944831029167e-05,0,0.0
120,0,1.9735416702054715e-05,0,1.9735416702054715e-05,0,0.0
121,0,0.0,0,0.0,0,0.0
122,0,0.0,0,0.0,0,0.0
123,0,0.0001948516627793024,0,0.0001948516627793,0,2.3852447794681098e-18
124,0,0.00021639601353222544,0,0.0002163960135322,0,2.542454094478508e-17
125,0,3.333944831029167e-05,0,3.333944831029167e-05,0,0.0
126,0,0.0,0,0.0,0,0.0
127,0,0.00028000294776990055,0,0.0002800029477699,0,5.421010862427522e-19
128,0,0.0,0,0.0,0,0.0
129,0,0.011844543195923372,0,0.0118445431959233,0,7.28583859910259e-17
130,0,0.0,0,0.0,0,0.0
131,0,0.00047671294568174316,0,0.0004767129456817,0,4.3151246464923076e-17
132,0,0.005,0,0.005,0,0.0
133,0,0.0002206158715706505,0,0.0002206158715706,0,5.049671618351237e-17
134,0,0.005033339448310291,0,0.0050333394483102,0,9.107298248878237e-17
135,0,2.947745985755135e-06,0,2.947745985755135e-06,0,0.0
136,0,0.0,0,0.0,0,0.0
137,0,0.0,0,0.0,0,0.0
138,0,3.333944831029167e-05,0,3.333944831029167e-05,0,0.0
139,0,0.0,0,0.0,0,0.0
140,0,0.0,0,0.0,0,0.0
141,0,5.030228174418519e-05,0,5.030228174418519e-05,0,0.0
142,0,0.00022865484663628054,0,0.0002286548466362,0,8.052911636136084e-17
143,0,3.887799282783332e-05,0,3.887799282783332e-05,0,0.0
144,0,0.000304718133773755,0,0.0003047181337737,0,5.4969050145015075e-17
145,0,0.0,0,0.0,0,0.0
146,0,0.0,0,0.0,0,0.0
147,0,0.0014166415134764356,0,0.0014166415134764,0,3.5561831257524545e-17
148,0,3.628719429604681e-05,0,3.628719429604681e-05,0,0.0
149,0,0.005012596024494203,0,0.0050125960244942,0,2.6020852139652106e-18
150,0,0.005,0,0.005,0,0.0
151,0,2.947745985755135e-06,0,2.947745985755135e-06,0,0.0
152,0,8.020645409555797e-06,0,8.020645409555797e-06,0,0.0
153,0,0.0003283806221097257,0,0.0003283806221097,0,2.5695591487906455e-17
154,0,0.0,0,0.0,0,0.0
155,0,5.538544517541651e-06,0,5.538544517541651e-06,0,0.0
156,0,4.366275292730528e-05,0,4.366275292730528e-05,0,0.0
157,0,3.628719429604681e-05,0,3.628719429604681e-05,0,0.0
158,0,3.628719429604681e-05,0,3.628719429604681e-05,0,0.0
159,0,0.004733497684507854,0,0.0047334976845078,0,5.377642775528102e-17
160,0,0.005,0,0.005,0,0.0
161,0,0.0,0,0.0,0,0.0
162,0,0.0,0,0.0,0,0.0
163,0,0.004997682731468501,0,0.0049976827314685,0,8.673617379884035e-19
164,0,0.0,0,0.0,0,0.0
165,0,4.1825738813588453e-05,0,4.182573881358845e-05,0,6.776263578034403e-21
166,0,8.486290503296785e-06,0,8.486290503296785e-06,0,0.0
167,0,0.0003912070488102523,0,0.0003912070488102,0,5.231275482242559e-17
168,0,0.01386331277900268,0,0.0138633127790026,0,7.979727989493313e-17
169,0,0.00032726938248951336,0,0.0003272693824895,0,1.3335686721571705e-17
170,0,0.0,0,0.0,0,0.0
171,0,0.0,0,0.0,0,0.0
172,0,3.333944831029167e-05,0,3.333944831029167e-05,0,0.0
173,0,0.00489113640651403,0,0.004891136406514,0,2.949029909160572e-17
174,0,0.0,0,0.0,0,0.0
175,0,0.005105370131441753,0,0.0051053701314417,0,5.2909066017292616e-17
176,0,2.947745985755135e-06,0,2.947745985755135e-06,0,0.0
177,0,0.0,0,0.0,0,0.0
178,0,0.0,0,0.0,0,0.0
179,0,0.0,0,0.0,0,0.0
180,0,0.005,0,0.005,0,0.0
181,0,0.0,0,0.0,0,0.0
182,0,0.0,0,0.0,0,0.0
183,0,0.0,0,0.0,0,0.0
184,0,0.0005535102011881776,0,0.0005535102011881,0,7.752045533271357e-17
185,0,5.307486501234639e-05,0,5.307486501234639e-05,0,0.0
186,0,0.00010266005952533092,0,0.0001026600595253,0,3.0926866970149014e-17
187,0,0.0,0,0.0,0,0.0
188,0,0.0048170664615611505,0,0.0048170664615611,0,5.0306980803327406e-17
189,0,3.628719429604681e-05,0,3.628719429604681e-05,0,0.0
190,0,0.01,0,0.01,0,0.0
191,0,0.0001541219982068796,0,0.0001541219982068,0,7.960754451474816e-17
192,0,3.333944831029167e-05,0,3.333944831029167e-05,0,0.0
193,0,0.0,0,0.0,0,0.0
194,0,0.00025345244463960745,0,0.0002534524446396,0,7.426784881525705e-18
195,0,0.0003313283680954808,0,0.0003313283680954,0,8.077306185017008e-17
196,0,0.00033368263400330626,0,0.0003336826340033,0,6.2341624917916505e-18
197,0,0.0,0,0.0,0,0.0
198,0,0.0003604467302195016,0,0.0003604467302195,0,1.6263032587282567e-18
199,0,0.0,0,0.0,0,0.0
200,0,3.628719429604681e-05,0,3.628719429604681e-05,0,0.0
201,0,0.0001759471028936518,0,0.0001759471028936,0,5.1797758790494974e-17
202,0,0.007261544366973309,0,0.0072615443669733,0,9.540979117872439e-18
203,0,0.0,0,0.0,0,0.0
204,0,0.0017778080399565325,0,0.0017778080399565,0,3.252606517456513e-17
205,0,0.00012243547450402684,0,0.000122435474504,0,2.6834003769016235e-17
206,0,3.628719429604681e-05,0,3.628719429604681e-05,0,0.0
207,0,0.00035427611826227854,0,0.0003542761182622,0,7.85504473965748e-17
208,0,0.0003829579227016369,0,0.0003829579227016,0,3.6917083973131426e-17
209,0,0.0,0,0.0,0,0.0
210,0,0.0,0,0.0,0,0.0
211,0,0.0,0,0.0,0,0.0
212,0,5.940952798671633e-05,0,5.940952798671633e-05,0,0.0
213,0,3.628719429604681e-05,0,3.628719429604681e-05,0,0.0
214,0,8.486290503296785e-06,0,8.486290503296785e-06,0,0.0
215,0,0.0014660812149851297,0,0.0014660812149851,0,2.970713952610282e-17
216,0,5.538544517541651e-06,0,5.538544517541651e-06,0,0.0
217,0,3.333944831029167e-05,0,3.333944831029167e-05,0,0.0
218,0,0.00036812683189543565,0,0.0003681268318954,0,3.5670251474773096e-17
219,0,8.486290503296785e-06,0,8.486290503296785e-06,0,0.0
220,0,0.005958615789371338,0,0.0059586157893713,0,3.8163916471489756e-17
221,0,0.005958615789371338,0,0.0059586157893713,0,3.8163916471489756e-17
222,0,0.005958615789371338,0,0.0059586157893713,0,3.8163916471489756e-17
223,0,0.005958615789371338,0,0.0059586157893713,0,3.8163916471489756e-17
224,0,3.628719429604681e-05,0,3.628719429604681e-05,0,0.0
225,0,0.0,0,0.0,0,0.0
226,0,0.0,0,0.0,0,0.0
227,0,0.00013046096331808095,0,0.000130460963318,0,8.096279723035504e-17
228,0,0.0032715594495733667,0,0.0032715594495733,0,6.678685382510707e-17
229,0,3.333944831029167e-05,0,3.333944831029167e-05,0,0.0
230,0,0.0,0,0.0,0,0.0
231,0,0.0,0,0.0,0,0.0
232,0,3.333944831029167e-05,0,3.333944831029167e-05,0,0.0
233,0,0.0,0,0.0,0,0.0
234,0,2.947745985755135e-06,0,2.947745985755135e-06,0,0.0
235,0,0.0,0,0.0,0,0.0
236,0,0.0,0,0.0,0,0.0
237,0,1.0323304617013603e-05,0,1.0323304617013604e-05,0,1.6940658945086007e-21
238,0,0.0,0,0.0,0,0.0
239,0,0.0008348813570629415,0,0.0008348813570629,0,4.152494320619482e-17
240,0,0.004035123378277505,0,0.0040351233782775,0,4.336808689942018e-18
241,0,0.0,0,0.0,0,0.0
242,0,0.0,0,0.0,0,0.0
243,0,0.006554207079330957,0,0.0065542070793309,0,5.724587470723463e-17
244,0,6.736300290375615e-05,0,6.736300290375615e-05,0,0.0
245,0,0.00490715548153954,0,0.0049071554815395,0,3.9898639947466563e-17
246,0,0.0,0,0.0,0,0.0
247,0,0.005,0,0.005,0,0.0
248,0,6.392723594526441e-05,0,6.392723594526441e-05,0,0.0
249,0,0.0,0,0.0,0,0.0
250,0,0.0,0,0.0,0,0.0
251,0,0.0,0,0.0,0,0.0
252,0,0.0,0,0.0,0,0.0
253,0,0.00012243547450402684,0,0.000122435474504,0,2.6834003769016235e-17
254,0,0.0,0,0.0,0,0.0
255,0,0.0,0,0.0,0,0.0
256,0,5.627566072263052e-05,0,5.627566072263052e-05,0,0.0
257,0,0.019903380341311696,0,0.0199033803413116,0,9.71445146547012e-17
258,0,0.0001591594321773522,0,0.0001591594321773,0,5.220433460517704e-17
259,0,0.0002975117223046333,0,0.0002975117223046,0,3.3285006695304986e-17
260,0,0.0001429407052149097,0,0.0001429407052149,0,9.703609443745265e-18
261,0,0.0,0,0.0,0,0.0
262,0,0.014605616062865678,0,0.0146056160628656,0,7.806255641895632e-17
263,0,0.0,0,0.0,0,0.0
264,0,0.010251327252439206,0,0.0102513272524392,0,5.204170427930421e-18
265,0,0.00012283421460702488,0,0.000122834214607,0,2.4882439858542327e-17
266,0,0.0,0,0.0,0,0.0
267,0,9.712151500778927e-05,0,9.712151500778928e-05,0,1.3552527156068805e-20
268,0,0.004970802398641517,0,0.0049708023986415,0,1.734723475976807e-17
269,0,4.1825738813588453e-05,0,4.182573881358845e-05,0,6.776263578034403e-21
270,0,4.1825738813588453e-05,0,4.182573881358845e-05,0,6.776263578034403e-21
271,0,0.004815642537720429,0,0.0048156425377204,0,2.949029909160572e-17
272,0,0.0001359995078356226,0,0.0001359995078356,0,2.2605615296322767e-17
273,0,0.09666892141534547,0,0.0966689214153454,0,6.938893903907228e-17
274,0,0.0,0,0.0,0,0.0
275,0,0.0,0,0.0,0,0.0
276,0,0.0,0,0.0,0,0.0
277,0,0.0,0,0.0,0,0.0
278,0,0.00017342610263823145,0,0.0001734261026382,0,3.144186300207963e-17
279,0,8.364173005447687e-05,0,8.364173005447687e-05,0,0.0
280,0,0.011052213014464978,0,0.0110522130144649,0,7.806255641895632e-17
281,0,3.628719429604681e-05,0,3.628719429604681e-05,0,0.0
282,0,0.0,0,0.0,0,0.0
283,0,8.486290503296785e-06,0,8.486290503296785e-06,0,0.0
284,0,9.712151500778927e-05,0,9.712151500778928e-05,0,1.3552527156068805e-20
285,0,0.0,0,0.0,0,0.0
286,0,0.00042677365820639296,0,0.0004267736582063,0,9.2970336290632e-17
287,0,4.8526271336280846e-05,0,4.8526271336280846e-05,0,0.0
288,0,2.947745985755135e-06,0,2.947745985755135e-06,0,0.0
289,0,3.333944831029167e-05,0,3.333944831029167e-05,0,0.0
290,0,0.0,0,0.0,0,0.0
291,0,0.00013883097122400383,0,0.000138830971224,0,3.821812658011403e-18
292,0,0.001609245377780084,0,0.00160924537778,0,8.391724815037804e-17
293,0,0.00015302784340851688,0,0.0001530278434085,0,1.6886448836461732e-17
294,0,0.00017113361195774085,0,0.0001711336119577,0,4.084731684839138e-17
295,0,0.0,0,0.0,0,0.0
296,0,3.333944831029167e-05,0,3.333944831029167e-05,0,0.0
297,0,8.961510903292219e-05,0,8.961510903292219e-05,0,0.0
298,0,0.0001759471028936518,0,0.0001759471028936,0,5.1797758790494974e-17
299,0,6.042749917230755e-05,0,6.042749917230755e-05,0,0.0
300,0,0.0030886397512548637,0,0.0030886397512548,0,6.375108774214766e-17
301,0,0.03957716088091563,0,0.0395771608809156,0,3.469446951953614e-17
302,0,0.00013883097122400383,0,0.000138830971224,0,3.821812658011403e-18
303,0,0.0001941441631151185,0,0.0001941441631151,0,1.848564704087785e-17
304,0,0.00022568877099445116,0,0.0002256887709944,0,5.114723748700367e-17
305,0,5.538544517541651e-06,0,5.538544517541651e-06,0,0.0
306,0,0.0,0,0.0,0,0.0
307,0,0.0,0,0.0,0,0.0
308,0,4.366275292730528e-05,0,4.366275292730528e-05,0,0.0
309,0,0.00017772030435440458,0,0.0001777203043544,0,4.580754178751256e-18
310,0,0.0,0,0.0,0,0.0
311,0,3.333944831029167e-05,0,3.333944831029167e-05,0,0.0
312,0,6.429630613218631e-05,0,6.429630613218631e-05,0,0.0
313,0,0.0001948516627793024,0,0.0001948516627793,0,2.3852447794681098e-18
314,0,0.0,0,0.0,0,0.0
315,0,2.947745985755135e-06,0,2.947745985755135e-06,0,0.0
316,0,5.538544517541651e-06,0,5.538544517541651e-06,0,0.0
317,0,0.0001655950674401992,0,0.0001655950674401,0,9.920449878242366e-17
318,0,3.333944831029167e-05,0,3.333944831029167e-05,0,0.0
319,0,9.712151500778927e-05,0,9.712151500778928e-05,0,1.3552527156068805e-20
320,0,3.333944831029167e-05,0,3.333944831029167e-05,0,0.0
321,0,8.961510903292219e-05,0,8.961510903292219e-05,0,0.0
322,0,0.00013883097122400383,0,0.000138830971224,0,3.821812658011403e-18
323,0,0.0,0,0.0,0,0.0
324,0,5.538544517541651e-06,0,5.538544517541651e-06,0,0.0
325,0,0.00034873757374473684,0,0.0003487375737447,0,3.686287386450715e-17
326,0,3.333944831029167e-05,0,3.333944831029167e-05,0,0.0
327,0,3.628719429604681e-05,0,3.628719429604681e-05,0,0.0
328,0,0.00028224801633016994,0,0.0002822480163301,0,6.993104012531504e-17
329,0,0.005,0,0.005,0,0.0
330,0,3.333944831029167e-05,0,3.333944831029167e-05,0,0.0
331,0,0.013268778311870441,0,0.0132687783118704,0,4.163336342344337e-17
332,0,0.0,0,0.0,0,0.0
333,0,0.002470137089398486,0,0.0024701370893984,0,8.586881206085195e-17
334,0,0.0,0,0.0,0,0.0
335,0,0.0,0,0.0,0,0.0
336,0,0.00013329242670646218,0,0.0001332924267064,0,6.217899459204368e-17
337,0,0.0,0,0.0,0,0.0
338,0,0.00013883097122400383,0,0.000138830971224,0,3.821812658011403e-18
339,0,0.00013883097122400383,0,0.000138830971224,0,3.821812658011403e-18
340,0,5.538544517541651e-06,0,5.538544517541651e-06,0,0.0
341,0,5.2625314952183574e-05,0,5.262531495218357e-05,0,6.776263578034403e-21
342,0,3.628719429604681e-05,0,3.628719429604681e-05,0,0.0
343,0,4.136009371984747e-05,0,4.136009371984747e-05,0,0.0
344,0,0.0010781287951131845,0,0.0010781287951131,0,8.456776945386935e-17
345,0,0.0,0,0.0,0,0.0
346,0,3.887799282783332e-05,0,3.887799282783332e-05,0,0.0
347,0,0.00013046096331808095,0,0.000130460963318,0,8.096279723035504e-17
348,0,2.414030487626075e-05,0,2.414030487626075e-05,0,0.0
349,0,0.00042088964834815736,0,0.0004208896483481,0,5.735429492448318e-17
350,0,2.947745985755135e-06,0,2.947745985755135e-06,0,0.0
351,0,4.2969910893993976e-05,0,4.2969910893993976e-05,0,0.0
352,0,8.020645409555797e-06,0,8.020645409555797e-06,0,0.0
353,0,0.0,0,0.0,0,0.0
354,0,5.602261099810152e-05,0,5.602261099810152e-05,0,0.0
355,0,0.0,0,0.0,0,0.0
356,0,0.0,0,0.0,0,0.0
357,0,8.486290503296785e-06,0,8.486290503296785e-06,0,0.0
358,0,0.00017342610263823145,0,0.0001734261026382,0,3.144186300207963e-17
359,0,0.0003604467302195016,0,0.0003604467302195,0,1.6263032587282567e-18
360,0,3.333944831029167e-05,0,3.333944831029167e-05,0,0.0
361,0,0.0,0,0.0,0,0.0
362,0,0.0,0,0.0,0,0.0
363,0,0.0,0,0.0,0,0.0
364,0,0.0001948516627793024,0,0.0001948516627793,0,2.3852447794681098e-18
365,0,0.0009172152485134023,0,0.0009172152485134,0,2.2768245622195593e-18
366,0,0.0,0,0.0,0,0.0
367,0,0.0005760458694132417,0,0.0005760458694132,0,4.163336342344337e-17
368,0,0.0,0,0.0,0,0.0
369,0,3.628719429604681e-05,0,3.628719429604681e-05,0,0.0
370,0,0.0,0,0.0,0,0.0
371,0,0.0,0,0.0,0,0.0
372,0,0.0,0,0.0,0,0.0
373,0,0.0048013287941492495,0,0.0048013287941492,0,4.9439619065339e-17
374,0,3.333944831029167e-05,0,3.333944831029167e-05,0,0.0
375,0,3.628719429604681e-05,0,3.628719429604681e-05,0,0.0
376,0,0.0,0,0.0,0,0.0
377,0,1.0323304617013603e-05,0,1.0323304617013604e-05,0,1.6940658945086007e-21
378,0,0.0,0,0.0,0,0.0
379,0,0.0,0,0.0,0,0.0
380,0,1.0323304617013603e-05,0,1.0323304617013604e-05,0,1.6940658945086007e-21
381,0,0.0,0,0.0,0,0.0
382,0,0.024922404969452052,0,0.024922404969452,0,5.204170427930421e-17
383,0,0.0,0,0.0,0,0.0
384,0,0.0,0,0.0,0,0.0
385,0,0.0,0,0.0,0,0.0
386,0,0.00013329242670646218,0,0.0001332924267064,0,6.217899459204368e-17
387,0,0.0,0,0.0,0,0.0
388,0,3.333944831029167e-05,0,3.333944831029167e-05,0,0.0
389,0,8.041596559889126e-05,0,8.041596559889126e-05,0,0.0
390,0,0.049703907095420316,0,0.0497039070954203,0,1.3877787807814457e-17
391,0,3.333944831029167e-05,0,3.333944831029167e-05,0,0.0
392,0,0.0,0,0.0,0,0.0
393,0,0.019806109712018034,0,0.019806109712018,0,3.469446951953614e-17
394,0,0.0,0,0.0,0,0.0
395,0,0.0,0,0.0,0,0.0
396,0,0.005,0,0.005,0,0.0
397,0,0.001402539955390625,0,0.0014025399553906,0,2.5153490401663703e-17
398,0,0.0011874602776335299,0,0.0011874602776335,0,2.992397996059992e-17
399,0,8.739635355086754e-05,0,8.739635355086754e-05,0,0.0
400,0,0.0,0,0.0,0,0.0
401,0,0.01,0,0.01,0,0.0
402,0,0.010300551842743835,0,0.0103005518427438,0,3.469446951953614e-17
403,0,0.0,0,0.0,0,0.0
404,0,0.0,0,0.0,0,0.0
405,0,0.000864140383501056,0,0.000864140383501,0,5.605325231750058e-17
406,0,0.00024864331306286426,0,0.0002486433130628,0,6.423897871976614e-17
407,0,0.0003067185293446936,0,0.0003067185293446,0,9.362085759412331e-17
408,0,3.333944831029167e-05,0,3.333944831029167e-05,0,0.0
409,0,0.00378543087854167,0,0.0037854308785416,0,7.025630077706069e-17
410,0,0.0,0,0.0,0,0.0
411,0,3.628719429604681e-05,0,3.628719429604681e-05,0,0.0
412,0,2.947745985755135e-06,0,2.947745985755135e-06,0,0.0
413,0,0.005151174252221125,0,0.0051511742522211,0,2.5153490401663703e-17
414,0,5.627566072263052e-05,0,5.627566072263052e-05,0,0.0
415,0,0.005033339448310291,0,0.0050333394483102,0,9.107298248878237e-17
416,0,0.0043157999880508915,0,0.0043157999880508,0,9.107298248878237e-17
417,0,0.0,0,0.0,0,0.0
418,0,0.0,0,0.0,0,0.0
419,0,6.565307358180382e-05,0,6.565307358180382e-05,0,0.0
420,0,0.0,0,0.0,0,0.0
421,0,9.712151500778927e-05,0,9.712151500778928e-05,0,1.3552527156068805e-20
422,0,0.0,0,0.0,0,0.0
423,0,0.0032007733876306195,0,0.0032007733876306,0,1.951563910473908e-17
424,0,4.6610498913060404e-05,0,4.66104989130604e-05,0,6.776263578034403e-21
425,0,0.07089482303115262,0,0.0708948230311526,0,1.3877787807814457e-17
426,0,0.00012181896108331451,0,0.0001218189610833,0,1.451475658414969e-17
427,0,0.00013329242670646218,0,0.0001332924267064,0,6.217899459204368e-17
428,0,8.739635355086754e-05,0,8.739635355086754e-05,0,0.0
429,0,0.005226763900313855,0,0.0052267639003138,0,5.551115123125783e-17
430,0,7.462437135682062e-05,0,7.462437135682062e-05,0,0.0
431,0,0.0002540094002489203,0,0.0002540094002489,0,2.0274580625478933e-17
432,0,0.006490686296887011,0,0.006490686296887,0,1.1275702593849246e-17
433,0,3.333944831029167e-05,0,3.333944831029167e-05,0,0.0
434,0,5.538544517541651e-06,0,5.538544517541651e-06,0,0.0
435,0,0.00013883097122400383,0,0.000138830971224,0,3.821812658011403e-18
436,0,3.333944831029167e-05,0,3.333944831029167e-05,0,0.0
437,0,0.005150261069394661,0,0.0051502610693946,0,6.071532165918825e-17
438,0,0.0,0,0.0,0,0.0
439,0,0.001324660890210478,0,0.0013246608902104,0,7.806255641895632e-17
440,0,0.0001469173809075414,0,0.0001469173809075,0,4.138941793463413e-17
441,0,5.627566072263052e-05,0,5.627566072263052e-05,0,0.0
442,0,0.0,0,0.0,0,0.0
443,0,0.005311471618249484,0,0.0053114716182494,0,8.326672684688674e-17
444,0,0.0200480218594714,0,0.0200480218594714,0,0.0
445,0,0.0,0,0.0,0,0.0
446,0,0.00013329242670646218,0,0.0001332924267064,0,6.217899459204368e-17
447,0,0.0,0,0.0,0,0.0
448,0,0.0,0,0.0,0,0.0
449,0,0.0005296183087684468,0,0.0005296183087684,0,4.683753385137379e-17
450,0,0.003564631717605732,0,0.0035646317176057,0,3.209238430557093e-17
451,0,0.01,0,0.01,0,0.0
452,0,0.0038083389700753084,0,0.0038083389700753,0,8.239936510889834e-18
453,0,0.0,0,0.0,0,0.0
454,0,0.00021766812558489536,0,0.0002176681255848,0,9.535558107010011e-17
455,0,0.005,0,0.005,0,0.0
456,0,9.712151500778927e-05,0,9.712151500778928e-05,0,1.3552527156068805e-20
457,0,0.0,0,0.0,0,0.0
458,0,0.0,0,0.0,0,0.0
459,0,0.0,0,0.0,0,0.0
460,0,0.1297744717761761,0,0.1297744717761761,0,0.0
461,0,3.628719429604681e-05,0,3.628719429604681e-05,0,0.0
462,0,5.538544517541651e-06,0,5.538544517541651e-06,0,0.0
463,0,0.0,0,0.0,0,0.0
464,0,3.3360370903133936e-05,0,3.3360370903133936e-05,0,0.0
465,0,0.00037257196713370703,0,0.0003725719671337,0,7.047314121155779e-18
466,0,0.000701385812067258,0,0.0007013858120672,0,5.800481622797449e-17
467,0,9.869390973076413e-05,0,9.869390973076412e-05,0,1.3552527156068805e-20
468,0,0.0,0,0.0,0,0.0
469,0,2.947745985755135e-06,0,2.947745985755135e-06,0,0.0
470,0,3.333944831029167e-05,0,3.333944831029167e-05,0,0.0
471,0,0.17778066643770118,0,0.1777806664377011,0,8.326672684688674e-17
472,0,0.19992903669076367,0,0.1999290366907636,0,8.326672684688674e-17
473,0,9.604477590634036e-05,0,9.604477590634036e-05,0,0.0
474,0,0.0013119953347037632,0,0.0013119953347037,0,6.331740687315346e-17
475,0,8.424384940274782e-05,0,8.424384940274782e-05,0,0.0
476,0,0.0,0,0.0,0,0.0
477,0,0.00025362160855797,0,0.0002536216085579,0,6.998525023393931e-17
478,0,0.005,0,0.005,0,0.0
479,0,3.333944831029167e-05,0,3.333944831029167e-05,0,0.0
480,0,0.00021766812558489536,0,0.0002176681255848,0,9.535558107010011e-17
481,0,0.0,0,0.0,0,0.0
482,0,0.0003067185293446936,0,0.0003067185293446,0,9.362085759412331e-17
483,0,0.00022193971364131828,0,0.0002219397136413,0,1.8295911660692887e-17
484,0,0.0002206158715706505,0,0.0002206158715706,0,5.049671618351237e-17
485,0,0.0005157883327312892,0,0.0005157883327312,0,8.922983879555701e-17
486,0,0.0,0,0.0,0,0.0
487,0,0.0003050644791357629,0,0.0003050644791357,0,6.288372600415926e-17
488,0,0.0,0,0.0,0,0.0
489,0,0.00013329242670646218,0,0.0001332924267064,0,6.217899459204368e-17
490,0,0.0,0,0.0,0,0.0
491,0,0.0,0,0.0,0,0.0
492,0,1.0968391395310934e-05,0,1.0968391395310934e-05,0,0.0
493,0,9.712151500778927e-05,0,9.712151500778928e-05,0,1.3552527156068805e-20
494,0,0.004683942681192068,0,0.004683942681192,0,6.765421556309548e-17
495,0,1.9735416702054715e-05,0,1.9735416702054715e-05,0,0.0
496,0,0.00019371814083757877,0,0.0001937181408375,0,7.87672878310719e-17
497,0,0.00022581262126055845,0,0.0002258126212605,0,5.843849709696869e-17
498,0,8.020645409555797e-06,0,8.020645409555797e-06,0,0.0
499,0,0.0,0,0.0,0,0.0
500,0,0.00015224357192148826,0,0.0001522435719214,0,8.825405684032006e-17
501,0,0.0003829579227016369,0,0.0003829579227016,0,3.6917083973131426e-17
502,0,4.2969910893993976e-05,0,4.2969910893993976e-05,0,0.0
503,0,8.020645409555797e-06,0,8.020645409555797e-06,0,0.0
504,0,2.947745985755135e-06,0,2.947745985755135e-06,0,0.0
505,0,3.333944831029167e-05,0,3.333944831029167e-05,0,0.0
506,0,0.00013848160872763674,0,0.0001384816087276,0,3.67544536472586e-17
507,0,0.007454250221211501,0,0.0074542502212115,0,1.734723475976807e-18
508,0,0.003959513222296433,0,0.0039595132222964,0,3.2959746043559335e-17
509,0,0.0,0,0.0,0,0.0
510,0,4.2969910893993976e-05,0,4.2969910893993976e-05,0,0.0
511,0,0.00015117425222112448,0,0.0001511742522211,0,2.4475864043860263e-17
512,0,0.0,0,0.0,0,0.0
513,0,0.0049170934068615765,0,0.0049170934068615,0,7.632783294297951e-17
514,0,0.0,0,0.0,0,0.0
515,0,0.0,0,0.0,0,0.0
516,0,8.364173005447687e-05,0,8.364173005447687e-05,0,0.0
517,0,0.00998088203958044,0,0.0099808820395804,0,3.9898639947466563e-17
518,0,0.0,0,0.0,0,0.0
519,0,3.333944831029167e-05,0,3.333944831029167e-05,0,0.0
520,0,0.00029063325474803874,0,0.000290633254748,0,3.8760227666356784e-17
521,0,0.001548799440874297,0,0.0015487994408742,0,9.69276742202041e-17
522,0,0.05177978752282784,0,0.0517797875228278,0,3.469446951953614e-17
523,0,0.0,0,0.0,0,0.0
524,0,0.0,0,0.0,0,0.0
525,0,1.0323304617013603e-05,0,1.0323304617013604e-05,0,1.6940658945086007e-21
526,0,0.005,0,0.005,0,0.0
527,0,0.009720304210485685,0,0.0097203042104856,0,8.500145032286355e-17
528,0,0.0,0,0.0,0,0.0
529,0,0.005,0,0.005,0,0.0
530,0,0.0,0,0.0,0,0.0
531,0,0.00010987998544409797,0,0.000109879985444,0,9.79712188112214e-17
532,0,0.00027426299067996856,0,0.0002742629906799,0,6.857578740970816e-17
533,0,0.0,0,0.0,0,0.0
534,0,0.008687469131196248,0,0.0086874691311962,0,4.85722573273506e-17
535,0,0.0,0,0.0,0,0.0
536,0,3.628719429604681e-05,0,3.628719429604681e-05,0,0.0
537,0,2.414030487626075e-05,0,2.414030487626075e-05,0,0.0
538,0,0.0,0,0.0,0,0.0
539,0,0.0,0,0.0,0,0.0
540,0,0.0,0,0.0,0,0.0
541,1,0.5699376947586426,1,0.5699376947586426,1,0.0
542,0,0.00013329242670646218,0,0.0001332924267064,0,6.217899459204368e-17
543,0,0.0,0,0.0,0,0.0
544,0,0.0,0,0.0,0,0.0
545,0,4.69644025113709e-05,0,4.69644025113709e-05,0,0.0
546,0,5.307486501234639e-05,0,5.307486501234639e-05,0,0.0
547,0,0.0,0,0.0,0,0.0
548,0,0.00013329242670646218,0,0.0001332924267064,0,6.217899459204368e-17
549,0,0.0001189041236111966,0,0.0001189041236111,0,9.658886104130238e-17
550,0,0.0,0,0.0,0,0.0
551,0,0.0,0,0.0,0,0.0
552,0,3.333944831029167e-05,0,3.333944831029167e-05,0,0.0
553,0,0.0011181497837499763,0,0.0011181497837499,0,7.632783294297951e-17
554,0,3.628719429604681e-05,0,3.628719429604681e-05,0,0.0
555,0,0.0005451331733409792,0,0.0005451331733409,0,7.925517880869037e-17
556,0,2.947745985755135e-06,0,2.947745985755135e-06,0,0.0
557,0,5.538544517541651e-06,0,5.538544517541651e-06,0,0.0
558,0,0.0,0,0.0,0,0.0
559,0,0.0,0,0.0,0,0.0
560,0,3.333944831029167e-05,0,3.333944831029167e-05,0,0.0
561,0,9.745081054803963e-05,0,9.745081054803964e-05,0,1.3552527156068805e-20
562,0,0.0025174916251569156,0,0.0025174916251569,0,1.5612511283791264e-17
563,0,2.708805086201588e-05,0,2.708805086201588e-05,0,0.0
564,0,0.00013329242670646218,0,0.0001332924267064,0,6.217899459204368e-17
565,0,5.538544517541651e-06,0,5.538544517541651e-06,0,0.0
566,0,0.010300342500547012,0,0.010300342500547,0,1.214306433183765e-17
567,0,8.020645409555797e-06,0,8.020645409555797e-06,0,0.0
568,0,0.0,0,0.0,0,0.0
569,0,1.0323304617013603e-05,0,1.0323304617013604e-05,0,1.6940658945086007e-21
570,0,0.00019393838706820155,0,0.0001939383870682,0,1.5449880957918438e-18
571,0,0.0051054915229137125,0,0.0051054915229137,0,1.214306433183765e-17
572,0,8.980123031125287e-05,0,8.980123031125287e-05,0,0.0
573,0,0.0,0,0.0,0,0.0
574,0,0.0002831601642638954,0,0.0002831601642638,0,9.540979117872439e-17
575,0,0.005133292426706462,0,0.0051332924267064,0,6.245004513516506e-17
576,0,3.333944831029167e-05,0,3.333944831029167e-05,0,0.0
577,0,2.947745985755135e-06,0,2.947745985755135e-06,0,0.0
578,0,0.0,0,0.0,0,0.0
579,0,0.0,0,0.0,0,0.0
580,0,0.00024560076474024065,0,0.0002456007647402,0,4.0657581468206416e-17
581,0,0.0001948516627793024,0,0.0001948516627793,0,2.3852447794681098e-18
582,0,0.02071413875705449,0,0.0207141387570544,0,9.020562075079397e-17
583,0,9.712151500778927e-05,0,9.712151500778928e-05,0,1.3552527156068805e-20
584,0,0.0,0,0.0,0,0.0
585,0,0.00530766587975951,0,0.0053076658797595,0,9.540979117872439e-18
586,0,0.00035985601397189924,0,0.0003598560139718,0,9.925870889104793e-17
587,0,4.136009371984747e-05,0,4.136009371984747e-05,0,0.0
588,0,0.0,0,0.0,0,0.0
589,0,0.00013329242670646218,0,0.0001332924267064,0,6.217899459204368e-17
590,0,0.00013329242670646218,0,0.0001332924267064,0,6.217899459204368e-17
591,0,0.0,0,0.0,0,0.0
592,0,0.00017113361195774085,0,0.0001711336119577,0,4.084731684839138e-17
593,0,9.712151500778927e-05,0,9.712151500778928e-05,0,1.3552527156068805e-20
594,0,1.83439500265694e-05,0,1.83439500265694e-05,0,0.0
595,0,5.538544517541651e-06,0,5.538544517541651e-06,0,0.0
596,0,0.009758875827910806,0,0.0097588758279108,0,6.938893903907228e-18
597,0,9.712151500778927e-05,0,9.712151500778928e-05,0,1.3552527156068805e-20
598,0,0.0,0,0.0,0,0.0
599,0,1.3624954201079227e-05,0,1.3624954201079228e-05,0,1.6940658945086007e-21
600,0,0.00020971329693427826,0,0.0002097132969342,0,7.825229179914128e-17
601,0,0.0,0,0.0,0,0.0
602,0,0.0,0,0.0,0,0.0
603,0,0.0,0,0.0,0,0.0
604,0,0.0,0,0.0,0,0.0
605,0,5.538544517541651e-06,0,5.538544517541651e-06,0,0.0
606,0,0.0,0,0.0,0,0.0
607,0,0.0,0,0.0,0,0.0
608,0,0.00017342610263823145,0,0.0001734261026382,0,3.144186300207963e-17
609,0,0.00013329242670646218,0,0.0001332924267064,0,6.217899459204368e-17
610,0,0.0,0,0.0,0,0.0
611,0,5.538544517541651e-06,0,5.538544517541651e-06,0,0.0
612,0,0.00013046096331808095,0,0.000130460963318,0,8.096279723035504e-17
613,0,9.99529783961705e-05,0,9.99529783961705e-05,0,0.0
614,0,0.0,0,0.0,0,0.0
615,0,0.00013329242670646218,0,0.0001332924267064,0,6.217899459204368e-17
616,0,0.0001692340138511078,0,0.0001692340138511,0,7.806255641895632e-18
617,0,0.00013329242670646218,0,0.0001332924267064,0,6.217899459204368e-17
618,0,0.0025915844071623105,0,0.0025915844071623,0,1.0408340855860843e-17
619,0,0.0004281789441395519,0,0.0004281789441395,0,5.187907395343139e-17
620,0,5.627566072263052e-05,0,5.627566072263052e-05,0,0.0
621,0,3.333944831029167e-05,0,3.333944831029167e-05,0,0.0
622,0,6.156115551564317e-05,0,6.156115551564317e-05,0,0.0
623,1,0.04463404659921483,0,0.0446340465992148,0,2.7755575615628914e-17
624,0,0.00020333795328259918,0,0.0002033379532825,0,9.917739372811152e-17
625,0,0.0001947572694502673,0,0.0001947572694502,0,6.730184985703769e-17
626,0,0.0,0,0.0,0,0.0
627,0,0.0,0,0.0,0,0.0
628,0,0.00023041394171425145,0,0.0002304139417142,0,5.1445393084437185e-17
629,0,0.0,0,0.0,0,0.0
630,0,0.0,0,0.0,0,0.0
631,0,0.0,0,0.0,0,0.0
632,0,0.004035123378277505,0,0.0040351233782775,0,4.336808689942018e-18
633,0,0.005,0,0.005,0,0.0
634,0,0.010775982422112024,0,0.010775982422112,0,2.42861286636753e-17
635,0,0.0,0,0.0,0,0.0
636,0,3.628719429604681e-05,0,3.628719429604681e-05,0,0.0
637,0,0.0,0,0.0,0,0.0
638,0,0.00029613637104185307,0,0.0002961363710418,0,5.307169634316544e-17
639,0,0.01944216206997549,0,0.0194421620699754,0,9.020562075079397e-17
640,0,0.0,0,0.0,0,0.0
641,0,0.00013114506960125373,0,0.0001311450696012,0,5.3722217646656745e-17
642,0,0.0,0,0.0,0,0.0
643,0,0.005,0,0.005,0,0.0
644,0,0.005054888954654766,0,0.0050548889546547,0,6.591949208711867e-17
645,0,4.8526271336280846e-05,0,4.8526271336280846e-05,0,0.0
646,0,0.011573284414229572,0,0.0115732844142295,0,7.28583859910259e-17
647,0,0.01,0,0.01,0,0.0
648,0,3.628719429604681e-05,0,3.628719429604681e-05,0,0.0
649,0,0.00033391916662726734,0,0.0003339191666272,0,6.732895491134983e-17
650,0,8.486290503296785e-06,0,8.486290503296785e-06,0,0.0
651,0,0.0,0,0.0,0,0.0
652,0,0.0,0,0.0,0,0.0
653,0,0.0050514740173220355,0,0.005051474017322,0,3.5561831257524545e-17
654,0,3.333944831029167e-05,0,3.333944831029167e-05,0,0.0
655,0,4.69644025113709e-05,0,4.69644025113709e-05,0,0.0
656,0,6.736300290375615e-05,0,6.736300290375615e-05,0,0.0
657,0,9.712151500778927e-05,0,9.712151500778928e-05,0,1.3552527156068805e-20
658,0,1.0323304617013603e-05,0,1.0323304617013604e-05,0,1.6940658945086007e-21
659,0,0.01681199692733881,0,0.0168119969273388,0,1.0408340855860843e-17
660,0,8.020645409555797e-06,0,8.020645409555797e-06,0,0.0
661,0,0.0,0,0.0,0,0.0
662,0,4.2969910893993976e-05,0,4.2969910893993976e-05,0,0.0
663,0,3.628719429604681e-05,0,3.628719429604681e-05,0,0.0
664,0,3.230264073373704e-05,0,3.230264073373704e-05,0,0.0
665,0,0.0,0,0.0,0,0.0
666,0,0.0,0,0.0,0,0.0
667,0,0.0,0,0.0,0,0.0
668,0,3.402355459346448e-05,0,3.402355459346448e-05,0,0.0
669,0,0.000362167644079229,0,0.0003621676440792,0,2.9002408113987244e-17
670,0,8.961510903292219e-05,0,8.961510903292219e-05,0,0.0
671,0,0.00026724507342158337,0,0.0002672450734215,0,8.337514706413529e-17
672,0,0.0,0,0.0,0,0.0
673,0,0.009552825230662941,0,0.0095528252306629,0,4.163336342344337e-17
674,0,0.00024275870650257515,0,0.0002427587065025,0,7.513521055324546e-17
675,0,0.0001189041236111966,0,0.0001189041236111,0,9.658886104130238e-17
676,0,0.010994453779440607,0,0.0109944537794406,0,6.938893903907228e-18
677,0,3.333944831029167e-05,0,3.333944831029167e-05,0,0.0
678,0,3.333944831029167e-05,0,3.333944831029167e-05,0,0.0
679,0,3.402355459346448e-05,0,3.402355459346448e-05,0,0.0
680,0,0.02490816023256849,0,0.0249081602325684,0,9.020562075079397e-17
681,0,0.000666054973864922,0,0.0006660549738649,0,2.200930410145574e-17
682,0,3.628719429604681e-05,0,3.628719429604681e-05,0,0.0
683,0,4.204420000302028e-05,0,4.204420000302028e-05,0,0.0
684,0,0.0003283806221097257,0,0.0003283806221097,0,2.5695591487906455e-17
685,0,0.0006660591344524694,0,0.0006660591344524,0,6.938893903907228e-17
686,0,0.0,0,0.0,0,0.0
687,0,0.0,0,0.0,0,0.0
688,0,0.014478805306683384,0,0.0144788053066833,0,8.500145032286355e-17
689,0,0.0,0,0.0,0,0.0
690,0,0.0015793390940326943,0,0.0015793390940326,0,9.432558900623889e-17
691,0,0.024559120728382365,0,0.0245591207283823,0,6.591949208711867e-17
692,0,3.333944831029167e-05,0,3.333944831029167e-05,0,0.0
693,0,3.333944831029167e-05,0,3.333944831029167e-05,0,0.0
694,0,5.538544517541651e-06,0,5.538544517541651e-06,0,0.0
695,0,0.0002885623471235988,0,0.0002885623471235,0,9.882502802205373e-17
696,0,9.712151500778927e-05,0,9.712151500778928e-05,0,1.3552527156068805e-20
697,0,3.628719429604681e-05,0,3.628719429604681e-05,0,0.0
698,0,3.333944831029167e-05,0,3.333944831029167e-05,0,0.0
699,0,0.001044789346802893,0,0.0010447893468028,0,9.302454639925628e-17
700,0,8.020645409555797e-06,0,8.020645409555797e-06,0,0.0
701,0,8.020645409555797e-06,0,8.020645409555797e-06,0,0.0
702,0,0.0,0,0.0,0,0.0
703,0,0.0,0,0.0,0,0.0
704,0,0.00020634296738222926,0,0.0002063429673822,0,2.927345865710862e-17
705,0,0.0,0,0.0,0,0.0
706,0,0.0,0,0.0,0,0.0
707,0,0.0,0,0.0,0,0.0
708,0,3.333944831029167e-05,0,3.333944831029167e-05,0,0.0
709,0,5.030228174418519e-05,0,5.030228174418519e-05,0,0.0
710,0,0.0,0,0.0,0,0.0
711,0,5.194120866901077e-05,0,5.194120866901077e-05,0,0.0
712,0,9.256285501867733e-05,0,9.256285501867732e-05,0,1.3552527156068805e-20
713,0,3.333944831029167e-05,0,3.333944831029167e-05,0,0.0
714,0,0.0002205398395667423,0,0.0002205398395667,0,4.231098978124681e-17
715,0,0.005099952978396171,0,0.0050999529783961,0,7.112366251504909e-17
716,0,0.0,0,0.0,0,0.0
717,0,1.9735416702054715e-05,0,1.9735416702054715e-05,0,0.0
718,0,0.0,0,0.0,0,0.0
719,0,1.9735416702054715e-05,0,1.9735416702054715e-05,0,0.0
720,0,0.0002032575684445723,0,0.0002032575684445,0,7.228917985047101e-17
721,0,3.628719429604681e-05,0,3.628719429604681e-05,0,0.0
722,0,5.538544517541651e-06,0,5.538544517541651e-06,0,0.0
723,0,0.01,0,0.01,0,0.0
724,0,2.947745985755135e-06,0,2.947745985755135e-06,0,0.0
725,0,0.005,0,0.005,0,0.0
726,0,5.627566072263052e-05,0,5.627566072263052e-05,0,0.0
727,0,0.0,0,0.0,0,0.0
728,0,0.0,0,0.0,0,0.0
729,0,0.0,0,0.0,0,0.0
730,0,0.0195665809916067,0,0.0195665809916067,0,0.0
731,0,0.005,0,0.005,0,0.0
732,0,0.0030466513894237394,0,0.0030466513894237,0,3.946495907847236e-17
733,0,3.333944831029167e-05,0,3.333944831029167e-05,0,0.0
734,0,3.333944831029167e-05,0,3.333944831029167e-05,0,0.0
735,0,4.136009371984747e-05,0,4.136009371984747e-05,0,0.0
736,0,0.0,0,0.0,0,0.0
737,0,8.486290503296785e-06,0,8.486290503296785e-06,0,0.0
738,0,0.00015063225349238872,0,0.0001506322534923,0,8.87148427636264e-17
739,0,0.0002008044228646876,0,0.0002008044228646,0,8.760353553682876e-17
740,0,0.0,0,0.0,0,0.0
741,0,0.000623708730061994,0,0.0006237087300619,0,9.400032835449323e-17
742,0,2.414030487626075e-05,0,2.414030487626075e-05,0,0.0
743,0,0.00022039050514960235,0,0.0002203905051496,0,2.358139725155972e-18
744,0,3.333944831029167e-05,0,3.333944831029167e-05,0,0.0
745,0,0.0008348813570629415,0,0.0008348813570629,0,4.152494320619482e-17
746,0,3.333944831029167e-05,0,3.333944831029167e-05,0,0.0
747,0,0.0012801044808865983,0,0.0012801044808865,0,9.84455572616838e-17
748,0,0.00017342610263823145,0,0.0001734261026382,0,3.144186300207963e-17
749,0,0.0,0,0.0,0,0.0
750,0,4.8526271336280846e-05,0,4.8526271336280846e-05,0,0.0
751,0,4.69644025113709e-05,0,4.69644025113709e-05,0,0.0
752,0,0.0,0,0.0,0,0.0
753,0,1.83439500265694e-05,0,1.83439500265694e-05,0,0.0
754,0,0.0,0,0.0,0,0.0
755,0,0.0,0,0.0,0,0.0
756,0,3.333944831029167e-05,0,3.333944831029167e-05,0,0.0
757,0,1.8601760358719096e-05,0,1.8601760358719096e-05,0,0.0
758,0,0.00013329242670646218,0,0.0001332924267064,0,6.217899459204368e-17
759,0,8.917235480633414e-05,0,8.917235480633414e-05,0,0.0
760,0,0.0,0,0.0,0,0.0
761,0,0.0,0,0.0,0,0.0
762,0,0.0002482957672289138,0,0.0002482957672289,0,1.3823577699190182e-17
763,0,0.004832080219256507,0,0.0048320802192565,0,6.938893903907228e-18
764,0,0.0,0,0.0,0,0.0
765,0,0.004991662676056077,0,0.004991662676056,0,7.632783294297951e-17
766,0,0.0,0,0.0,0,0.0
767,0,0.004585087664807659,0,0.0045850876648076,0,5.898059818321144e-17
768,0,0.0,0,0.0,0,0.0
769,0,0.0,0,0.0,0,0.0
770,0,0.0127363122195753,0,0.0127363122195753,0,0.0
771,0,0.0001692340138511078,0,0.0001692340138511,0,7.806255641895632e-18
772,0,0.0012212128760175473,0,0.0012212128760175,0,4.7271214720367993e-17
773,0,9.763575444247798e-05,0,9.763575444247798e-05,0,0.0
774,0,0.0,0,0.0,0,0.0
775,0,0.0,0,0.0,0,0.0
776,0,0.0,0,0.0,0,0.0
777,0,0.0,0,0.0,0,0.0
778,0,0.0,0,0.0,0,0.0
779,0,0.0033938910997184657,0,0.0033938910997184,0,6.548581121812447e-17
780,0,9.080512318516341e-05,0,9.08051231851634e-05,0,1.3552527156068805e-20
781,0,0.0,0,0.0,0,0.0
782,0,0.0,0,0.0,0,0.0
783,0,0.0,0,0.0,0,0.0
784,0,0.006726122043446221,0,0.0067261220434462,0,2.0816681711721685e-17
785,0,0.010033339448310292,0,0.0100333394483102,0,9.194034422677078e-17
786,0,0.00042715360827778187,0,0.0004271536082777,0,8.185726402265558e-17
787,0,0.005436594950944145,0,0.0054365949509441,0,4.5102810375396984e-17
788,0,0.01477304109469606,0,0.014773041094696,0,6.071532165918825e-17
789,0,8.917235480633414e-05,0,8.917235480633414e-05,0,0.0
790,0,0.00011513624448536734,0,0.0001151362444853,0,6.73425074385059e-17
791,0,0.0,0,0.0,0,0.0
792,0,0.005499136125724795,0,0.0054991361257247,0,9.540979117872439e-17
793,0,0.0,0,0.0,0,0.0
794,0,3.333944831029167e-05,0,3.333944831029167e-05,0,0.0
795,0,0.009919147669046958,0,0.0099191476690469,0,5.898059818321144e-17
796,0,0.00017342610263823145,0,0.0001734261026382,0,3.144186300207963e-17
797,0,3.628719429604681e-05,0,3.628719429604681e-05,0,0.0
798,0,1.0323304617013603e-05,0,1.0323304617013604e-05,0,1.6940658945086007e-21
799,0,2.268316268780985e-05,0,2.268316268780985e-05,0,0.0
800,0,3.333944831029167e-05,0,3.333944831029167e-05,0,0.0
801,0,0.0001225118031166258,0,0.0001225118031166,0,2.5804011705155006e-17
802,0,0.0,0,0.0,0,0.0
803,0,0.00011513624448536734,0,0.0001151362444853,0,6.73425074385059e-17
804,0,0.0001541219982068796,0,0.0001541219982068,0,7.960754451474816e-17
805,0,0.0,0,0.0,0,0.0
806,0,1.9163498718620877e-05,0,1.916349871862088e-05,0,3.3881317890172014e-21
807,0,0.0,0,0.0,0,0.0
808,0,0.0005139446871109546,0,0.0005139446871109,0,5.4643789493269423e-17
809,0,0.005410087739590364,0,0.0054100877395903,0,6.418476861114186e-17
810,0,0.0,0,0.0,0,0.0
811,0,3.333944831029167e-05,0,3.333944831029167e-05,0,0.0
812,0,0.0,0,0.0,0,0.0
813,0,0.0,0,0.0,0,0.0
814,0,8.364173005447687e-05,0,8.364173005447687e-05,0,0.0
815,0,3.402355459346448e-05,0,3.402355459346448e-05,0,0.0
816,0,0.0,0,0.0,0,0.0
817,0,0.0,0,0.0,0,0.0
818,0,0.0,0,0.0,0,0.0
819,0,4.136009371984747e-05,0,4.136009371984747e-05,0,0.0
820,0,0.0,0,0.0,0,0.0
821,0,0.0001987355188105903,0,0.0001987355188105,0,9.028693591373038e-17
822,0,0.00034873757374473684,0,0.0003487375737447,0,3.686287386450715e-17
823,0,0.0005524981547824235,0,0.0005524981547824,0,2.3527187142935446e-17
824,0,0.0,0,0.0,0,0.0
825,0,0.0,0,0.0,0,0.0
826,0,0.0006298217458627686,0,0.0006298217458627,0,6.862999751833243e-17
827,0,0.0,0,0.0,0,0.0
828,0,0.0,0,0.0,0,0.0
829,0,0.00023041394171425145,0,0.0002304139417142,0,5.1445393084437185e-17
830,0,3.333944831029167e-05,0,3.333944831029167e-05,0,0.0
831,0,0.0005001115415214183,0,0.0005001115415214,0,1.8323016715005025e-17
832,0,8.486290503296785e-06,0,8.486290503296785e-06,0,0.0
833,0,0.004888446564764261,0,0.0048884465647642,0,6.071532165918825e-17
834,0,0.0,0,0.0,0,0.0
835,0,0.005101799293754455,0,0.0051017992937544,0,5.551115123125783e-17
836,0,0.00011952826395254551,0,0.0001195282639525,0,4.550938619007905e-17
837,0,0.014640163313561747,0,0.0146401633135617,0,4.683753385137379e-17
838,0,0.005,0,0.005,0,0.0
839,0,0.004886914782676403,0,0.0048869147826764,0,2.6020852139652106e-18
840,0,0.0022465840443705878,0,0.0022465840443705,0,8.760353553682876e-17
841,0,0.0,0,0.0,0,0.0
842,0,0.00499571021027806,0,0.004995710210278,0,5.984795992119984e-17
843,0,0.0,0,0.0,0,0.0
844,0,3.628719429604681e-05,0,3.628719429604681e-05,0,0.0
845,0,0.0,0,0.0,0,0.0
846,0,0.0001321422657003281,0,0.0001321422657003,0,2.81079413216867e-17
847,0,0.00037176207327766414,0,0.0003717620732776,0,6.413055850251759e-17
848,0,0.0,0,0.0,0,0.0
849,0,0.0,0,0.0,0,0.0
850,0,0.0,0,0.0,0,0.0
851,0,0.0,0,0.0,0,0.0
852,0,0.004927604538855757,0,0.0049276045388557,0,5.724587470723463e-17
853,0,4.136009371984747e-05,0,4.136009371984747e-05,0,0.0
854,0,0.0,0,0.0,0,0.0
855,0,0.00041313422122362715,0,0.0004131342212236,0,2.7159264420761886e-17
856,0,0.0,0,0.0,0,0.0
857,0,0.0004048549992544613,0,0.0004048549992544,0,6.131163285405528e-17
858,0,0.0005447754074941054,0,0.0005447754074941,0,5.312590645178972e-18
859,0,3.333944831029167e-05,0,3.333944831029167e-05,0,0.0
860,0,0.005,0,0.005,0,0.0
861,0,0.00013329242670646218,0,0.0001332924267064,0,6.217899459204368e-17
862,0,0.0,0,0.0,0,0.0
863,0,0.0003829579227016369,0,0.0003829579227016,0,3.6917083973131426e-17
864,0,3.628719429604681e-05,0,3.628719429604681e-05,0,0.0
865,0,0.0,0,0.0,0,0.0
866,0,0.0,0,0.0,0,0.0
867,0,0.00020287230818885821,0,0.0002028723081888,0,5.822165666247159e-17
868,0,0.0,0,0.0,0,0.0
869,0,0.0,0,0.0,0,0.0
870,0,0.0,0,0.0,0,0.0
871,0,0.00012243547450402684,0,0.000122435474504,0,2.6834003769016235e-17
872,0,8.364173005447687e-05,0,8.364173005447687e-05,0,0.0
873,0,0.0,0,0.0,0,0.0
874,0,0.0002008539428435305,0,0.0002008539428435,0,3.052029115546695e-17
875,0,9.080512318516341e-05,0,9.08051231851634e-05,0,1.3552527156068805e-20
876,0,0.01,0,0.01,0,0.0
877,0,5.627566072263052e-05,0,5.627566072263052e-05,0,0.0
878,0,0.009587121438826961,0,0.0095871214388269,0,6.071532165918825e-17
879,0,0.0010182098954021914,0,0.0010182098954021,0,9.128982292327947e-17
880,0,5.538544517541651e-06,0,5.538544517541651e-06,0,0.0
881,0,0.00015019638002013568,0,0.0001501963800201,0,3.5670251474773096e-17
882,0,0.0,0,0.0,0,0.0
883,0,2.947745985755135e-06,0,2.947745985755135e-06,0,0.0
884,0,0.0538375879944782,0,0.0538375879944782,0,0.0
885,0,3.333944831029167e-05,0,3.333944831029167e-05,0,0.0
886,0,0.0,0,0.0,0,0.0
887,0,4.991214849712603e-05,0,4.991214849712603e-05,0,0.0
888,0,0.0,0,0.0,0,0.0
889,0,0.0,0,0.0,0,0.0
890,0,0.0,0,0.0,0,0.0
891,0,0.0018365340612855172,0,0.0018365340612855,0,1.713039432527097e-17
892,0,0.0006693859501795274,0,0.0006693859501795,0,2.7430314963883262e-17
893,0,0.0,0,0.0,0,0.0
894,0,3.333944831029167e-05,0,3.333944831029167e-05,0,0.0
895,0,3.628719429604681e-05,0,3.628719429604681e-05,0,0.0
896,0,0.00013329242670646218,0,0.0001332924267064,0,6.217899459204368e-17
897,0,8.739635355086754e-05,0,8.739635355086754e-05,0,0.0
898,0,4.136009371984747e-05,0,4.136009371984747e-05,0,0.0
899,0,0.0,0,0.0,0,0.0
900,0,0.0,0,0.0,0,0.0
901,0,2.947745985755135e-06,0,2.947745985755135e-06,0,0.0
902,0,8.020645409555797e-06,0,8.020645409555797e-06,0,0.0
903,0,8.179679617507566e-05,0,8.179679617507566e-05,0,0.0
904,0,4.593547280449433e-05,0,4.593547280449433e-05,0,0.0
905,0,8.486290503296785e-06,0,8.486290503296785e-06,0,0.0
906,0,3.628719429604681e-05,0,3.628719429604681e-05,0,0.0
907,0,8.486290503296785e-06,0,8.486290503296785e-06,0,0.0
908,0,0.00981706646156115,0,0.0098170664615611,0,5.0306980803327406e-17
909,0,0.00017590621471198507,0,0.0001759062147119,0,8.505566043148782e-17
910,0,0.005,0,0.005,0,0.0
911,0,0.0,0,0.0,0,0.0
912,0,0.010535063223542062,0,0.010535063223542,0,6.245004513516506e-17
913,0,0.0,0,0.0,0,0.0
914,0,0.0051561707980099306,0,0.0051561707980099,0,3.0357660829594124e-17
915,0,5.194120866901077e-05,0,5.194120866901077e-05,0,0.0
916,0,0.0,0,0.0,0,0.0
917,0,1.3624954201079227e-05,0,1.3624954201079228e-05,0,1.6940658945086007e-21
918,0,4.136009371984747e-05,0,4.136009371984747e-05,0,0.0
919,0,0.0,0,0.0,0,0.0
920,0,0.0,0,0.0,0,0.0
921,0,0.00013329242670646218,0,0.0001332924267064,0,6.217899459204368e-17
922,0,0.00010337714675653158,0,0.0001033771467565,0,3.1577388273640317e-17
923,0,0.0,0,0.0,0,0.0
924,0,3.628719429604681e-05,0,3.628719429604681e-05,0,0.0
925,0,0.0,0,0.0,0,0.0
926,0,1.9735416702054715e-05,0,1.9735416702054715e-05,0,0.0
927,0,0.00013883097122400383,0,0.000138830971224,0,3.821812658011403e-18
928,0,0.002013838381077346,0,0.0020138383810773,0,4.597017211338539e-17
929,0,0.00019070451468211614,0,0.0001907045146821,0,1.6127507315721878e-17
930,0,3.333944831029167e-05,0,3.333944831029167e-05,0,0.0
931,0,0.005813854670414082,0,0.005813854670414,0,8.239936510889834e-17
932,0,0.00017779665798939938,0,0.0001777966579893,0,9.936712910829648e-17
933,0,0.0,0,0.0,0,0.0
934,0,0.0,0,0.0,0,0.0
935,0,0.0,0,0.0,0,0.0
936,0,0.00499456542922522,0,0.0049945654292252,0,1.9949319973733282e-17
937,0,0.0,0,0.0,0,0.0
938,0,3.333944831029167e-05,0,3.333944831029167e-05,0,0.0
939,0,8.020645409555797e-06,0,8.020645409555797e-06,0,0.0
940,0,0.0,0,0.0,0,0.0
941,0,0.0006018470902091393,0,0.0006018470902091,0,3.924811864397526e-17
942,0,0.0,0,0.0,0,0.0
943,0,0.0,0,0.0,0,0.0
944,0,3.333944831029167e-05,0,3.333944831029167e-05,0,0.0
945,0,8.739635355086754e-05,0,8.739635355086754e-05,0,0.0
946,0,0.00013329242670646218,0,0.0001332924267064,0,6.217899459204368e-17
947,0,3.402355459346448e-05,0,3.402355459346448e-05,0,0.0
948,0,3.333944831029167e-05,0,3.333944831029167e-05,0,0.0
949,0,1.0323304617013603e-05,0,1.0323304617013604e-05,0,1.6940658945086007e-21
950,0,0.0,0,0.0,0,0.0
951,0,2.708805086201588e-05,0,2.708805086201588e-05,0,0.0
952,0,0.0,0,0.0,0,0.0
953,0,0.00021766812558489536,0,0.0002176681255848,0,9.535558107010011e-17
954,0,0.004859499700555372,0,0.0048594997005553,0,7.19910242530375e-17
955,0,3.333944831029167e-05,0,3.333944831029167e-05,0,0.0
956,0,0.0,0,0.0,0,0.0
957,0,0.0009978557502095722,0,0.0009978557502095,0,7.22078646875346e-17
958,0,8.739635355086754e-05,0,8.739635355086754e-05,0,0.0
959,0,0.0,0,0.0,0,0.0
960,0,1.0323304617013603e-05,0,1.0323304617013604e-05,0,1.6940658945086007e-21
961,0,0.00013046096331808095,0,0.000130460963318,0,8.096279723035504e-17
962,0,0.004986499174714442,0,0.0049864991747144,0,4.163336342344337e-17
963,0,0.00012243547450402684,0,0.000122435474504,0,2.6834003769016235e-17
964,0,0.0,0,0.0,0,0.0
965,0,0.00025362160855797,0,0.0002536216085579,0,6.998525023393931e-17
966,0,0.0034842561218057606,0,0.0034842561218057,0,6.071532165918825e-17
967,0,0.0,0,0.0,0,0.0
968,0,0.00013046096331808095,0,0.000130460963318,0,8.096279723035504e-17
969,0,3.333944831029167e-05,0,3.333944831029167e-05,0,0.0
970,0,0.0,0,0.0,0,0.0
971,0,0.0,0,0.0,0,0.0
972,0,0.0003283806221097257,0,0.0003283806221097,0,2.5695591487906455e-17
973,0,0.0,0,0.0,0,0.0
974,0,4.69644025113709e-05,0,4.69644025113709e-05,0,0.0
975,0,1.9735416702054715e-05,0,1.9735416702054715e-05,0,0.0
976,0,0.0,0,0.0,0,0.0
977,0,5.64617820009612e-05,0,5.64617820009612e-05,0,0.0
978,0,5.1683398336861075e-05,0,5.168339833686108e-05,0,6.776263578034403e-21
979,0,0.0,0,0.0,0,0.0
980,0,0.0053283806221097255,0,0.0053283806221097,0,2.5153490401663703e-17
981,0,0.0,0,0.0,0,0.0
982,0,0.0001404207214420336,0,0.000140420721442,0,3.35831622927385e-17
983,0,3.628719429604681e-05,0,3.628719429604681e-05,0,0.0
984,0,0.01,0,0.01,0,0.0
985,0,4.1825738813588453e-05,0,4.182573881358845e-05,0,6.776263578034403e-21
986,0,0.0,0,0.0,0,0.0
987,0,0.0,0,0.0,0,0.0
988,0,0.0,0,0.0,0,0.0
989,0,0.0001692340138511078,0,0.0001692340138511,0,7.806255641895632e-18
990,0,0.0,0,0.0,0,0.0
991,0,0.0,0,0.0,0,0.0
992,0,0.0,0,0.0,0,0.0
993,0,5.194120866901077e-05,0,5.194120866901077e-05,0,0.0
994,0,0.00036240417670319015,0,0.0003624041767031,0,9.015141064216969e-17
995,0,3.333944831029167e-05,0,3.333944831029167e-05,0,0.0
996,0,0.0,0,0.0,0,0.0
997,0,0.0,0,0.0,0,0.0
998,0,0.005,0,0.005,0,0.0
999,0,0.005,0,0.005,0,0.0
1000,0,3.402355459346448e-05,0,3.402355459346448e-05,0,0.0
1001,0,0.002882769816447982,0,0.0028827698164479,0,8.196568423990414e-17
1002,0,0.0,0,0.0,0,0.0
1003,0,0.0,0,0.0,0,0.0
1004,0,8.041596559889126e-05,0,8.041596559889126e-05,0,0.0
1005,0,0.0,0,0.0,0,0.0
1006,0,3.628719429604681e-05,0,3.628719429604681e-05,0,0.0
1007,0,0.005,0,0.005,0,0.0
1008,0,0.00560921499384558,0,0.0056092149938455,0,7.979727989493313e-17
1009,0,0.0,0,0.0,0,0.0
1010,0,0.0,0,0.0,0,0.0
1011,0,5.627566072263052e-05,0,5.627566072263052e-05,0,0.0
1012,0,8.486290503296785e-06,0,8.486290503296785e-06,0,0.0
1013,0,0.000304718133773755,0,0.0003047181337737,0,5.4969050145015075e-17
1014,0,5.7479753186552416e-05,0,5.7479753186552416e-05,0,0.0
1015,0,4.6823467564070586e-05,0,4.6823467564070586e-05,0,0.0
1016,0,0.0,0,0.0,0,0.0
1017,0,0.021422968741815613,0,0.0214229687418156,0,1.3877787807814457e-17
1018,0,3.333944831029167e-05,0,3.333944831029167e-05,0,0.0
1019,0,0.0,0,0.0,0,0.0
1020,0,0.0002311388570753492,0,0.0002311388570753,0,4.9195673576529764e-17
1021,0,0.0003153981254344452,0,0.0003153981254344,0,4.5211230592645535e-17
1022,0,0.005,0,0.005,0,0.0
1023,0,0.0,0,0.0,0,0.0
1024,0,5.538544517541651e-06,0,5.538544517541651e-06,0,0.0
1025,0,0.00016540538539802082,0,0.000165405385398,0,2.0816681711721685e-17
1026,0,0.005033339448310291,0,0.0050333394483102,0,9.107298248878237e-17
1027,0,0.005,0,0.005,0,0.0
1028,0,0.0,0,0.0,0,0.0
1029,0,0.0,0,0.0,0,0.0
1030,0,0.0,0,0.0,0,0.0
1031,0,5.538544517541651e-06,0,5.538544517541651e-06,0,0.0
1032,0,0.029854367661894234,0,0.0298543676618942,0,3.469446951953614e-17
1033,0,0.0,0,0.0,0,0.0
1034,0,0.004878957967810011,0,0.00487895796781,0,1.0408340855860843e-17
1035,0,0.00010657794246681571,0,0.0001065779424668,0,1.5707378973883745e-17
1036,0,0.005021499163413762,0,0.0050214991634137,0,6.245004513516506e-17
1037,0,0.0,0,0.0,0,0.0
1038,0,0.0,0,0.0,0,0.0
1039,0,0.0,0,0.0,0,0.0
1040,0,0.0,0,0.0,0,0.0
1041,0,0.0001292274282282102,0,0.0001292274282282,0,1.0191500421363742e-17
1042,0,7.302863221306229e-05,0,7.302863221306229e-05,0,0.0
1043,0,0.0,0,0.0,0,0.0
1044,0,0.00021766812558489536,0,0.0002176681255848,0,9.535558107010011e-17
1045,0,0.0004695771995441224,0,0.0004695771995441,0,2.2388774861825667e-17
1046,0,0.0,0,0.0,0,0.0
1047,0,0.0,0,0.0,0,0.0
1048,0,0.00982118372785931,0,0.0098211837278593,0,1.0408340855860843e-17
1049,0,0.0001948516627793024,0,0.0001948516627793,0,2.3852447794681098e-18
1050,0,0.0,0,0.0,0,0.0
1051,0,3.333944831029167e-05,0,3.333944831029167e-05,0,0.0
1052,0,6.27053275960487e-05,0,6.27053275960487e-05,0,0.0
1053,0,0.004989906177747538,0,0.0049899061777475,0,3.729655473350135e-17
1054,0,0.0,0,0.0,0,0.0
1055,0,8.486290503296785e-06,0,8.486290503296785e-06,0,0.0
1056,0,3.628719429604681e-05,0,3.628719429604681e-05,0,0.0
1057,0,0.00031843415854078877,0,0.0003184341585407,0,8.874194781793854e-17
1058,0,0.005,0,0.005,0,0.0
1059,0,1.9735416702054715e-05,0,1.9735416702054715e-05,0,0.0
1060,0,0.000623708730061994,0,0.0006237087300619,0,9.400032835449323e-17
1061,0,0.00016731598129992667,0,0.0001673159812999,0,2.667137344314341e-17
1062,0,0.00017772030435440458,0,0.0001777203043544,0,4.580754178751256e-18
1063,0,0.00017342610263823145,0,0.0001734261026382,0,3.144186300207963e-17
1064,0,0.0,0,0.0,0,0.0
1065,0,3.887799282783332e-05,0,3.887799282783332e-05,0,0.0
1066,0,8.961510903292219e-05,0,8.961510903292219e-05,0,0.0
1067,0,3.333944831029167e-05,0,3.333944831029167e-05,0,0.0
1068,0,0.0003095915341265443,0,0.0003095915341265,0,4.4289658746032856e-17
1069,0,4.366275292730528e-05,0,4.366275292730528e-05,0,0.0
1070,0,0.010306578929263073,0,0.010306578929263,0,7.28583859910259e-17
1071,0,0.00011623751480119709,0,0.0001162375148011,0,9.709030454607692e-17
1072,0,6.429630613218631e-05,0,6.429630613218631e-05,0,0.0
1073,0,3.333944831029167e-05,0,3.333944831029167e-05,0,0.0
1074,0,0.0,0,0.0,0,0.0
1075,0,3.333944831029167e-05,0,3.333944831029167e-05,0,0.0
1076,0,0.005092562855018677,0,0.0050925628550186,0,7.632783294297951e-17
1077,0,0.014857817963578495,0,0.0148578179635784,0,9.540979117872439e-17
1078,0,0.0,0,0.0,0,0.0
1079,0,0.00014413303792203878,0,0.000144133037922,0,3.878733272066892e-17
1080,0,5.602261099810152e-05,0,5.602261099810152e-05,0,0.0
1081,0,8.486290503296785e-06,0,8.486290503296785e-06,0,0.0
1082,0,0.0001692340138511078,0,0.0001692340138511,0,7.806255641895632e-18
1083,0,3.333944831029167e-05,0,3.333944831029167e-05,0,0.0
1084,0,0.0,0,0.0,0,0.0
1085,0,0.0,0,0.0,0,0.0
1086,0,0.0,0,0.0,0,0.0
1087,0,0.0,0,0.0,0,0.0
1088,0,0.0062877029225880884,0,0.006287702922588,0,8.847089727481716e-17
1089,0,0.0,0,0.0,0,0.0
1090,0,0.0,0,0.0,0,0.0
1091,0,9.99529783961705e-05,0,9.99529783961705e-05,0,0.0
1092,0,9.712151500778927e-05,0,9.712151500778928e-05,0,1.3552527156068805e-20
1093,0,0.00041251978836419773,0,0.0004125197883641,0,9.774082584956822e-17
1094,0,3.333944831029167e-05,0,3.333944831029167e-05,0,0.0
1095,0,2.947745985755135e-06,0,2.947745985755135e-06,0,0.0
1096,0,5.538544517541651e-06,0,5.538544517541651e-06,0,0.0
1097,0,0.020882834604117533,0,0.0208828346041175,0,3.469446951953614e-17
1098,0,0.0006386373004010224,0,0.000638637300401,0,2.233456475320139e-17
1099,0,0.005002947745985756,0,0.0050029477459857,0,5.551115123125783e-17
1100,0,0.0014289945171738917,0,0.0014289945171738,0,9.172350379227368e-17
1101,0,8.486290503296785e-06,0,8.486290503296785e-06,0,0.0
1102,0,0.0,0,0.0,0,0.0
1103,0,3.628719429604681e-05,0,3.628719429604681e-05,0,0.0
1104,0,0.0,0,0.0,0,0.0
1105,0,0.000255515390651606,0,0.0002555153906516,0,6.0173220572945496e-18
1106,0,0.0012619437581873395,0,0.0012619437581873,0,3.946495907847236e-17
1107,0,0.00035328617959555687,0,0.0003532861795955,0,5.686640394686471e-17
1108,0,5.627566072263052e-05,0,5.627566072263052e-05,0,0.0
1109,0,3.333944831029167e-05,0,3.333944831029167e-05,0,0.0
1110,0,0.0025687653273877885,0,0.0025687653273877,0,8.847089727481716e-17
1111,0,0.0,0,0.0,0,0.0
1112,0,0.0094987810955003,0,0.0094987810955003,0,0.0
1113,0,0.0015164106277259879,0,0.0015164106277259,0,8.782037597132586e-17
1114,0,0.005,0,0.005,0,0.0
1115,0,2.708805086201588e-05,0,2.708805086201588e-05,0,0.0
1116,0,0.0,0,0.0,0,0.0
1117,0,0.0,0,0.0,0,0.0
1118,0,0.04932630470606397,0,0.0493263047060639,0,6.938893903907228e-17
1119,0,9.712151500778927e-05,0,9.712151500778928e-05,0,1.3552527156068805e-20
1120,0,0.0007471082057733896,0,0.0007471082057733,0,8.955509944730267e-17
1121,0,0.0,0,0.0,0,0.0
1122,0,0.0,0,0.0,0,0.0
1123,0,0.004981360161272884,0,0.0049813601612728,0,8.413408858487514e-17
1124,0,5.64617820009612e-05,0,5.64617820009612e-05,0,0.0
1125,0,0.003257062911253314,0,0.0032570629112533,0,1.3877787807814457e-17
1126,0,3.333944831029167e-05,0,3.333944831029167e-05,0,0.0
1127,0,0.0,0,0.0,0,0.0
1128,0,3.333944831029167e-05,0,3.333944831029167e-05,0,0.0
1129,0,0.0,0,0.0,0,0.0
1130,0,0.0,0,0.0,0,0.0
1131,0,0.009814370808338828,0,0.0098143708083388,0,2.7755575615628914e-17
1132,0,0.00013329242670646218,0,0.0001332924267064,0,6.217899459204368e-17
1133,0,2.947745985755135e-06,0,2.947745985755135e-06,0,0.0
1134,0,3.333944831029167e-05,0,3.333944831029167e-05,0,0.0
1135,0,0.0004399640346243273,0,0.0004399640346243,0,2.7321894746634712e-17
1136,0,3.628719429604681e-05,0,3.628719429604681e-05,0,0.0
1137,0,0.0,0,0.0,0,0.0
1138,0,8.020645409555797e-06,0,8.020645409555797e-06,0,0.0
1139,0,0.00026322733294948433,0,0.0002632273329494,0,8.435092901937224e-17
1140,0,0.0,0,0.0,0,0.0
1141,0,0.04615546673578847,0,0.0461554667357884,0,6.938893903907228e-17
1142,0,0.0001614155001038417,0,0.0001614155001038,0,4.1714678586379783e-17
1143,0,0.005,0,0.005,0,0.0
1144,0,1.9735416702054715e-05,0,1.9735416702054715e-05,0,0.0
1145,0,0.00036950429248034674,0,0.0003695042924803,0,4.672911363412524e-17
1146,0,0.0,0,0.0,0,0.0
1147,0,3.333944831029167e-05,0,3.333944831029167e-05,0,0.0
1148,0,0.00013329242670646218,0,0.0001332924267064,0,6.217899459204368e-17
1149,0,3.333944831029167e-05,0,3.333944831029167e-05,0,0.0
1150,0,3.333944831029167e-05,0,3.333944831029167e-05,0,0.0
1151,0,3.628719429604681e-05,0,3.628719429604681e-05,0,0.0
1152,0,0.0022533672019533434,0,0.0022533672019533,0,4.336808689942018e-17
1153,0,3.628719429604681e-05,0,3.628719429604681e-05,0,0.0
1154,0,0.0,0,0.0,0,0.0
1155,0,0.0,0,0.0,0,0.0
1156,0,0.00013340870930383608,0,0.0001334087093038,0,3.607682728945516e-17
1157,0,0.0,0,0.0,0,0.0
1158,0,0.0,0,0.0,0,0.0
1159,0,0.014621893964320263,0,0.0146218939643202,0,6.245004513516506e-17
1160,0,0.0001189041236111966,0,0.0001189041236111,0,9.658886104130238e-17
1161,0,0.00010128470826255065,0,0.0001012847082625,0,5.0645793982229126e-17
1162,0,0.0001748938260956609,0,0.0001748938260956,0,6.090505703937321e-17
1163,0,9.869390973076413e-05,0,9.869390973076412e-05,0,1.3552527156068805e-20
1164,0,0.0,0,0.0,0,0.0
1165,0,0.005,0,0.005,0,0.0
1166,0,0.00010298935506558128,0,0.0001029893550655,0,8.127450535494463e-17
1167,0,0.0,0,0.0,0,0.0
1168,0,0.005187051398001982,0,0.0051870513980019,0,8.153200337090993e-17
1169,0,1.0323304617013603e-05,0,1.0323304617013604e-05,0,1.6940658945086007e-21
1170,0,0.0,0,0.0,0,0.0
1171,0,0.0,0,0.0,0,0.0
1172,0,0.00019707449340395977,0,0.0001970744934039,0,5.976664475826343e-17
1173,0,3.333944831029167e-05,0,3.333944831029167e-05,0,0.0
1174,0,1.0323304617013603e-05,0,1.0323304617013604e-05,0,1.6940658945086007e-21
1175,0,0.0012474244448979323,0,0.0012474244448979,0,3.230922474006803e-17
1176,0,0.0,0,0.0,0,0.0
1177,0,3.333944831029167e-05,0,3.333944831029167e-05,0,0.0
1178,0,3.333944831029167e-05,0,3.333944831029167e-05,0,0.0
1179,0,7.884905018932053e-05,0,7.884905018932053e-05,0,0.0
1180,0,7.884905018932053e-05,0,7.884905018932053e-05,0,0.0
1181,0,0.07413297442593332,0,0.0741329744259333,0,1.3877787807814457e-17
1182,0,0.014473291064417535,0,0.0144732910644175,0,3.469446951953614e-17
1183,0,0.0,0,0.0,0,0.0
1184,0,9.712151500778927e-05,0,9.712151500778928e-05,0,1.3552527156068805e-20
1185,0,0.00017342610263823145,0,0.0001734261026382,0,3.144186300207963e-17
1186,0,0.0,0,0.0,0,0.0
1187,0,0.00010337714675653158,0,0.0001033771467565,0,3.1577388273640317e-17
1188,0,0.049812372468660805,0,0.0498123724686608,0,6.938893903907228e-18
1189,0,3.333944831029167e-05,0,3.333944831029167e-05,0,0.0
1190,0,0.0,0,0.0,0,0.0
1191,0,0.0,0,0.0,0,0.0
1192,0,1.0323304617013603e-05,0,1.0323304617013604e-05,0,1.6940658945086007e-21
1193,0,4.2969910893993976e-05,0,4.2969910893993976e-05,0,0.0
1194,0,3.333944831029167e-05,0,3.333944831029167e-05,0,0.0
1195,0,0.0,0,0.0,0,0.0
1196,0,0.0,0,0.0,0,0.0
1197,0,0.00017590621471198507,0,0.0001759062147119,0,8.505566043148782e-17
1198,0,3.333944831029167e-05,0,3.333944831029167e-05,0,0.0
1199,0,0.00013329242670646218,0,0.0001332924267064,0,6.217899459204368e-17
1200,0,0.0,0,0.0,0,0.0
1201,0,0.0,0,0.0,0,0.0
1202,0,8.961510903292219e-05,0,8.961510903292219e-05,0,0.0
1203,0,0.005314789640592685,0,0.0053147896405926,0,8.500145032286355e-17
1204,0,0.005087396353550867,0,0.0050873963535508,0,6.678685382510707e-17
1205,0,0.004245852298830168,0,0.0042458522988301,0,6.765421556309548e-17
1206,0,3.333944831029167e-05,0,3.333944831029167e-05,0,0.0
1207,0,5.194120866901077e-05,0,5.194120866901077e-05,0,0.0
1208,0,0.0003018065057135132,0,0.0003018065057135,0,1.3227266504323154e-17
1209,0,3.333944831029167e-05,0,3.333944831029167e-05,0,0.0
1210,0,8.785737719940827e-05,0,8.785737719940827e-05,0,0.0
1211,0,3.333944831029167e-05,0,3.333944831029167e-05,0,0.0
1212,0,0.00013329242670646218,0,0.0001332924267064,0,6.217899459204368e-17
1213,0,0.0,0,0.0,0,0.0
1214,0,0.00522061587157065,0,0.0052206158715706,0,5.0306980803327406e-17
1215,0,0.00519835116405133,0,0.0051983511640513,0,3.0357660829594124e-17
1216,0,0.00023041394171425145,0,0.0002304139417142,0,5.1445393084437185e-17
1217,0,0.0,0,0.0,0,0.0
1218,0,0.005,0,0.005,0,0.0
1219,0,0.0,0,0.0,0,0.0
1220,0,0.0,0,0.0,0,0.0
1221,0,0.008253311448522515,0,0.0082533114485225,0,1.5612511283791264e-17
1222,0,8.961510903292219e-05,0,8.961510903292219e-05,0,0.0
1223,0,0.0,0,0.0,0,0.0
1224,0,0.0,0,0.0,0,0.0
1225,0,3.333944831029167e-05,0,3.333944831029167e-05,0,0.0
1226,0,3.333944831029167e-05,0,3.333944831029167e-05,0,0.0
1227,0,3.333944831029167e-05,0,3.333944831029167e-05,0,0.0
1228,0,5.602261099810152e-05,0,5.602261099810152e-05,0,0.0
1229,0,0.0004105880347326165,0,0.0004105880347326,0,1.6479873021779667e-17
1230,0,9.712151500778927e-05,0,9.712151500778928e-05,0,1.3552527156068805e-20
1231,0,0.00010549152291371215,0,0.0001054915229137,0,1.2156616858993718e-17
1232,0,4.2987726818739194e-05,0,4.29877268187392e-05,0,6.776263578034403e-21
1233,0,0.00026741795295056643,0,0.0002674179529505,0,6.640738306473715e-17
1234,0,0.000362167644079229,0,0.0003621676440792,0,2.9002408113987244e-17
1235,0,0.0005334509898317101,0,0.0005334509898317,0,1.0083080204115191e-17
1236,0,0.0,0,0.0,0,0.0
1237,0,8.709841960581086e-05,0,8.709841960581086e-05,0,0.0
1238,0,0.0005139446871109546,0,0.0005139446871109,0,5.4643789493269423e-17
1239,0,0.0001787111352266574,0,0.0001787111352266,0,5.738139997879532e-17
1240,0,0.0,0,0.0,0,0.0
1241,0,0.01490392663907808,0,0.014903926639078,0,7.979727989493313e-17
1242,0,0.0007365846688431193,0,0.0007365846688431,0,1.929879867024198e-17
1243,0,0.00012363866362638667,0,0.0001236386636263,0,8.668196369021608e-17
1244,0,0.0004631067897448326,0,0.0004631067897448,0,3.258027528318941e-17
1245,0,3.628719429604681e-05,0,3.628719429604681e-05,0,0.0
1246,0,3.333944831029167e-05,0,3.333944831029167e-05,0,0.0
1247,0,8.486290503296785e-06,0,8.486290503296785e-06,0,0.0
1248,0,0.033166149361048024,0,0.033166149361048,0,2.0816681711721685e-17
1249,0,0.00033368263400330626,0,0.0003336826340033,0,6.2341624917916505e-18
1250,0,0.0,0,0.0,0,0.0
1251,0,0.0,0,0.0,0,0.0
1252,0,3.333944831029167e-05,0,3.333944831029167e-05,0,0.0
1253,0,0.01957985262877434,0,0.0195798526287743,0,4.163336342344337e-17
1254,0,0.0,0,0.0,0,0.0
1255,0,5.538544517541651e-06,0,5.538544517541651e-06,0,0.0
1256,0,5.64617820009612e-05,0,5.64617820009612e-05,0,0.0
1257,0,0.005200329072006308,0,0.0052003290720063,0,7.806255641895632e-18
1258,0,0.004926267101485052,0,0.004926267101485,0,5.204170427930421e-17
1259,0,5.030228174418519e-05,0,5.030228174418519e-05,0,0.0
1260,0,3.333944831029167e-05,0,3.333944831029167e-05,0,0.0
1261,0,8.961510903292219e-05,0,8.961510903292219e-05,0,0.0
1262,0,1.83439500265694e-05,0,1.83439500265694e-05,0,0.0
1263,0,0.0,0,0.0,0,0.0
1264,0,0.0001469173809075414,0,0.0001469173809075,0,4.138941793463413e-17
1265,0,3.628719429604681e-05,0,3.628719429604681e-05,0,0.0
1266,0,0.000247914016719553,0,0.0002479140167195,0,5.3017486234541167e-17
1267,0,0.0,0,0.0,0,0.0
1268,0,0.000828281606801661,0,0.0008282816068016,0,6.10405823109339e-17
1269,0,3.333944831029167e-05,0,3.333944831029167e-05,0,0.0
1270,0,0.01,0,0.01,0,0.0
1271,0,0.00012243547450402684,0,0.000122435474504,0,2.6834003769016235e-17
1272,0,0.010028417845494499,0,0.0100284178454944,0,9.8879238130678e-17
1273,0,0.0,0,0.0,0,0.0
1274,0,0.0,0,0.0,0,0.0
1275,0,0.0,0,0.0,0,0.0
1276,0,1.0323304617013603e-05,0,1.0323304617013604e-05,0,1.6940658945086007e-21
1277,0,8.961510903292219e-05,0,8.961510903292219e-05,0,0.0
1278,0,0.00021113680765630797,0,0.0002111368076563,0,7.968885967768458e-18
1279,0,0.0,0,0.0,0,0.0
1280,0,0.0,0,0.0,0,0.0
1281,0,0.0,0,0.0,0,0.0
1282,0,5.538544517541651e-06,0,5.538544517541651e-06,0,0.0
1283,0,1.8601760358719096e-05,0,1.8601760358719096e-05,0,0.0
1284,0,9.712151500778927e-05,0,9.712151500778928e-05,0,1.3552527156068805e-20
1285,0,0.00029471024784643777,0,0.0002947102478464,0,3.778444571111983e-17
1286,0,0.0003153981254344452,0,0.0003153981254344,0,4.5211230592645535e-17
1287,0,0.01,0,0.01,0,0.0
1288,0,6.064596036173937e-05,0,6.064596036173937e-05,0,0.0
1289,0,0.000304718133773755,0,0.0003047181337737,0,5.4969050145015075e-17
1290,0,0.00017772030435440458,0,0.0001777203043544,0,4.580754178751256e-18
1291,0,8.486290503296785e-06,0,8.486290503296785e-06,0,0.0
1292,0,0.0,0,0.0,0,0.0
1293,0,0.0,0,0.0,0,0.0
1294,0,3.333944831029167e-05,0,3.333944831029167e-05,0,0.0
1295,0,2.414030487626075e-05,0,2.414030487626075e-05,0,0.0
1296,0,0.0,0,0.0,0,0.0
1297,0,0.005,0,0.005,0,0.0
1298,0,0.008746651886832948,0,0.0087466518868329,0,4.85722573273506e-17
1299,0,0.0,0,0.0,0,0.0
1300,0,9.648278508447526e-06,0,9.648278508447526e-06,0,0.0
1301,0,0.0001941441631151185,0,0.0001941441631151,0,1.848564704087785e-17
1302,0,0.0,0,0.0,0,0.0
1303,0,3.333944831029167e-05,0,3.333944831029167e-05,0,0.0
1304,0,0.0,0,0.0,0,0.0
1305,0,0.0,0,0.0,0,0.0
1306,0,0.005,0,0.005,0,0.0
1307,0,0.0,0,0.0,0,0.0
1308,0,3.333944831029167e-05,0,3.333944831029167e-05,0,0.0
1309,0,3.333944831029167e-05,0,3.333944831029167e-05,0,0.0
1310,0,0.0,0,0.0,0,0.0
1311,0,5.147401732203597e-05,0,5.147401732203597e-05,0,0.0
1312,0,3.402355459346448e-05,0,3.402355459346448e-05,0,0.0
1313,0,0.0,0,0.0,0,0.0
1314,0,0.00014217089120608156,0,0.000142170891206,0,8.155910842522207e-17
1315,0,0.0,0,0.0,0,0.0
1316,0,0.00017637384862398658,0,0.0001763738486239,0,8.657354347296753e-17
1317,0,1.0323304617013603e-05,0,1.0323304617013604e-05,0,1.6940658945086007e-21
1318,0,0.0,0,0.0,0,0.0
1319,0,0.0,0,0.0,0,0.0
1320,0,0.005038877992827833,0,0.0050388779928278,0,3.2959746043559335e-17
1321,0,0.00025014935841630615,0,0.0002501493584163,0,6.1257422745431e-18
1322,0,0.005,0,0.005,0,0.0
1323,0,0.00035546867297174154,0,0.0003554686729717,0,4.152494320619482e-17
1324,0,4.136009371984747e-05,0,4.136009371984747e-05,0,0.0
1325,0,0.0004796461642975589,0,0.0004796461642975,0,5.892638807458717e-17
1326,0,0.0002973938778184465,0,0.0002973938778184,0,4.6458063091003865e-17
1327,0,9.99529783961705e-05,0,9.99529783961705e-05,0,0.0
1328,0,0.00015641476039713172,0,0.0001564147603971,0,3.1712913545201005e-17
1329,0,3.333944831029167e-05,0,3.333944831029167e-05,0,0.0
1330,0,0.005,0,0.005,0,0.0
1331,0,0.0014229693594988554,0,0.0014229693594988,0,5.551115123125783e-17
1332,0,0.005,0,0.005,0,0.0
1333,0,0.0,0,0.0,0,0.0
1334,0,3.333944831029167e-05,0,3.333944831029167e-05,0,0.0
1335,0,3.333944831029167e-05,0,3.333944831029167e-05,0,0.0
1336,0,0.00017342610263823145,0,0.0001734261026382,0,3.144186300207963e-17
1337,0,0.005,0,0.005,0,0.0
1338,0,0.014938504435371956,0,0.0149385044353719,0,5.551115123125783e-17
1339,0,0.0,0,0.0,0,0.0
1340,0,0.004379107760382697,0,0.0043791077603826,0,9.71445146547012e-17
1341,0,0.0,0,0.0,0,0.0
1342,0,0.0,0,0.0,0,0.0
1343,0,8.020645409555797e-06,0,8.020645409555797e-06,0,0.0
1344,0,2.947745985755135e-06,0,2.947745985755135e-06,0,0.0
1345,0,0.014882355293069973,0,0.0148823552930699,0,7.28583859910259e-17
1346,0,0.011061139335322651,0,0.0110611393353226,0,5.0306980803327406e-17
1347,0,5.7479753186552416e-05,0,5.7479753186552416e-05,0,0.0
1348,0,0.0,0,0.0,0,0.0
1349,0,0.00020971329693427826,0,0.0002097132969342,0,7.825229179914128e-17
1350,0,0.0011624240435852023,0,0.0011624240435852,0,2.3852447794681098e-18
1351,0,0.000304718133773755,0,0.0003047181337737,0,5.4969050145015075e-17
1352,0,0.005033339448310291,0,0.0050333394483102,0,9.107298248878237e-17
1353,0,0.010574535891034862,0,0.0105745358910348,0,6.245004513516506e-17
1354,0,0.00499414077757042,0,0.0049941407775704,0,1.9949319973733282e-17
1355,0,0.004678789620766091,0,0.004678789620766,0,9.107298248878237e-17
1356,0,0.0,0,0.0,0,0.0
1357,0,0.00021766812558489536,0,0.0002176681255848,0,9.535558107010011e-17
1358,0,0.008737812140616062,0,0.008737812140616,0,6.071532165918825e-17
1359,0,0.0,0,0.0,0,0.0
1360,0,0.0001189041236111966,0,0.0001189041236111,0,9.658886104130238e-17
1361,0,0.0,0,0.0,0,0.0
1362,0,0.0,0,0.0,0,0.0
1363,0,3.333944831029167e-05,0,3.333944831029167e-05,0,0.0
1364,0,0.0,0,0.0,0,0.0
1365,0,0.0,0,0.0,0,0.0
1366,0,3.628719429604681e-05,0,3.628719429604681e-05,0,0.0
1367,0,0.0002359524862317931,0,0.0002359524862317,0,9.310586156219269e-17
1368,0,8.020645409555797e-06,0,8.020645409555797e-06,0,0.0
1369,0,0.0,0,0.0,0,0.0
1370,0,0.0,0,0.0,0,0.0
1371,0,0.0,0,0.0,0,0.0
1372,0,0.0,0,0.0,0,0.0
1373,0,0.0,0,0.0,0,0.0
1374,0,0.00020971329693427826,0,0.0002097132969342,0,7.825229179914128e-17
1375,0,0.0,0,0.0,0,0.0
1376,0,0.0,0,0.0,0,0.0
1377,0,0.0,0,0.0,0,0.0
1378,0,0.000351685319730492,0,0.0003516853197304,0,9.199455433539505e-17
1379,0,7.527255162773102e-05,0,7.527255162773102e-05,0,0.0
1380,0,0.0003014295123614802,0,0.0003014295123614,0,8.023096076392733e-17
1381,0,3.333944831029167e-05,0,3.333944831029167e-05,0,0.0
1382,0,3.333944831029167e-05,0,3.333944831029167e-05,0,0.0
1383,0,3.333944831029167e-05,0,3.333944831029167e-05,0,0.0
1384,0,3.333944831029167e-05,0,3.333944831029167e-05,0,0.0
1385,0,0.0,0,0.0,0,0.0
1386,0,0.004775770365886205,0,0.0047757703658862,0,5.204170427930421e-18
1387,0,1.9735416702054715e-05,0,1.9735416702054715e-05,0,0.0
1388,0,0.015,0,0.015,0,0.0
1389,0,0.0,0,0.0,0,0.0
1390,0,0.0,0,0.0,0,0.0
1391,0,0.0,0,0.0,0,0.0
1392,0,3.333944831029167e-05,0,3.333944831029167e-05,0,0.0
1393,0,9.712151500778927e-05,0,9.712151500778928e-05,0,1.3552527156068805e-20
1394,0,0.0,0,0.0,0,0.0
1395,0,0.00013329242670646218,0,0.0001332924267064,0,6.217899459204368e-17
1396,0,0.0,0,0.0,0,0.0
1397,0,3.333944831029167e-05,0,3.333944831029167e-05,0,0.0
1398,0,3.628719429604681e-05,0,3.628719429604681e-05,0,0.0
1399,0,4.366275292730528e-05,0,4.366275292730528e-05,0,0.0
1400,0,0.0,0,0.0,0,0.0
1401,0,0.00017342610263823145,0,0.0001734261026382,0,3.144186300207963e-17
1402,0,0.005,0,0.005,0,0.0
1403,0,3.887799282783332e-05,0,3.887799282783332e-05,0,0.0
1404,0,0.0,0,0.0,0,0.0
1405,0,0.0027300858982451564,0,0.0027300858982451,0,5.637851296924623e-17
1406,0,0.0,0,0.0,0,0.0
1407,0,0.0001655950674401992,0,0.0001655950674401,0,9.920449878242366e-17
1408,0,3.333944831029167e-05,0,3.333944831029167e-05,0,0.0
1409,0,0.0,0,0.0,0,0.0
1410,0,3.333944831029167e-05,0,3.333944831029167e-05,0,0.0
1411,0,0.0,0,0.0,0,0.0
1412,0,0.0003220507683532305,0,0.0003220507683532,0,3.0466081046842675e-17
1413,0,8.020645409555797e-06,0,8.020645409555797e-06,0,0.0
1414,0,0.0003283806221097257,0,0.0003283806221097,0,2.5695591487906455e-17
1415,0,0.0003283806221097257,0,0.0003283806221097,0,2.5695591487906455e-17
1416,0,0.0,0,0.0,0,0.0
1417,0,0.0,0,0.0,0,0.0
1418,0,9.99529783961705e-05,0,9.99529783961705e-05,0,0.0
1419,0,0.00020039020729684405,0,0.0002003902072968,0,4.404571325722362e-17
1420,0,0.0,0,0.0,0,0.0
1421,0,2.947745985755135e-06,0,2.947745985755135e-06,0,0.0
1422,0,0.0,0,0.0,0,0.0
1423,0,0.0,0,0.0,0,0.0
1424,0,0.00013329242670646218,0,0.0001332924267064,0,6.217899459204368e-17
1425,0,0.0,0,0.0,0,0.0
1426,0,0.0,0,0.0,0,0.0
1427,0,0.0006857903905669767,0,0.0006857903905669,0,7.665309359472516e-17
1428,0,3.333944831029167e-05,0,3.333944831029167e-05,0,0.0
1429,0,2.947745985755135e-06,0,2.947745985755135e-06,0,0.0
1430,0,0.0,0,0.0,0,0.0
1431,0,3.628719429604681e-05,0,3.628719429604681e-05,0,0.0
1432,0,0.0,0,0.0,0,0.0
1433,0,0.00013329242670646218,0,0.0001332924267064,0,6.217899459204368e-17
1434,0,0.00433546572601853,0,0.0043354657260185,0,3.0357660829594124e-17
1435,0,0.0,0,0.0,0,0.0
1436,0,0.0,0,0.0,0,0.0
1437,0,0.0,0,0.0,0,0.0
1438,0,0.0003153981254344452,0,0.0003153981254344,0,4.5211230592645535e-17
1439,0,0.0,0,0.0,0,0.0
1440,0,5.64617820009612e-05,0,5.64617820009612e-05,0,0.0
1441,0,0.0,0,0.0,0,0.0
1442,0,3.333944831029167e-05,0,3.333944831029167e-05,0,0.0
1443,0,1.0323304617013603e-05,0,1.0323304617013604e-05,0,1.6940658945086007e-21
1444,0,0.0,0,0.0,0,0.0
1445,0,0.000304718133773755,0,0.0003047181337737,0,5.4969050145015075e-17
1446,0,0.0,0,0.0,0,0.0
1447,0,0.00016175023070913875,0,0.0001617502307091,0,3.8760227666356784e-17
1448,0,0.0003153981254344452,0,0.0003153981254344,0,4.5211230592645535e-17
1449,0,3.628719429604681e-05,0,3.628719429604681e-05,0,0.0
1450,0,0.0006705676686395832,0,0.0006705676686395,0,8.326672684688674e-17
1451,0,0.0007096438292521341,0,0.0007096438292521,0,3.415236843329339e-17
1452,0,3.333944831029167e-05,0,3.333944831029167e-05,0,0.0
1453,0,0.00504696440251137,0,0.0050469644025113,0,7.025630077706069e-17
1454,0,0.0001107464692088685,0,0.0001107464692088,0,6.849447224677174e-17
1455,0,5.627566072263052e-05,0,5.627566072263052e-05,0,0.0
1456,0,0.0003819724275200804,0,0.00038197242752,0,8.039359108980015e-17
1457,0,3.333944831029167e-05,0,3.333944831029167e-05,0,0.0
1458,0,0.0,0,0.0,0,0.0
1459,0,4.366275292730528e-05,0,4.366275292730528e-05,0,0.0
1460,0,3.333944831029167e-05,0,3.333944831029167e-05,0,0.0
1461,0,0.0,0,0.0,0,0.0
1462,0,0.005427153608277782,0,0.0054271536082777,0,8.239936510889834e-17
1463,0,0.0004973876356478643,0,0.0004973876356478,0,6.429318882839041e-17
1464,0,4.2987726818739194e-05,0,4.29877268187392e-05,0,6.776263578034403e-21
1465,0,0.0,0,0.0,0,0.0
1466,0,0.00020971329693427826,0,0.0002097132969342,0,7.825229179914128e-17
1467,0,0.005001502954768907,0,0.0050015029547689,0,6.938893903907228e-18
1468,0,1.0323304617013603e-05,0,1.0323304617013604e-05,0,1.6940658945086007e-21
1469,0,0.005,0,0.005,0,0.0
1470,0,4.136009371984747e-05,0,4.136009371984747e-05,0,0.0
1471,0,0.014613394931707237,0,0.0146133949317072,0,3.8163916471489756e-17
1472,0,5.030228174418519e-05,0,5.030228174418519e-05,0,0.0
1473,0,0.0001189041236111966,0,0.0001189041236111,0,9.658886104130238e-17
1474,0,5.030228174418519e-05,0,5.030228174418519e-05,0,0.0
1475,0,0.0002540094002489203,0,0.0002540094002489,0,2.0274580625478933e-17
1476,0,3.628719429604681e-05,0,3.628719429604681e-05,0,0.0
1477,0,2.414030487626075e-05,0,2.414030487626075e-05,0,0.0
1478,0,0.004949133694560876,0,0.0049491336945608,0,7.632783294297951e-17
1479,0,3.333944831029167e-05,0,3.333944831029167e-05,0,0.0
1480,0,0.005,0,0.005,0,0.0
1481,0,3.628719429604681e-05,0,3.628719429604681e-05,0,0.0
1482,0,0.005582150657312578,0,0.0055821506573125,0,7.806255641895632e-17
1483,0,0.0001469173809075414,0,0.0001469173809075,0,4.138941793463413e-17
1484,0,5.307486501234639e-05,0,5.307486501234639e-05,0,0.0
1485,0,0.0,0,0.0,0,0.0
1486,0,7.527255162773102e-05,0,7.527255162773102e-05,0,0.0
1487,0,0.0,0,0.0,0,0.0
1488,0,3.333944831029167e-05,0,3.333944831029167e-05,0,0.0
1489,0,0.0029684887991249576,0,0.0029684887991249,0,5.767955557622884e-17
1490,0,0.0,0,0.0,0,0.0
1491,0,0.0005295619423700846,0,0.00052956194237,0,8.46761896711179e-17
1492,0,0.0005124727667603682,0,0.0005124727667603,0,6.819631664933823e-17
1493,0,0.00041474261898885513,0,0.0004147426189888,0,5.51316804708879e-17
1494,0,0.004917168895000148,0,0.0049171688950001,0,4.85722573273506e-17
1495,0,0.00484140606486819,0,0.0048414060648681,0,9.020562075079397e-17
1496,0,3.333944831029167e-05,0,3.333944831029167e-05,0,0.0
1497,0,4.366275292730528e-05,0,4.366275292730528e-05,0,0.0
1498,0,0.00026724507342158337,0,0.0002672450734215,0,8.337514706413529e-17
1499,0,0.0003038870659563124,0,0.0003038870659563,0,1.235990476633475e-17
1500,0,0.00021766812558489536,0,0.0002176681255848,0,9.535558107010011e-17
1501,0,4.136009371984747e-05,0,4.136009371984747e-05,0,0.0
1502,0,0.004519719447534074,0,0.004519719447534,0,7.45931094670027e-17
1503,0,0.0,0,0.0,0,0.0
1504,0,0.00011218849849961221,0,0.0001121884984996,0,1.2210826967617994e-17
1505,0,0.0007298495347512332,0,0.0007298495347512,0,3.3176586478056436e-17
1506,0,0.00020971329693427826,0,0.0002097132969342,0,7.825229179914128e-17
1507,0,0.005,0,0.005,0,0.0
1508,0,8.364173005447687e-05,0,8.364173005447687e-05,0,0.0
1509,0,0.0,0,0.0,0,0.0
1510,0,0.0,0,0.0,0,0.0
1511,0,0.00036812683189543576,0,0.0003681268318954,0,3.5778671692021646e-17
1512,0,1.9735416702054715e-05,0,1.9735416702054715e-05,0,0.0
1513,0,3.333944831029167e-05,0,3.333944831029167e-05,0,0.0
1514,0,0.0017010127819930428,0,0.001701012781993,0,4.2717565595928875e-17
1515,0,0.0,0,0.0,0,0.0
1516,0,3.333944831029167e-05,0,3.333944831029167e-05,0,0.0
1517,0,0.0,0,0.0,0,0.0
1518,0,0.0,0,0.0,0,0.0
1519,0,8.6589476040232e-05,0,8.6589476040232e-05,0,0.0
1520,0,0.0,0,0.0,0,0.0
1521,0,0.0001541219982068796,0,0.0001541219982068,0,7.960754451474816e-17
1522,0,0.0,0,0.0,0,0.0
1523,0,0.005,0,0.005,0,0.0
1524,0,0.004595410969424673,0,0.0045954109694246,0,7.28583859910259e-17
1525,0,0.0,0,0.0,0,0.0
1526,0,0.0,0,0.0,0,0.0
1527,0,3.628719429604681e-05,0,3.628719429604681e-05,0,0.0
1528,0,3.333944831029167e-05,0,3.333944831029167e-05,0,0.0
1529,0,0.0,0,0.0,0,0.0
1530,0,0.00022581262126055845,0,0.0002258126212605,0,5.843849709696869e-17
1531,0,0.0,0,0.0,0,0.0
1532,0,0.0009273209993537275,0,0.0009273209993537,0,2.7538735181131813e-17
1533,0,0.00032093666995198686,0,0.0003209366699519,0,8.68445940160889e-17
1534,0,0.0,0,0.0,0,0.0
1535,0,0.0053283806221097255,0,0.0053283806221097,0,2.5153490401663703e-17
1536,0,5.307486501234639e-05,0,5.307486501234639e-05,0,0.0
1537,0,0.01,0,0.01,0,0.0
1538,0,0.0005314111902413287,0,0.0005314111902413,0,2.873135757086587e-17
1539,0,0.0,0,0.0,0,0.0
1540,0,3.333944831029167e-05,0,3.333944831029167e-05,0,0.0
1541,0,3.333944831029167e-05,0,3.333944831029167e-05,0,0.0
1542,0,0.0,0,0.0,0,0.0
1543,0,0.0002206158715706505,0,0.0002206158715706,0,5.049671618351237e-17
1544,0,0.0021662639180228525,0,0.0021662639180228,0,5.2475385148298415e-17
1545,0,0.0,0,0.0,0,0.0
1546,0,0.0,0,0.0,0,0.0
1547,0,0.0,0,0.0,0,0.0
1548,0,0.0,0,0.0,0,0.0
1549,0,1.0323304617013603e-05,0,1.0323304617013604e-05,0,1.6940658945086007e-21
1550,0,0.0,0,0.0,0,0.0
1551,0,0.0004998150898296374,0,0.0004998150898296,0,3.74049749507499e-17
1552,0,0.0004935975812072537,0,0.0004935975812072,0,5.366800753803247e-17
1553,0,3.333944831029167e-05,0,3.333944831029167e-05,0,0.0
1554,0,0.0,0,0.0,0,0.0
1555,0,3.333944831029167e-05,0,3.333944831029167e-05,0,0.0
1556,0,3.333944831029167e-05,0,3.333944831029167e-05,0,0.0
1557,0,3.333944831029167e-05,0,3.333944831029167e-05,0,0.0
1558,0,0.0,0,0.0,0,0.0
1559,0,5.538544517541651e-06,0,5.538544517541651e-06,0,0.0
1560,0,0.0,0,0.0,0,0.0
1561,0,0.0,0,0.0,0,0.0
1562,0,3.333944831029167e-05,0,3.333944831029167e-05,0,0.0
1563,0,0.0,0,0.0,0,0.0
1564,0,0.0,0,0.0,0,0.0
1565,0,0.00017342610263823145,0,0.0001734261026382,0,3.144186300207963e-17
1566,0,0.0,0,0.0,0,0.0
1567,0,3.333944831029167e-05,0,3.333944831029167e-05,0,0.0
1568,0,3.333944831029167e-05,0,3.333944831029167e-05,0,0.0
1569,0,0.033606599094346046,0,0.033606599094346,0,4.85722573273506e-17
1570,0,0.0,0,0.0,0,0.0
1571,0,0.02000951620559756,0,0.0200095162055975,0,6.245004513516506e-17
1572,0,3.333944831029167e-05,0,3.333944831029167e-05,0,0.0
1573,0,3.402355459346448e-05,0,3.402355459346448e-05,0,0.0
1574,0,0.0,0,0.0,0,0.0
1575,0,0.002118823200228596,0,0.0021188232002285,0,9.584347204771859e-17
1576,0,0.005,0,0.005,0,0.0
1577,0,0.0,0,0.0,0,0.0
1578,0,3.333944831029167e-05,0,3.333944831029167e-05,0,0.0
1579,0,0.0,0,0.0,0,0.0
1580,0,0.0003676109982888805,0,0.0003676109982888,0,8.044780119842443e-17
1581,0,0.00014847924973245135,0,0.0001484792497324,0,5.136407792150077e-17
1582,0,0.0,0,0.0,0,0.0
1583,0,3.333944831029167e-05,0,3.333944831029167e-05,0,0.0
1584,0,5.940952798671633e-05,0,5.940952798671633e-05,0,0.0
1585,0,0.00945792704960792,0,0.0094579270496079,0,1.9081958235744878e-17
1586,0,0.0,0,0.0,0,0.0
1587,0,0.0,0,0.0,0,0.0
1588,0,0.030167416295993642,0,0.0301674162959936,0,4.163336342344337e-17
1589,0,0.0,0,0.0,0,0.0
1590,0,0.0,0,0.0,0,0.0
1591,0,3.333944831029167e-05,0,3.333944831029167e-05,0,0.0
1592,0,4.1825738813588453e-05,0,4.182573881358845e-05,0,6.776263578034403e-21
1593,0,0.00013329242670646218,0,0.0001332924267064,0,6.217899459204368e-17
1594,0,8.961510903292219e-05,0,8.961510903292219e-05,0,0.0
1595,0,3.333944831029167e-05,0,3.333944831029167e-05,0,0.0
1596,0,0.0,0,0.0,0,0.0
1597,0,3.333944831029167e-05,0,3.333944831029167e-05,0,0.0
1598,0,0.0001429407052149097,0,0.0001429407052149,0,9.703609443745265e-18
1599,0,3.333944831029167e-05,0,3.333944831029167e-05,0,0.0
1600,0,0.00013329242670646218,0,0.0001332924267064,0,6.217899459204368e-17
1601,0,0.0,0,0.0,0,0.0
1602,0,3.333944831029167e-05,0,3.333944831029167e-05,0,0.0
1603,0,0.00035328617959555687,0,0.0003532861795955,0,5.686640394686471e-17
1604,0,0.0,0,0.0,0,0.0
1605,0,0.003546381733509723,0,0.0035463817335097,0,2.2985086056692694e-17
1606,0,8.486290503296785e-06,0,8.486290503296785e-06,0,0.0
1607,0,0.0,0,0.0,0,0.0
1608,0,0.0,0,0.0,0,0.0
1609,0,0.0,0,0.0,0,0.0
1610,0,0.02478202248809258,0,0.0247820224880925,0,7.979727989493313e-17
1611,0,5.4888954654765904e-05,0,5.4888954654765904e-05,0,0.0
1612,0,0.0,0,0.0,0,0.0
1613,0,0.00013046096331808095,0,0.000130460963318,0,8.096279723035504e-17
1614,0,0.005036287194296047,0,0.005036287194296,0,4.683753385137379e-17
1615,0,0.0,0,0.0,0,0.0
1616,0,3.333944831029167e-05,0,3.333944831029167e-05,0,0.0
1617,0,0.005033339448310291,0,0.0050333394483102,0,9.107298248878237e-17
1618,0,0.00013329242670646218,0,0.0001332924267064,0,6.217899459204368e-17
1619,0,0.0,0,0.0,0,0.0
1620,0,0.0019456480464522018,0,0.0019456480464522,0,1.734723475976807e-18
1621,0,0.00042715360827778187,0,0.0004271536082777,0,8.185726402265558e-17
1622,0,0.0,0,0.0,0,0.0
1623,0,0.0,0,0.0,0,0.0
1624,0,0.0,0,0.0,0,0.0
1625,0,0.0,0,0.0,0,0.0
1626,0,0.0,0,0.0,0,0.0
1627,0,3.628719429604681e-05,0,3.628719429604681e-05,0,0.0
1628,0,0.0,0,0.0,0,0.0
1629,0,0.0048810725313626815,0,0.0048810725313626,0,8.153200337090993e-17
1630,0,0.0,0,0.0,0,0.0
1631,0,0.0,0,0.0,0,0.0
1632,0,0.025,0,0.025,0,0.0
1633,0,0.015246792871448313,0,0.0152467928714483,0,1.3877787807814457e-17
1634,0,0.00022193971364131828,0,0.0002219397136413,0,1.8295911660692887e-17
1635,0,0.0,0,0.0,0,0.0
1636,0,0.00096974524943678,0,0.0009697452494367,0,8.001412032943023e-17
1637,0,0.005,0,0.005,0,0.0
1638,0,0.005,0,0.005,0,0.0
1639,0,0.0,0,0.0,0,0.0
1640,0,5.538544517541651e-06,0,5.538544517541651e-06,0,0.0
1641,0,0.0,0,0.0,0,0.0
1642,0,0.0,0,0.0,0,0.0
1643,0,0.0,0,0.0,0,0.0
1644,0,0.0006295149207662551,0,0.0006295149207662,0,5.5077470362263625e-17
1645,0,0.005,0,0.005,0,0.0
1646,0,0.0005028638879008205,0,0.0005028638879008,0,2.0491421059976034e-17
1647,0,2.947745985755135e-06,0,2.947745985755135e-06,0,0.0
1648,0,0.0015591120277387578,0,0.0015591120277387,0,5.767955557622884e-17
1649,0,3.333944831029167e-05,0,3.333944831029167e-05,0,0.0
1650,0,0.0001591594321773522,0,0.0001591594321773,0,5.220433460517704e-17
1651,0,0.0001469173809075414,0,0.0001469173809075,0,4.138941793463413e-17
1652,0,0.0,0,0.0,0,0.0
1653,0,0.0,0,0.0,0,0.0
1654,0,0.0,0,0.0,0,0.0
1655,0,0.0035960196333405586,0,0.0035960196333405,0,5.854691731421724e-17
1656,0,0.00023041394171425145,0,0.0002304139417142,0,5.1445393084437185e-17
1657,0,0.0003683700336719358,0,0.0003683700336719,0,3.583288180064592e-17
1658,0,0.00015117425222112448,0,0.0001511742522211,0,2.4475864043860263e-17
1659,0,3.333944831029167e-05,0,3.333944831029167e-05,0,0.0
1660,0,0.2662782779657685,0,0.2662782779657685,0,0.0
1661,0,1.0323304617013603e-05,0,1.0323304617013604e-05,0,1.6940658945086007e-21
1662,0,0.00019705984586084745,0,0.0001970598458608,0,4.7460950100552957e-17
1663,0,0.0,0,0.0,0,0.0
1664,0,0.0,0,0.0,0,0.0
1665,0,5.538544517541651e-06,0,5.538544517541651e-06,0,0.0
1666,0,0.0,0,0.0,0,0.0
1667,0,0.0,0,0.0,0,0.0
1668,0,0.0,0,0.0,0,0.0
1669,0,9.712151500778927e-05,0,9.712151500778928e-05,0,1.3552527156068805e-20
1670,0,0.0,0,0.0,0,0.0
1671,0,3.333944831029167e-05,0,3.333944831029167e-05,0,0.0
1672,0,0.015,0,0.015,0,0.0
1673,0,0.0,0,0.0,0,0.0
1674,0,0.0,0,0.0,0,0.0
1675,0,4.366275292730528e-05,0,4.366275292730528e-05,0,0.0
1676,0,0.0,0,0.0,0,0.0
1677,0,0.0,0,0.0,0,0.0
1678,0,0.00032093666995198686,0,0.0003209366699519,0,8.68445940160889e-17
1679,0,0.0005670069830053817,0,0.0005670069830053,0,8.174884380540703e-17
1680,0,0.0,0,0.0,0,0.0
1681,0,0.00025628094718514147,0,0.0002562809471851,0,4.1470733097570545e-17
1682,0,0.005148479249732452,0,0.0051484792497324,0,5.204170427930421e-17
1683,0,0.0,0,0.0,0,0.0
1684,0,0.0,0,0.0,0,0.0
1685,0,8.739635355086754e-05,0,8.739635355086754e-05,0,0.0
1686,0,8.739635355086754e-05,0,8.739635355086754e-05,0,0.0
1687,0,3.333944831029167e-05,0,3.333944831029167e-05,0,0.0
1688,0,0.0,0,0.0,0,0.0
1689,0,5.030228174418519e-05,0,5.030228174418519e-05,0,0.0
1690,0,0.0,0,0.0,0,0.0
1691,0,3.333944831029167e-05,0,3.333944831029167e-05,0,0.0
1692,0,0.0,0,0.0,0,0.0
1693,0,0.00023633662693185964,0,0.0002363366269318,0,5.963111948670274e-17
1694,0,4.1825738813588453e-05,0,4.182573881358845e-05,0,6.776263578034403e-21
1695,0,0.0002206158715706505,0,0.0002206158715706,0,5.049671618351237e-17
1696,0,0.011667693074678513,0,0.0116676930746785,0,1.3877787807814457e-17
1697,0,0.0,0,0.0,0,0.0
1698,0,0.0,0,0.0,0,0.0
1699,0,0.0,0,0.0,0,0.0
1700,0,0.005,0,0.005,0,0.0
1701,0,0.00024337793411558322,0,0.0002433779341155,0,8.321251673826247e-17
1702,0,3.333944831029167e-05,0,3.333944831029167e-05,0,0.0
1703,0,5.538544517541651e-06,0,5.538544517541651e-06,0,0.0
1704,0,0.0,0,0.0,0,0.0
1705,0,3.333944831029167e-05,0,3.333944831029167e-05,0,0.0
1706,0,0.00013329242670646218,0,0.0001332924267064,0,6.217899459204368e-17
1707,0,3.333944831029167e-05,0,3.333944831029167e-05,0,0.0
1708,0,0.005033339448310291,0,0.0050333394483102,0,9.107298248878237e-17
1709,0,3.333944831029167e-05,0,3.333944831029167e-05,0,0.0
1710,0,0.00022731640409334288,0,0.0002273164040933,0,4.28801959218017e-17
1711,0,0.00014078426793509455,0,0.000140784267935,0,9.454242944073599e-17
1712,0,0.00523424082577173,0,0.0052342408257717,0,2.949029909160572e-17
1713,0,0.0,0,0.0,0,0.0
1714,0,5.64617820009612e-05,0,5.64617820009612e-05,0,0.0
1715,0,0.0,0,0.0,0,0.0
1716,0,0.0,0,0.0,0,0.0
1717,0,0.00014078426793509455,0,0.000140784267935,0,9.454242944073599e-17
1718,0,0.0,0,0.0,0,0.0
1719,0,8.961510903292219e-05,0,8.961510903292219e-05,0,0.0
1720,0,2.8221707205351504e-05,0,2.8221707205351504e-05,0,0.0
1721,0,0.009762742853877699,0,0.0097627428538776,0,9.8879238130678e-17
1722,0,0.0,0,0.0,0,0.0
1723,0,0.0,0,0.0,0,0.0
1724,0,3.402355459346448e-05,0,3.402355459346448e-05,0,0.0
1725,0,0.0,0,0.0,0,0.0
1726,0,0.004650418287753099,0,0.004650418287753,0,9.8879238130678e-17
1727,0,1.0323304617013603e-05,0,1.0323304617013604e-05,0,1.6940658945086007e-21
1728,0,0.00041251978836419773,0,0.0004125197883641,0,9.774082584956822e-17
1729,0,3.333944831029167e-05,0,3.333944831029167e-05,0,0.0
1730,0,4.366275292730528e-05,0,4.366275292730528e-05,0,0.0
1731,0,3.402355459346448e-05,0,3.402355459346448e-05,0,0.0
1732,0,0.0,0,0.0,0,0.0
1733,0,0.00020375216885044277,0,0.0002037521688504,0,4.277177570455315e-17
1734,0,3.333944831029167e-05,0,3.333944831029167e-05,0,0.0
1735,0,0.00038707475080551065,0,0.0003870747508055,0,1.0625181290357943e-17
1736,0,2.947745985755135e-06,0,2.947745985755135e-06,0,0.0
1737,0,0.0,0,0.0,0,0.0
1738,0,3.333944831029167e-05,0,3.333944831029167e-05,0,0.0
1739,0,2.947745985755135e-06,0,2.947745985755135e-06,0,0.0
1740,0,0.0,0,0.0,0,0.0
1741,0,0.00022372838438241665,0,0.0002237283843824,0,1.6642503347652493e-17
1742,0,0.0,0,0.0,0,0.0
1743,0,0.00088080012111251,0,0.0008808001211125,0,1.0083080204115191e-17
1744,0,0.00017342610263823145,0,0.0001734261026382,0,3.144186300207963e-17
1745,0,0.0,0,0.0,0,0.0
1746,0,0.010140436784613389,0,0.0101404367846133,0,8.847089727481716e-17
1747,0,0.02,0,0.02,0,0.0
1748,0,0.00025800974138426243,0,0.0002580097413842,0,6.245004513516506e-17
1749,0,0.0,0,0.0,0,0.0
1750,0,0.00013329242670646218,0,0.0001332924267064,0,6.217899459204368e-17
1751,0,0.0,0,0.0,0,0.0
1752,0,0.0,0,0.0,0,0.0
1753,0,0.0,0,0.0,0,0.0
1754,0,9.712151500778927e-05,0,9.712151500778928e-05,0,1.3552527156068805e-20
1755,0,0.00017477255836864945,0,0.0001747725583686,0,4.9439619065339e-17
1756,0,0.0,0,0.0,0,0.0
1757,0,0.00017551033951637325,0,0.0001755103395163,0,7.323785675139582e-17
1758,0,7.884905018932053e-05,0,7.884905018932053e-05,0,0.0
1759,0,0.0,0,0.0,0,0.0
1760,0,0.0,0,0.0,0,0.0
1761,0,3.628719429604681e-05,0,3.628719429604681e-05,0,0.0
1762,0,0.0,0,0.0,0,0.0
1763,0,0.0,0,0.0,0,0.0
1764,0,3.333944831029167e-05,0,3.333944831029167e-05,0,0.0
1765,0,9.712151500778927e-05,0,9.712151500778928e-05,0,1.3552527156068805e-20
1766,0,0.0,0,0.0,0,0.0
1767,0,4.2969910893993976e-05,0,4.2969910893993976e-05,0,0.0
1768,0,0.0005325096883558398,0,0.0005325096883558,0,3.979021973021801e-17
1769,0,0.0,0,0.0,0,0.0
1770,0,0.0,0,0.0,0,0.0
1771,0,0.00013883097122400383,0,0.000138830971224,0,3.821812658011403e-18
1772,0,8.020645409555797e-06,0,8.020645409555797e-06,0,0.0
1773,0,0.00016175023070913875,0,0.0001617502307091,0,3.8760227666356784e-17
1774,0,9.256285501867733e-05,0,9.256285501867732e-05,0,1.3552527156068805e-20
1775,0,3.333944831029167e-05,0,3.333944831029167e-05,0,0.0
1776,0,0.0,0,0.0,0,0.0
1777,0,0.004861301068755987,0,0.0048613010687559,0,8.760353553682876e-17
1778,0,0.00019371814083757877,0,0.0001937181408375,0,7.87672878310719e-17
1779,0,4.69644025113709e-05,0,4.69644025113709e-05,0,0.0
1780,0,0.005,0,0.005,0,0.0
1781,0,0.005278799889778018,0,0.005278799889778,0,1.734723475976807e-17
1782,0,2.947745985755135e-06,0,2.947745985755135e-06,0,0.0
1783,0,0.01,0,0.01,0,0.0
1784,0,0.0,0,0.0,0,0.0
1785,0,0.0,0,0.0,0,0.0
1786,0,5.030228174418519e-05,0,5.030228174418519e-05,0,0.0
1787,0,3.333944831029167e-05,0,3.333944831029167e-05,0,0.0
1788,0,0.0,0,0.0,0,0.0
1789,0,8.020645409555797e-06,0,8.020645409555797e-06,0,0.0
1790,0,0.000241426976636195,0,0.0002414269766361,0,9.500321536404233e-17
1791,0,0.0049804503810230915,0,0.004980450381023,0,9.194034422677078e-17
1792,0,0.005173426102638231,0,0.0051734261026382,0,3.122502256758253e-17
1793,0,0.00011218849849961221,0,0.0001121884984996,0,1.2210826967617994e-17
1794,0,0.002933130758800714,0,0.0029331307588007,0,1.3877787807814457e-17
1795,0,0.0,0,0.0,0,0.0
1796,0,0.00010744481962480288,0,0.0001074448196248,0,2.8731357570865868e-18
1797,0,0.0014629274573889476,0,0.0014629274573889,0,4.7704895589362195e-17
1798,0,0.0,0,0.0,0,0.0
1799,0,0.014585547329925081,0,0.014585547329925,0,8.153200337090993e-17
1800,0,0.015,0,0.015,0,0.0
1801,0,3.628719429604681e-05,0,3.628719429604681e-05,0,0.0
1802,0,3.402355459346448e-05,0,3.402355459346448e-05,0,0.0
1803,0,5.602261099810152e-05,0,5.602261099810152e-05,0,0.0
1804,0,9.5746163745009e-05,0,9.5746163745009e-05,0,0.0
1805,0,0.005,0,0.005,0,0.0
1806,0,0.00020971329693427826,0,0.0002097132969342,0,7.825229179914128e-17
1807,0,0.0003283806221097257,0,0.0003283806221097,0,2.5695591487906455e-17
1808,0,0.005271936912307813,0,0.0052719369123078,0,1.3010426069826053e-17
1809,0,0.0,0,0.0,0,0.0
1810,0,0.0,0,0.0,0,0.0
1811,0,0.00026724507342158337,0,0.0002672450734215,0,8.337514706413529e-17
1812,0,0.0,0,0.0,0,0.0
1813,0,0.0,0,0.0,0,0.0
1814,0,0.00017477255836864945,0,0.0001747725583686,0,4.9439619065339e-17
1815,0,0.0,0,0.0,0,0.0
1816,0,0.0,0,0.0,0,0.0
1817,0,0.0,0,0.0,0,0.0
1818,0,1.0323304617013603e-05,0,1.0323304617013604e-05,0,1.6940658945086007e-21
1819,0,1.0323304617013603e-05,0,1.0323304617013604e-05,0,1.6940658945086007e-21
1820,0,0.0055886333821086424,0,0.0055886333821086,0,4.2500725161431774e-17
1821,0,0.003959513222296433,0,0.0039595132222964,0,3.2959746043559335e-17
1822,0,0.005421540011202715,0,0.0054215400112027,0,1.474514954580286e-17
1823,0,0.00020971329693427826,0,0.0002097132969342,0,7.825229179914128e-17
1824,0,0.0,0,0.0,0,0.0
1825,0,4.1825738813588453e-05,0,4.182573881358845e-05,0,6.776263578034403e-21
1826,0,0.0,0,0.0,0,0.0
1827,0,0.00023462397300363902,0,0.0002346239730036,0,3.903127820947816e-17
1828,0,0.0,0,0.0,0,0.0
1829,0,0.0,0,0.0,0,0.0
1830,0,0.0,0,0.0,0,0.0
1831,0,0.0,0,0.0,0,0.0
1832,0,0.011988751493722527,0,0.0119887514937225,0,2.7755575615628914e-17
1833,0,0.0,0,0.0,0,0.0
1834,0,0.0016230637654681226,0,0.0016230637654681,0,2.2551405187698492e-17
1835,0,0.00025362160855797,0,0.0002536216085579,0,6.998525023393931e-17
1836,0,4.69644025113709e-05,0,4.69644025113709e-05,0,0.0
1837,0,0.0,0,0.0,0,0.0
1838,0,0.0,0,0.0,0,0.0
1839,0,0.004534745426022568,0,0.0045347454260225,0,6.765421556309548e-17
1840,0,0.0,0,0.0,0,0.0
1841,0,0.0,0,0.0,0,0.0
1842,0,0.00041799573114264783,0,0.0004179957311426,0,4.7813315806610746e-17
1843,0,0.0,0,0.0,0,0.0
1844,0,0.0,0,0.0,0,0.0
1845,0,3.628719429604681e-05,0,3.628719429604681e-05,0,0.0
1846,0,0.0,0,0.0,0,0.0
1847,0,8.020645409555797e-06,0,8.020645409555797e-06,0,0.0
1848,0,4.2969910893993976e-05,0,4.2969910893993976e-05,0,0.0
1849,0,0.0,0,0.0,0,0.0
1850,0,0.0,0,0.0,0,0.0
1851,0,0.0005056500860389601,0,0.0005056500860389,0,6.006480035569695e-17
1852,0,1.0323304617013603e-05,0,1.0323304617013604e-05,0,1.6940658945086007e-21
1853,0,5.627566072263052e-05,0,5.627566072263052e-05,0,0.0
1854,0,8.020645409555797e-06,0,8.020645409555797e-06,0,0.0
1855,0,5.538544517541651e-06,0,5.538544517541651e-06,0,0.0
1856,0,0.0,0,0.0,0,0.0
1857,0,3.333944831029167e-05,0,3.333944831029167e-05,0,0.0
1858,0,0.005042969910893994,0,0.0050429699108939,0,9.454242944073599e-17
1859,0,0.0005139446871109546,0,0.0005139446871109,0,5.4643789493269423e-17
1860,0,5.64617820009612e-05,0,5.64617820009612e-05,0,0.0
1861,0,0.00017342610263823145,0,0.0001734261026382,0,3.144186300207963e-17
1862,0,0.00017342610263823145,0,0.0001734261026382,0,3.144186300207963e-17
1863,0,0.009764140443088362,0,0.0097641404430883,0,6.245004513516506e-17
1864,0,2.414030487626075e-05,0,2.414030487626075e-05,0,0.0
1865,0,3.628719429604681e-05,0,3.628719429604681e-05,0,0.0
1866,0,0.0,0,0.0,0,0.0
1867,0,0.0,0,0.0,0,0.0
1868,0,1.9735416702054715e-05,0,1.9735416702054715e-05,0,0.0
1869,0,4.2969910893993976e-05,0,4.2969910893993976e-05,0,0.0
1870,0,0.0,0,0.0,0,0.0
1871,0,0.0003283806221097257,0,0.0003283806221097,0,2.5695591487906455e-17
1872,0,0.0,0,0.0,0,0.0
1873,0,0.0,0,0.0,0,0.0
1874,0,4.2969910893993976e-05,0,4.2969910893993976e-05,0,0.0
1875,0,0.00522061587157065,0,0.0052206158715706,0,5.0306980803327406e-17
1876,0,0.00021766812558489536,0,0.0002176681255848,0,9.535558107010011e-17
1877,0,3.628719429604681e-05,0,3.628719429604681e-05,0,0.0
1878,0,0.0,0,0.0,0,0.0
1879,0,0.0005325096883558398,0,0.0005325096883558,0,3.979021973021801e-17
1880,0,0.00021766812558489536,0,0.0002176681255848,0,9.535558107010011e-17
1881,0,6.565307358180382e-05,0,6.565307358180382e-05,0,0.0
1882,0,0.0,0,0.0,0,0.0
1883,0,0.0014660812149851297,0,0.0014660812149851,0,2.970713952610282e-17
1884,0,0.0,0,0.0,0,0.0
1885,0,0.004753658493681434,0,0.0047536584936814,0,3.469446951953614e-17
1886,0,0.0,0,0.0,0,0.0
1887,0,4.69644025113709e-05,0,4.69644025113709e-05,0,0.0
1888,0,0.00012016001793314533,0,0.0001201600179331,0,4.5333203337050154e-17
1889,0,0.003981912907407839,0,0.0039819129074078,0,3.903127820947816e-17
1890,0,0.0,0,0.0,0,0.0
1891,0,0.0,0,0.0,0,0.0
1892,0,0.0018186750512918912,0,0.0018186750512918,0,9.107298248878237e-17
1893,0,0.0,0,0.0,0,0.0
1894,0,0.010240062220222699,0,0.0102400622202226,0,9.8879238130678e-17
1895,0,0.0003153981254344452,0,0.0003153981254344,0,4.5211230592645535e-17
1896,0,0.00451098667241369,0,0.0045109866724136,0,8.933825901280557e-17
1897,0,0.00033368263400330626,0,0.0003336826340033,0,6.2341624917916505e-18
1898,0,0.005033339448310291,0,0.0050333394483102,0,9.107298248878237e-17
1899,0,3.333944831029167e-05,0,3.333944831029167e-05,0,0.0
1900,0,1.0323304617013603e-05,0,1.0323304617013604e-05,0,1.6940658945086007e-21
1901,0,0.0,0,0.0,0,0.0
1902,0,0.0,0,0.0,0,0.0
1903,0,0.0,0,0.0,0,0.0
1904,0,0.0,0,0.0,0,0.0
1905,0,0.034645329944035186,0,0.0346453299440351,0,8.326672684688674e-17
1906,0,0.0,0,0.0,0,0.0
1907,0,2.947745985755135e-06,0,2.947745985755135e-06,0,0.0
1908,0,0.0009184340164906607,0,0.0009184340164906,0,6.071532165918825e-17
1909,0,0.0,0,0.0,0,0.0
1910,0,0.004739209663014539,0,0.0047392096630145,0,3.903127820947816e-17
1911,0,0.005,0,0.005,0,0.0
1912,0,9.712151500778927e-05,0,9.712151500778928e-05,0,1.3552527156068805e-20
1913,0,0.00021226131642994897,0,0.0002122613164299,0,4.897883314203266e-17
1914,0,3.333944831029167e-05,0,3.333944831029167e-05,0,0.0
1915,0,0.004897280207217811,0,0.0048972802072178,0,1.1275702593849246e-17
1916,0,0.0,0,0.0,0,0.0
1917,0,2.947745985755135e-06,0,2.947745985755135e-06,0,0.0
1918,0,8.020645409555797e-06,0,8.020645409555797e-06,0,0.0
1919,0,0.029876256617815088,0,0.029876256617815,0,8.673617379884035e-17
1920,0,0.003959513222296433,0,0.0039595132222964,0,3.2959746043559335e-17
1921,0,8.020645409555797e-06,0,8.020645409555797e-06,0,0.0
1922,0,0.01,0,0.01,0,0.0
1923,0,3.333944831029167e-05,0,3.333944831029167e-05,0,0.0
1924,0,0.00020676555094852314,0,0.0002067655509485,0,2.314771638256552e-17
1925,0,0.0,0,0.0,0,0.0
1926,0,3.628719429604681e-05,0,3.628719429604681e-05,0,0.0
1927,0,0.0,0,0.0,0,0.0
1928,0,0.02466081211750921,0,0.0246608121175092,0,1.0408340855860843e-17
1929,0,3.333944831029167e-05,0,3.333944831029167e-05,0,0.0
1930,0,0.0,0,0.0,0,0.0
1931,0,0.0,0,0.0,0,0.0
1932,0,3.333944831029167e-05,0,3.333944831029167e-05,0,0.0
1933,0,0.0,0,0.0,0,0.0
1934,0,0.0,0,0.0,0,0.0
1935,0,0.0,0,0.0,0,0.0
1936,0,3.628719429604681e-05,0,3.628719429604681e-05,0,0.0
1937,0,0.0,0,0.0,0,0.0
1938,0,0.0,0,0.0,0,0.0
1939,0,0.0,0,0.0,0,0.0
1940,0,4.136009371984747e-05,0,4.136009371984747e-05,0,0.0
1941,0,0.0,0,0.0,0,0.0
1942,0,4.136009371984747e-05,0,4.136009371984747e-05,0,0.0
1943,0,0.0,0,0.0,0,0.0
1944,0,3.333944831029167e-05,0,3.333944831029167e-05,0,0.0
1945,0,4.366275292730528e-05,0,4.366275292730528e-05,0,0.0
1946,0,3.333944831029167e-05,0,3.333944831029167e-05,0,0.0
1947,0,3.333944831029167e-05,0,3.333944831029167e-05,0,0.0
1948,0,0.00036812683189543576,0,0.0003681268318954,0,3.5778671692021646e-17
1949,0,0.00013046096331808095,0,0.000130460963318,0,8.096279723035504e-17
1950,0,4.366275292730528e-05,0,4.366275292730528e-05,0,0.0
1951,0,3.333944831029167e-05,0,3.333944831029167e-05,0,0.0
1952,0,0.0,0,0.0,0,0.0
1953,0,3.333944831029167e-05,0,3.333944831029167e-05,0,0.0
1954,0,0.00424336072475759,0,0.0042433607247575,0,8.933825901280557e-17
1955,0,0.005798142525461256,0,0.0057981425254612,0,5.637851296924623e-17
1956,0,4.6610498913060404e-05,0,4.66104989130604e-05,0,6.776263578034403e-21
1957,0,0.0,0,0.0,0,0.0
1958,0,3.402355459346448e-05,0,3.402355459346448e-05,0,0.0
1959,0,9.712151500778927e-05,0,9.712151500778928e-05,0,1.3552527156068805e-20
1960,0,0.0,0,0.0,0,0.0
1961,0,0.005,0,0.005,0,0.0
1962,0,0.0,0,0.0,0,0.0
1963,0,0.0,0,0.0,0,0.0
1964,0,0.0,0,0.0,0,0.0
1965,0,4.366275292730528e-05,0,4.366275292730528e-05,0,0.0
1966,0,1.0323304617013603e-05,0,1.0323304617013604e-05,0,1.6940658945086007e-21
1967,0,0.0,0,0.0,0,0.0
1968,0,0.0,0,0.0,0,0.0
1969,0,4.366275292730528e-05,0,4.366275292730528e-05,0,0.0
1970,0,0.00020494410582555904,0,0.0002049441058255,0,5.903480829183572e-17
1971,0,0.00439037073384501,0,0.004390370733845,0,1.0408340855860843e-17
1972,0,0.0,0,0.0,0,0.0
1973,0,0.0,0,0.0,0,0.0
1974,0,0.0,0,0.0,0,0.0
1975,0,0.0,0,0.0,0,0.0
1976,0,0.0,0,0.0,0,0.0
1977,0,0.0,0,0.0,0,0.0
1978,0,3.333944831029167e-05,0,3.333944831029167e-05,0,0.0
1979,0,0.00034824874562508425,0,0.000348248745625,0,8.42425088021237e-17
1980,0,0.0,0,0.0,0,0.0
1981,0,8.020645409555797e-06,0,8.020645409555797e-06,0,0.0
1982,0,0.0,0,0.0,0,0.0
1983,0,0.004212781916757243,0,0.0042127819167572,0,4.2500725161431774e-17
1984,0,8.020645409555797e-06,0,8.020645409555797e-06,0,0.0
1985,0,0.0009179656001319677,0,0.0009179656001319,0,6.776263578034403e-17
1986,0,0.005375245755866942,0,0.0053752457558669,0,4.163336342344337e-17
1987,0,3.333944831029167e-05,0,3.333944831029167e-05,0,0.0
1988,0,0.00012243547450402684,0,0.000122435474504,0,2.6834003769016235e-17
1989,0,0.07441587092379097,0,0.0744158709237909,0,6.938893903907228e-17
1990,0,0.0,0,0.0,0,0.0
1991,0,0.0006705676686395832,0,0.0006705676686395,0,8.326672684688674e-17
1992,0,0.0,0,0.0,0,0.0
1993,0,0.0,0,0.0,0,0.0
1994,0,0.0,0,0.0,0,0.0
1995,0,9.648278508447526e-06,0,9.648278508447526e-06,0,0.0
1996,0,0.0,0,0.0,0,0.0
1997,0,0.0,0,0.0,0,0.0
1998,0,2.414030487626075e-05,0,2.414030487626075e-05,0,0.0
1999,0,0.00020494410582555904,0,0.0002049441058255,0,5.903480829183572e-17
2000,0,0.00021766812558489536,0,0.0002176681255848,0,9.535558107010011e-17
2001,0,3.333944831029167e-05,0,3.333944831029167e-05,0,0.0
2002,0,4.2969910893993976e-05,0,4.2969910893993976e-05,0,0.0
2003,0,5.64617820009612e-05,0,5.64617820009612e-05,0,0.0
2004,0,5.64617820009612e-05,0,5.64617820009612e-05,0,0.0
2005,0,5.64617820009612e-05,0,5.64617820009612e-05,0,0.0
2006,0,5.64617820009612e-05,0,5.64617820009612e-05,0,0.0
2007,0,8.020645409555797e-06,0,8.020645409555797e-06,0,0.0
2008,0,0.0,0,0.0,0,0.0
2009,0,1.3624954201079227e-05,0,1.3624954201079228e-05,0,1.6940658945086007e-21
2010,0,0.0,0,0.0,0,0.0
2011,0,0.00013329242670646218,0,0.0001332924267064,0,6.217899459204368e-17
2012,0,0.0,0,0.0,0,0.0
2013,0,0.0,0,0.0,0,0.0
2014,0,0.009453597903548681,0,0.0094535979035486,0,8.153200337090993e-17
2015,0,2.947745985755135e-06,0,2.947745985755135e-06,0,0.0
2016,0,0.0,0,0.0,0,0.0
2017,0,0.00013329242670646218,0,0.0001332924267064,0,6.217899459204368e-17
2018,0,9.99529783961705e-05,0,9.99529783961705e-05,0,0.0
2019,0,0.0,0,0.0,0,0.0
2020,0,3.333944831029167e-05,0,3.333944831029167e-05,0,0.0
2021,0,0.0001591594321773522,0,0.0001591594321773,0,5.220433460517704e-17
2022,0,0.013330818584555575,0,0.0133308185845555,0,7.45931094670027e-17
2023,0,4.366275292730528e-05,0,4.366275292730528e-05,0,0.0
2024,0,0.005,0,0.005,0,0.0
2025,0,0.0,0,0.0,0,0.0
2026,0,0.005,0,0.005,0,0.0
2027,0,0.0,0,0.0,0,0.0
2028,0,0.00020676555094852314,0,0.0002067655509485,0,2.314771638256552e-17
2029,0,3.333944831029167e-05,0,3.333944831029167e-05,0,0.0
2030,0,0.00019779940876505752,0,0.000197799408765,0,5.751692525035601e-17
2031,0,4.991214849712603e-05,0,4.991214849712603e-05,0,0.0
2032,0,6.042749917230755e-05,0,6.042749917230755e-05,0,0.0
2033,0,3.628719429604681e-05,0,3.628719429604681e-05,0,0.0
2034,0,0.0,0,0.0,0,0.0
2035,0,3.333944831029167e-05,0,3.333944831029167e-05,0,0.0
2036,0,3.333944831029167e-05,0,3.333944831029167e-05,0,0.0
2037,0,3.333944831029167e-05,0,3.333944831029167e-05,0,0.0
2038,0,0.0005295619423700846,0,0.00052956194237,0,8.46761896711179e-17
2039,0,0.00021766812558489536,0,0.0002176681255848,0,9.535558107010011e-17
2040,0,5.538544517541651e-06,0,5.538544517541651e-06,0,0.0
2041,0,0.0,0,0.0,0,0.0
2042,0,0.005,0,0.005,0,0.0
2043,0,0.0,0,0.0,0,0.0
2044,0,0.00017342610263823145,0,0.0001734261026382,0,3.144186300207963e-17
2045,0,1.0323304617013603e-05,0,1.0323304617013604e-05,0,1.6940658945086007e-21
2046,0,0.0,0,0.0,0,0.0
2047,0,0.0002311388570753492,0,0.0002311388570753,0,4.9195673576529764e-17
2048,0,0.0,0,0.0,0,0.0
2049,0,0.0,0,0.0,0,0.0
2050,0,1.0323304617013603e-05,0,1.0323304617013604e-05,0,1.6940658945086007e-21
2051,0,3.628719429604681e-05,0,3.628719429604681e-05,0,0.0
2052,0,5.538544517541651e-06,0,5.538544517541651e-06,0,0.0
2053,0,4.69644025113709e-05,0,4.69644025113709e-05,0,0.0
2054,0,5.602261099810152e-05,0,5.602261099810152e-05,0,0.0
2055,0,0.0,0,0.0,0,0.0
2056,0,0.0,0,0.0,0,0.0
2057,0,0.0,0,0.0,0,0.0
2058,0,0.0055886333821086424,0,0.0055886333821086,0,4.2500725161431774e-17
2059,0,0.004947695012995817,0,0.0049476950129958,0,1.734723475976807e-17
2060,0,9.712151500778927e-05,0,9.712151500778928e-05,0,1.3552527156068805e-20
2061,0,0.0,0,0.0,0,0.0
2062,0,0.0,0,0.0,0,0.0
2063,0,0.0012615421150607468,0,0.0012615421150607,0,4.683753385137379e-17
2064,0,0.00014398498084850108,0,0.0001439849808485,0,1.0842021724855044e-18
2065,0,0.0,0,0.0,0,0.0
2066,0,0.0,0,0.0,0,0.0
2067,0,0.0,0,0.0,0,0.0
2068,0,0.029755404229695977,0,0.0297554042296959,0,7.632783294297951e-17
2069,0,3.333944831029167e-05,0,3.333944831029167e-05,0,0.0
2070,0,5.538544517541651e-06,0,5.538544517541651e-06,0,0.0
2071,0,0.00012181896108331451,0,0.0001218189610833,0,1.451475658414969e-17
2072,0,4.69644025113709e-05,0,4.69644025113709e-05,0,0.0
2073,0,0.0,0,0.0,0,0.0
2074,0,0.00022581262126055845,0,0.0002258126212605,0,5.843849709696869e-17
2075,0,3.333944831029167e-05,0,3.333944831029167e-05,0,0.0
2076,0,1.0323304617013603e-05,0,1.0323304617013604e-05,0,1.6940658945086007e-21
2077,0,1.0323304617013603e-05,0,1.0323304617013604e-05,0,1.6940658945086007e-21
2078,0,1.0323304617013603e-05,0,1.0323304617013604e-05,0,1.6940658945086007e-21
2079,0,0.0,0,0.0,0,0.0
2080,0,0.0,0,0.0,0,0.0
2081,0,0.0,0,0.0,0,0.0
2082,0,3.333944831029167e-05,0,3.333944831029167e-05,0,0.0
2083,0,0.0,0,0.0,0,0.0
2084,0,0.0,0,0.0,0,0.0
2085,0,0.0,0,0.0,0,0.0
2086,0,0.0006096908508559637,0,0.0006096908508559,0,6.364266752489911e-17
2087,0,8.961510903292219e-05,0,8.961510903292219e-05,0,0.0
2088,0,0.008762579205356107,0,0.0087625792053561,0,6.938893903907228e-18
2089,0,0.009519719447534073,0,0.009519719447534,0,7.28583859910259e-17
2090,0,0.0,0,0.0,0,0.0
2091,0,0.00116884214889458,0,0.0011688421488945,0,8.001412032943023e-17
2092,0,0.0,0,0.0,0,0.0
2093,0,0.0,0,0.0,0,0.0
2094,0,5.030228174418519e-05,0,5.030228174418519e-05,0,0.0
2095,0,0.0,0,0.0,0,0.0
2096,0,0.0008348813570629415,0,0.0008348813570629,0,4.152494320619482e-17
2097,0,0.00013329242670646218,0,0.0001332924267064,0,6.217899459204368e-17
2098,0,0.0,0,0.0,0,0.0
2099,0,0.0,0,0.0,0,0.0
2100,0,0.0,0,0.0,0,0.0
2101,0,0.0,0,0.0,0,0.0
2102,0,0.0,0,0.0,0,0.0
2103,0,0.00037520365384716023,0,0.0003752036538471,0,6.022743068156977e-17
2104,0,0.0,0,0.0,0,0.0
2105,0,0.004605738580821035,0,0.004605738580821,0,3.5561831257524545e-17
2106,0,2.8221707205351504e-05,0,2.8221707205351504e-05,0,0.0
2107,0,0.0,0,0.0,0,0.0
2108,0,0.0,0,0.0,0,0.0
2109,0,5.7479753186552416e-05,0,5.7479753186552416e-05,0,0.0
2110,0,5.194120866901077e-05,0,5.194120866901077e-05,0,0.0
2111,0,0.0,0,0.0,0,0.0
2112,0,0.0,0,0.0,0,0.0
2113,0,0.0,0,0.0,0,0.0
2114,0,0.0,0,0.0,0,0.0
2115,0,0.0,0,0.0,0,0.0
2116,0,0.0,0,0.0,0,0.0
2117,0,0.0,0,0.0,0,0.0
2118,0,3.628719429604681e-05,0,3.628719429604681e-05,0,0.0
2119,0,0.014857501252643348,0,0.0148575012526433,0,4.683753385137379e-17
2120,0,0.004326755870310338,0,0.0043267558703103,0,3.8163916471489756e-17
2121,0,3.333944831029167e-05,0,3.333944831029167e-05,0,0.0
2122,0,4.689863823738912e-05,0,4.689863823738912e-05,0,0.0
2123,0,0.006587879418872236,0,0.0065878794188722,0,3.5561831257524545e-17
2124,0,0.0,0,0.0,0,0.0
2125,0,1.3624954201079227e-05,0,1.3624954201079228e-05,0,1.6940658945086007e-21
2126,0,0.003144223388878807,0,0.0031442233888788,0,6.938893903907228e-18
2127,0,0.0,0,0.0,0,0.0
2128,0,0.00013329242670646218,0,0.0001332924267064,0,6.217899459204368e-17
2129,0,8.486290503296785e-06,0,8.486290503296785e-06,0,0.0
2130,0,0.00015872266880007365,0,0.0001587226688,0,7.364443256607789e-17
2131,0,3.3360370903133936e-05,0,3.3360370903133936e-05,0,0.0
2132,0,0.005005538544517542,0,0.0050055385445175,0,4.163336342344337e-17
2133,0,0.0,0,0.0,0,0.0
2134,0,0.0,0,0.0,0,0.0
2135,0,0.0,0,0.0,0,0.0
2136,0,0.0,0,0.0,0,0.0
2137,0,5.4888954654765904e-05,0,5.4888954654765904e-05,0,0.0
2138,0,0.00017342610263823145,0,0.0001734261026382,0,3.144186300207963e-17
2139,0,4.6610498913060404e-05,0,4.66104989130604e-05,0,6.776263578034403e-21
2140,0,1.0323304617013603e-05,0,1.0323304617013604e-05,0,1.6940658945086007e-21
2141,0,0.0,0,0.0,0,0.0
2142,0,8.961510903292219e-05,0,8.961510903292219e-05,0,0.0
2143,0,0.0,0,0.0,0,0.0
2144,0,8.020645409555797e-06,0,8.020645409555797e-06,0,0.0
2145,0,0.0,0,0.0,0,0.0
2146,0,0.0,0,0.0,0,0.0
2147,0,0.0,0,0.0,0,0.0
2148,0,4.366275292730528e-05,0,4.366275292730528e-05,0,0.0
2149,0,0.014868853646713314,0,0.0148688536467133,0,1.3877787807814457e-17
2150,0,3.333944831029167e-05,0,3.333944831029167e-05,0,0.0
2151,0,2.268316268780985e-05,0,2.268316268780985e-05,0,0.0
2152,0,0.0001974586341040263,0,0.000197458634104,0,2.6291902682773483e-17
2153,0,3.887799282783332e-05,0,3.887799282783332e-05,0,0.0
2154,0,0.0,0,0.0,0,0.0
2155,0,0.005,0,0.005,0,0.0
2156,0,0.005,0,0.005,0,0.0
2157,0,0.004767665010857889,0,0.0047676650108578,0,8.933825901280557e-17
2158,0,0.0,0,0.0,0,0.0
2159,0,0.0,0,0.0,0,0.0
2160,0,8.364173005447687e-05,0,8.364173005447687e-05,0,0.0
2161,0,5.627566072263052e-05,0,5.627566072263052e-05,0,0.0
2162,0,0.0,0,0.0,0,0.0
2163,0,9.712151500778927e-05,0,9.712151500778928e-05,0,1.3552527156068805e-20
2164,0,0.0,0,0.0,0,0.0
2165,0,3.333944831029167e-05,0,3.333944831029167e-05,0,0.0
2166,0,0.0,0,0.0,0,0.0
2167,0,0.01497933239574265,0,0.0149793323957426,0,5.0306980803327406e-17
2168,0,0.005,0,0.005,0,0.0
2169,0,0.00015063225349238872,0,0.0001506322534923,0,8.87148427636264e-17
2170,0,0.000783267198360952,0,0.0007832671983609,0,5.204170427930421e-17
2171,0,5.64617820009612e-05,0,5.64617820009612e-05,0,0.0
2172,0,0.007297766730125474,0,0.0072977667301254,0,7.37257477290143e-17
2173,0,0.0,0,0.0,0,0.0
2174,0,0.0001541219982068796,0,0.0001541219982068,0,7.960754451474816e-17
2175,0,0.0,0,0.0,0,0.0
2176,0,0.005,0,0.005,0,0.0
2177,0,0.13353565295122785,0,0.1335356529512278,0,5.551115123125783e-17
2178,0,0.0,0,0.0,0,0.0
2179,0,3.628719429604681e-05,0,3.628719429604681e-05,0,0.0
2180,0,0.009346205661930396,0,0.0093462056619303,0,9.540979117872439e-17
2181,0,0.00013046096331808095,0,0.000130460963318,0,8.096279723035504e-17
2182,0,0.0,0,0.0,0,0.0
2183,0,0.0,0,0.0,0,0.0
2184,0,0.0,0,0.0,0,0.0
2185,0,5.307486501234639e-05,0,5.307486501234639e-05,0,0.0
2186,0,0.0,0,0.0,0,0.0
2187,0,0.00018374940725524505,0,0.0001837494072552,0,4.504860026677271e-17
2188,0,0.0,0,0.0,0,0.0
2189,0,0.005,0,0.005,0,0.0
2190,0,0.0,0,0.0,0,0.0
2191,0,5.922340670838565e-05,0,5.922340670838565e-05,0,0.0
2192,0,0.003978114982655152,0,0.0039781149826551,0,5.204170427930421e-17
2193,0,0.004600601781446612,0,0.0046006017814466,0,1.1275702593849246e-17
2194,0,0.0,0,0.0,0,0.0
2195,0,0.005177282612304696,0,0.0051772826123046,0,9.540979117872439e-17
2196,0,0.0,0,0.0,0,0.0
2197,0,0.0006846483396206878,0,0.0006846483396206,0,8.782037597132586e-17
2198,0,0.00017477255836864945,0,0.0001747725583686,0,4.9439619065339e-17
2199,0,0.0,0,0.0,0,0.0
2200,0,8.020645409555797e-06,0,8.020645409555797e-06,0,0.0
2201,0,0.00013329242670646218,0,0.0001332924267064,0,6.217899459204368e-17
2202,0,0.005,0,0.005,0,0.0
2203,0,0.0036217692686902,0,0.0036217692686902,0,0.0
2204,0,3.628719429604681e-05,0,3.628719429604681e-05,0,0.0
2205,0,0.00015839387564381673,0,0.0001583938756438,0,1.6723818510588906e-17
2206,0,3.628719429604681e-05,0,3.628719429604681e-05,0,0.0
2207,0,2.708805086201588e-05,0,2.708805086201588e-05,0,0.0
2208,0,5.030228174418519e-05,0,5.030228174418519e-05,0,0.0
2209,0,8.739635355086754e-05,0,8.739635355086754e-05,0,0.0
2210,0,0.005036287194296047,0,0.005036287194296,0,4.683753385137379e-17
2211,0,9.712151500778927e-05,0,9.712151500778928e-05,0,1.3552527156068805e-20
2212,0,0.004792271285391286,0,0.0047922712853912,0,8.586881206085195e-17
2213,0,0.0,0,0.0,0,0.0
2214,0,0.0,0,0.0,0,0.0
2215,0,0.005033339448310291,0,0.0050333394483102,0,9.107298248878237e-17
2216,0,0.0,0,0.0,0,0.0
2217,0,0.0011874602776335299,0,0.0011874602776335,0,2.992397996059992e-17
2218,0,0.0,0,0.0,0,0.0
2219,0,0.00021766812558489536,0,0.0002176681255848,0,9.535558107010011e-17
2220,0,0.0040621732818217635,0,0.0040621732818217,0,6.331740687315346e-17
2221,0,0.0,0,0.0,0,0.0
2222,0,0.00012243547450402684,0,0.000122435474504,0,2.6834003769016235e-17
2223,0,0.0,0,0.0,0,0.0
2224,0,3.333944831029167e-05,0,3.333944831029167e-05,0,0.0
2225,0,0.00013883097122400383,0,0.000138830971224,0,3.821812658011403e-18
2226,0,0.0,0,0.0,0,0.0
2227,0,0.00023310706359842465,0,0.0002331070635984,0,2.4665599424045226e-17
2228,0,0.0,0,0.0,0,0.0
2229,0,0.0005325096883558398,0,0.0005325096883558,0,3.979021973021801e-17
2230,0,0.0051078338478536935,0,0.0051078338478536,0,9.367506770274758e-17
2231,0,0.0003067185293446936,0,0.0003067185293446,0,9.362085759412331e-17
2232,0,0.005,0,0.005,0,0.0
2233,0,3.628719429604681e-05,0,3.628719429604681e-05,0,0.0
2234,0,0.005,0,0.005,0,0.0
2235,0,0.00013883097122400383,0,0.000138830971224,0,3.821812658011403e-18
2236,0,0.0,0,0.0,0,0.0
2237,0,0.0,0,0.0,0,0.0
2238,0,0.0,0,0.0,0,0.0
2239,0,0.0,0,0.0,0,0.0
2240,0,0.0,0,0.0,0,0.0
2241,0,0.0007983279642610603,0,0.000798327964261,0,6.028164079019405e-17
2242,0,0.0003659852747370433,0,0.000365985274737,0,4.33138767907959e-17
2243,0,0.0006705676686395832,0,0.0006705676686395,0,8.326672684688674e-17
2244,0,0.0,0,0.0,0,0.0
2245,0,0.0,0,0.0,0,0.0
2246,0,0.00013046096331808095,0,0.000130460963318,0,8.096279723035504e-17
2247,0,0.0,0,0.0,0,0.0
2248,0,0.0,0,0.0,0,0.0
2249,0,0.005173426102638231,0,0.0051734261026382,0,3.122502256758253e-17
2250,0,8.739635355086754e-05,0,8.739635355086754e-05,0,0.0
2251,0,0.00034333091251175375,0,0.0003433309125117,0,5.3722217646656745e-17
2252,0,0.0,0,0.0,0,0.0
2253,0,0.0,0,0.0,0,0.0
2254,0,0.009996544972060987,0,0.0099965449720609,0,8.673617379884035e-17
2255,0,0.0,0,0.0,0,0.0
2256,0,0.0006705676686395832,0,0.0006705676686395,0,8.326672684688674e-17
2257,0,3.628719429604681e-05,0,3.628719429604681e-05,0,0.0
2258,0,0.0001591594321773522,0,0.0001591594321773,0,5.220433460517704e-17
2259,0,0.0,0,0.0,0,0.0
2260,0,0.0007369381366371598,0,0.0007369381366371,0,5.984795992119984e-17
2261,0,0.0,0,0.0,0,0.0
2262,0,0.0,0,0.0,0,0.0
2263,0,0.010087396353550868,0,0.0100873963535508,0,6.765421556309548e-17
2264,0,0.0,0,0.0,0,0.0
2265,0,0.0001591594321773522,0,0.0001591594321773,0,5.220433460517704e-17
2266,0,0.0,0,0.0,0,0.0
2267,0,0.0,0,0.0,0,0.0
2268,0,0.00020333795328259918,0,0.0002033379532825,0,9.917739372811152e-17
2269,0,0.0,0,0.0,0,0.0
2270,0,0.009953378723335795,0,0.0099533787233357,0,9.540979117872439e-17
2271,0,0.0002894685166558149,0,0.0002894685166558,0,1.4907779871675686e-17
2272,0,0.0,0,0.0,0,0.0
2273,0,0.010188287766747642,0,0.0101882877667476,0,4.163336342344337e-17
2274,0,8.020645409555797e-06,0,8.020645409555797e-06,0,0.0
2275,0,0.0,0,0.0,0,0.0
2276,0,2.947745985755135e-06,0,2.947745985755135e-06,0,0.0
2277,0,0.0,0,0.0,0,0.0
2278,0,0.0,0,0.0,0,0.0
2279,0,0.0008974798318113476,0,0.0008974798318113,0,4.7596475372113645e-17
2280,0,0.0,0,0.0,0,0.0
2281,0,8.364173005447687e-05,0,8.364173005447687e-05,0,0.0
2282,0,0.010369553287568896,0,0.0103695532875688,0,9.540979117872439e-17
2283,0,0.0004973876356478643,0,0.0004973876356478,0,6.429318882839041e-17
2284,0,0.0,0,0.0,0,0.0
2285,0,0.0012262840484211332,0,0.0012262840484211,0,3.3176586478056436e-17
2286,0,0.0,0,0.0,0,0.0
2287,0,0.0,0,0.0,0,0.0
2288,0,0.004747657257815563,0,0.0047476572578155,0,6.331740687315346e-17
2289,0,9.712151500778927e-05,0,9.712151500778928e-05,0,1.3552527156068805e-20
2290,0,0.00013329242670646218,0,0.0001332924267064,0,6.217899459204368e-17
2291,0,0.0,0,0.0,0,0.0
2292,0,0.0005601497300050574,0,0.000560149730005,0,5.735429492448318e-17
2293,0,0.0,0,0.0,0,0.0
2294,0,0.0,0,0.0,0,0.0
2295,0,0.0,0,0.0,0,0.0
2296,0,0.010142768974040794,0,0.0101427689740407,0,9.367506770274758e-17
2297,0,2.947745985755135e-06,0,2.947745985755135e-06,0,0.0
2298,0,0.0,0,0.0,0,0.0
2299,0,0.00010039855653379475,0,0.0001003985565337,0,9.475926987523309e-17
2300,0,4.850845541153562e-05,0,4.850845541153562e-05,0,0.0
2301,0,0.0,0,0.0,0,0.0
2302,0,0.005123558642273965,0,0.0051235586422739,0,6.505213034913027e-17
2303,0,9.712151500778927e-05,0,9.712151500778928e-05,0,1.3552527156068805e-20
2304,0,0.01690453906529105,0,0.016904539065291,0,4.85722573273506e-17
2305,0,0.0,0,0.0,0,0.0
2306,0,0.0,0,0.0,0,0.0
2307,0,0.005108690118722439,0,0.0051086901187224,0,3.903127820947816e-17
2308,0,0.0,0,0.0,0,0.0
2309,0,0.0,0,0.0,0,0.0
2310,0,0.0,0,0.0,0,0.0
2311,0,5.307486501234639e-05,0,5.307486501234639e-05,0,0.0
2312,0,0.0008744636881180695,0,0.000874463688118,0,6.949735925632083e-17
2313,0,0.0,0,0.0,0,0.0
2314,0,2.708805086201588e-05,0,2.708805086201588e-05,0,0.0
2315,0,0.0006295149207662551,0,0.0006295149207662,0,5.5077470362263625e-17
2316,0,3.333944831029167e-05,0,3.333944831029167e-05,0,0.0
2317,0,0.0048205462829636805,0,0.0048205462829636,0,8.066464163292153e-17
2318,0,8.179679617507566e-05,0,8.179679617507566e-05,0,0.0
2319,0,0.0,0,0.0,0,0.0
2320,0,0.0,0,0.0,0,0.0
2321,0,0.0,0,0.0,0,0.0
2322,0,0.009677882272964207,0,0.0096778822729642,0,6.938893903907228e-18
2323,0,5.538544517541651e-06,0,5.538544517541651e-06,0,0.0
2324,0,0.0,0,0.0,0,0.0
2325,0,0.0,0,0.0,0,0.0
2326,0,3.333944831029167e-05,0,3.333944831029167e-05,0,0.0
2327,0,0.0,0,0.0,0,0.0
2328,0,0.0,0,0.0,0,0.0
2329,0,0.005087396353550867,0,0.0050873963535508,0,6.678685382510707e-17
2330,0,0.0003050644791357629,0,0.0003050644791357,0,6.288372600415926e-17
2331,0,3.628719429604681e-05,0,3.628719429604681e-05,0,0.0
2332,0,0.00028000294776990055,0,0.0002800029477699,0,5.421010862427522e-19
2333,0,5.538544517541651e-06,0,5.538544517541651e-06,0,0.0
2334,0,5.194120866901077e-05,0,5.194120866901077e-05,0,0.0
2335,0,0.0,0,0.0,0,0.0
2336,0,0.0005001115415214183,0,0.0005001115415214,0,1.8323016715005025e-17
2337,0,3.333944831029167e-05,0,3.333944831029167e-05,0,0.0
2338,0,0.00033368263400330626,0,0.0003336826340033,0,6.2341624917916505e-18
2339,0,0.005154121998206879,0,0.0051541219982068,0,7.892991815694472e-17
2340,0,4.128492304652894e-05,0,4.128492304652894e-05,0,0.0
2341,0,3.333944831029167e-05,0,3.333944831029167e-05,0,0.0
2342,0,0.0,0,0.0,0,0.0
2343,0,0.00017113361195774085,0,0.0001711336119577,0,4.084731684839138e-17
2344,0,0.0,0,0.0,0,0.0
2345,0,2.947745985755135e-06,0,2.947745985755135e-06,0,0.0
2346,0,6.042749917230755e-05,0,6.042749917230755e-05,0,0.0
2347,0,8.020645409555797e-06,0,8.020645409555797e-06,0,0.0
2348,0,0.004986702483838679,0,0.0049867024838386,0,7.892991815694472e-17
2349,0,3.333944831029167e-05,0,3.333944831029167e-05,0,0.0
2350,0,0.005,0,0.005,0,0.0
2351,0,0.0001469173809075414,0,0.0001469173809075,0,4.138941793463413e-17
2352,0,8.961510903292219e-05,0,8.961510903292219e-05,0,0.0
2353,0,0.009126137327399572,0,0.0091261373273995,0,7.28583859910259e-17
2354,0,0.00010423245424830579,0,0.0001042324542483,0,5.78692909564138e-18
2355,0,0.0048691479790638195,0,0.0048691479790638,0,1.9081958235744878e-17
2356,0,0.005033339448310291,0,0.0050333394483102,0,9.107298248878237e-17
2357,0,0.0001189041236111966,0,0.0001189041236111,0,9.658886104130238e-17
2358,0,0.03443163362774467,0,0.0344316336277446,0,6.938893903907228e-17
2359,0,0.0,0,0.0,0,0.0
2360,0,0.0046493415486516506,0,0.0046493415486516,0,5.0306980803327406e-17
2361,0,3.333944831029167e-05,0,3.333944831029167e-05,0,0.0
2362,0,3.628719429604681e-05,0,3.628719429604681e-05,0,0.0
2363,0,0.00023933205485160463,0,0.0002393320548516,0,4.6349642873755315e-18
2364,0,4.2969910893993976e-05,0,4.2969910893993976e-05,0,0.0
2365,0,0.0,0,0.0,0,0.0
2366,0,0.005200045387975992,0,0.0052000453879759,0,9.194034422677078e-17
2367,0,0.0,0,0.0,0,0.0
2368,0,0.0,0,0.0,0,0.0
2369,0,3.333944831029167e-05,0,3.333944831029167e-05,0,0.0
2370,0,6.983485064972797e-05,0,6.983485064972797e-05,0,0.0
2371,0,0.009881886394424208,0,0.0098818863944242,0,8.673617379884035e-18
2372,0,0.0017926888770326132,0,0.0017926888770326,0,1.3227266504323154e-17
2373,0,8.961510903292219e-05,0,8.961510903292219e-05,0,0.0
2374,0,0.0021552955266275413,0,0.0021552955266275,0,4.119968255444917e-17
2375,0,0.0,0,0.0,0,0.0
2376,0,0.019778670369799346,0,0.0197786703697993,0,4.5102810375396984e-17
2377,0,3.333944831029167e-05,0,3.333944831029167e-05,0,0.0
2378,0,0.0036099265207680227,0,0.003609926520768,0,2.2551405187698492e-17
2379,0,0.0002359524862317931,0,0.0002359524862317,0,9.310586156219269e-17
2380,0,3.333944831029167e-05,0,3.333944831029167e-05,0,0.0
2381,0,3.333944831029167e-05,0,3.333944831029167e-05,0,0.0
2382,0,0.002293883173713174,0,0.0022938831737131,0,7.41594285980085e-17
2383,0,0.005143317440744599,0,0.0051433174407445,0,9.974659986866641e-17
2384,0,1.8601760358719096e-05,0,1.8601760358719096e-05,0,0.0
2385,0,6.042749917230755e-05,0,6.042749917230755e-05,0,0.0
2386,0,0.019947695012995818,0,0.0199476950129958,0,1.734723475976807e-17
2387,0,0.0012940244359169052,0,0.0012940244359169,0,5.204170427930421e-18
2388,0,0.007988490028390093,0,0.00798849002839,0,9.367506770274758e-17
2389,0,0.005036287194296047,0,0.005036287194296,0,4.683753385137379e-17
2390,0,0.0,0,0.0,0,0.0
2391,0,9.13843569942022e-05,0,9.13843569942022e-05,0,0.0
2392,0,3.628719429604681e-05,0,3.628719429604681e-05,0,0.0
2393,0,0.048958694901493044,0,0.048958694901493,0,4.163336342344337e-17
2394,0,5.538544517541651e-06,0,5.538544517541651e-06,0,0.0
2395,0,3.628719429604681e-05,0,3.628719429604681e-05,0,0.0
2396,0,0.00016715921345402917,0,0.000167159213454,0,2.916503843986007e-17
2397,0,4.1825738813588453e-05,0,4.182573881358845e-05,0,6.776263578034403e-21
2398,0,0.0001429407052149097,0,0.0001429407052149,0,9.703609443745265e-18
2399,0,3.333944831029167e-05,0,3.333944831029167e-05,0,0.0
2400,0,0.00021766812558489536,0,0.0002176681255848,0,9.535558107010011e-17
2401,0,0.0,0,0.0,0,0.0
2402,0,0.0,0,0.0,0,0.0
2403,0,0.0002757313639248802,0,0.0002757313639248,0,8.017675065530305e-17
2404,0,0.00023041394171425145,0,0.0002304139417142,0,5.1445393084437185e-17
2405,0,0.0,0,0.0,0,0.0
2406,0,4.1825738813588453e-05,0,4.182573881358845e-05,0,6.776263578034403e-21
2407,0,3.333944831029167e-05,0,3.333944831029167e-05,0,0.0
2408,0,0.0,0,0.0,0,0.0
2409,0,0.0,0,0.0,0,0.0
2410,0,0.0,0,0.0,0,0.0
2411,0,0.0,0,0.0,0,0.0
2412,0,0.00996655176529882,0,0.0099665517652988,0,1.9081958235744878e-17
2413,0,3.333944831029167e-05,0,3.333944831029167e-05,0,0.0
2414,0,0.0,0,0.0,0,0.0
2415,0,0.0,0,0.0,0,0.0
2416,0,9.712151500778927e-05,0,9.712151500778928e-05,0,1.3552527156068805e-20
2417,0,0.0,0,0.0,0,0.0
2418,0,0.0007610155341578201,0,0.0007610155341578,0,2.0057740190981832e-17
2419,0,5.030228174418519e-05,0,5.030228174418519e-05,0,0.0
2420,0,0.005,0,0.005,0,0.0
2421,0,0.0,0,0.0,0,0.0
2422,0,0.0,0,0.0,0,0.0
2423,0,3.333944831029167e-05,0,3.333944831029167e-05,0,0.0
2424,0,1.0323304617013603e-05,0,1.0323304617013604e-05,0,1.6940658945086007e-21
2425,0,0.000864140383501056,0,0.000864140383501,0,5.605325231750058e-17
2426,0,0.0,0,0.0,0,0.0
2427,0,0.0,0,0.0,0,0.0
2428,0,0.0,0,0.0,0,0.0
2429,0,3.333944831029167e-05,0,3.333944831029167e-05,0,0.0
2430,0,0.0050357364561070496,0,0.005035736456107,0,4.9439619065339e-17
2431,0,0.00016718007758690802,0,0.0001671800775869,0,8.023096076392733e-18
2432,0,0.005009648278508447,0,0.0050096482785084,0,4.7704895589362195e-17
2433,0,1.0323304617013603e-05,0,1.0323304617013604e-05,0,1.6940658945086007e-21
2434,0,0.0,0,0.0,0,0.0
2435,0,0.0013365662628875593,0,0.0013365662628875,0,5.941427905220564e-17
2436,0,0.004098519953983444,0,0.0040985199539834,0,4.336808689942018e-17
2437,0,3.333944831029167e-05,0,3.333944831029167e-05,0,0.0
2438,0,4.991214849712603e-05,0,4.991214849712603e-05,0,0.0
2439,0,0.0,0,0.0,0,0.0
2440,0,0.0,0,0.0,0,0.0
2441,0,0.002291517074582927,0,0.0022915170745829,0,2.688821387764051e-17
2442,0,0.0,0,0.0,0,0.0
2443,0,9.712151500778927e-05,0,9.712151500778928e-05,0,1.3552527156068805e-20
2444,0,0.005,0,0.005,0,0.0
2445,0,0.0,0,0.0,0,0.0
2446,0,0.0,0,0.0,0,0.0
2447,0,0.00013329242670646218,0,0.0001332924267064,0,6.217899459204368e-17
2448,0,0.00019173332395410841,0,0.0001917333239541,0,8.40256683676266e-18
2449,0,5.538544517541651e-06,0,5.538544517541651e-06,0,0.0
2450,0,5.602261099810152e-05,0,5.602261099810152e-05,0,0.0
2451,0,3.333944831029167e-05,0,3.333944831029167e-05,0,0.0
2452,0,0.00013916339397467567,0,0.0001391633939746,0,7.567731163948821e-17
2453,0,0.005,0,0.005,0,0.0
2454,0,0.00018591774165864573,0,0.0001859177416586,0,4.572622662457615e-17
2455,0,0.0,0,0.0,0,0.0
2456,0,1.3624954201079227e-05,0,1.3624954201079228e-05,0,1.6940658945086007e-21
2457,0,0.0,0,0.0,0,0.0
2458,0,2.947745985755135e-06,0,2.947745985755135e-06,0,0.0
2459,0,0.010005538544517543,0,0.0100055385445175,0,4.336808689942018e-17
2460,0,0.0,0,0.0,0,0.0
2461,0,3.333944831029167e-05,0,3.333944831029167e-05,0,0.0
2462,0,9.634366770270505e-05,0,9.634366770270504e-05,0,1.3552527156068805e-20
2463,0,0.01496813978287852,0,0.0149681397828785,0,2.0816681711721685e-17
2464,0,0.005,0,0.005,0,0.0
2465,0,3.628719429604681e-05,0,3.628719429604681e-05,0,0.0
2466,0,8.020645409555797e-06,0,8.020645409555797e-06,0,0.0
2467,0,0.0,0,0.0,0,0.0
2468,0,0.0,0,0.0,0,0.0
2469,0,0.0,0,0.0,0,0.0
2470,0,0.0,0,0.0,0,0.0
2471,0,3.333944831029167e-05,0,3.333944831029167e-05,0,0.0
2472,0,0.0,0,0.0,0,0.0
2473,0,3.333944831029167e-05,0,3.333944831029167e-05,0,0.0
2474,0,0.0,0,0.0,0,0.0
2475,0,0.11459274121311877,0,0.1145927412131187,0,6.938893903907228e-17
2476,0,5.307486501234639e-05,0,5.307486501234639e-05,0,0.0
2477,0,0.0003283806221097257,0,0.0003283806221097,0,2.5695591487906455e-17
2478,0,0.005,0,0.005,0,0.0
2479,0,3.333944831029167e-05,0,3.333944831029167e-05,0,0.0
2480,0,0.00017772030435440458,0,0.0001777203043544,0,4.580754178751256e-18
2481,0,0.0,0,0.0,0,0.0
2482,0,3.333944831029167e-05,0,3.333944831029167e-05,0,0.0
2483,0,3.628719429604681e-05,0,3.628719429604681e-05,0,0.0
2484,0,0.03269385276377382,0,0.0326938527637738,0,2.0816681711721685e-17
2485,0,0.00025362160855797,0,0.0002536216085579,0,6.998525023393931e-17
2486,0,3.628719429604681e-05,0,3.628719429604681e-05,0,0.0
2487,0,0.0,0,0.0,0,0.0
2488,0,0.0,0,0.0,0,0.0
2489,0,0.0,0,0.0,0,0.0
2490,0,0.005,0,0.005,0,0.0
2491,0,3.628719429604681e-05,0,3.628719429604681e-05,0,0.0
2492,0,0.0009601851594073963,0,0.0009601851594073,0,9.627715291671279e-17
2493,0,0.0,0,0.0,0,0.0
2494,0,3.333944831029167e-05,0,3.333944831029167e-05,0,0.0
2495,0,0.0,0,0.0,0,0.0
2496,0,3.333944831029167e-05,0,3.333944831029167e-05,0,0.0
2497,0,0.010087396353550868,0,0.0100873963535508,0,6.765421556309548e-17
2498,0,0.0012856430254041399,0,0.0012856430254041,0,3.9898639947466563e-17
2499,0,0.09482579282458715,0,0.0948257928245871,0,5.551115123125783e-17
2500,0,3.333944831029167e-05,0,3.333944831029167e-05,0,0.0
2501,0,3.402355459346448e-05,0,3.402355459346448e-05,0,0.0
2502,0,0.005036287194296047,0,0.005036287194296,0,4.683753385137379e-17
2503,0,0.00021766812558489536,0,0.0002176681255848,0,9.535558107010011e-17
2504,0,0.019874989401363084,0,0.019874989401363,0,8.326672684688674e-17
2505,0,3.333944831029167e-05,0,3.333944831029167e-05,0,0.0
2506,0,0.001972601332509359,0,0.0019726013325093,0,5.898059818321144e-17
2507,0,5.030228174418519e-05,0,5.030228174418519e-05,0,0.0
2508,0,0.00030801222512151803,0,0.0003080122251215,0,1.805196617188365e-17
2509,0,3.628719429604681e-05,0,3.628719429604681e-05,0,0.0
2510,0,0.0,0,0.0,0,0.0
2511,0,0.0,0,0.0,0,0.0
2512,0,0.005,0,0.005,0,0.0
2513,0,0.0,0,0.0,0,0.0
2514,0,0.0,0,0.0,0,0.0
2515,0,0.00013329242670646218,0,0.0001332924267064,0,6.217899459204368e-17
2516,0,0.0,0,0.0,0,0.0
2517,0,0.0003067185293446936,0,0.0003067185293446,0,9.362085759412331e-17
2518,0,4.991214849712603e-05,0,4.991214849712603e-05,0,0.0
2519,0,0.00013329242670646218,0,0.0001332924267064,0,6.217899459204368e-17
2520,0,0.0,0,0.0,0,0.0
2521,0,0.00013329242670646218,0,0.0001332924267064,0,6.217899459204368e-17
2522,0,9.99529783961705e-05,0,9.99529783961705e-05,0,0.0
2523,0,0.00019707449340395977,0,0.0001970744934039,0,5.976664475826343e-17
2524,0,0.00013329242670646218,0,0.0001332924267064,0,6.217899459204368e-17
2525,0,0.0004038400443524829,0,0.0004038400443524,0,8.288725608651681e-17
2526,0,0.005138484894111419,0,0.0051384848941114,0,1.9081958235744878e-17
2527,0,0.0003067185293446936,0,0.0003067185293446,0,9.362085759412331e-17
2528,0,0.00020676555094852314,0,0.0002067655509485,0,2.314771638256552e-17
2529,0,0.00013329242670646218,0,0.0001332924267064,0,6.217899459204368e-17
2530,0,0.00013329242670646218,0,0.0001332924267064,0,6.217899459204368e-17
2531,0,0.00013329242670646218,0,0.0001332924267064,0,6.217899459204368e-17
2532,0,0.0003067185293446936,0,0.0003067185293446,0,9.362085759412331e-17
2533,0,0.00013329242670646218,0,0.0001332924267064,0,6.217899459204368e-17
2534,0,0.0003067185293446936,0,0.0003067185293446,0,9.362085759412331e-17
2535,0,0.00013329242670646218,0,0.0001332924267064,0,6.217899459204368e-17
2536,0,0.00013329242670646218,0,0.0001332924267064,0,6.217899459204368e-17
2537,0,8.020645409555797e-06,0,8.020645409555797e-06,0,0.0
2538,0,0.00013329242670646218,0,0.0001332924267064,0,6.217899459204368e-17
2539,0,0.0,0,0.0,0,0.0
2540,0,0.00013329242670646218,0,0.0001332924267064,0,6.217899459204368e-17
2541,0,0.0,0,0.0,0,0.0
2542,0,0.00013329242670646218,0,0.0001332924267064,0,6.217899459204368e-17
2543,0,0.00013329242670646218,0,0.0001332924267064,0,6.217899459204368e-17
2544,0,0.00013329242670646218,0,0.0001332924267064,0,6.217899459204368e-17
2545,0,0.00017342610263823145,0,0.0001734261026382,0,3.144186300207963e-17
2546,0,0.00013329242670646218,0,0.0001332924267064,0,6.217899459204368e-17
2547,0,0.00013329242670646218,0,0.0001332924267064,0,6.217899459204368e-17
2548,0,0.0,0,0.0,0,0.0
2549,0,0.00013329242670646218,0,0.0001332924267064,0,6.217899459204368e-17
2550,0,0.0003038870659563124,0,0.0003038870659563,0,1.235990476633475e-17
2551,0,0.0,0,0.0,0,0.0
2552,0,0.0003067185293446936,0,0.0003067185293446,0,9.362085759412331e-17
2553,0,0.0,0,0.0,0,0.0
2554,0,3.333944831029167e-05,0,3.333944831029167e-05,0,0.0
2555,0,0.0,0,0.0,0,0.0
2556,0,0.0003067185293446936,0,0.0003067185293446,0,9.362085759412331e-17
2557,0,0.00017342610263823145,0,0.0001734261026382,0,3.144186300207963e-17
2558,0,0.0003283806221097257,0,0.0003283806221097,0,2.5695591487906455e-17
2559,0,0.00023041394171425145,0,0.0002304139417142,0,5.1445393084437185e-17
2560,0,0.0003067185293446936,0,0.0003067185293446,0,9.362085759412331e-17
2561,0,0.0,0,0.0,0,0.0
2562,0,0.00013329242670646218,0,0.0001332924267064,0,6.217899459204368e-17
2563,0,0.0003067185293446936,0,0.0003067185293446,0,9.362085759412331e-17
2564,0,0.0,0,0.0,0,0.0
2565,0,0.0,0,0.0,0,0.0
2566,0,0.0003067185293446936,0,0.0003067185293446,0,9.362085759412331e-17
2567,0,0.00013329242670646218,0,0.0001332924267064,0,6.217899459204368e-17
2568,0,0.0,0,0.0,0,0.0
2569,0,0.0003067185293446936,0,0.0003067185293446,0,9.362085759412331e-17
2570,0,0.0001469173809075414,0,0.0001469173809075,0,4.138941793463413e-17
2571,0,3.628719429604681e-05,0,3.628719429604681e-05,0,0.0
2572,0,0.0,0,0.0,0,0.0
2573,0,0.00013329242670646218,0,0.0001332924267064,0,6.217899459204368e-17
2574,0,0.005,0,0.005,0,0.0
2575,0,0.0003067185293446936,0,0.0003067185293446,0,9.362085759412331e-17
2576,0,0.0,0,0.0,0,0.0
2577,0,0.00013329242670646218,0,0.0001332924267064,0,6.217899459204368e-17
2578,0,0.0003067185293446936,0,0.0003067185293446,0,9.362085759412331e-17
2579,0,0.00013329242670646218,0,0.0001332924267064,0,6.217899459204368e-17
2580,0,0.0003067185293446936,0,0.0003067185293446,0,9.362085759412331e-17
2581,0,8.020645409555797e-06,0,8.020645409555797e-06,0,0.0
2582,0,0.0003283806221097257,0,0.0003283806221097,0,2.5695591487906455e-17
2583,0,0.00019707449340395977,0,0.0001970744934039,0,5.976664475826343e-17
2584,0,0.0,0,0.0,0,0.0
2585,0,0.00017477255836864945,0,0.0001747725583686,0,4.9439619065339e-17
2586,0,0.0003067185293446936,0,0.0003067185293446,0,9.362085759412331e-17
2587,0,4.991214849712603e-05,0,4.991214849712603e-05,0,0.0
2588,0,0.001993903061765277,0,0.0019939030617652,0,7.676151381197371e-17
2589,0,0.0,0,0.0,0,0.0
2590,0,0.001363310623546604,0,0.0013633106235466,0,4.119968255444917e-18
2591,0,0.00017342610263823145,0,0.0001734261026382,0,3.144186300207963e-17
2592,0,0.0005295619423700846,0,0.00052956194237,0,8.46761896711179e-17
2593,0,0.00116884214889458,0,0.0011688421488945,0,8.001412032943023e-17
2594,0,0.010601889108343874,0,0.0106018891083438,0,7.28583859910259e-17
2595,0,0.0,0,0.0,0,0.0
2596,0,0.0,0,0.0,0,0.0
2597,0,0.0,0,0.0,0,0.0
2598,0,7.65405371338063e-05,0,7.65405371338063e-05,0,0.0
2599,0,0.0,0,0.0,0,0.0
2600,0,0.00510022873662159,0,0.0051002287366215,0,9.020562075079397e-17
2601,0,0.0,0,0.0,0,0.0
2602,0,3.333944831029167e-05,0,3.333944831029167e-05,0,0.0
2603,0,7.701128141220366e-05,0,7.701128141220366e-05,0,0.0
2604,0,0.0,0,0.0,0,0.0
2605,0,0.00022581262126055845,0,0.0002258126212605,0,5.843849709696869e-17
2606,0,3.333944831029167e-05,0,3.333944831029167e-05,0,0.0
2607,0,0.0,0,0.0,0,0.0
2608,0,0.0,0,0.0,0,0.0
2609,0,3.333944831029167e-05,0,3.333944831029167e-05,0,0.0
2610,0,9.712151500778927e-05,0,9.712151500778928e-05,0,1.3552527156068805e-20
2611,0,3.333944831029167e-05,0,3.333944831029167e-05,0,0.0
2612,0,0.0003488390595243798,0,0.0003488390595243,0,7.979727989493313e-17
2613,0,0.0,0,0.0,0,0.0
2614,0,0.0,0,0.0,0,0.0
2615,0,0.0003832590664784999,0,0.0003832590664784,0,9.990923019453923e-17
2616,0,0.0003283806221097257,0,0.0003283806221097,0,2.5695591487906455e-17
2617,0,0.00013329242670646218,0,0.0001332924267064,0,6.217899459204368e-17
2618,0,0.0003283806221097257,0,0.0003283806221097,0,2.5695591487906455e-17
2619,0,0.0,0,0.0,0,0.0
2620,0,0.00013329242670646218,0,0.0001332924267064,0,6.217899459204368e-17
2621,0,0.004878957967810011,0,0.00487895796781,0,1.0408340855860843e-17
2622,0,0.0,0,0.0,0,0.0
2623,0,0.0,0,0.0,0,0.0
2624,0,2.947745985755135e-06,0,2.947745985755135e-06,0,0.0
2625,0,0.0,0,0.0,0,0.0
2626,0,0.0,0,0.0,0,0.0
2627,0,0.0001189041236111966,0,0.0001189041236111,0,9.658886104130238e-17
2628,0,3.333944831029167e-05,0,3.333944831029167e-05,0,0.0
2629,0,0.0,0,0.0,0,0.0
2630,0,0.005033339448310291,0,0.0050333394483102,0,9.107298248878237e-17
2631,0,3.333944831029167e-05,0,3.333944831029167e-05,0,0.0
2632,0,0.0,0,0.0,0,0.0
2633,0,1.9735416702054715e-05,0,1.9735416702054715e-05,0,0.0
2634,0,0.0,0,0.0,0,0.0
2635,0,0.0,0,0.0,0,0.0
2636,0,0.0,0,0.0,0,0.0
2637,0,0.0,0,0.0,0,0.0
2638,0,0.0,0,0.0,0,0.0
2639,0,0.0,0,0.0,0,0.0
2640,0,0.0001429407052149097,0,0.0001429407052149,0,9.703609443745265e-18
2641,0,4.366275292730528e-05,0,4.366275292730528e-05,0,0.0
2642,0,5.602261099810152e-05,0,5.602261099810152e-05,0,0.0
2643,0,0.0001697760125798436,0,0.0001697760125798,0,4.358492733391728e-17
2644,0,0.0002206158715706505,0,0.0002206158715706,0,5.049671618351237e-17
2645,0,0.0063709203750182295,0,0.0063709203750182,0,2.949029909160572e-17
2646,0,5.329321551100758e-05,0,5.329321551100758e-05,0,0.0
2647,0,0.0,0,0.0,0,0.0
2648,0,3.887799282783332e-05,0,3.887799282783332e-05,0,0.0
2649,0,0.049678508427174306,0,0.0496785084271743,0,6.938893903907228e-18
2650,0,0.0,0,0.0,0,0.0
2651,0,3.333944831029167e-05,0,3.333944831029167e-05,0,0.0
2652,0,0.0,0,0.0,0,0.0
2653,0,5.090440109245614e-05,0,5.090440109245614e-05,0,0.0
2654,0,3.333944831029167e-05,0,3.333944831029167e-05,0,0.0
2655,0,0.014901388174810204,0,0.0149013881748102,0,3.469446951953614e-18
2656,0,3.333944831029167e-05,0,3.333944831029167e-05,0,0.0
2657,0,4.2969910893993976e-05,0,4.2969910893993976e-05,0,0.0
2658,0,0.0,0,0.0,0,0.0
2659,0,0.0,0,0.0,0,0.0
2660,0,0.009638258214973749,0,0.0096382582149737,0,4.85722573273506e-17
2661,0,0.0,0,0.0,0,0.0
2662,0,0.0007611571067506841,0,0.0007611571067506,0,8.402566836762659e-17
2663,0,0.0,0,0.0,0,0.0
2664,0,0.004830224332155894,0,0.0048302243321558,0,9.367506770274758e-17
2665,0,0.004245852298830168,0,0.0042458522988301,0,6.765421556309548e-17
2666,0,0.0,0,0.0,0,0.0
2667,0,0.00042715360827778187,0,0.0004271536082777,0,8.185726402265558e-17
2668,0,8.961510903292219e-05,0,8.961510903292219e-05,0,0.0
2669,0,0.0,0,0.0,0,0.0
2670,0,0.0,0,0.0,0,0.0
2671,0,3.333944831029167e-05,0,3.333944831029167e-05,0,0.0
2672,0,0.0,0,0.0,0,0.0
2673,0,0.008366633082063629,0,0.0083666330820636,0,2.7755575615628914e-17
2674,0,3.628719429604681e-05,0,3.628719429604681e-05,0,0.0
2675,0,8.596476326247524e-05,0,8.596476326247524e-05,0,0.0
2676,0,0.0002359524862317931,0,0.0002359524862317,0,9.310586156219269e-17
2677,0,0.0,0,0.0,0,0.0
2678,0,0.005,0,0.005,0,0.0
2679,0,0.000845016434202892,0,0.0008450164342028,0,9.204876444401933e-17
2680,0,3.333944831029167e-05,0,3.333944831029167e-05,0,0.0
2681,0,0.0,0,0.0,0,0.0
2682,0,0.005,0,0.005,0,0.0
2683,0,0.00015872266880007365,0,0.0001587226688,0,7.364443256607789e-17
2684,0,3.333944831029167e-05,0,3.333944831029167e-05,0,0.0
2685,0,0.0,0,0.0,0,0.0
2686,0,0.00013329242670646218,0,0.0001332924267064,0,6.217899459204368e-17
2687,0,0.0,0,0.0,0,0.0
2688,0,0.0012940244359169052,0,0.0012940244359169,0,5.204170427930421e-18
2689,0,0.0,0,0.0,0,0.0
2690,0,0.005002947745985756,0,0.0050029477459857,0,5.551115123125783e-17
2691,0,0.0,0,0.0,0,0.0
2692,0,0.0,0,0.0,0,0.0
2693,0,0.0,0,0.0,0,0.0
2694,0,0.00997933211340584,0,0.0099793321134058,0,3.9898639947466563e-17
2695,0,0.0,0,0.0,0,0.0
2696,0,0.005,0,0.005,0,0.0
2697,0,3.333944831029167e-05,0,3.333944831029167e-05,0,0.0
2698,0,0.00014847924973245135,0,0.0001484792497324,0,5.136407792150077e-17
2699,0,0.00017342610263823145,0,0.0001734261026382,0,3.144186300207963e-17
2700,0,0.00032034348354577287,0,0.0003203434835457,0,7.28583859910259e-17
2701,0,0.0,0,0.0,0,0.0
2702,0,0.005,0,0.005,0,0.0
2703,0,0.00021766812558489536,0,0.0002176681255848,0,9.535558107010011e-17
2704,0,8.020645409555797e-06,0,8.020645409555797e-06,0,0.0
2705,0,0.0,0,0.0,0,0.0
2706,0,0.019472171146719557,0,0.0194721711467195,0,5.551115123125783e-17
2707,0,0.0,0,0.0,0,0.0
2708,0,0.0,0,0.0,0,0.0
2709,0,9.712151500778927e-05,0,9.712151500778928e-05,0,1.3552527156068805e-20
2710,0,0.010395955250685629,0,0.0103959552506856,0,2.949029909160572e-17
2711,0,8.961510903292219e-05,0,8.961510903292219e-05,0,0.0
2712,0,0.007162699567141881,0,0.0071626995671418,0,8.066464163292153e-17
2713,0,3.628719429604681e-05,0,3.628719429604681e-05,0,0.0
2714,0,0.00012243547450402684,0,0.000122435474504,0,2.6834003769016235e-17
2715,0,4.2987726818739194e-05,0,4.29877268187392e-05,0,6.776263578034403e-21
2716,0,3.333944831029167e-05,0,3.333944831029167e-05,0,0.0
2717,0,0.0,0,0.0,0,0.0
2718,0,0.0,0,0.0,0,0.0
2719,0,0.0,0,0.0,0,0.0
2720,0,0.0,0,0.0,0,0.0
2721,0,3.333944831029167e-05,0,3.333944831029167e-05,0,0.0
2722,0,5.627566072263052e-05,0,5.627566072263052e-05,0,0.0
2723,0,0.0,0,0.0,0,0.0
2724,0,0.00016746497455439596,0,0.0001674649745543,0,9.595189226496714e-17
2725,0,0.0,0,0.0,0,0.0
2726,0,4.2969910893993976e-05,0,4.2969910893993976e-05,0,0.0
2727,0,0.0,0,0.0,0,0.0
2728,0,0.0,0,0.0,0,0.0
2729,0,0.0,0,0.0,0,0.0
2730,0,0.0,0,0.0,0,0.0
2731,0,0.0,0,0.0,0,0.0
2732,0,0.0,0,0.0,0,0.0
2733,0,0.0,0,0.0,0,0.0
2734,0,0.0,0,0.0,0,0.0
2735,0,0.0,0,0.0,0,0.0
2736,0,3.333944831029167e-05,0,3.333944831029167e-05,0,0.0
2737,0,0.023580950297649617,0,0.0235809502976496,0,1.734723475976807e-17
2738,0,0.0,0,0.0,0,0.0
2739,0,3.333944831029167e-05,0,3.333944831029167e-05,0,0.0
2740,0,9.712151500778927e-05,0,9.712151500778928e-05,0,1.3552527156068805e-20
2741,0,0.00013046096331808095,0,0.000130460963318,0,8.096279723035504e-17
2742,0,0.0,0,0.0,0,0.0
2743,0,3.628719429604681e-05,0,3.628719429604681e-05,0,0.0
2744,0,0.0,0,0.0,0,0.0
2745,0,0.00017477255836864945,0,0.0001747725583686,0,4.9439619065339e-17
2746,0,6.429630613218631e-05,0,6.429630613218631e-05,0,0.0
2747,0,0.0,0,0.0,0,0.0
2748,0,0.00021766812558489536,0,0.0002176681255848,0,9.535558107010011e-17
2749,0,2.708805086201588e-05,0,2.708805086201588e-05,0,0.0
2750,0,9.712151500778927e-05,0,9.712151500778928e-05,0,1.3552527156068805e-20
2751,0,0.0006271083772567572,0,0.0006271083772567,0,5.724587470723463e-17
2752,0,0.005607661672209128,0,0.0056076616722091,0,2.7755575615628914e-17
2753,0,0.0,0,0.0,0,0.0
2754,0,0.0,0,0.0,0,0.0
2755,0,0.0,0,0.0,0,0.0
2756,0,3.628719429604681e-05,0,3.628719429604681e-05,0,0.0
2757,0,8.961510903292219e-05,0,8.961510903292219e-05,0,0.0
2758,0,0.005,0,0.005,0,0.0
2759,0,0.0,0,0.0,0,0.0
2760,0,0.0,0,0.0,0,0.0
2761,0,0.0,0,0.0,0,0.0
2762,0,3.333944831029167e-05,0,3.333944831029167e-05,0,0.0
2763,0,0.00017551033951637325,0,0.0001755103395163,0,7.323785675139582e-17
2764,0,0.0,0,0.0,0,0.0
2765,0,0.0,0,0.0,0,0.0
2766,0,0.0,0,0.0,0,0.0
2767,0,8.33637115846464e-05,0,8.33637115846464e-05,0,0.0
2768,0,0.003340334531022498,0,0.0033403345310224,0,9.80118763926896e-17
2769,0,0.0,0,0.0,0,0.0
2770,0,0.00013329242670646218,0,0.0001332924267064,0,6.217899459204368e-17
2771,0,0.00021766812558489536,0,0.0002176681255848,0,9.535558107010011e-17
2772,0,0.0007096438292521341,0,0.0007096438292521,0,3.415236843329339e-17
2773,0,0.004901793843373662,0,0.0049017938433736,0,6.245004513516506e-17
2774,0,0.0009304862991161711,0,0.0009304862991161,0,7.112366251504909e-17
2775,0,0.0025789116460240317,0,0.002578911646024,0,3.165870343657673e-17
2776,0,3.333944831029167e-05,0,3.333944831029167e-05,0,0.0
2777,0,0.0,0,0.0,0,0.0
2778,0,0.00208883416538758,0,0.0020888341653875,0,7.979727989493313e-17
2779,0,5.325002772994032e-05,0,5.325002772994032e-05,0,0.0
2780,0,0.0,0,0.0,0,0.0
2781,0,0.0,0,0.0,0,0.0
2782,0,0.0,0,0.0,0,0.0
2783,0,8.739635355086754e-05,0,8.739635355086754e-05,0,0.0
2784,0,8.739635355086754e-05,0,8.739635355086754e-05,0,0.0
2785,0,8.739635355086754e-05,0,8.739635355086754e-05,0,0.0
2786,0,8.739635355086754e-05,0,8.739635355086754e-05,0,0.0
2787,0,0.0,0,0.0,0,0.0
2788,0,3.333944831029167e-05,0,3.333944831029167e-05,0,0.0
2789,0,0.00021766812558489536,0,0.0002176681255848,0,9.535558107010011e-17
2790,0,2.947745985755135e-06,0,2.947745985755135e-06,0,0.0
2791,0,0.005,0,0.005,0,0.0
2792,0,0.015,0,0.015,0,0.0
2793,0,0.0,0,0.0,0,0.0
2794,0,0.00017342610263823145,0,0.0001734261026382,0,3.144186300207963e-17
2795,0,0.0002228252162774759,0,0.0002228252162774,0,7.589415207398531e-17
2796,0,5.627566072263052e-05,0,5.627566072263052e-05,0,0.0
2797,0,0.0,0,0.0,0,0.0
2798,0,0.024779633987590734,0,0.0247796339875907,0,3.469446951953614e-17
2799,0,0.000304718133773755,0,0.0003047181337737,0,5.4969050145015075e-17
2800,0,0.005885094568180369,0,0.0058850945681803,0,6.852157730108388e-17
2801,0,0.019823565537236174,0,0.0198235655372361,0,7.28583859910259e-17
2802,0,0.0005528173591548663,0,0.0005528173591548,0,6.624475273886432e-17
2803,0,0.0,0,0.0,0,0.0
2804,0,3.333944831029167e-05,0,3.333944831029167e-05,0,0.0
2805,0,0.004671203590449437,0,0.0046712035904494,0,3.729655473350135e-17
2806,0,0.0,0,0.0,0,0.0
2807,0,0.00012243547450402684,0,0.000122435474504,0,2.6834003769016235e-17
2808,0,0.0,0,0.0,0,0.0
2809,0,0.05278864431437056,0,0.0527886443143705,0,6.245004513516506e-17
2810,0,0.0,0,0.0,0,0.0
2811,0,0.0,0,0.0,0,0.0
2812,0,8.486290503296785e-06,0,8.486290503296785e-06,0,0.0
2813,0,0.0,0,0.0,0,0.0
2814,0,3.333944831029167e-05,0,3.333944831029167e-05,0,0.0
2815,0,0.00014847924973245135,0,0.0001484792497324,0,5.136407792150077e-17
2816,0,8.961510903292219e-05,0,8.961510903292219e-05,0,0.0
2817,0,0.0,0,0.0,0,0.0
2818,0,9.712151500778927e-05,0,9.712151500778928e-05,0,1.3552527156068805e-20
2819,0,0.005,0,0.005,0,0.0
2820,0,0.008573770807398977,0,0.0085737708073989,0,7.632783294297951e-17
2821,0,5.538544517541651e-06,0,5.538544517541651e-06,0,0.0
2822,0,0.0,0,0.0,0,0.0
2823,0,3.333944831029167e-05,0,3.333944831029167e-05,0,0.0
2824,0,8.020645409555797e-06,0,8.020645409555797e-06,0,0.0
2825,0,0.0003159442242868473,0,0.0003159442242868,0,4.732542482899227e-17
2826,0,0.005122435474504027,0,0.005122435474504,0,2.688821387764051e-17
2827,0,0.0,0,0.0,0,0.0
2828,0,3.333944831029167e-05,0,3.333944831029167e-05,0,0.0
2829,0,0.0,0,0.0,0,0.0
2830,0,0.0,0,0.0,0,0.0
2831,0,0.0,0,0.0,0,0.0
2832,0,0.0,0,0.0,0,0.0
2833,0,0.0003153981254344452,0,0.0003153981254344,0,4.5211230592645535e-17
2834,0,0.0,0,0.0,0,0.0
2835,0,4.1825738813588453e-05,0,4.182573881358845e-05,0,6.776263578034403e-21
2836,0,0.009915801541607759,0,0.0099158015416077,0,5.898059818321144e-17
2837,0,0.0,0,0.0,0,0.0
2838,0,0.0,0,0.0,0,0.0
2839,0,0.0,0,0.0,0,0.0
2840,0,0.003620486741883921,0,0.0036204867418839,0,2.1250362580715887e-17
2841,0,0.0,0,0.0,0,0.0
2842,0,0.00013329242670646218,0,0.0001332924267064,0,6.217899459204368e-17
2843,0,0.00015743273158272294,0,0.0001574327315827,0,2.293087594806842e-17
2844,0,3.333944831029167e-05,0,3.333944831029167e-05,0,0.0
2845,0,0.0,0,0.0,0,0.0
2846,0,0.00013329242670646218,0,0.0001332924267064,0,6.217899459204368e-17
2847,0,0.0001189041236111966,0,0.0001189041236111,0,9.658886104130238e-17
2848,0,3.628719429604681e-05,0,3.628719429604681e-05,0,0.0
2849,0,0.0,0,0.0,0,0.0
2850,0,0.00013329242670646218,0,0.0001332924267064,0,6.217899459204368e-17
2851,0,0.0003067185293446936,0,0.0003067185293446,0,9.362085759412331e-17
2852,0,1.586184913455525e-05,0,1.586184913455525e-05,0,0.0
2853,0,0.0,0,0.0,0,0.0
2854,0,0.00013329242670646218,0,0.0001332924267064,0,6.217899459204368e-17
2855,0,0.0003067185293446936,0,0.0003067185293446,0,9.362085759412331e-17
2856,0,0.00013329242670646218,0,0.0001332924267064,0,6.217899459204368e-17
2857,0,3.333944831029167e-05,0,3.333944831029167e-05,0,0.0
2858,0,0.00013329242670646218,0,0.0001332924267064,0,6.217899459204368e-17
2859,0,0.00020676555094852314,0,0.0002067655509485,0,2.314771638256552e-17
2860,0,0.0003283806221097257,0,0.0003283806221097,0,2.5695591487906455e-17
2861,0,0.003705268381329293,0,0.0037052683813292,0,9.324138683375338e-17
2862,0,0.00013329242670646218,0,0.0001332924267064,0,6.217899459204368e-17
2863,0,0.00013329242670646218,0,0.0001332924267064,0,6.217899459204368e-17
2864,0,0.007080946864846224,0,0.0070809468648462,0,2.3418766925686896e-17
2865,0,0.00013329242670646218,0,0.0001332924267064,0,6.217899459204368e-17
2866,0,0.00013329242670646218,0,0.0001332924267064,0,6.217899459204368e-17
2867,0,0.0,0,0.0,0,0.0
2868,0,0.00013329242670646218,0,0.0001332924267064,0,6.217899459204368e-17
2869,0,0.0,0,0.0,0,0.0
2870,0,0.00013329242670646218,0,0.0001332924267064,0,6.217899459204368e-17
2871,0,0.0,0,0.0,0,0.0
2872,0,0.0003067185293446936,0,0.0003067185293446,0,9.362085759412331e-17
2873,0,3.333944831029167e-05,0,3.333944831029167e-05,0,0.0
2874,0,0.0003067185293446936,0,0.0003067185293446,0,9.362085759412331e-17
2875,0,0.00013329242670646218,0,0.0001332924267064,0,6.217899459204368e-17
2876,0,0.005306718529344692,0,0.0053067185293446,0,9.280770596475918e-17
2877,0,0.005133292426706462,0,0.0051332924267064,0,6.245004513516506e-17
2878,0,0.00013329242670646218,0,0.0001332924267064,0,6.217899459204368e-17
2879,0,0.00013329242670646218,0,0.0001332924267064,0,6.217899459204368e-17
2880,0,0.0,0,0.0,0,0.0
2881,0,0.0003283806221097257,0,0.0003283806221097,0,2.5695591487906455e-17
2882,0,0.0003067185293446936,0,0.0003067185293446,0,9.362085759412331e-17
2883,0,0.0003283806221097257,0,0.0003283806221097,0,2.5695591487906455e-17
2884,0,0.0002359524862317931,0,0.0002359524862317,0,9.310586156219269e-17
2885,0,3.333944831029167e-05,0,3.333944831029167e-05,0,0.0
2886,0,0.0003067185293446936,0,0.0003067185293446,0,9.362085759412331e-17
2887,0,0.00013329242670646218,0,0.0001332924267064,0,6.217899459204368e-17
2888,0,0.00013329242670646218,0,0.0001332924267064,0,6.217899459204368e-17
2889,0,0.00013329242670646218,0,0.0001332924267064,0,6.217899459204368e-17
2890,0,0.00020676555094852314,0,0.0002067655509485,0,2.314771638256552e-17
2891,0,0.0003283806221097257,0,0.0003283806221097,0,2.5695591487906455e-17
2892,0,0.0003067185293446936,0,0.0003067185293446,0,9.362085759412331e-17
2893,0,0.0,0,0.0,0,0.0
2894,0,0.0,0,0.0,0,0.0
2895,0,0.0,0,0.0,0,0.0
2896,0,0.01,0,0.01,0,0.0
2897,0,0.04,0,0.04,0,0.0
2898,0,0.009825978867547613,0,0.0098259788675476,0,1.214306433183765e-17
2899,0,0.0053283806221097255,0,0.0053283806221097,0,2.5153490401663703e-17
2900,0,0.0003067185293446936,0,0.0003067185293446,0,9.362085759412331e-17
2901,0,0.00013329242670646218,0,0.0001332924267064,0,6.217899459204368e-17
2902,0,0.0,0,0.0,0,0.0
2903,0,0.0003067185293446936,0,0.0003067185293446,0,9.362085759412331e-17
2904,0,0.0,0,0.0,0,0.0
2905,0,0.009812277897461428,0,0.0098122778974614,0,2.7755575615628914e-17
2906,0,5.538544517541651e-06,0,5.538544517541651e-06,0,0.0
2907,0,0.006195360943650323,0,0.0061953609436503,0,2.3418766925686896e-17
2908,0,0.00455329677274531,0,0.0045532967727453,0,9.540979117872439e-18
2909,0,0.0,0,0.0,0,0.0
2910,0,0.0,0,0.0,0,0.0
2911,0,0.00023041394171425145,0,0.0002304139417142,0,5.1445393084437185e-17
2912,0,0.00021773394234383405,0,0.0002177339423438,0,3.404394821604484e-17
2913,0,0.0,0,0.0,0,0.0
2914,0,0.0,0,0.0,0,0.0
2915,0,0.0,0,0.0,0,0.0
2916,0,0.0,0,0.0,0,0.0
2917,0,5.602261099810152e-05,0,5.602261099810152e-05,0,0.0
2918,0,0.0048170664615611505,0,0.0048170664615611,0,5.0306980803327406e-17
2919,0,0.0001541219982068796,0,0.0001541219982068,0,7.960754451474816e-17
2920,0,0.0,0,0.0,0,0.0
2921,0,9.080512318516341e-05,0,9.08051231851634e-05,0,1.3552527156068805e-20
2922,0,0.0003153981254344452,0,0.0003153981254344,0,4.5211230592645535e-17
2923,0,3.628719429604681e-05,0,3.628719429604681e-05,0,0.0
2924,0,0.0004243908974973026,0,0.0004243908974973,0,2.6020852139652106e-18
2925,0,0.0,0,0.0,0,0.0
2926,0,0.0,0,0.0,0,0.0
2927,0,3.333944831029167e-05,0,3.333944831029167e-05,0,0.0
2928,0,0.004887469063660113,0,0.0048874690636601,0,1.3010426069826053e-17
2929,0,0.0,0,0.0,0,0.0
2930,0,7.630935920428565e-05,0,7.630935920428565e-05,0,0.0
2931,0,8.020645409555797e-06,0,8.020645409555797e-06,0,0.0
2932,0,0.0,0,0.0,0,0.0
2933,0,0.0,0,0.0,0,0.0
2934,0,0.006974588889462268,0,0.0069745888894622,0,6.765421556309548e-17
2935,0,0.005033339448310291,0,0.0050333394483102,0,9.107298248878237e-17
2936,0,0.0,0,0.0,0,0.0
2937,0,2.708805086201588e-05,0,2.708805086201588e-05,0,0.0
2938,0,0.0010611393353226516,0,0.0010611393353226,0,5.160802341031001e-17
2939,0,2.414030487626075e-05,0,2.414030487626075e-05,0,0.0
2940,0,2.947745985755135e-06,0,2.947745985755135e-06,0,0.0
2941,0,0.0,0,0.0,0,0.0
2942,0,5.627566072263052e-05,0,5.627566072263052e-05,0,0.0
2943,0,0.0,0,0.0,0,0.0
2944,0,3.628719429604681e-05,0,3.628719429604681e-05,0,0.0
2945,0,0.00010266005952533092,0,0.0001026600595253,0,3.0926866970149014e-17
2946,0,0.0,0,0.0,0,0.0
2947,0,0.00015919489763068027,0,0.0001591948976306,0,8.025806581823947e-17
2948,0,1.0323304617013603e-05,0,1.0323304617013604e-05,0,1.6940658945086007e-21
2949,0,5.2625314952183574e-05,0,5.262531495218357e-05,0,6.776263578034403e-21
2950,0,3.628719429604681e-05,0,3.628719429604681e-05,0,0.0
2951,0,0.0010611393353226516,0,0.0010611393353226,0,5.160802341031001e-17
2952,0,0.00010549152291371215,0,0.0001054915229137,0,1.2156616858993718e-17
2953,0,0.001168858517274811,0,0.0011688585172748,0,1.0842021724855044e-17
2954,0,0.0,0,0.0,0,0.0
2955,0,0.0,0,0.0,0,0.0
2956,0,0.0,0,0.0,0,0.0
2957,0,0.0,0,0.0,0,0.0
2958,0,0.005,0,0.005,0,0.0
2959,0,0.00013329242670646218,0,0.0001332924267064,0,6.217899459204368e-17
2960,0,0.0,0,0.0,0,0.0
2961,0,0.017694943494498957,0,0.0176949434944989,0,5.551115123125783e-17
2962,0,0.0,0,0.0,0,0.0
2963,0,0.0,0,0.0,0,0.0
2964,0,0.00994694037719423,0,0.0099469403771942,0,2.949029909160572e-17
2965,0,0.0,0,0.0,0,0.0
2966,0,0.0,0,0.0,0,0.0
2967,0,0.00013883097122400383,0,0.000138830971224,0,3.821812658011403e-18
2968,0,0.0,0,0.0,0,0.0
2969,0,0.0,0,0.0,0,0.0
2970,0,0.0,0,0.0,0,0.0
2971,0,0.011344044514836192,0,0.0113440445148361,0,9.194034422677078e-17
2972,0,9.745081054803963e-05,0,9.745081054803964e-05,0,1.3552527156068805e-20
2973,0,1.8601760358719096e-05,0,1.8601760358719096e-05,0,0.0
2974,0,0.0,0,0.0,0,0.0
2975,0,0.0027104641990495,0,0.0027104641990495,0,0.0
2976,0,0.00021766812558489536,0,0.0002176681255848,0,9.535558107010011e-17
2977,0,3.333944831029167e-05,0,3.333944831029167e-05,0,0.0
2978,0,0.00022273432596835296,0,0.0002227343259683,0,5.296327612591689e-17
2979,0,3.333944831029167e-05,0,3.333944831029167e-05,0,0.0
2980,0,0.00022193971364131828,0,0.0002219397136413,0,1.8295911660692887e-17
2981,0,0.005087857377199408,0,0.0050878573771994,0,8.673617379884035e-18
2982,0,3.628719429604681e-05,0,3.628719429604681e-05,0,0.0
2983,0,0.000574087074598056,0,0.000574087074598,0,5.594483210025203e-17
2984,0,0.004320857297154037,0,0.004320857297154,0,3.642919299551295e-17
2985,0,0.0,0,0.0,0,0.0
2986,0,0.0,0,0.0,0,0.0
2987,0,0.0,0,0.0,0,0.0
2988,0,0.0,0,0.0,0,0.0
2989,0,0.009788767113339094,0,0.009788767113339,0,9.367506770274758e-17
2990,0,0.00012243547450402684,0,0.000122435474504,0,2.6834003769016235e-17
2991,0,0.0,0,0.0,0,0.0
2992,0,0.0,0,0.0,0,0.0
2993,0,0.01009712151500779,0,0.0100971215150077,0,9.020562075079397e-17
2994,0,0.0,0,0.0,0,0.0
2995,0,0.01694311563810171,0,0.0169431156381017,0,6.938893903907228e-18
2996,0,0.000255515390651606,0,0.0002555153906516,0,6.0173220572945496e-18
2997,0,0.0,0,0.0,0,0.0
2998,0,0.0,0,0.0,0,0.0
2999,0,0.0,0,0.0,0,0.0
3000,0,0.0,0,0.0,0,0.0
3001,0,0.0003283806221097257,0,0.0003283806221097,0,2.5695591487906455e-17
3002,0,3.333944831029167e-05,0,3.333944831029167e-05,0,0.0
3003,0,0.0002443088610092445,0,0.0002443088610092,0,4.450649918052996e-17
3004,0,0.005,0,0.005,0,0.0
3005,0,0.0,0,0.0,0,0.0
3006,0,0.00013046096331808095,0,0.000130460963318,0,8.096279723035504e-17
3007,0,0.0,0,0.0,0,0.0
3008,0,3.333944831029167e-05,0,3.333944831029167e-05,0,0.0
3009,0,0.0005098474482608722,0,0.0005098474482608,0,7.22078646875346e-17
3010,0,0.0,0,0.0,0,0.0
3011,0,2.947745985755135e-06,0,2.947745985755135e-06,0,0.0
3012,0,0.0,0,0.0,0,0.0
3013,0,0.0005325096883558398,0,0.0005325096883558,0,3.979021973021801e-17
3014,0,3.333944831029167e-05,0,3.333944831029167e-05,0,0.0
3015,0,3.628719429604681e-05,0,3.628719429604681e-05,0,0.0
3016,0,2.947745985755135e-06,0,2.947745985755135e-06,0,0.0
3017,0,3.333944831029167e-05,0,3.333944831029167e-05,0,0.0
3018,0,9.712151500778927e-05,0,9.712151500778928e-05,0,1.3552527156068805e-20
3019,0,0.0,0,0.0,0,0.0
3020,0,4.136009371984747e-05,0,4.136009371984747e-05,0,0.0
3021,0,0.0,0,0.0,0,0.0
3022,0,0.00013883097122400383,0,0.000138830971224,0,3.821812658011403e-18
3023,0,0.003762017519166763,0,0.0037620175191667,0,6.288372600415926e-17
3024,0,0.0,0,0.0,0,0.0
3025,0,1.9735416702054715e-05,0,1.9735416702054715e-05,0,0.0
3026,0,8.020645409555797e-06,0,8.020645409555797e-06,0,0.0
3027,0,3.628719429604681e-05,0,3.628719429604681e-05,0,0.0
3028,0,4.69644025113709e-05,0,4.69644025113709e-05,0,0.0
3029,0,0.0021808998432423943,0,0.0021808998432423,0,9.454242944073599e-17
3030,0,0.000586749613048202,0,0.0005867496130482,0,1.951563910473908e-18
3031,0,0.005033339448310291,0,0.0050333394483102,0,9.107298248878237e-17
3032,0,0.0,0,0.0,0,0.0
3033,0,0.012173039676406703,0,0.0121730396764067,0,3.469446951953614e-18
3034,0,5.538544517541651e-06,0,5.538544517541651e-06,0,0.0
3035,0,0.0,0,0.0,0,0.0
3036,0,0.0,0,0.0,0,0.0
3037,0,0.0,0,0.0,0,0.0
3038,0,0.0,0,0.0,0,0.0
3039,0,0.0,0,0.0,0,0.0
3040,0,0.0,0,0.0,0,0.0
3041,0,5.194120866901077e-05,0,5.194120866901077e-05,0,0.0
3042,0,1.8601760358719096e-05,0,1.8601760358719096e-05,0,0.0
3043,0,5.194120866901077e-05,0,5.194120866901077e-05,0,0.0
3044,0,0.0,0,0.0,0,0.0
3045,0,0.0,0,0.0,0,0.0
3046,0,0.009991738457417392,0,0.0099917384574173,0,9.194034422677078e-17
3047,0,3.333944831029167e-05,0,3.333944831029167e-05,0,0.0
3048,0,0.015,0,0.015,0,0.0
3049,0,0.00023041394171425145,0,0.0002304139417142,0,5.1445393084437185e-17
3050,0,0.00023041394171425145,0,0.0002304139417142,0,5.1445393084437185e-17
3051,0,3.333944831029167e-05,0,3.333944831029167e-05,0,0.0
3052,0,0.0001429407052149097,0,0.0001429407052149,0,9.703609443745265e-18
3053,0,3.628719429604681e-05,0,3.628719429604681e-05,0,0.0
3054,0,0.005,0,0.005,0,0.0
3055,0,3.628719429604681e-05,0,3.628719429604681e-05,0,0.0
3056,0,3.333944831029167e-05,0,3.333944831029167e-05,0,0.0
3057,0,0.018997590009253024,0,0.018997590009253,0,2.42861286636753e-17
3058,0,0.00013329242670646218,0,0.0001332924267064,0,6.217899459204368e-17
3059,0,0.0,0,0.0,0,0.0
3060,0,5.538544517541651e-06,0,5.538544517541651e-06,0,0.0
3061,0,0.009954320285672825,0,0.0099543202856728,0,2.42861286636753e-17
3062,0,0.0,0,0.0,0,0.0
3063,0,0.0,0,0.0,0,0.0
3064,0,0.0,0,0.0,0,0.0
3065,0,4.366275292730528e-05,0,4.366275292730528e-05,0,0.0
3066,0,0.0,0,0.0,0,0.0
3067,0,3.333944831029167e-05,0,3.333944831029167e-05,0,0.0
3068,0,0.0,0,0.0,0,0.0
3069,0,3.628719429604681e-05,0,3.628719429604681e-05,0,0.0
3070,0,3.333944831029167e-05,0,3.333944831029167e-05,0,0.0
3071,0,0.0004433589700015121,0,0.0004433589700015,0,1.2088854223213374e-17
3072,0,8.843661100844706e-05,0,8.843661100844706e-05,0,0.0
3073,0,1.8601760358719096e-05,0,1.8601760358719096e-05,0,0.0
3074,0,0.005327401296461564,0,0.0053274012964615,0,6.418476861114186e-17
3075,0,0.0,0,0.0,0,0.0
3076,0,0.00017551033951637325,0,0.0001755103395163,0,7.323785675139582e-17
3077,0,0.00015063225349238872,0,0.0001506322534923,0,8.87148427636264e-17
3078,0,0.0001429407052149097,0,0.0001429407052149,0,9.703609443745265e-18
3079,0,0.02471811412723846,0,0.0247181141272384,0,5.898059818321144e-17
3080,0,0.0,0,0.0,0,0.0
3081,0,0.0,0,0.0,0,0.0
3082,0,0.0,0,0.0,0,0.0
3083,0,3.628719429604681e-05,0,3.628719429604681e-05,0,0.0
3084,0,3.333944831029167e-05,0,3.333944831029167e-05,0,0.0
3085,0,3.402355459346448e-05,0,3.402355459346448e-05,0,0.0
3086,0,0.016438109738352854,0,0.0164381097383528,0,5.551115123125783e-17
3087,0,0.0001541219982068796,0,0.0001541219982068,0,7.960754451474816e-17
3088,0,0.00017845808550212837,0,0.0001784580855021,0,2.837899186480808e-17
3089,0,0.00951098667241369,0,0.0095109866724136,0,9.020562075079397e-17
3090,0,0.00016175023070913875,0,0.0001617502307091,0,3.8760227666356784e-17
3091,0,0.0004154675343499529,0,0.0004154675343499,0,5.2909066017292616e-17
3092,0,0.0002206158715706505,0,0.0002206158715706,0,5.049671618351237e-17
3093,0,1.8601760358719096e-05,0,1.8601760358719096e-05,0,0.0
3094,0,0.0,0,0.0,0,0.0
3095,0,3.333944831029167e-05,0,3.333944831029167e-05,0,0.0
3096,0,0.0,0,0.0,0,0.0
3097,0,0.005148480444079282,0,0.0051484804440792,0,8.153200337090993e-17
3098,0,0.00020676555094852314,0,0.0002067655509485,0,2.314771638256552e-17
3099,0,0.01,0,0.01,0,0.0
3100,0,8.020645409555797e-06,0,8.020645409555797e-06,0,0.0
3101,0,0.0051195282639525455,0,0.0051195282639525,0,4.5102810375396984e-17
3102,0,0.005,0,0.005,0,0.0
3103,0,3.333944831029167e-05,0,3.333944831029167e-05,0,0.0
3104,0,3.333944831029167e-05,0,3.333944831029167e-05,0,0.0
3105,0,0.0,0,0.0,0,0.0
3106,0,0.0,0,0.0,0,0.0
3107,0,5.538544517541651e-06,0,5.538544517541651e-06,0,0.0
3108,0,0.00015244597081801023,0,0.000152445970818,0,1.0245710529988017e-17
3109,0,0.0,0,0.0,0,0.0
3110,0,0.0007193091621824097,0,0.0007193091621824,0,9.64939933512099e-18
3111,0,0.0,0,0.0,0,0.0
3112,0,0.0,0,0.0,0,0.0
3113,0,0.0,0,0.0,0,0.0
3114,0,0.00013329242670646218,0,0.0001332924267064,0,6.217899459204368e-17
3115,0,0.009796457207105806,0,0.0097964572071058,0,6.938893903907228e-18
3116,0,4.2987726818739194e-05,0,4.29877268187392e-05,0,6.776263578034403e-21
3117,0,0.009827354339816533,0,0.0098273543398165,0,3.2959746043559335e-17
3118,0,0.00014847924973245135,0,0.0001484792497324,0,5.136407792150077e-17
3119,0,0.0001582759055499115,0,0.0001582759055499,0,1.1492543028346347e-17
3120,0,0.0012219333822871574,0,0.0012219333822871,0,5.746271514173174e-17
3121,0,0.0,0,0.0,0,0.0
3122,0,0.0,0,0.0,0,0.0
3123,0,0.009952852952405486,0,0.0099528529524054,0,8.673617379884035e-17
3124,0,0.0,0,0.0,0,0.0
3125,0,0.00013340870930383608,0,0.0001334087093038,0,3.607682728945516e-17
3126,0,0.0,0,0.0,0,0.0
3127,0,0.0012841373246318853,0,0.0012841373246318,0,8.521829075736065e-17
3128,0,0.00891829590003364,0,0.0089182959000336,0,3.9898639947466563e-17
3129,0,0.009813486130922025,0,0.009813486130922,0,2.42861286636753e-17
3130,0,0.06176844904394266,0,0.0617684490439426,0,5.551115123125783e-17
3131,0,0.0,0,0.0,0,0.0
3132,0,0.025039117713336986,0,0.0250391177133369,0,8.673617379884035e-17
3133,0,3.333944831029167e-05,0,3.333944831029167e-05,0,0.0
3134,0,0.0005295619423700846,0,0.00052956194237,0,8.46761896711179e-17
3135,0,3.628719429604681e-05,0,3.628719429604681e-05,0,0.0
3136,0,0.00021105975266469626,0,0.0002110597526646,0,9.625004786240066e-17
3137,0,0.05379814599129786,0,0.0537981459912978,0,6.245004513516506e-17
3138,0,3.333944831029167e-05,0,3.333944831029167e-05,0,0.0
3139,0,3.333944831029167e-05,0,3.333944831029167e-05,0,0.0
3140,0,0.0,0,0.0,0,0.0
3141,0,0.0,0,0.0,0,0.0
3142,0,0.00013329242670646218,0,0.0001332924267064,0,6.217899459204368e-17
3143,0,0.00378543087854167,0,0.0037854308785416,0,7.025630077706069e-17
3144,0,1.0323304617013603e-05,0,1.0323304617013604e-05,0,1.6940658945086007e-21
3145,0,0.0,0,0.0,0,0.0
3146,0,0.0,0,0.0,0,0.0
3147,0,3.333944831029167e-05,0,3.333944831029167e-05,0,0.0
3148,0,0.0,0,0.0,0,0.0
3149,0,0.0017384517581379199,0,0.0017384517581379,0,1.9949319973733282e-17
3150,0,0.0,0,0.0,0,0.0
3151,0,0.0,0,0.0,0,0.0
3152,0,0.005002947745985756,0,0.0050029477459857,0,5.551115123125783e-17
3153,0,0.005,0,0.005,0,0.0
3154,0,0.054215721810219296,0,0.0542157218102192,0,9.71445146547012e-17
3155,0,5.49850479209267e-05,0,5.49850479209267e-05,0,0.0
3156,0,0.0,0,0.0,0,0.0
3157,0,9.712151500778927e-05,0,9.712151500778928e-05,0,1.3552527156068805e-20
3158,0,2.154950634447423e-05,0,2.154950634447423e-05,0,0.0
3159,0,0.0,0,0.0,0,0.0
3160,0,0.0,0,0.0,0,0.0
3161,0,0.0002807162234584366,0,0.0002807162234584,0,3.664603343001005e-17
3162,0,0.0,0,0.0,0,0.0
3163,0,0.000304718133773755,0,0.0003047181337737,0,5.4969050145015075e-17
3164,0,3.333944831029167e-05,0,3.333944831029167e-05,0,0.0
3165,0,0.0,0,0.0,0,0.0
3166,0,2.947745985755135e-06,0,2.947745985755135e-06,0,0.0
3167,0,0.010480271304713604,0,0.0104802713047136,0,5.204170427930421e-18
3168,0,9.712151500778927e-05,0,9.712151500778928e-05,0,1.3552527156068805e-20
3169,0,0.0,0,0.0,0,0.0
3170,0,0.0005760458694132417,0,0.0005760458694132,0,4.163336342344337e-17
3171,0,0.005,0,0.005,0,0.0
3172,0,0.0,0,0.0,0,0.0
3173,0,0.005496537614294282,0,0.0054965376142942,0,8.239936510889834e-17
3174,0,0.0003375979946334766,0,0.0003375979946334,0,7.659888348610089e-17
3175,0,0.0003375979946334766,0,0.0003375979946334,0,7.659888348610089e-17
3176,0,0.0003375979946334766,0,0.0003375979946334,0,7.659888348610089e-17
3177,0,0.0003375979946334766,0,0.0003375979946334,0,7.659888348610089e-17
3178,0,0.0,0,0.0,0,0.0
3179,0,3.333944831029167e-05,0,3.333944831029167e-05,0,0.0
3180,0,0.019948150756205523,0,0.0199481507562055,0,2.42861286636753e-17
3181,0,0.00025706783269270833,0,0.0002570678326927,0,8.348356728138384e-18
3182,0,0.0030371659117883667,0,0.0030371659117883,0,6.678685382510707e-17
3183,0,0.0,0,0.0,0,0.0
3184,0,0.0,0,0.0,0,0.0
3185,0,0.024885543211054514,0,0.0248855432110545,0,1.3877787807814457e-17
3186,0,0.0,0,0.0,0,0.0
3187,0,5.329321551100758e-05,0,5.329321551100758e-05,0,0.0
3188,0,0.01471402317196864,0,0.0147140231719686,0,3.9898639947466563e-17
3189,0,0.0014804946881834423,0,0.0014804946881834,0,4.228388472693467e-17
3190,0,0.004948918246618921,0,0.0049489182466189,0,2.0816681711721685e-17
3191,0,0.005375245755866942,0,0.0053752457558669,0,4.163336342344337e-17
3192,0,3.628719429604681e-05,0,3.628719429604681e-05,0,0.0
3193,0,0.00015117425222112448,0,0.0001511742522211,0,2.4475864043860263e-17
3194,0,3.333944831029167e-05,0,3.333944831029167e-05,0,0.0
3195,0,0.00032697470736193135,0,0.0003269747073619,0,3.133344278483108e-17
3196,0,4.69644025113709e-05,0,4.69644025113709e-05,0,0.0
3197,0,4.69644025113709e-05,0,4.69644025113709e-05,0,0.0
3198,0,4.69644025113709e-05,0,4.69644025113709e-05,0,0.0
3199,0,0.005,0,0.005,0,0.0
3200,0,0.00013329242670646218,0,0.0001332924267064,0,6.217899459204368e-17
3201,0,0.0001469173809075414,0,0.0001469173809075,0,4.138941793463413e-17
3202,0,0.00013329242670646218,0,0.0001332924267064,0,6.217899459204368e-17
3203,0,0.00013329242670646218,0,0.0001332924267064,0,6.217899459204368e-17
3204,0,0.00013329242670646218,0,0.0001332924267064,0,6.217899459204368e-17
3205,0,4.69644025113709e-05,0,4.69644025113709e-05,0,0.0
3206,0,0.00013329242670646218,0,0.0001332924267064,0,6.217899459204368e-17
3207,0,0.00013329242670646218,0,0.0001332924267064,0,6.217899459204368e-17
3208,0,0.00013329242670646218,0,0.0001332924267064,0,6.217899459204368e-17
3209,0,0.00013329242670646218,0,0.0001332924267064,0,6.217899459204368e-17
3210,0,0.0003283806221097257,0,0.0003283806221097,0,2.5695591487906455e-17
3211,0,0.00013329242670646218,0,0.0001332924267064,0,6.217899459204368e-17
3212,0,0.0,0,0.0,0,0.0
3213,0,0.00013329242670646218,0,0.0001332924267064,0,6.217899459204368e-17
3214,0,0.00020676555094852314,0,0.0002067655509485,0,2.314771638256552e-17
3215,0,0.0,0,0.0,0,0.0
3216,0,0.00013329242670646218,0,0.0001332924267064,0,6.217899459204368e-17
3217,0,3.628719429604681e-05,0,3.628719429604681e-05,0,0.0
3218,0,0.0,0,0.0,0,0.0
3219,0,0.00013329242670646218,0,0.0001332924267064,0,6.217899459204368e-17
3220,0,0.00013329242670646218,0,0.0001332924267064,0,6.217899459204368e-17
3221,0,0.001715241903638575,0,0.0017152419036385,0,7.502679033599691e-17
3222,0,0.00013329242670646218,0,0.0001332924267064,0,6.217899459204368e-17
3223,0,0.0052561646645877666,0,0.0052561646645877,0,6.678685382510707e-17
3224,0,0.00013329242670646218,0,0.0001332924267064,0,6.217899459204368e-17
3225,0,3.628719429604681e-05,0,3.628719429604681e-05,0,0.0
3226,0,0.00013329242670646218,0,0.0001332924267064,0,6.217899459204368e-17
3227,0,0.0,0,0.0,0,0.0
3228,0,0.01,0,0.01,0,0.0
3229,0,0.00013329242670646218,0,0.0001332924267064,0,6.217899459204368e-17
3230,0,0.00013329242670646218,0,0.0001332924267064,0,6.217899459204368e-17
3231,0,0.00013329242670646218,0,0.0001332924267064,0,6.217899459204368e-17
3232,0,0.00013329242670646218,0,0.0001332924267064,0,6.217899459204368e-17
3233,0,0.00013329242670646218,0,0.0001332924267064,0,6.217899459204368e-17
3234,0,0.00013329242670646218,0,0.0001332924267064,0,6.217899459204368e-17
3235,0,0.00013329242670646218,0,0.0001332924267064,0,6.217899459204368e-17
3236,0,0.015,0,0.015,0,0.0
3237,0,0.00013329242670646218,0,0.0001332924267064,0,6.217899459204368e-17
3238,0,0.00013329242670646218,0,0.0001332924267064,0,6.217899459204368e-17
3239,0,9.99529783961705e-05,0,9.99529783961705e-05,0,0.0
3240,0,3.333944831029167e-05,0,3.333944831029167e-05,0,0.0
3241,0,0.00013329242670646218,0,0.0001332924267064,0,6.217899459204368e-17
3242,0,0.00013329242670646218,0,0.0001332924267064,0,6.217899459204368e-17
3243,0,0.00013329242670646218,0,0.0001332924267064,0,6.217899459204368e-17
3244,0,0.0,0,0.0,0,0.0
3245,0,9.99529783961705e-05,0,9.99529783961705e-05,0,0.0
3246,0,0.0,0,0.0,0,0.0
3247,0,9.99529783961705e-05,0,9.99529783961705e-05,0,0.0
3248,0,0.00013329242670646218,0,0.0001332924267064,0,6.217899459204368e-17
3249,0,0.00013329242670646218,0,0.0001332924267064,0,6.217899459204368e-17
3250,0,9.99529783961705e-05,0,9.99529783961705e-05,0,0.0
3251,0,0.00013329242670646218,0,0.0001332924267064,0,6.217899459204368e-17
3252,0,0.00013329242670646218,0,0.0001332924267064,0,6.217899459204368e-17
3253,0,0.00013329242670646218,0,0.0001332924267064,0,6.217899459204368e-17
3254,0,9.99529783961705e-05,0,9.99529783961705e-05,0,0.0
3255,0,0.0003283806221097257,0,0.0003283806221097,0,2.5695591487906455e-17
3256,0,2.947745985755135e-06,0,2.947745985755135e-06,0,0.0
3257,0,0.0003283806221097257,0,0.0003283806221097,0,2.5695591487906455e-17
3258,0,0.005051886749740151,0,0.0050518867497401,0,5.117434254131581e-17
3259,0,0.00013329242670646218,0,0.0001332924267064,0,6.217899459204368e-17
3260,0,9.99529783961705e-05,0,9.99529783961705e-05,0,0.0
3261,0,0.00013329242670646218,0,0.0001332924267064,0,6.217899459204368e-17
3262,0,0.00013329242670646218,0,0.0001332924267064,0,6.217899459204368e-17
3263,0,0.0007138906196446884,0,0.0007138906196446,0,8.847089727481716e-17
3264,0,1.3624954201079227e-05,0,1.3624954201079228e-05,0,1.6940658945086007e-21
3265,0,9.648278508447526e-06,0,9.648278508447526e-06,0,0.0
3266,0,2.947745985755135e-06,0,2.947745985755135e-06,0,0.0
3267,0,8.020645409555797e-06,0,8.020645409555797e-06,0,0.0
3268,0,0.0005524981547824235,0,0.0005524981547824,0,2.3527187142935446e-17
3269,0,0.01,0,0.01,0,0.0
3270,0,0.00022333825113535747,0,0.0002233382511353,0,5.746271514173174e-17
3271,0,9.256285501867733e-05,0,9.256285501867732e-05,0,1.3552527156068805e-20
3272,0,0.0,0,0.0,0,0.0
3273,0,0.0,0,0.0,0,0.0
3274,0,0.0,0,0.0,0,0.0
3275,0,0.0,0,0.0,0,0.0
3276,0,0.0,0,0.0,0,0.0
3277,0,6.27053275960487e-05,0,6.27053275960487e-05,0,0.0
3278,0,0.0,0,0.0,0,0.0
3279,0,0.005,0,0.005,0,0.0
3280,0,1.9735416702054715e-05,0,1.9735416702054715e-05,0,0.0
3281,0,1.0323304617013603e-05,0,1.0323304617013604e-05,0,1.6940658945086007e-21
3282,0,0.005,0,0.005,0,0.0
3283,0,1.259602449420266e-05,0,1.259602449420266e-05,0,0.0
3284,0,0.005092562855018677,0,0.0050925628550186,0,7.632783294297951e-17
3285,0,0.0,0,0.0,0,0.0
3286,0,0.014428646481455977,0,0.0144286464814559,0,7.806255641895632e-17
3287,0,1.657270018683436e-05,0,1.657270018683436e-05,0,0.0
3288,0,0.0,0,0.0,0,0.0
3289,0,5.538544517541651e-06,0,5.538544517541651e-06,0,0.0
3290,0,0.01,0,0.01,0,0.0
3291,0,0.00033368263400330626,0,0.0003336826340033,0,6.2341624917916505e-18
3292,0,0.0002791008770001064,0,0.0002791008770001,0,6.396792817664476e-18
3293,0,0.010158393875643816,0,0.0101583938756438,0,1.5612511283791264e-17
3294,0,0.0,0,0.0,0,0.0
3295,0,0.017504557001151548,0,0.0175045570011515,0,4.85722573273506e-17
3296,0,0.0,0,0.0,0,0.0
3297,0,0.00015063225349238872,0,0.0001506322534923,0,8.87148427636264e-17
3298,0,3.628719429604681e-05,0,3.628719429604681e-05,0,0.0
3299,0,0.0,0,0.0,0,0.0
3300,0,0.0,0,0.0,0,0.0
3301,0,2.947745985755135e-06,0,2.947745985755135e-06,0,0.0
3302,0,0.00017477255836864945,0,0.0001747725583686,0,4.9439619065339e-17
3303,0,0.0,0,0.0,0,0.0
3304,0,0.0,0,0.0,0,0.0
3305,0,0.0,0,0.0,0,0.0
3306,0,3.628719429604681e-05,0,3.628719429604681e-05,0,0.0
3307,0,6.157167125271307e-05,0,6.157167125271307e-05,0,0.0
3308,0,0.00013046096331808095,0,0.000130460963318,0,8.096279723035504e-17
3309,0,0.010125264771592877,0,0.0101252647715928,0,7.632783294297951e-17
3310,0,0.004505785602424864,0,0.0045057856024248,0,6.418476861114186e-17
3311,0,3.333944831029167e-05,0,3.333944831029167e-05,0,0.0
3312,0,0.005513944687110955,0,0.0055139446871109,0,5.4643789493269423e-17
3313,0,0.00024133608632707207,0,0.000241336086327,0,7.207233941597391e-17
3314,0,0.0005139446871109546,0,0.0005139446871109,0,5.4643789493269423e-17
3315,0,9.745081054803963e-05,0,9.745081054803964e-05,0,1.3552527156068805e-20
3316,0,9.745081054803963e-05,0,9.745081054803964e-05,0,1.3552527156068805e-20
3317,0,9.745081054803963e-05,0,9.745081054803964e-05,0,1.3552527156068805e-20
3318,0,9.745081054803963e-05,0,9.745081054803964e-05,0,1.3552527156068805e-20
3319,0,0.00017342610263823145,0,0.0001734261026382,0,3.144186300207963e-17
3320,0,0.0,0,0.0,0,0.0
3321,0,0.0,0,0.0,0,0.0
3322,0,0.0,0,0.0,0,0.0
3323,0,0.0,0,0.0,0,0.0
3324,0,0.0,0,0.0,0,0.0
3325,0,3.628719429604681e-05,0,3.628719429604681e-05,0,0.0
3326,0,0.00010337714675653158,0,0.0001033771467565,0,3.1577388273640317e-17
3327,0,0.00021766812558489536,0,0.0002176681255848,0,9.535558107010011e-17
3328,0,8.486290503296785e-06,0,8.486290503296785e-06,0,0.0
3329,0,0.0,0,0.0,0,0.0
3330,0,0.00012287223788130542,0,0.0001228722378813,0,5.421010862427522e-18
3331,0,0.002247828657435802,0,0.0022478286574358,0,1.734723475976807e-18
3332,0,3.333944831029167e-05,0,3.333944831029167e-05,0,0.0
3333,0,0.000304718133773755,0,0.0003047181337737,0,5.4969050145015075e-17
3334,0,5.194120866901077e-05,0,5.194120866901077e-05,0,0.0
3335,0,5.627566072263052e-05,0,5.627566072263052e-05,0,0.0
3336,0,1.657270018683436e-05,0,1.657270018683436e-05,0,0.0
3337,0,3.333944831029167e-05,0,3.333944831029167e-05,0,0.0
3338,0,0.00012287223788130542,0,0.0001228722378813,0,5.421010862427522e-18
3339,0,0.0048700942526941045,0,0.0048700942526941,0,4.336808689942018e-18
3340,0,0.00014190389763835506,0,0.0001419038976383,0,5.505036530795149e-17
3341,0,8.961510903292219e-05,0,8.961510903292219e-05,0,0.0
3342,0,0.0050971215150077895,0,0.0050971215150077,0,8.933825901280557e-17
3343,0,2.947745985755135e-06,0,2.947745985755135e-06,0,0.0
3344,0,0.017685596349433005,0,0.017685596349433,0,3.469446951953614e-18
3345,0,0.00027472553676482,0,0.0002747255367648,0,2.0003530082357557e-17
3346,0,0.0,0,0.0,0,0.0
3347,0,0.00021766812558489536,0,0.0002176681255848,0,9.535558107010011e-17
3348,0,0.0,0,0.0,0,0.0
3349,0,0.00017637384862398658,0,0.0001763738486239,0,8.657354347296753e-17
3350,0,0.00013329242670646218,0,0.0001332924267064,0,6.217899459204368e-17
3351,0,0.005846390170718545,0,0.0058463901707185,0,4.5102810375396984e-17
3352,0,0.0,0,0.0,0,0.0
3353,0,0.0,0,0.0,0,0.0
3354,0,0.0,0,0.0,0,0.0
3355,0,8.020645409555797e-06,0,8.020645409555797e-06,0,0.0
3356,0,0.00044869055214090734,0,0.0004486905521409,0,7.318364664277155e-18
3357,0,0.0003283806221097257,0,0.0003283806221097,0,2.5695591487906455e-17
3358,0,0.0003067185293446936,0,0.0003067185293446,0,9.362085759412331e-17
3359,0,0.0003067185293446936,0,0.0003067185293446,0,9.362085759412331e-17
3360,0,0.00013329242670646218,0,0.0001332924267064,0,6.217899459204368e-17
3361,0,0.0003283806221097257,0,0.0003283806221097,0,2.5695591487906455e-17
3362,0,0.00013329242670646218,0,0.0001332924267064,0,6.217899459204368e-17
3363,0,3.333944831029167e-05,0,3.333944831029167e-05,0,0.0
3364,0,3.333944831029167e-05,0,3.333944831029167e-05,0,0.0
3365,0,3.333944831029167e-05,0,3.333944831029167e-05,0,0.0
3366,0,3.333944831029167e-05,0,3.333944831029167e-05,0,0.0
3367,0,3.333944831029167e-05,0,3.333944831029167e-05,0,0.0
3368,0,0.0,0,0.0,0,0.0
3369,0,0.00013329242670646218,0,0.0001332924267064,0,6.217899459204368e-17
3370,0,0.00013329242670646218,0,0.0001332924267064,0,6.217899459204368e-17
3371,0,0.0,0,0.0,0,0.0
3372,0,0.000543186896571164,0,0.0005431868965711,0,6.396792817664476e-17
3373,0,0.0,0,0.0,0,0.0
3374,0,0.00013329242670646218,0,0.0001332924267064,0,6.217899459204368e-17
3375,0,0.00013329242670646218,0,0.0001332924267064,0,6.217899459204368e-17
3376,0,0.00016984363871280745,0,0.0001698436387128,0,7.453889935837843e-18
3377,0,0.00013329242670646218,0,0.0001332924267064,0,6.217899459204368e-17
3378,0,4.69644025113709e-05,0,4.69644025113709e-05,0,0.0
3379,0,0.0003067185293446936,0,0.0003067185293446,0,9.362085759412331e-17
3380,0,4.69644025113709e-05,0,4.69644025113709e-05,0,0.0
3381,0,0.00013329242670646218,0,0.0001332924267064,0,6.217899459204368e-17
3382,0,0.00013329242670646218,0,0.0001332924267064,0,6.217899459204368e-17
3383,0,0.0053283806221097255,0,0.0053283806221097,0,2.5153490401663703e-17
3384,0,0.0001469173809075414,0,0.0001469173809075,0,4.138941793463413e-17
3385,0,0.0,0,0.0,0,0.0
3386,0,0.0,0,0.0,0,0.0
3387,0,0.00013329242670646218,0,0.0001332924267064,0,6.217899459204368e-17
3388,0,0.0003067185293446936,0,0.0003067185293446,0,9.362085759412331e-17
3389,0,0.0006221166547791388,0,0.0006221166547791,0,3.881443777498106e-17
3390,0,3.333944831029167e-05,0,3.333944831029167e-05,0,0.0
3391,0,0.00013329242670646218,0,0.0001332924267064,0,6.217899459204368e-17
3392,0,9.763575444247798e-05,0,9.763575444247798e-05,0,0.0
3393,0,0.0004038400443524829,0,0.0004038400443524,0,8.288725608651681e-17
3394,0,4.69644025113709e-05,0,4.69644025113709e-05,0,0.0
3395,0,0.0003283806221097257,0,0.0003283806221097,0,2.5695591487906455e-17
3396,0,4.6610498913060404e-05,0,4.66104989130604e-05,0,6.776263578034403e-21
3397,0,0.00013329242670646218,0,0.0001332924267064,0,6.217899459204368e-17
3398,0,0.005062000326518503,0,0.0050620003265185,0,2.6020852139652106e-18
3399,0,4.69644025113709e-05,0,4.69644025113709e-05,0,0.0
3400,0,0.0007770711742506331,0,0.0007770711742506,0,3.3068166260807885e-17
3401,0,0.0,0,0.0,0,0.0
3402,0,0.000361175944515944,0,0.0003611759445159,0,4.401860820291148e-17
3403,0,0.00528224801633017,0,0.0052822480163301,0,6.938893903907228e-17
3404,0,4.69644025113709e-05,0,4.69644025113709e-05,0,0.0
3405,0,0.00013329242670646218,0,0.0001332924267064,0,6.217899459204368e-17
3406,0,4.69644025113709e-05,0,4.69644025113709e-05,0,0.0
3407,0,0.0003067185293446936,0,0.0003067185293446,0,9.362085759412331e-17
3408,0,0.00013329242670646218,0,0.0001332924267064,0,6.217899459204368e-17
3409,0,0.0003067185293446936,0,0.0003067185293446,0,9.362085759412331e-17
3410,0,0.00020676555094852314,0,0.0002067655509485,0,2.314771638256552e-17
3411,0,0.00013329242670646218,0,0.0001332924267064,0,6.217899459204368e-17
3412,0,0.0003283806221097257,0,0.0003283806221097,0,2.5695591487906455e-17
3413,0,0.0,0,0.0,0,0.0
3414,0,0.005133292426706462,0,0.0051332924267064,0,6.245004513516506e-17
3415,0,0.00013329242670646218,0,0.0001332924267064,0,6.217899459204368e-17
3416,0,0.00013329242670646218,0,0.0001332924267064,0,6.217899459204368e-17
3417,0,0.0,0,0.0,0,0.0
3418,0,0.0007770711742506331,0,0.0007770711742506,0,3.3068166260807885e-17
3419,0,0.0,0,0.0,0,0.0
3420,0,0.004942819065886728,0,0.0049428190658867,0,2.7755575615628914e-17
3421,0,0.00013329242670646218,0,0.0001332924267064,0,6.217899459204368e-17
3422,0,0.00013329242670646218,0,0.0001332924267064,0,6.217899459204368e-17
3423,0,5.307486501234639e-05,0,5.307486501234639e-05,0,0.0
3424,0,0.005,0,0.005,0,0.0
3425,0,0.00013329242670646218,0,0.0001332924267064,0,6.217899459204368e-17
3426,0,9.99529783961705e-05,0,9.99529783961705e-05,0,0.0
3427,0,0.0,0,0.0,0,0.0
3428,0,0.00013329242670646218,0,0.0001332924267064,0,6.217899459204368e-17
3429,0,0.00013329242670646218,0,0.0001332924267064,0,6.217899459204368e-17
3430,0,0.0,0,0.0,0,0.0
3431,0,0.00013329242670646218,0,0.0001332924267064,0,6.217899459204368e-17
3432,0,0.00013329242670646218,0,0.0001332924267064,0,6.217899459204368e-17
3433,0,0.00013329242670646218,0,0.0001332924267064,0,6.217899459204368e-17
3434,0,0.00013329242670646218,0,0.0001332924267064,0,6.217899459204368e-17
3435,0,3.628719429604681e-05,0,3.628719429604681e-05,0,0.0
3436,0,0.00013329242670646218,0,0.0001332924267064,0,6.217899459204368e-17
3437,0,0.004989313594967737,0,0.0049893135949677,0,3.729655473350135e-17
3438,0,0.00013329242670646218,0,0.0001332924267064,0,6.217899459204368e-17
3439,0,0.0003283806221097257,0,0.0003283806221097,0,2.5695591487906455e-17
3440,0,0.00013329242670646218,0,0.0001332924267064,0,6.217899459204368e-17
3441,0,0.00013329242670646218,0,0.0001332924267064,0,6.217899459204368e-17
3442,0,0.00013329242670646218,0,0.0001332924267064,0,6.217899459204368e-17
3443,0,0.0,0,0.0,0,0.0
3444,0,0.00013329242670646218,0,0.0001332924267064,0,6.217899459204368e-17
3445,0,4.991214849712603e-05,0,4.991214849712603e-05,0,0.0
3446,0,0.00015117425222112448,0,0.0001511742522211,0,2.4475864043860263e-17
3447,0,4.69644025113709e-05,0,4.69644025113709e-05,0,0.0
3448,0,0.00013329242670646218,0,0.0001332924267064,0,6.217899459204368e-17
3449,0,0.00013329242670646218,0,0.0001332924267064,0,6.217899459204368e-17
3450,0,0.00013329242670646218,0,0.0001332924267064,0,6.217899459204368e-17
3451,0,0.005033339448310291,0,0.0050333394483102,0,9.107298248878237e-17
3452,0,0.005137629124697289,0,0.0051376291246972,0,8.933825901280557e-17
3453,0,8.364173005447687e-05,0,8.364173005447687e-05,0,0.0
3454,0,0.00013329242670646218,0,0.0001332924267064,0,6.217899459204368e-17
3455,0,0.00013329242670646218,0,0.0001332924267064,0,6.217899459204368e-17
3456,0,0.0,0,0.0,0,0.0
3457,0,0.00013329242670646218,0,0.0001332924267064,0,6.217899459204368e-17
3458,0,0.00013329242670646218,0,0.0001332924267064,0,6.217899459204368e-17
3459,0,0.00013329242670646218,0,0.0001332924267064,0,6.217899459204368e-17
3460,0,0.00013329242670646218,0,0.0001332924267064,0,6.217899459204368e-17
3461,0,0.00013329242670646218,0,0.0001332924267064,0,6.217899459204368e-17
3462,0,0.0,0,0.0,0,0.0
3463,0,0.00023041394171425145,0,0.0002304139417142,0,5.1445393084437185e-17
3464,0,3.628719429604681e-05,0,3.628719429604681e-05,0,0.0
3465,0,1.0323304617013603e-05,0,1.0323304617013604e-05,0,1.6940658945086007e-21
3466,0,4.69644025113709e-05,0,4.69644025113709e-05,0,0.0
3467,0,0.0,0,0.0,0,0.0
3468,0,0.005959263777778736,0,0.0059592637777787,0,3.5561831257524545e-17
3469,0,7.462437135682062e-05,0,7.462437135682062e-05,0,0.0
3470,0,0.0,0,0.0,0,0.0
3471,0,0.000346257177941577,0,0.0003462571779415,0,7.697835424647081e-17
3472,0,0.00013329242670646218,0,0.0001332924267064,0,6.217899459204368e-17
3473,0,0.000282146964244742,0,0.0002821469642447,0,4.2012834183813297e-17
3474,0,0.00017522553002390155,0,0.0001752255300239,0,1.5449880957918438e-18
3475,0,0.00010423245424830579,0,0.0001042324542483,0,5.78692909564138e-18
3476,0,0.01001362495420108,0,0.010013624954201,0,7.979727989493313e-17
3477,0,6.156115551564317e-05,0,6.156115551564317e-05,0,0.0
3478,0,4.366275292730528e-05,0,4.366275292730528e-05,0,0.0
3479,0,4.1825738813588453e-05,0,4.182573881358845e-05,0,6.776263578034403e-21
3480,0,0.000864140383501056,0,0.000864140383501,0,5.605325231750058e-17
3481,0,0.00013329242670646218,0,0.0001332924267064,0,6.217899459204368e-17
3482,0,0.0,0,0.0,0,0.0
3483,0,3.628719429604681e-05,0,3.628719429604681e-05,0,0.0
3484,0,3.628719429604681e-05,0,3.628719429604681e-05,0,0.0
3485,0,0.0002032575684445723,0,0.0002032575684445,0,7.228917985047101e-17
3486,0,0.0,0,0.0,0,0.0
3487,0,0.00013883097122400383,0,0.000138830971224,0,3.821812658011403e-18
3488,0,0.0,0,0.0,0,0.0
3489,0,0.0,0,0.0,0,0.0
3490,0,0.0050986939097307634,0,0.0050986939097307,0,6.331740687315346e-17
3491,0,4.69644025113709e-05,0,4.69644025113709e-05,0,0.0
3492,0,3.333944831029167e-05,0,3.333944831029167e-05,0,0.0
3493,0,0.01996110086651887,0,0.0199611008665188,0,6.938893903907228e-17
3494,0,0.0,0,0.0,0,0.0
3495,0,0.005,0,0.005,0,0.0
3496,0,0.0001541219982068796,0,0.0001541219982068,0,7.960754451474816e-17
3497,0,0.0,0,0.0,0,0.0
3498,0,3.333944831029167e-05,0,3.333944831029167e-05,0,0.0
3499,0,9.99529783961705e-05,0,9.99529783961705e-05,0,0.0
3500,0,0.0,0,0.0,0,0.0
3501,0,5.307486501234639e-05,0,5.307486501234639e-05,0,0.0
3502,0,0.0,0,0.0,0,0.0
3503,0,3.333944831029167e-05,0,3.333944831029167e-05,0,0.0
3504,0,0.005,0,0.005,0,0.0
3505,0,0.0,0,0.0,0,0.0
3506,0,0.014538259709295176,0,0.0145382597092951,0,7.632783294297951e-17
3507,0,3.628719429604681e-05,0,3.628719429604681e-05,0,0.0
3508,0,3.333944831029167e-05,0,3.333944831029167e-05,0,0.0
3509,0,0.005,0,0.005,0,0.0
3510,0,3.333944831029167e-05,0,3.333944831029167e-05,0,0.0
3511,0,8.486290503296785e-06,0,8.486290503296785e-06,0,0.0
3512,0,3.333944831029167e-05,0,3.333944831029167e-05,0,0.0
3513,0,4.366275292730528e-05,0,4.366275292730528e-05,0,0.0
3514,0,0.005111092303395504,0,0.0051110923033955,0,4.336808689942018e-18
3515,0,3.333944831029167e-05,0,3.333944831029167e-05,0,0.0
3516,0,0.0006395433355804179,0,0.0006395433355804,0,1.7889335846010823e-17
3517,0,0.00034684800346391413,0,0.0003468480034639,0,1.4148838350935833e-17
3518,0,3.333944831029167e-05,0,3.333944831029167e-05,0,0.0
3519,0,3.333944831029167e-05,0,3.333944831029167e-05,0,0.0
3520,0,3.628719429604681e-05,0,3.628719429604681e-05,0,0.0
3521,0,0.0,0,0.0,0,0.0
3522,0,3.333944831029167e-05,0,3.333944831029167e-05,0,0.0
3523,0,0.0,0,0.0,0,0.0
3524,0,3.333944831029167e-05,0,3.333944831029167e-05,0,0.0
3525,0,2.947745985755135e-06,0,2.947745985755135e-06,0,0.0
3526,0,0.00020971329693427826,0,0.0002097132969342,0,7.825229179914128e-17
3527,0,3.333944831029167e-05,0,3.333944831029167e-05,0,0.0
3528,0,5.194120866901077e-05,0,5.194120866901077e-05,0,0.0
3529,0,0.0,0,0.0,0,0.0
3530,0,0.0001429407052149097,0,0.0001429407052149,0,9.703609443745265e-18
3531,0,5.194120866901077e-05,0,5.194120866901077e-05,0,0.0
3532,0,8.486290503296785e-06,0,8.486290503296785e-06,0,0.0
3533,0,3.333944831029167e-05,0,3.333944831029167e-05,0,0.0
3534,0,3.628719429604681e-05,0,3.628719429604681e-05,0,0.0
3535,0,3.333944831029167e-05,0,3.333944831029167e-05,0,0.0
3536,0,3.628719429604681e-05,0,3.628719429604681e-05,0,0.0
3537,0,3.333944831029167e-05,0,3.333944831029167e-05,0,0.0
3538,0,3.333944831029167e-05,0,3.333944831029167e-05,0,0.0
3539,0,0.0,0,0.0,0,0.0
3540,0,0.00017342610263823145,0,0.0001734261026382,0,3.144186300207963e-17
3541,0,3.333944831029167e-05,0,3.333944831029167e-05,0,0.0
3542,0,5.030228174418519e-05,0,5.030228174418519e-05,0,0.0
3543,0,3.628719429604681e-05,0,3.628719429604681e-05,0,0.0
3544,0,0.00021766812558489536,0,0.0002176681255848,0,9.535558107010011e-17
3545,0,3.333944831029167e-05,0,3.333944831029167e-05,0,0.0
3546,0,3.333944831029167e-05,0,3.333944831029167e-05,0,0.0
3547,0,0.0,0,0.0,0,0.0
3548,0,0.00017342610263823145,0,0.0001734261026382,0,3.144186300207963e-17
3549,0,0.0,0,0.0,0,0.0
3550,0,0.002464871312313786,0,0.0024648713123137,0,8.586881206085195e-17
3551,0,8.980123031125287e-05,0,8.980123031125287e-05,0,0.0
3552,0,3.333944831029167e-05,0,3.333944831029167e-05,0,0.0
3553,0,3.333944831029167e-05,0,3.333944831029167e-05,0,0.0
3554,0,0.0,0,0.0,0,0.0
3555,0,0.0,0,0.0,0,0.0
3556,0,0.00017113361195774085,0,0.0001711336119577,0,4.084731684839138e-17
3557,0,3.333944831029167e-05,0,3.333944831029167e-05,0,0.0
3558,0,3.333944831029167e-05,0,3.333944831029167e-05,0,0.0
3559,0,0.0,0,0.0,0,0.0
3560,0,0.0,0,0.0,0,0.0
3561,0,0.00027426299067996856,0,0.0002742629906799,0,6.857578740970816e-17
3562,0,3.333944831029167e-05,0,3.333944831029167e-05,0,0.0
3563,0,7.180039107091953e-05,0,7.180039107091953e-05,0,0.0
3564,0,0.0,0,0.0,0,0.0
3565,0,9.648278508447526e-06,0,9.648278508447526e-06,0,0.0
3566,0,3.333944831029167e-05,0,3.333944831029167e-05,0,0.0
3567,0,0.0,0,0.0,0,0.0
3568,0,0.010368126831895435,0,0.0103681268318954,0,3.469446951953614e-17
3569,0,3.333944831029167e-05,0,3.333944831029167e-05,0,0.0
3570,0,0.0,0,0.0,0,0.0
3571,0,3.333944831029167e-05,0,3.333944831029167e-05,0,0.0
3572,0,0.00031762110398106586,0,0.000317621103981,0,6.58652819784944e-17
3573,0,0.05967442141892574,0,0.0596744214189257,0,4.163336342344337e-17
3574,0,3.333944831029167e-05,0,3.333944831029167e-05,0,0.0
3575,0,0.0,0,0.0,0,0.0
3576,0,0.0,0,0.0,0,0.0
3577,0,0.0,0,0.0,0,0.0
3578,0,3.333944831029167e-05,0,3.333944831029167e-05,0,0.0
3579,0,0.0008670881294868112,0,0.0008670881294868,0,1.1167282376600696e-17
3580,0,3.333944831029167e-05,0,3.333944831029167e-05,0,0.0
3581,0,3.333944831029167e-05,0,3.333944831029167e-05,0,0.0
3582,0,3.333944831029167e-05,0,3.333944831029167e-05,0,0.0
3583,0,3.333944831029167e-05,0,3.333944831029167e-05,0,0.0
3584,0,0.0,0,0.0,0,0.0
3585,0,0.005696896266572193,0,0.0056968962665721,0,9.280770596475918e-17
3586,0,3.333944831029167e-05,0,3.333944831029167e-05,0,0.0
3587,0,3.333944831029167e-05,0,3.333944831029167e-05,0,0.0
3588,0,0.0,0,0.0,0,0.0
3589,0,0.015456893953457972,0,0.0154568939534579,0,7.112366251504909e-17
3590,0,0.0,0,0.0,0,0.0
3591,0,3.333944831029167e-05,0,3.333944831029167e-05,0,0.0
3592,0,3.333944831029167e-05,0,3.333944831029167e-05,0,0.0
3593,0,0.005,0,0.005,0,0.0
3594,0,0.0,0,0.0,0,0.0
3595,0,0.0,0,0.0,0,0.0
3596,0,0.0,0,0.0,0,0.0
3597,0,0.005755102574417787,0,0.0057551025744177,0,8.760353553682876e-17
3598,0,0.0003313283680954808,0,0.0003313283680954,0,8.077306185017008e-17
3599,0,3.333944831029167e-05,0,3.333944831029167e-05,0,0.0
3600,0,3.333944831029167e-05,0,3.333944831029167e-05,0,0.0
3601,0,0.0,0,0.0,0,0.0
3602,0,0.0,0,0.0,0,0.0
3603,0,3.333944831029167e-05,0,3.333944831029167e-05,0,0.0
3604,0,3.333944831029167e-05,0,3.333944831029167e-05,0,0.0
3605,0,3.333944831029167e-05,0,3.333944831029167e-05,0,0.0
3606,0,0.0015350861809124653,0,0.0015350861809124,0,6.526897078362737e-17
3607,0,3.333944831029167e-05,0,3.333944831029167e-05,0,0.0
3608,0,0.0,0,0.0,0,0.0
3609,0,0.00037185990743540643,0,0.0003718599074354,0,6.451002926288751e-18
3610,0,3.333944831029167e-05,0,3.333944831029167e-05,0,0.0
3611,0,0.00013329242670646218,0,0.0001332924267064,0,6.217899459204368e-17
3612,0,3.333944831029167e-05,0,3.333944831029167e-05,0,0.0
3613,0,3.628719429604681e-05,0,3.628719429604681e-05,0,0.0
3614,0,3.333944831029167e-05,0,3.333944831029167e-05,0,0.0
3615,0,0.001992612448963573,0,0.0019926124489635,0,7.28583859910259e-17
3616,0,0.0,0,0.0,0,0.0
3617,0,0.00026001557867846343,0,0.0002600155786784,0,6.342582709040201e-17
3618,0,0.004739754112206782,0,0.0047397541122067,0,8.153200337090993e-17
3619,0,3.333944831029167e-05,0,3.333944831029167e-05,0,0.0
3620,0,3.333944831029167e-05,0,3.333944831029167e-05,0,0.0
3621,0,3.333944831029167e-05,0,3.333944831029167e-05,0,0.0
3622,0,0.002157760596794269,0,0.0021577605967942,0,6.895525817007808e-17
3623,0,3.333944831029167e-05,0,3.333944831029167e-05,0,0.0
3624,0,3.333944831029167e-05,0,3.333944831029167e-05,0,0.0
3625,0,0.000304718133773755,0,0.0003047181337737,0,5.4969050145015075e-17
3626,0,0.0002008044228646876,0,0.0002008044228646,0,8.760353553682876e-17
3627,0,0.000304718133773755,0,0.0003047181337737,0,5.4969050145015075e-17
3628,0,3.333944831029167e-05,0,3.333944831029167e-05,0,0.0
3629,0,0.005,0,0.005,0,0.0
3630,0,3.333944831029167e-05,0,3.333944831029167e-05,0,0.0
3631,0,3.333944831029167e-05,0,3.333944831029167e-05,0,0.0
3632,0,0.0,0,0.0,0,0.0
3633,0,0.0001475915325836414,0,0.0001475915325836,0,4.138941793463413e-17
3634,0,0.029496486545258466,0,0.0294964865452584,0,6.591949208711867e-17
3635,0,3.333944831029167e-05,0,3.333944831029167e-05,0,0.0
3636,0,0.0,0,0.0,0,0.0
3637,0,0.0,0,0.0,0,0.0
3638,0,3.333944831029167e-05,0,3.333944831029167e-05,0,0.0
3639,0,0.0005139446871109546,0,0.0005139446871109,0,5.4643789493269423e-17
3640,0,0.0,0,0.0,0,0.0
3641,0,3.333944831029167e-05,0,3.333944831029167e-05,0,0.0
3642,0,5.627566072263052e-05,0,5.627566072263052e-05,0,0.0
3643,0,0.0,0,0.0,0,0.0
3644,0,0.0,0,0.0,0,0.0
3645,0,3.628719429604681e-05,0,3.628719429604681e-05,0,0.0
3646,0,0.0007266781229056305,0,0.0007266781229056,0,3.0466081046842675e-17
3647,0,0.00017342610263823145,0,0.0001734261026382,0,3.144186300207963e-17
3648,0,0.0,0,0.0,0,0.0
3649,0,4.136009371984747e-05,0,4.136009371984747e-05,0,0.0
3650,0,0.000304718133773755,0,0.0003047181337737,0,5.4969050145015075e-17
3651,0,0.0,0,0.0,0,0.0
3652,0,0.00013329242670646218,0,0.0001332924267064,0,6.217899459204368e-17
3653,0,0.00013329242670646218,0,0.0001332924267064,0,6.217899459204368e-17
3654,0,0.0,0,0.0,0,0.0
3655,0,0.0,0,0.0,0,0.0
3656,0,3.628719429604681e-05,0,3.628719429604681e-05,0,0.0
3657,0,0.0,0,0.0,0,0.0
3658,0,0.0058838758002031115,0,0.0058838758002031,0,1.1275702593849246e-17
3659,0,0.0003067185293446936,0,0.0003067185293446,0,9.362085759412331e-17
3660,0,0.00023129307978597458,0,0.0002312930797859,0,7.456600441269057e-17
3661,0,0.005033339448310291,0,0.0050333394483102,0,9.107298248878237e-17
3662,0,4.991214849712603e-05,0,4.991214849712603e-05,0,0.0
3663,0,9.99529783961705e-05,0,9.99529783961705e-05,0,0.0
3664,0,0.0001094068835438825,0,0.0001094068835438,0,8.249423279899082e-17
3665,0,0.0,0,0.0,0,0.0
3666,0,0.00013329242670646218,0,0.0001332924267064,0,6.217899459204368e-17
3667,0,0.0006386373004010224,0,0.000638637300401,0,2.233456475320139e-17
3668,0,0.00019707449340395977,0,0.0001970744934039,0,5.976664475826343e-17
3669,0,0.0,0,0.0,0,0.0
3670,0,0.00013329242670646218,0,0.0001332924267064,0,6.217899459204368e-17
3671,0,3.628719429604681e-05,0,3.628719429604681e-05,0,0.0
3672,0,0.0,0,0.0,0,0.0
3673,0,0.0002874794876991174,0,0.0002874794876991,0,1.7401444868392346e-17
3674,0,3.333944831029167e-05,0,3.333944831029167e-05,0,0.0
3675,0,0.0003283806221097257,0,0.0003283806221097,0,2.5695591487906455e-17
3676,0,0.00013329242670646218,0,0.0001332924267064,0,6.217899459204368e-17
3677,0,0.024405355664135417,0,0.0244053556641354,0,1.734723475976807e-17
3678,0,0.00013329242670646218,0,0.0001332924267064,0,6.217899459204368e-17
3679,0,0.00013329242670646218,0,0.0001332924267064,0,6.217899459204368e-17
3680,0,0.00013329242670646218,0,0.0001332924267064,0,6.217899459204368e-17
3681,0,0.0007770711742506331,0,0.0007770711742506,0,3.3068166260807885e-17
3682,0,0.00013329242670646218,0,0.0001332924267064,0,6.217899459204368e-17
3683,0,0.00013329242670646218,0,0.0001332924267064,0,6.217899459204368e-17
3684,0,0.0,0,0.0,0,0.0
3685,0,0.00502268316268781,0,0.0050226831626878,0,1.0408340855860843e-17
3686,0,0.0,0,0.0,0,0.0
3687,0,3.628719429604681e-05,0,3.628719429604681e-05,0,0.0
3688,0,0.0,0,0.0,0,0.0
3689,0,0.004046187006894421,0,0.0040461870068944,0,2.168404344971009e-17
3690,0,2.947745985755135e-06,0,2.947745985755135e-06,0,0.0
3691,0,0.0,0,0.0,0,0.0
3692,0,0.00018377952912623856,0,0.0001837795291262,0,3.854338723185968e-17
3693,0,0.0036926461935157385,0,0.0036926461935157,0,3.859759734048396e-17
3694,0,0.00013883097122400383,0,0.000138830971224,0,3.821812658011403e-18
3695,0,0.0,0,0.0,0,0.0
3696,0,0.0,0,0.0,0,0.0
3697,0,0.005,0,0.005,0,0.0
3698,0,0.0,0,0.0,0,0.0
3699,0,0.002824067054899178,0,0.0028240670548991,0,7.806255641895632e-17
3700,0,0.0,0,0.0,0,0.0
3701,0,0.0003619326728704729,0,0.0003619326728704,0,7.291259609965017e-17
3702,0,0.0,0,0.0,0,0.0
3703,0,0.0,0,0.0,0,0.0
3704,0,1.3624954201079227e-05,0,1.3624954201079228e-05,0,1.6940658945086007e-21
3705,0,0.0,0,0.0,0,0.0
3706,0,0.00036812683189543576,0,0.0003681268318954,0,3.5778671692021646e-17
3707,0,0.0,0,0.0,0,0.0
3708,0,0.0,0,0.0,0,0.0
3709,0,0.0,0,0.0,0,0.0
3710,0,0.005369510811229216,0,0.0053695108112292,0,1.5612511283791264e-17
3711,0,0.0,0,0.0,0,0.0
3712,0,0.00010960125690461802,0,0.0001096012569046,0,1.8011308590415442e-17
3713,0,1.0323304617013603e-05,0,1.0323304617013604e-05,0,1.6940658945086007e-21
3714,0,0.0,0,0.0,0,0.0
3715,0,5.538544517541651e-06,0,5.538544517541651e-06,0,0.0
3716,0,0.0003153981254344452,0,0.0003153981254344,0,4.5211230592645535e-17
3717,0,3.628719429604681e-05,0,3.628719429604681e-05,0,0.0
3718,0,3.333944831029167e-05,0,3.333944831029167e-05,0,0.0
3719,0,0.0,0,0.0,0,0.0
3720,0,0.0001591594321773522,0,0.0001591594321773,0,5.220433460517704e-17
3721,0,0.0,0,0.0,0,0.0
3722,0,0.0,0,0.0,0,0.0
3723,0,0.007015475248976754,0,0.0070154752489767,0,5.4643789493269423e-17
3724,0,0.0,0,0.0,0,0.0
3725,0,3.333944831029167e-05,0,3.333944831029167e-05,0,0.0
3726,0,6.429630613218631e-05,0,6.429630613218631e-05,0,0.0
3727,0,4.1950919242184565e-05,0,4.1950919242184565e-05,0,0.0
3728,0,0.0,0,0.0,0,0.0
3729,0,5.030228174418519e-05,0,5.030228174418519e-05,0,0.0
3730,0,0.0,0,0.0,0,0.0
3731,0,0.0,0,0.0,0,0.0
3732,0,0.05435444483603136,0,0.0543544448360313,0,5.551115123125783e-17
3733,0,0.00021766812558489536,0,0.0002176681255848,0,9.535558107010011e-17
3734,0,0.014882355293069973,0,0.0148823552930699,0,7.28583859910259e-17
3735,0,0.0,0,0.0,0,0.0
3736,0,0.005317621103981066,0,0.005317621103981,0,6.591949208711867e-17
3737,0,0.025195576335020994,0,0.0251955763350209,0,9.367506770274758e-17
3738,0,0.0,0,0.0,0,0.0
3739,0,0.00013883097122400383,0,0.000138830971224,0,3.821812658011403e-18
3740,0,1.0323304617013603e-05,0,1.0323304617013604e-05,0,1.6940658945086007e-21
3741,0,0.014835412146465285,0,0.0148354121464652,0,8.500145032286355e-17
3742,0,0.005033339448310291,0,0.0050333394483102,0,9.107298248878237e-17
3743,0,3.628719429604681e-05,0,3.628719429604681e-05,0,0.0
3744,0,0.006757079387519817,0,0.0067570793875198,0,1.6479873021779667e-17
3745,0,0.0,0,0.0,0,0.0
3746,0,0.0,0,0.0,0,0.0
3747,0,0.009435206102739216,0,0.0094352061027392,0,1.5612511283791264e-17
3748,0,3.333944831029167e-05,0,3.333944831029167e-05,0,0.0
3749,0,0.0,0,0.0,0,0.0
3750,0,0.0,0,0.0,0,0.0
3751,0,0.0,0,0.0,0,0.0
3752,0,3.628719429604681e-05,0,3.628719429604681e-05,0,0.0
3753,0,3.697130057921961e-05,0,3.697130057921961e-05,0,0.0
3754,0,0.00012181896108331451,0,0.0001218189610833,0,1.451475658414969e-17
3755,0,0.014960833029220294,0,0.0149608330292202,0,9.367506770274758e-17
3756,0,0.00018288143276211128,0,0.0001828814327621,0,1.1275702593849246e-17
3757,0,0.009990356362101575,0,0.0099903563621015,0,7.45931094670027e-17
3758,0,0.015,0,0.015,0,0.0
3759,0,0.00013329242670646218,0,0.0001332924267064,0,6.217899459204368e-17
3760,0,0.00010960125690461802,0,0.0001096012569046,0,1.8011308590415442e-17
3761,0,0.0,0,0.0,0,0.0
3762,0,5.627566072263052e-05,0,5.627566072263052e-05,0,0.0
3763,0,0.004777995178392153,0,0.0047779951783921,0,5.2909066017292616e-17
3764,0,0.0005194832316284964,0,0.0005194832316284,0,9.638557313396134e-17
3765,0,0.0,0,0.0,0,0.0
3766,0,0.00013329242670646218,0,0.0001332924267064,0,6.217899459204368e-17
3767,0,0.0003143152237716473,0,0.0003143152237716,0,4.7271214720367993e-17
3768,0,0.00024901570207297056,0,0.0002490157020729,0,7.058156142880634e-17
3769,0,0.0,0,0.0,0,0.0
3770,0,0.0,0,0.0,0,0.0
3771,0,0.005,0,0.005,0,0.0
3772,0,0.0,0,0.0,0,0.0
3773,0,0.0,0,0.0,0,0.0
3774,0,0.00013329242670646218,0,0.0001332924267064,0,6.217899459204368e-17
3775,0,0.0002206158715706505,0,0.0002206158715706,0,5.049671618351237e-17
3776,0,3.628719429604681e-05,0,3.628719429604681e-05,0,0.0
3777,0,0.030348749226328263,0,0.0303487492263282,0,6.245004513516506e-17
3778,0,0.0,0,0.0,0,0.0
3779,0,0.00013329242670646218,0,0.0001332924267064,0,6.217899459204368e-17
3780,0,0.0,0,0.0,0,0.0
3781,0,0.0012801044808865983,0,0.0012801044808865,0,9.84455572616838e-17
3782,0,0.0,0,0.0,0,0.0
3783,0,0.00014847924973245135,0,0.0001484792497324,0,5.136407792150077e-17
3784,0,0.00031768587738632733,0,0.0003176858773863,0,2.7321894746634712e-17
3785,0,0.00023129307978597458,0,0.0002312930797859,0,7.456600441269057e-17
3786,0,0.014468816556887882,0,0.0144688165568878,0,8.153200337090993e-17
3787,0,0.00019173332395410841,0,0.0001917333239541,0,8.40256683676266e-18
3788,0,3.628719429604681e-05,0,3.628719429604681e-05,0,0.0
3789,0,0.007331288167436977,0,0.0073312881674369,0,7.632783294297951e-17
3790,0,0.00010266005952533092,0,0.0001026600595253,0,3.0926866970149014e-17
3791,0,4.1825738813588453e-05,0,4.182573881358845e-05,0,6.776263578034403e-21
3792,0,3.333944831029167e-05,0,3.333944831029167e-05,0,0.0
3793,0,3.0058721319068314e-05,0,3.0058721319068317e-05,0,3.3881317890172014e-21
3794,0,0.005033339448310291,0,0.0050333394483102,0,9.107298248878237e-17
3795,0,3.333944831029167e-05,0,3.333944831029167e-05,0,0.0
3796,0,0.004559111340103124,0,0.0045591113401031,0,2.42861286636753e-17
3797,0,9.712151500778927e-05,0,9.712151500778928e-05,0,1.3552527156068805e-20
3798,0,0.0,0,0.0,0,0.0
3799,0,0.0,0,0.0,0,0.0
3800,0,5.194120866901077e-05,0,5.194120866901077e-05,0,0.0
3801,0,0.0003153981254344452,0,0.0003153981254344,0,4.5211230592645535e-17
3802,0,0.0017532354755613795,0,0.0017532354755613,0,7.936359902593892e-17
3803,0,0.0001469173809075414,0,0.0001469173809075,0,4.138941793463413e-17
3804,0,0.0,0,0.0,0,0.0
3805,0,0.0,0,0.0,0,0.0
3806,0,3.628719429604681e-05,0,3.628719429604681e-05,0,0.0
3807,0,0.0,0,0.0,0,0.0
3808,0,0.0049904918455763335,0,0.0049904918455763,0,3.382710778154774e-17
3809,0,0.0003830384912865675,0,0.0003830384912865,0,6.749158523722265e-17
3810,0,0.07287297759611748,0,0.0728729775961174,0,8.326672684688674e-17
3811,0,0.005,0,0.005,0,0.0
3812,0,0.0028619513373181198,0,0.0028619513373181,0,1.9949319973733282e-17
3813,0,5.627566072263052e-05,0,5.627566072263052e-05,0,0.0
3814,0,0.0,0,0.0,0,0.0
3815,0,0.005282146964244742,0,0.0052821469642447,0,4.163336342344337e-17
3816,0,0.00010960125690461802,0,0.0001096012569046,0,1.8011308590415442e-17
3817,0,0.0,0,0.0,0,0.0
3818,0,0.03413475938082653,0,0.0341347593808265,0,2.7755575615628914e-17
3819,0,8.020645409555797e-06,0,8.020645409555797e-06,0,0.0
3820,0,0.00021459238433400656,0,0.000214592384334,0,6.559423143537302e-18
3821,0,0.005,0,0.005,0,0.0
3822,0,0.005321213693477663,0,0.0053212136934776,0,6.331740687315346e-17
3823,0,0.0002206158715706505,0,0.0002206158715706,0,5.049671618351237e-17
3824,0,5.538544517541651e-06,0,5.538544517541651e-06,0,0.0
3825,0,3.333944831029167e-05,0,3.333944831029167e-05,0,0.0
3826,0,0.0,0,0.0,0,0.0
3827,0,0.00019411209987509233,0,0.000194112099875,0,9.23198149871407e-17
3828,0,0.029968281389730053,0,0.02996828138973,0,5.204170427930421e-17
3829,0,0.005,0,0.005,0,0.0
3830,0,0.0001541219982068796,0,0.0001541219982068,0,7.960754451474816e-17
3831,0,0.0,0,0.0,0,0.0
3832,0,0.000298598048973099,0,0.000298598048973,0,9.898765834792655e-17
3833,0,0.0,0,0.0,0,0.0
3834,0,2.268316268780985e-05,0,2.268316268780985e-05,0,0.0
3835,0,0.003106205590956182,0,0.0031062055909561,0,8.196568423990414e-17
3836,0,2.947745985755135e-06,0,2.947745985755135e-06,0,0.0
3837,0,0.00044869055214090734,0,0.0004486905521409,0,7.318364664277155e-18
3838,0,0.02,0,0.02,0,0.0
3839,0,0.00013329242670646218,0,0.0001332924267064,0,6.217899459204368e-17
3840,0,0.00013329242670646218,0,0.0001332924267064,0,6.217899459204368e-17
3841,0,0.00013046096331808095,0,0.000130460963318,0,8.096279723035504e-17
3842,0,0.0003067185293446936,0,0.0003067185293446,0,9.362085759412331e-17
3843,0,0.00013329242670646218,0,0.0001332924267064,0,6.217899459204368e-17
3844,0,0.00013329242670646218,0,0.0001332924267064,0,6.217899459204368e-17
3845,0,0.00013329242670646218,0,0.0001332924267064,0,6.217899459204368e-17
3846,0,0.00013329242670646218,0,0.0001332924267064,0,6.217899459204368e-17
3847,0,0.00013329242670646218,0,0.0001332924267064,0,6.217899459204368e-17
3848,0,0.0015085695373723057,0,0.0015085695373723,0,5.637851296924623e-18
3849,0,0.0,0,0.0,0,0.0
3850,0,0.0,0,0.0,0,0.0
3851,0,0.00023041394171425145,0,0.0002304139417142,0,5.1445393084437185e-17
3852,0,3.887799282783332e-05,0,3.887799282783332e-05,0,0.0
3853,0,8.961510903292219e-05,0,8.961510903292219e-05,0,0.0
3854,0,0.0,0,0.0,0,0.0
3855,0,0.0005389895343492517,0,0.0005389895343492,0,5.171644362755856e-17
3856,0,0.0,0,0.0,0,0.0
3857,0,3.333944831029167e-05,0,3.333944831029167e-05,0,0.0
3858,0,2.947745985755135e-06,0,2.947745985755135e-06,0,0.0
3859,0,8.961510903292219e-05,0,8.961510903292219e-05,0,0.0
3860,0,0.00013329242670646218,0,0.0001332924267064,0,6.217899459204368e-17
3861,0,0.0,0,0.0,0,0.0
3862,0,0.005133292426706462,0,0.0051332924267064,0,6.245004513516506e-17
3863,0,0.00013329242670646218,0,0.0001332924267064,0,6.217899459204368e-17
3864,0,0.0,0,0.0,0,0.0
3865,0,0.0,0,0.0,0,0.0
3866,0,0.00013329242670646218,0,0.0001332924267064,0,6.217899459204368e-17
3867,0,0.0,0,0.0,0,0.0
3868,0,0.00015117425222112448,0,0.0001511742522211,0,2.4475864043860263e-17
3869,0,0.0049651215594208745,0,0.0049651215594208,0,7.45931094670027e-17
3870,0,0.0,0,0.0,0,0.0
3871,0,0.0,0,0.0,0,0.0
3872,0,9.712151500778927e-05,0,9.712151500778928e-05,0,1.3552527156068805e-20
3873,0,0.0,0,0.0,0,0.0
3874,0,0.0,0,0.0,0,0.0
3875,0,0.0070595613972527635,0,0.0070595613972527,0,6.331740687315346e-17
3876,0,0.0,0,0.0,0,0.0
3877,0,0.0052011225413946365,0,0.0052011225413946,0,3.642919299551295e-17
3878,0,0.0,0,0.0,0,0.0
3879,0,3.628719429604681e-05,0,3.628719429604681e-05,0,0.0
3880,0,0.00013329242670646218,0,0.0001332924267064,0,6.217899459204368e-17
3881,0,0.0,0,0.0,0,0.0
3882,0,0.0,0,0.0,0,0.0
3883,0,0.005,0,0.005,0,0.0
3884,0,8.020645409555797e-06,0,8.020645409555797e-06,0,0.0
3885,0,0.0001185547387548896,0,0.0001185547387548,0,8.959575702877087e-17
3886,0,0.0,0,0.0,0,0.0
3887,0,3.628719429604681e-05,0,3.628719429604681e-05,0,0.0
3888,0,0.0005139446871109546,0,0.0005139446871109,0,5.4643789493269423e-17
3889,0,0.0,0,0.0,0,0.0
3890,0,0.0,0,0.0,0,0.0
3891,0,0.0070680883643607275,0,0.0070680883643607,0,2.7755575615628914e-17
3892,0,0.0001189041236111966,0,0.0001189041236111,0,9.658886104130238e-17
3893,0,0.000381751786096515,0,0.0003817517860965,0,1.496198998029996e-17
3894,0,0.0007471082057733896,0,0.0007471082057733,0,8.955509944730267e-17
3895,0,0.0,0,0.0,0,0.0
3896,0,0.005070310748889511,0,0.0050703107488895,0,1.1275702593849246e-17
3897,0,0.0005325096883558398,0,0.0005325096883558,0,3.979021973021801e-17
3898,0,0.0021581648194179607,0,0.0021581648194179,0,6.071532165918825e-17
3899,0,0.0,0,0.0,0,0.0
3900,0,0.0009071102943950498,0,0.000907110294395,0,4.9873299934333204e-17
3901,0,1.586184913455525e-05,0,1.586184913455525e-05,0,0.0
3902,0,0.0,0,0.0,0,0.0
3903,0,0.0006946667526089398,0,0.0006946667526089,0,3.979021973021801e-17
3904,0,6.611006050940872e-05,0,6.611006050940872e-05,0,0.0
3905,0,0.004082854764121807,0,0.0040828547641218,0,6.938893903907228e-18
3906,0,0.0,0,0.0,0,0.0
3907,0,3.333944831029167e-05,0,3.333944831029167e-05,0,0.0
3908,0,5.030228174418519e-05,0,5.030228174418519e-05,0,0.0
3909,0,0.0,0,0.0,0,0.0
3910,0,0.00033368263400330626,0,0.0003336826340033,0,6.2341624917916505e-18
3911,0,0.005,0,0.005,0,0.0
3912,0,9.712151500778927e-05,0,9.712151500778928e-05,0,1.3552527156068805e-20
3913,0,0.00013046096331808095,0,0.000130460963318,0,8.096279723035504e-17
3914,0,0.0019602619737592074,0,0.0019602619737592,0,7.37257477290143e-18
3915,0,0.0,0,0.0,0,0.0
3916,0,3.628719429604681e-05,0,3.628719429604681e-05,0,0.0
3917,0,0.005194851662779303,0,0.0051948516627793,0,3.469446951953614e-18
3918,0,0.00045671119755046313,0,0.0004567111975504,0,6.315477654728063e-17
3919,0,0.0,0,0.0,0,0.0
3920,0,0.005056461782000961,0,0.0050564617820009,0,6.158268339717665e-17
3921,0,0.000175375184910218,0,0.0001753751849102,0,1.7997756063259374e-17
3922,0,0.004782303089410137,0,0.0047823030894101,0,3.729655473350135e-17
3923,0,3.333944831029167e-05,0,3.333944831029167e-05,0,0.0
3924,0,5.538544517541651e-06,0,5.538544517541651e-06,0,0.0
3925,0,0.00010298935506558128,0,0.0001029893550655,0,8.127450535494463e-17
3926,0,0.0,0,0.0,0,0.0
3927,0,0.0,0,0.0,0,0.0
3928,0,0.0,0,0.0,0,0.0
3929,0,4.2987726818739194e-05,0,4.29877268187392e-05,0,6.776263578034403e-21
3930,0,0.0013109014208480807,0,0.001310901420848,0,8.066464163292153e-17
3931,0,0.0,0,0.0,0,0.0
3932,0,6.736300290375615e-05,0,6.736300290375615e-05,0,0.0
3933,0,4.69644025113709e-05,0,4.69644025113709e-05,0,0.0
3934,0,4.1825738813588453e-05,0,4.182573881358845e-05,0,6.776263578034403e-21
3935,0,0.0,0,0.0,0,0.0
3936,0,0.0,0,0.0,0,0.0
3937,0,3.333944831029167e-05,0,3.333944831029167e-05,0,0.0
3938,0,0.0001541219982068796,0,0.0001541219982068,0,7.960754451474816e-17
3939,0,0.0002831601642638954,0,0.0002831601642638,0,9.540979117872439e-17
3940,0,0.0003756335532454908,0,0.0003756335532454,0,9.0801931945661e-17
3941,0,0.00010657794246681571,0,0.0001065779424668,0,1.5707378973883745e-17
3942,0,0.003220867765852532,0,0.0032208677658525,0,3.209238430557093e-17
3943,0,0.0001495419844518196,0,0.0001495419844518,0,1.9596954267675493e-17
3944,0,0.0014956271874348804,0,0.0014956271874348,0,8.044780119842443e-17
3945,0,0.0,0,0.0,0,0.0
3946,0,0.0022533672019533434,0,0.0022533672019533,0,4.336808689942018e-17
3947,0,5.194120866901077e-05,0,5.194120866901077e-05,0,0.0
3948,0,0.0003283806221097257,0,0.0003283806221097,0,2.5695591487906455e-17
3949,0,0.00014847924973245135,0,0.0001484792497324,0,5.136407792150077e-17
3950,0,3.628719429604681e-05,0,3.628719429604681e-05,0,0.0
3951,0,3.333944831029167e-05,0,3.333944831029167e-05,0,0.0
3952,0,0.005,0,0.005,0,0.0
3953,0,0.0,0,0.0,0,0.0
3954,0,0.0,0,0.0,0,0.0
3955,0,0.00013883097122400383,0,0.000138830971224,0,3.821812658011403e-18
3956,0,4.2969910893993976e-05,0,4.2969910893993976e-05,0,0.0
3957,0,0.0,0,0.0,0,0.0
3958,0,5.538544517541651e-06,0,5.538544517541651e-06,0,0.0
3959,0,7.180039107091953e-05,0,7.180039107091953e-05,0,0.0
3960,0,0.01464578371957455,0,0.0146457837195745,0,5.0306980803327406e-17
3961,0,4.6823467564070586e-05,0,4.6823467564070586e-05,0,0.0
3962,0,0.005,0,0.005,0,0.0
3963,0,3.333944831029167e-05,0,3.333944831029167e-05,0,0.0
3964,0,3.230264073373704e-05,0,3.230264073373704e-05,0,0.0
3965,0,0.0048692125263924005,0,0.0048692125263924,0,8.673617379884035e-19
3966,0,0.0,0,0.0,0,0.0
3967,0,0.00021766812558489536,0,0.0002176681255848,0,9.535558107010011e-17
3968,0,0.0,0,0.0,0,0.0
3969,0,0.010033339448310292,0,0.0100333394483102,0,9.194034422677078e-17
3970,0,0.0016751993452555317,0,0.0016751993452555,0,3.165870343657673e-17
3971,0,1.8601760358719096e-05,0,1.8601760358719096e-05,0,0.0
3972,0,0.0,0,0.0,0,0.0
3973,0,0.0,0,0.0,0,0.0
3974,0,0.005013624954201079,0,0.005013624954201,0,7.892991815694472e-17
3975,0,0.0,0,0.0,0,0.0
3976,0,0.0,0,0.0,0,0.0
3977,0,0.0,0,0.0,0,0.0
3978,0,0.0,0,0.0,0,0.0
3979,0,0.0001336145963110917,0,0.000133614596311,0,9.169639873796154e-17
3980,0,9.712151500778927e-05,0,9.712151500778928e-05,0,1.3552527156068805e-20
3981,0,0.004950687211051077,0,0.004950687211051,0,7.719519468096792e-17
3982,0,0.0,0,0.0,0,0.0
3983,0,0.0,0,0.0,0,0.0
3984,0,0.0,0,0.0,0,0.0
3985,0,0.0,0,0.0,0,0.0
3986,0,9.648278508447526e-06,0,9.648278508447526e-06,0,0.0
3987,0,3.333944831029167e-05,0,3.333944831029167e-05,0,0.0
3988,0,0.0,0,0.0,0,0.0
3989,0,0.0,0,0.0,0,0.0
3990,0,0.0,0,0.0,0,0.0
3991,0,0.0,0,0.0,0,0.0
3992,0,0.0,0,0.0,0,0.0
3993,0,0.0,0,0.0,0,0.0
3994,0,0.0,0,0.0,0,0.0
3995,0,0.0,0,0.0,0,0.0
3996,0,0.0005242518463976791,0,0.0005242518463976,0,7.914675859144182e-17
3997,0,5.627566072263052e-05,0,5.627566072263052e-05,0,0.0
3998,0,0.0,0,0.0,0,0.0
3999,0,0.0006062038872701262,0,0.0006062038872701,0,2.6237692574149207e-17
4000,0,0.0,0,0.0,0,0.0
4001,0,0.0,0,0.0,0,0.0
4002,0,3.333944831029167e-05,0,3.333944831029167e-05,0,0.0
4003,0,0.0,0,0.0,0,0.0
4004,0,0.0,0,0.0,0,0.0
4005,0,0.0,0,0.0,0,0.0
4006,0,0.0,0,0.0,0,0.0
4007,0,0.0,0,0.0,0,0.0
4008,0,0.0,0,0.0,0,0.0
4009,0,0.0005563872022440489,0,0.000556387202244,0,4.889751797909625e-17
4010,0,0.0,0,0.0,0,0.0
4011,0,0.0,0,0.0,0,0.0
4012,0,0.0,0,0.0,0,0.0
4013,0,0.00010266005952533092,0,0.0001026600595253,0,3.0926866970149014e-17
4014,0,9.712151500778927e-05,0,9.712151500778928e-05,0,1.3552527156068805e-20
4015,0,0.0,0,0.0,0,0.0
4016,0,0.0,0,0.0,0,0.0
4017,0,0.0005187133018801374,0,0.0005187133018801,0,3.74049749507499e-17
4018,0,0.0,0,0.0,0,0.0
4019,0,0.005,0,0.005,0,0.0
4020,0,0.0,0,0.0,0,0.0
4021,0,3.776525907733997e-05,0,3.776525907733997e-05,0,0.0
4022,0,0.0,0,0.0,0,0.0
4023,0,0.0,0,0.0,0,0.0
4024,0,0.005032302640733737,0,0.0050323026407337,0,3.642919299551295e-17
4025,0,0.0,0,0.0,0,0.0
4026,0,0.005087857377199408,0,0.0050878573771994,0,8.673617379884035e-18
4027,0,0.000247852726673725,0,0.0002478527266737,0,2.4990860075790877e-17
4028,0,0.0,0,0.0,0,0.0
4029,0,0.0005194832316284964,0,0.0005194832316284,0,9.638557313396134e-17
4030,0,0.0,0,0.0,0,0.0
4031,0,0.00036812683189543576,0,0.0003681268318954,0,3.5778671692021646e-17
4032,0,0.0,0,0.0,0,0.0
4033,0,0.0,0,0.0,0,0.0
4034,0,0.0,0,0.0,0,0.0
4035,0,0.0001562116861915971,0,0.0001562116861915,0,9.709030454607692e-17
4036,0,0.0,0,0.0,0,0.0
4037,0,0.003840368162835015,0,0.003840368162835,0,1.474514954580286e-17
4038,0,0.0,0,0.0,0,0.0
4039,0,0.0,0,0.0,0,0.0
4040,0,0.002247828657435802,0,0.0022478286574358,0,1.734723475976807e-18
4041,0,0.0,0,0.0,0,0.0
4042,0,0.0005275038770380521,0,0.000527503877038,0,5.2150124496552763e-17
4043,0,0.0012238741336034096,0,0.0012238741336034,0,9.540979117872439e-18
4044,0,0.0,0,0.0,0,0.0
4045,0,0.0,0,0.0,0,0.0
4046,0,0.0,0,0.0,0,0.0
4047,0,0.003052640418388559,0,0.0030526404183885,0,5.898059818321144e-17
4048,0,5.627566072263052e-05,0,5.627566072263052e-05,0,0.0
4049,0,0.0001948516627793024,0,0.0001948516627793,0,2.3852447794681098e-18
4050,0,8.785737719940827e-05,0,8.785737719940827e-05,0,0.0
4051,0,0.005094116845973908,0,0.0050941168459739,0,7.806255641895632e-18
4052,0,0.014921883343434089,0,0.014921883343434,0,8.847089727481716e-17
4053,0,0.005089615109032921,0,0.0050896151090329,0,2.0816681711721685e-17
4054,0,0.02964806840190206,0,0.029648068401902,0,5.898059818321144e-17
4055,0,5.538544517541651e-06,0,5.538544517541651e-06,0,0.0
4056,0,0.0001495419844518196,0,0.0001495419844518,0,1.9596954267675493e-17
4057,0,0.00021766812558489536,0,0.0002176681255848,0,9.535558107010011e-17
4058,0,0.0,0,0.0,0,0.0
4059,0,8.961510903292219e-05,0,8.961510903292219e-05,0,0.0
4060,0,0.0,0,0.0,0,0.0
4061,0,8.041596559889126e-05,0,8.041596559889126e-05,0,0.0
4062,0,0.0003488390595243798,0,0.0003488390595243,0,7.979727989493313e-17
4063,0,0.007115174171074269,0,0.0071151741710742,0,6.852157730108388e-17
4064,0,0.00011375541390918294,0,0.0001137554139091,0,8.294146619514109e-17
4065,0,0.0,0,0.0,0,0.0
4066,0,0.0,0,0.0,0,0.0
4067,0,3.333944831029167e-05,0,3.333944831029167e-05,0,0.0
4068,0,0.0,0,0.0,0,0.0
4069,0,0.0,0,0.0,0,0.0
4070,0,3.333944831029167e-05,0,3.333944831029167e-05,0,0.0
4071,0,0.0,0,0.0,0,0.0
4072,0,0.0,0,0.0,0,0.0
4073,0,0.0,0,0.0,0,0.0
4074,0,0.0,0,0.0,0,0.0
4075,0,5.627566072263052e-05,0,5.627566072263052e-05,0,0.0
4076,0,0.0,0,0.0,0,0.0
4077,0,0.0,0,0.0,0,0.0
4078,0,8.020645409555797e-06,0,8.020645409555797e-06,0,0.0
4079,0,0.0,0,0.0,0,0.0
4080,0,0.0,0,0.0,0,0.0
4081,0,0.0,0,0.0,0,0.0
4082,0,0.0,0,0.0,0,0.0
4083,0,0.00010821686939164129,0,0.0001082168693916,0,4.129455024454165e-17
4084,0,0.0,0,0.0,0,0.0
4085,0,0.0,0,0.0,0,0.0
4086,0,0.0,0,0.0,0,0.0
4087,0,0.0,0,0.0,0,0.0
4088,0,0.0,0,0.0,0,0.0
4089,0,0.0,0,0.0,0,0.0
4090,0,0.0,0,0.0,0,0.0
4091,0,0.0,0,0.0,0,0.0
4092,0,5.627566072263052e-05,0,5.627566072263052e-05,0,0.0
4093,0,0.0,0,0.0,0,0.0
4094,0,0.0,0,0.0,0,0.0
4095,0,0.0,0,0.0,0,0.0
4096,0,0.0,0,0.0,0,0.0
4097,0,0.0,0,0.0,0,0.0
4098,0,0.0,0,0.0,0,0.0
4099,0,0.0,0,0.0,0,0.0
4100,0,0.0,0,0.0,0,0.0
4101,0,0.0,0,0.0,0,0.0
4102,0,0.0005334509898317101,0,0.0005334509898317,0,1.0083080204115191e-17
4103,0,0.0,0,0.0,0,0.0
4104,0,0.0,0,0.0,0,0.0
4105,0,0.0,0,0.0,0,0.0
4106,0,0.00505627566072263,0,0.0050562756607226,0,3.0357660829594124e-17
4107,0,0.0,0,0.0,0,0.0
4108,0,0.0,0,0.0,0,0.0
4109,0,0.0,0,0.0,0,0.0
4110,0,0.0,0,0.0,0,0.0
4111,0,0.0,0,0.0,0,0.0
4112,0,0.0,0,0.0,0,0.0
4113,0,0.0,0,0.0,0,0.0
4114,0,0.0,0,0.0,0,0.0
4115,0,0.0,0,0.0,0,0.0
4116,0,0.0,0,0.0,0,0.0
4117,0,0.0,0,0.0,0,0.0
4118,0,0.0,0,0.0,0,0.0
4119,0,0.00013046096331808095,0,0.000130460963318,0,8.096279723035504e-17
4120,0,0.0,0,0.0,0,0.0
4121,0,0.0,0,0.0,0,0.0
4122,0,9.712151500778927e-05,0,9.712151500778928e-05,0,1.3552527156068805e-20
4123,0,0.0,0,0.0,0,0.0
4124,0,3.333944831029167e-05,0,3.333944831029167e-05,0,0.0
4125,0,0.0,0,0.0,0,0.0
4126,0,0.002132761180558821,0,0.0021327611805588,0,2.0816681711721685e-17
4127,0,3.333944831029167e-05,0,3.333944831029167e-05,0,0.0
4128,0,0.0,0,0.0,0,0.0
4129,0,0.0,0,0.0,0,0.0
4130,0,0.00015839387564381673,0,0.0001583938756438,0,1.6723818510588906e-17
4131,0,0.0,0,0.0,0,0.0
4132,0,0.0,0,0.0,0,0.0
4133,0,0.0,0,0.0,0,0.0
4134,0,0.005,0,0.005,0,0.0
4135,0,0.0,0,0.0,0,0.0
4136,0,0.0,0,0.0,0,0.0
4137,0,0.0,0,0.0,0,0.0
4138,0,0.0,0,0.0,0,0.0
4139,0,0.0,0,0.0,0,0.0
4140,0,0.0,0,0.0,0,0.0
4141,0,0.0,0,0.0,0,0.0
4142,0,0.0,0,0.0,0,0.0
4143,0,0.0,0,0.0,0,0.0
4144,0,0.0,0,0.0,0,0.0
4145,0,0.0,0,0.0,0,0.0
4146,0,3.333944831029167e-05,0,3.333944831029167e-05,0,0.0
4147,0,0.0,0,0.0,0,0.0
4148,0,0.0,0,0.0,0,0.0
4149,0,0.0,0,0.0,0,0.0
4150,0,0.0,0,0.0,0,0.0
4151,0,0.0,0,0.0,0,0.0
4152,0,5.627566072263052e-05,0,5.627566072263052e-05,0,0.0
4153,0,7.180039107091953e-05,0,7.180039107091953e-05,0,0.0
4154,0,0.0,0,0.0,0,0.0
4155,0,0.0,0,0.0,0,0.0
4156,0,0.0,0,0.0,0,0.0
4157,0,0.0,0,0.0,0,0.0
4158,0,0.0,0,0.0,0,0.0
4159,0,0.0,0,0.0,0,0.0
4160,0,0.0,0,0.0,0,0.0
4161,0,0.0,0,0.0,0,0.0
4162,0,0.0,0,0.0,0,0.0
4163,0,3.333944831029167e-05,0,3.333944831029167e-05,0,0.0
4164,0,0.0,0,0.0,0,0.0
4165,0,0.0,0,0.0,0,0.0
4166,0,0.0,0,0.0,0,0.0
4167,0,0.0,0,0.0,0,0.0
4168,0,0.0,0,0.0,0,0.0
4169,0,0.0,0,0.0,0,0.0
4170,0,0.0,0,0.0,0,0.0
4171,0,0.0,0,0.0,0,0.0
4172,0,0.0,0,0.0,0,0.0
4173,0,0.0,0,0.0,0,0.0
4174,0,0.0,0,0.0,0,0.0
4175,0,0.0,0,0.0,0,0.0
4176,0,0.0,0,0.0,0,0.0
4177,0,0.0,0,0.0,0,0.0
4178,0,0.0,0,0.0,0,0.0
4179,0,8.961510903292219e-05,0,8.961510903292219e-05,0,0.0
4180,0,5.627566072263052e-05,0,5.627566072263052e-05,0,0.0
4181,0,0.0,0,0.0,0,0.0
4182,0,0.0,0,0.0,0,0.0
4183,0,3.333944831029167e-05,0,3.333944831029167e-05,0,0.0
4184,0,0.0,0,0.0,0,0.0
4185,0,0.0,0,0.0,0,0.0
4186,0,0.0,0,0.0,0,0.0
4187,0,0.0,0,0.0,0,0.0
4188,0,0.0,0,0.0,0,0.0
4189,0,0.0,0,0.0,0,0.0
4190,0,0.0,0,0.0,0,0.0
4191,0,3.333944831029167e-05,0,3.333944831029167e-05,0,0.0
4192,0,0.0,0,0.0,0,0.0
4193,0,0.0,0,0.0,0,0.0
4194,0,0.0,0,0.0,0,0.0
4195,0,0.0,0,0.0,0,0.0
4196,0,0.0,0,0.0,0,0.0
4197,0,0.00013046096331808095,0,0.000130460963318,0,8.096279723035504e-17
4198,0,0.0,0,0.0,0,0.0
4199,0,0.0,0,0.0,0,0.0
4200,0,0.0027720059187245805,0,0.0027720059187245,0,8.066464163292153e-17
4201,0,0.0,0,0.0,0,0.0
4202,0,0.0,0,0.0,0,0.0
4203,0,5.627566072263052e-05,0,5.627566072263052e-05,0,0.0
4204,0,0.0,0,0.0,0,0.0
4205,0,0.0,0,0.0,0,0.0
4206,0,3.333944831029167e-05,0,3.333944831029167e-05,0,0.0
4207,0,0.0,0,0.0,0,0.0
4208,0,0.0,0,0.0,0,0.0
4209,0,0.0,0,0.0,0,0.0
4210,0,0.0,0,0.0,0,0.0
4211,0,0.0,0,0.0,0,0.0
4212,0,3.333944831029167e-05,0,3.333944831029167e-05,0,0.0
4213,0,0.0,0,0.0,0,0.0
4214,0,0.0,0,0.0,0,0.0
4215,0,0.0,0,0.0,0,0.0
4216,0,0.0,0,0.0,0,0.0
4217,0,0.0,0,0.0,0,0.0
4218,0,3.333944831029167e-05,0,3.333944831029167e-05,0,0.0
4219,0,0.0,0,0.0,0,0.0
4220,0,0.0,0,0.0,0,0.0
4221,0,0.0,0,0.0,0,0.0
4222,0,9.712151500778927e-05,0,9.712151500778928e-05,0,1.3552527156068805e-20
4223,0,0.0,0,0.0,0,0.0
4224,0,0.0,0,0.0,0,0.0
4225,0,0.0,0,0.0,0,0.0
4226,0,0.0,0,0.0,0,0.0
4227,0,0.0,0,0.0,0,0.0
4228,0,0.0,0,0.0,0,0.0
4229,0,0.0,0,0.0,0,0.0
4230,0,0.0,0,0.0,0,0.0
4231,0,0.0,0,0.0,0,0.0
4232,0,0.0,0,0.0,0,0.0
4233,0,0.0,0,0.0,0,0.0
4234,0,0.0,0,0.0,0,0.0
4235,0,0.01,0,0.01,0,0.0
4236,0,3.333944831029167e-05,0,3.333944831029167e-05,0,0.0
4237,0,0.0,0,0.0,0,0.0
4238,0,0.0,0,0.0,0,0.0
4239,0,0.0,0,0.0,0,0.0
4240,0,3.333944831029167e-05,0,3.333944831029167e-05,0,0.0
4241,0,0.0,0,0.0,0,0.0
4242,0,3.333944831029167e-05,0,3.333944831029167e-05,0,0.0
4243,0,0.0,0,0.0,0,0.0
4244,0,0.0,0,0.0,0,0.0
4245,0,0.0,0,0.0,0,0.0
4246,0,3.333944831029167e-05,0,3.333944831029167e-05,0,0.0
4247,0,0.0,0,0.0,0,0.0
4248,0,0.0,0,0.0,0,0.0
4249,0,0.0,0,0.0,0,0.0
4250,0,0.0,0,0.0,0,0.0
4251,0,0.0,0,0.0,0,0.0
4252,0,3.333944831029167e-05,0,3.333944831029167e-05,0,0.0
4253,0,0.0,0,0.0,0,0.0
4254,0,0.0,0,0.0,0,0.0
4255,0,0.0,0,0.0,0,0.0
4256,0,0.0,0,0.0,0,0.0
4257,0,0.0,0,0.0,0,0.0
4258,0,0.0,0,0.0,0,0.0
4259,0,0.00013046096331808095,0,0.000130460963318,0,8.096279723035504e-17
4260,0,5.627566072263052e-05,0,5.627566072263052e-05,0,0.0
4261,0,0.0,0,0.0,0,0.0
4262,0,3.333944831029167e-05,0,3.333944831029167e-05,0,0.0
4263,0,0.0,0,0.0,0,0.0
4264,0,0.0,0,0.0,0,0.0
4265,0,0.0,0,0.0,0,0.0
4266,0,0.0,0,0.0,0,0.0
4267,0,9.712151500778927e-05,0,9.712151500778928e-05,0,1.3552527156068805e-20
4268,0,0.0,0,0.0,0,0.0
4269,0,0.00013046096331808095,0,0.000130460963318,0,8.096279723035504e-17
4270,0,0.0,0,0.0,0,0.0
4271,0,0.0,0,0.0,0,0.0
4272,0,0.0,0,0.0,0,0.0
4273,0,0.0,0,0.0,0,0.0
4274,0,0.007715730258001949,0,0.0077157302580019,0,4.9439619065339e-17
4275,0,0.0,0,0.0,0,0.0
4276,0,0.0,0,0.0,0,0.0
4277,0,0.0,0,0.0,0,0.0
4278,0,0.0,0,0.0,0,0.0
4279,0,0.0,0,0.0,0,0.0
4280,0,0.0,0,0.0,0,0.0
4281,0,0.0,0,0.0,0,0.0
4282,0,0.0,0,0.0,0,0.0
4283,0,0.0,0,0.0,0,0.0
4284,0,0.0,0,0.0,0,0.0
4285,0,0.0,0,0.0,0,0.0
4286,0,0.0,0,0.0,0,0.0
4287,0,0.0,0,0.0,0,0.0
4288,0,0.0,0,0.0,0,0.0
4289,0,0.0,0,0.0,0,0.0
4290,0,0.0,0,0.0,0,0.0
4291,0,0.0,0,0.0,0,0.0
4292,0,0.0,0,0.0,0,0.0
4293,0,3.333944831029167e-05,0,3.333944831029167e-05,0,0.0
4294,0,0.0,0,0.0,0,0.0
4295,0,0.0,0,0.0,0,0.0
4296,0,0.0,0,0.0,0,0.0
4297,0,0.0,0,0.0,0,0.0
4298,0,0.005,0,0.005,0,0.0
4299,0,0.0,0,0.0,0,0.0
4300,0,0.0,0,0.0,0,0.0
4301,0,0.0,0,0.0,0,0.0
4302,0,0.0,0,0.0,0,0.0
4303,0,3.333944831029167e-05,0,3.333944831029167e-05,0,0.0
4304,0,3.333944831029167e-05,0,3.333944831029167e-05,0,0.0
4305,0,0.0,0,0.0,0,0.0
4306,0,0.0,0,0.0,0,0.0
4307,0,0.0,0,0.0,0,0.0
4308,0,0.0,0,0.0,0,0.0
4309,0,0.0,0,0.0,0,0.0
4310,0,0.0,0,0.0,0,0.0
4311,0,0.0,0,0.0,0,0.0
4312,0,0.0,0,0.0,0,0.0
4313,0,0.0,0,0.0,0,0.0
4314,0,0.0,0,0.0,0,0.0
4315,0,0.0,0,0.0,0,0.0
4316,0,0.0,0,0.0,0,0.0
4317,0,0.0,0,0.0,0,0.0
4318,0,0.0,0,0.0,0,0.0
4319,0,0.0,0,0.0,0,0.0
4320,0,0.0,0,0.0,0,0.0
4321,0,0.0,0,0.0,0,0.0
4322,0,0.0,0,0.0,0,0.0
4323,0,0.0,0,0.0,0,0.0
4324,0,0.0,0,0.0,0,0.0
4325,0,3.333944831029167e-05,0,3.333944831029167e-05,0,0.0
4326,0,0.0,0,0.0,0,0.0
4327,0,0.0,0,0.0,0,0.0
4328,0,0.0,0,0.0,0,0.0
4329,0,0.0,0,0.0,0,0.0
4330,0,0.0,0,0.0,0,0.0
4331,0,0.0,0,0.0,0,0.0
4332,0,0.0,0,0.0,0,0.0
4333,0,0.005,0,0.005,0,0.0
4334,0,0.0,0,0.0,0,0.0
4335,0,0.0,0,0.0,0,0.0
4336,0,0.0,0,0.0,0,0.0
4337,0,0.0,0,0.0,0,0.0
4338,0,0.0,0,0.0,0,0.0
4339,0,8.961510903292219e-05,0,8.961510903292219e-05,0,0.0
4340,0,0.0,0,0.0,0,0.0
4341,0,0.0,0,0.0,0,0.0
4342,0,0.0,0,0.0,0,0.0
4343,0,0.0,0,0.0,0,0.0
4344,0,0.0,0,0.0,0,0.0
4345,0,0.0,0,0.0,0,0.0
4346,0,3.333944831029167e-05,0,3.333944831029167e-05,0,0.0
4347,0,0.0,0,0.0,0,0.0
4348,0,3.333944831029167e-05,0,3.333944831029167e-05,0,0.0
4349,0,0.0,0,0.0,0,0.0
4350,0,9.712151500778927e-05,0,9.712151500778928e-05,0,1.3552527156068805e-20
4351,0,3.333944831029167e-05,0,3.333944831029167e-05,0,0.0
4352,0,0.0,0,0.0,0,0.0
4353,0,0.0005707859337610975,0,0.000570785933761,0,9.746977530644685e-17
4354,0,0.0,0,0.0,0,0.0
4355,0,0.0,0,0.0,0,0.0
4356,0,0.0,0,0.0,0,0.0
4357,0,0.0,0,0.0,0,0.0
4358,0,0.0,0,0.0,0,0.0
4359,0,0.0,0,0.0,0,0.0
4360,0,0.0,0,0.0,0,0.0
4361,0,0.0,0,0.0,0,0.0
4362,0,0.0,0,0.0,0,0.0
4363,0,0.0,0,0.0,0,0.0
4364,0,0.0,0,0.0,0,0.0
4365,0,0.0,0,0.0,0,0.0
4366,0,0.0,0,0.0,0,0.0
4367,0,0.0,0,0.0,0,0.0
4368,0,0.0,0,0.0,0,0.0
4369,0,0.0,0,0.0,0,0.0
4370,0,0.0,0,0.0,0,0.0
4371,0,0.0,0,0.0,0,0.0
4372,0,0.0,0,0.0,0,0.0
4373,0,0.0,0,0.0,0,0.0
4374,0,0.0,0,0.0,0,0.0
4375,0,0.0,0,0.0,0,0.0
4376,0,0.0,0,0.0,0,0.0
4377,0,0.0,0,0.0,0,0.0
4378,0,0.0,0,0.0,0,0.0
4379,0,0.0,0,0.0,0,0.0
4380,0,0.0,0,0.0,0,0.0
4381,0,3.333944831029167e-05,0,3.333944831029167e-05,0,0.0
4382,0,0.0,0,0.0,0,0.0
4383,0,0.0,0,0.0,0,0.0
4384,0,0.0,0,0.0,0,0.0
4385,0,0.0,0,0.0,0,0.0
4386,0,0.0,0,0.0,0,0.0
4387,0,0.0,0,0.0,0,0.0
4388,0,0.01004298772681874,0,0.0100429877268187,0,3.9898639947466563e-17
4389,0,0.0,0,0.0,0,0.0
4390,0,0.0,0,0.0,0,0.0
4391,0,0.0,0,0.0,0,0.0
4392,0,0.0,0,0.0,0,0.0
4393,0,0.0,0,0.0,0,0.0
4394,0,0.0,0,0.0,0,0.0
4395,0,0.0,0,0.0,0,0.0
4396,0,0.0,0,0.0,0,0.0
4397,0,0.0,0,0.0,0,0.0
4398,0,0.0,0,0.0,0,0.0
4399,0,0.0,0,0.0,0,0.0
4400,0,0.0,0,0.0,0,0.0
4401,0,0.0,0,0.0,0,0.0
4402,0,0.0,0,0.0,0,0.0
4403,0,0.0,0,0.0,0,0.0
4404,0,0.0,0,0.0,0,0.0
4405,0,0.0,0,0.0,0,0.0
4406,0,0.0,0,0.0,0,0.0
4407,0,0.005,0,0.005,0,0.0
4408,0,0.0,0,0.0,0,0.0
4409,0,0.0,0,0.0,0,0.0
4410,0,0.0,0,0.0,0,0.0
4411,0,0.0,0,0.0,0,0.0
4412,0,0.0,0,0.0,0,0.0
4413,0,0.0,0,0.0,0,0.0
4414,0,0.0,0,0.0,0,0.0
4415,0,0.0,0,0.0,0,0.0
4416,0,3.333944831029167e-05,0,3.333944831029167e-05,0,0.0
4417,0,0.0,0,0.0,0,0.0
4418,0,0.0,0,0.0,0,0.0
4419,0,0.0,0,0.0,0,0.0
4420,0,0.0,0,0.0,0,0.0
4421,0,0.0,0,0.0,0,0.0
4422,0,0.0,0,0.0,0,0.0
4423,0,0.0,0,0.0,0,0.0
4424,0,0.0,0,0.0,0,0.0
4425,0,0.0,0,0.0,0,0.0
4426,0,0.0,0,0.0,0,0.0
4427,0,0.0,0,0.0,0,0.0
4428,0,0.0,0,0.0,0,0.0
4429,0,0.0,0,0.0,0,0.0
4430,0,0.0,0,0.0,0,0.0
4431,0,3.333944831029167e-05,0,3.333944831029167e-05,0,0.0
4432,0,0.0,0,0.0,0,0.0
4433,0,0.0,0,0.0,0,0.0
4434,0,0.0,0,0.0,0,0.0
4435,0,0.0,0,0.0,0,0.0
4436,0,0.0,0,0.0,0,0.0
4437,0,0.0,0,0.0,0,0.0
4438,0,0.0,0,0.0,0,0.0
4439,0,0.0,0,0.0,0,0.0
4440,0,0.0,0,0.0,0,0.0
4441,0,0.0,0,0.0,0,0.0
4442,0,0.0,0,0.0,0,0.0
4443,0,0.0,0,0.0,0,0.0
4444,0,0.0,0,0.0,0,0.0
4445,0,0.0,0,0.0,0,0.0
4446,0,0.0,0,0.0,0,0.0
4447,0,0.0,0,0.0,0,0.0
4448,0,0.0,0,0.0,0,0.0
4449,0,0.0,0,0.0,0,0.0
4450,0,0.0,0,0.0,0,0.0
4451,0,0.0,0,0.0,0,0.0
4452,0,0.0,0,0.0,0,0.0
4453,0,3.333944831029167e-05,0,3.333944831029167e-05,0,0.0
4454,0,0.0,0,0.0,0,0.0
4455,0,0.0,0,0.0,0,0.0
4456,0,0.00027394378630752583,0,0.0002739437863075,0,2.585822181377928e-17
4457,0,0.0,0,0.0,0,0.0
4458,0,0.0,0,0.0,0,0.0
4459,0,3.333944831029167e-05,0,3.333944831029167e-05,0,0.0
4460,0,3.333944831029167e-05,0,3.333944831029167e-05,0,0.0
4461,0,0.0,0,0.0,0,0.0
4462,0,0.0,0,0.0,0,0.0
4463,0,3.333944831029167e-05,0,3.333944831029167e-05,0,0.0
4464,0,0.0,0,0.0,0,0.0
4465,0,0.0,0,0.0,0,0.0
4466,0,0.0,0,0.0,0,0.0
4467,0,0.0,0,0.0,0,0.0
4468,0,0.0,0,0.0,0,0.0
4469,0,0.0,0,0.0,0,0.0
4470,0,0.01,0,0.01,0,0.0
4471,0,0.0,0,0.0,0,0.0
4472,0,0.0,0,0.0,0,0.0
4473,0,0.0,0,0.0,0,0.0
4474,0,3.333944831029167e-05,0,3.333944831029167e-05,0,0.0
4475,0,0.0,0,0.0,0,0.0
4476,0,6.181420524017216e-05,0,6.181420524017216e-05,0,0.0
4477,0,0.0,0,0.0,0,0.0
4478,0,0.00014967158243958044,0,0.0001496715824395,0,8.044780119842443e-17
4479,0,0.00019236765234023373,0,0.0001923676523402,0,3.3745792618611326e-17
4480,0,0.005,0,0.005,0,0.0
4481,0,0.00505627566072263,0,0.0050562756607226,0,3.0357660829594124e-17
4482,0,0.005204944105825559,0,0.0052049441058255,0,5.898059818321144e-17
4483,0,9.648278508447526e-06,0,9.648278508447526e-06,0,0.0
4484,0,0.00038465628283235615,0,0.0003846562828323,0,5.616167253474913e-17
4485,0,0.006354190467713267,0,0.0063541904677132,0,6.765421556309548e-17
4486,0,1.3624954201079227e-05,0,1.3624954201079228e-05,0,1.6940658945086007e-21
4487,0,0.0005001115415214183,0,0.0005001115415214,0,1.8323016715005025e-17
4488,0,0.0,0,0.0,0,0.0
4489,0,3.333944831029167e-05,0,3.333944831029167e-05,0,0.0
4490,0,0.0002640544295081548,0,0.0002640544295081,0,5.480641981914225e-17
4491,0,5.627566072263052e-05,0,5.627566072263052e-05,0,0.0
4492,0,0.0,0,0.0,0,0.0
4493,0,0.005,0,0.005,0,0.0
4494,0,0.0,0,0.0,0,0.0
4495,0,0.0,0,0.0,0,0.0
4496,0,0.000601396249783969,0,0.0006013962497839,0,6.906367838732663e-17
4497,0,0.0005188788616268266,0,0.0005188788616268,0,2.656295322589486e-17
4498,0,1.355918992709745e-05,0,1.355918992709745e-05,0,0.0
4499,0,0.0051228722378813055,0,0.0051228722378813,0,5.204170427930421e-18
4500,0,7.180039107091953e-05,0,7.180039107091953e-05,0,0.0
4501,0,0.0,0,0.0,0,0.0
4502,0,0.0,0,0.0,0,0.0
4503,0,0.0,0,0.0,0,0.0
4504,0,0.0,0,0.0,0,0.0
4505,0,3.230264073373704e-05,0,3.230264073373704e-05,0,0.0
4506,0,8.020645409555797e-06,0,8.020645409555797e-06,0,0.0
4507,0,0.0,0,0.0,0,0.0
4508,0,0.005,0,0.005,0,0.0
4509,0,0.004329231767704314,0,0.0043292317677043,0,1.474514954580286e-17
4510,0,5.538544517541651e-06,0,5.538544517541651e-06,0,0.0
4511,0,0.005381751786096515,0,0.0053817517860965,0,1.474514954580286e-17
4512,0,0.0050773389355884616,0,0.0050773389355884,0,6.158268339717665e-17
4513,0,2.414030487626075e-05,0,2.414030487626075e-05,0,0.0
4514,0,0.004930868395799231,0,0.0049308683957992,0,3.0357660829594124e-17
4515,0,5.627566072263052e-05,0,5.627566072263052e-05,0,0.0
4516,0,0.0,0,0.0,0,0.0
4517,0,1.3624954201079227e-05,0,1.3624954201079228e-05,0,1.6940658945086007e-21
4518,0,0.0,0,0.0,0,0.0
4519,0,0.0,0,0.0,0,0.0
4520,0,0.0,0,0.0,0,0.0
4521,0,0.00021766812558489536,0,0.0002176681255848,0,9.535558107010011e-17
4522,0,0.00029895469458395896,0,0.0002989546945839,0,5.898059818321144e-17
4523,0,0.0,0,0.0,0,0.0
4524,0,3.333944831029167e-05,0,3.333944831029167e-05,0,0.0
4525,0,0.0,0,0.0,0,0.0
4526,0,0.0,0,0.0,0,0.0
4527,0,3.333944831029167e-05,0,3.333944831029167e-05,0,0.0
4528,0,0.0,0,0.0,0,0.0
4529,0,0.0,0,0.0,0,0.0
4530,0,0.030482681125527523,0,0.0304826811255275,0,2.42861286636753e-17
4531,0,0.0,0,0.0,0,0.0
4532,0,0.004997403830046462,0,0.0049974038300464,0,6.245004513516506e-17
4533,0,0.0,0,0.0,0,0.0
4534,0,0.0,0,0.0,0,0.0
4535,0,0.0,0,0.0,0,0.0
4536,0,0.0,0,0.0,0,0.0
4537,0,5.627566072263052e-05,0,5.627566072263052e-05,0,0.0
4538,0,0.0005857450781818742,0,0.0005857450781818,0,7.41594285980085e-17
4539,0,5.627566072263052e-05,0,5.627566072263052e-05,0,0.0
4540,0,0.0,0,0.0,0,0.0
4541,0,0.00021766812558489536,0,0.0002176681255848,0,9.535558107010011e-17
4542,0,8.020645409555797e-06,0,8.020645409555797e-06,0,0.0
4543,0,1.3624954201079227e-05,0,1.3624954201079228e-05,0,1.6940658945086007e-21
4544,0,0.0,0,0.0,0,0.0
4545,0,0.0,0,0.0,0,0.0
4546,0,0.0016751993452555317,0,0.0016751993452555,0,3.165870343657673e-17
4547,0,0.0005056500860389601,0,0.0005056500860389,0,6.006480035569695e-17
4548,0,0.0,0,0.0,0,0.0
4549,0,0.0,0,0.0,0,0.0
4550,0,3.333944831029167e-05,0,3.333944831029167e-05,0,0.0
4551,0,0.005,0,0.005,0,0.0
4552,0,0.019947279639400853,0,0.0199472796394008,0,5.204170427930421e-17
4553,0,0.005,0,0.005,0,0.0
4554,0,0.0,0,0.0,0,0.0
4555,0,8.424384940274782e-05,0,8.424384940274782e-05,0,0.0
4556,0,0.0,0,0.0,0,0.0
4557,0,0.00021766812558489536,0,0.0002176681255848,0,9.535558107010011e-17
4558,0,3.784118525127869e-05,0,3.784118525127869e-05,0,0.0
4559,0,0.0,0,0.0,0,0.0
4560,0,0.0,0,0.0,0,0.0
4561,0,0.0001600424698771953,0,0.0001600424698771,0,9.530137096147584e-17
4562,0,0.0,0,0.0,0,0.0
4563,0,8.041596559889126e-05,0,8.041596559889126e-05,0,0.0
4564,0,0.0,0,0.0,0,0.0
4565,0,0.0,0,0.0,0,0.0
4566,0,0.0,0,0.0,0,0.0
4567,0,1.8601760358719096e-05,0,1.8601760358719096e-05,0,0.0
4568,0,5.627566072263052e-05,0,5.627566072263052e-05,0,0.0
4569,0,0.0,0,0.0,0,0.0
4570,0,0.0,0,0.0,0,0.0
4571,0,2.414030487626075e-05,0,2.414030487626075e-05,0,0.0
4572,0,0.0,0,0.0,0,0.0
4573,0,0.0,0,0.0,0,0.0
4574,0,0.0,0,0.0,0,0.0
4575,0,9.712151500778927e-05,0,9.712151500778928e-05,0,1.3552527156068805e-20
4576,0,0.0,0,0.0,0,0.0
4577,0,0.0099767536367055,0,0.0099767536367055,0,0.0
4578,0,1.3624954201079227e-05,0,1.3624954201079228e-05,0,1.6940658945086007e-21
4579,0,0.005665982428483779,0,0.0056659824284837,0,7.892991815694472e-17
4580,0,0.00011375541390918294,0,0.0001137554139091,0,8.294146619514109e-17
4581,0,0.00023994413588145823,0,0.0002399441358814,0,5.822165666247159e-17
4582,0,0.0,0,0.0,0,0.0
4583,0,0.0,0,0.0,0,0.0
4584,0,0.0,0,0.0,0,0.0
4585,0,0.0,0,0.0,0,0.0
4586,0,0.0,0,0.0,0,0.0
4587,0,0.0,0,0.0,0,0.0
4588,0,5.627566072263052e-05,0,5.627566072263052e-05,0,0.0
4589,0,0.0,0,0.0,0,0.0
4590,0,5.090440109245614e-05,0,5.090440109245614e-05,0,0.0
4591,0,0.00010410303180465657,0,0.0001041030318046,0,5.65682483494312e-17
4592,0,4.69644025113709e-05,0,4.69644025113709e-05,0,0.0
4593,0,0.0,0,0.0,0,0.0
4594,0,0.0,0,0.0,0,0.0
4595,0,0.0,0,0.0,0,0.0
4596,0,0.0,0,0.0,0,0.0
4597,0,0.0006098853830581349,0,0.0006098853830581,0,3.491130995403324e-17
4598,0,0.00014413303792203878,0,0.000144133037922,0,3.878733272066892e-17
4599,0,0.0,0,0.0,0,0.0
4600,0,8.961510903292219e-05,0,8.961510903292219e-05,0,0.0
4601,0,0.005150440080815947,0,0.0051504400808159,0,4.683753385137379e-17
4602,0,0.0,0,0.0,0,0.0
4603,0,0.0,0,0.0,0,0.0
4604,0,0.005217668125584896,0,0.0052176681255848,0,9.540979117872439e-17
4605,0,0.0,0,0.0,0,0.0
4606,0,0.0,0,0.0,0,0.0
4607,0,9.712151500778927e-05,0,9.712151500778928e-05,0,1.3552527156068805e-20
4608,0,0.0,0,0.0,0,0.0
4609,0,0.0,0,0.0,0,0.0
4610,0,0.0,0,0.0,0,0.0
4611,0,0.01,0,0.01,0,0.0
4612,0,0.03,0,0.03,0,0.0
4613,0,0.0,0,0.0,0,0.0
4614,0,0.0004329156240397603,0,0.0004329156240397,0,6.033585089881832e-17
4615,0,0.00505627566072263,0,0.0050562756607226,0,3.0357660829594124e-17
4616,0,0.0,0,0.0,0,0.0
4617,0,0.01,0,0.01,0,0.0
4618,0,0.0,0,0.0,0,0.0
4619,0,8.961510903292219e-05,0,8.961510903292219e-05,0,0.0
4620,0,3.333944831029167e-05,0,3.333944831029167e-05,0,0.0
4621,0,5.194120866901077e-05,0,5.194120866901077e-05,0,0.0
4622,0,0.0001051398393812112,0,0.0001051398393812,0,1.1194387430912833e-17
4623,0,0.0,0,0.0,0,0.0
4624,0,0.0,0,0.0,0,0.0
4625,0,8.961510903292219e-05,0,8.961510903292219e-05,0,0.0
4626,0,0.0,0,0.0,0,0.0
4627,0,0.0,0,0.0,0,0.0
4628,0,0.00017487151654219647,0,0.0001748715165421,0,9.646688829689776e-17
4629,0,0.005033339448310291,0,0.0050333394483102,0,9.107298248878237e-17
4630,0,6.550039859610822e-05,0,6.550039859610822e-05,0,0.0
4631,0,0.0,0,0.0,0,0.0
4632,0,0.0005001115415214183,0,0.0005001115415214,0,1.8323016715005025e-17
4633,0,0.005,0,0.005,0,0.0
4634,0,4.69644025113709e-05,0,4.69644025113709e-05,0,0.0
4635,0,0.005,0,0.005,0,0.0
4636,0,0.0,0,0.0,0,0.0
4637,0,0.0,0,0.0,0,0.0
4638,0,0.005033339448310291,0,0.0050333394483102,0,9.107298248878237e-17
4639,0,0.0,0,0.0,0,0.0
4640,0,0.0,0,0.0,0,0.0
4641,0,0.0,0,0.0,0,0.0
4642,0,0.00031171389934179583,0,0.0003117138993417,0,9.584347204771859e-17
4643,0,0.0,0,0.0,0,0.0
4644,0,0.03,0,0.03,0,0.0
4645,0,8.961510903292219e-05,0,8.961510903292219e-05,0,0.0
4646,0,0.0,0,0.0,0,0.0
4647,0,5.627566072263052e-05,0,5.627566072263052e-05,0,0.0
4648,0,5.627566072263052e-05,0,5.627566072263052e-05,0,0.0
4649,0,0.0007441404828296762,0,0.0007441404828296,0,7.621941272573096e-17
4650,0,9.648278508447526e-06,0,9.648278508447526e-06,0,0.0
4651,0,0.0,0,0.0,0,0.0
4652,0,0.0,0,0.0,0,0.0
4653,0,0.0,0,0.0,0,0.0
4654,0,9.712151500778927e-05,0,9.712151500778928e-05,0,1.3552527156068805e-20
4655,0,0.0,0,0.0,0,0.0
4656,0,0.0,0,0.0,0,0.0
4657,0,0.0,0,0.0,0,0.0
4658,0,5.627566072263052e-05,0,5.627566072263052e-05,0,0.0
4659,0,0.0,0,0.0,0,0.0
4660,0,0.01,0,0.01,0,0.0
4661,0,0.00018549313164188626,0,0.0001854931316418,0,8.624828282122188e-17
4662,0,0.00014413303792203878,0,0.000144133037922,0,3.878733272066892e-17
4663,0,0.0,0,0.0,0,0.0
4664,0,0.0,0,0.0,0,0.0
4665,0,0.0005001115415214183,0,0.0005001115415214,0,1.8323016715005025e-17
4666,0,0.0001532259169315614,0,0.0001532259169315,0,6.142005307130383e-17
4667,0,0.0,0,0.0,0,0.0
4668,0,0.0,0,0.0,0,0.0
4669,0,1.0323304617013603e-05,0,1.0323304617013604e-05,0,1.6940658945086007e-21
4670,0,0.0,0,0.0,0,0.0
4671,0,0.004904357794384165,0,0.0049043577943841,0,6.505213034913027e-17
4672,0,0.00013351142282234897,0,0.0001335114228223,0,4.897883314203266e-17
4673,0,4.1950919242184565e-05,0,4.1950919242184565e-05,0,0.0
4674,0,0.00030668064447058967,0,0.0003066806444705,0,8.966351966455122e-17
4675,0,0.0001051398393812112,0,0.0001051398393812,0,1.1194387430912833e-17
4676,0,8.785737719940827e-05,0,8.785737719940827e-05,0,0.0
4677,0,0.0,0,0.0,0,0.0
4678,0,0.00501860176035872,0,0.0050186017603587,0,1.9949319973733282e-17
4679,0,0.0,0,0.0,0,0.0
4680,0,0.029594741849618814,0,0.0295947418496188,0,1.3877787807814457e-17
4681,0,0.0,0,0.0,0,0.0
4682,0,0.0,0,0.0,0,0.0
4683,0,0.0,0,0.0,0,0.0
4684,0,0.005,0,0.005,0,0.0
4685,0,0.00012119682550969995,0,0.0001211968255096,0,9.994988777600744e-17
4686,0,9.712151500778927e-05,0,9.712151500778928e-05,0,1.3552527156068805e-20
4687,0,3.333944831029167e-05,0,3.333944831029167e-05,0,0.0
4688,0,0.0,0,0.0,0,0.0
4689,0,0.0,0,0.0,0,0.0
4690,0,0.052791193214155575,0,0.0527911932141555,0,7.632783294297951e-17
4691,0,0.0,0,0.0,0,0.0
4692,0,0.0,0,0.0,0,0.0
4693,0,0.0,0,0.0,0,0.0
4694,0,9.712151500778927e-05,0,9.712151500778928e-05,0,1.3552527156068805e-20
4695,0,0.005,0,0.005,0,0.0
4696,0,5.538544517541651e-06,0,5.538544517541651e-06,0,0.0
4697,0,7.180039107091953e-05,0,7.180039107091953e-05,0,0.0
4698,0,0.005,0,0.005,0,0.0
4699,0,0.0,0,0.0,0,0.0
4700,0,8.041596559889126e-05,0,8.041596559889126e-05,0,0.0
4701,0,3.333944831029167e-05,0,3.333944831029167e-05,0,0.0
4702,0,0.0,0,0.0,0,0.0
4703,0,0.005130460963318081,0,0.005130460963318,0,8.066464163292153e-17
4704,0,8.961510903292219e-05,0,8.961510903292219e-05,0,0.0
4705,0,0.0,0,0.0,0,0.0
4706,0,7.180039107091953e-05,0,7.180039107091953e-05,0,0.0
4707,0,0.0,0,0.0,0,0.0
4708,0,0.005080415965598891,0,0.0050804159655988,0,9.107298248878237e-17
4709,0,0.0,0,0.0,0,0.0
4710,0,0.0,0,0.0,0,0.0
4711,0,0.0006822180299092543,0,0.0006822180299092,0,5.431852884152377e-17
4712,0,0.0,0,0.0,0,0.0
4713,0,9.712151500778927e-05,0,9.712151500778928e-05,0,1.3552527156068805e-20
4714,0,0.0,0,0.0,0,0.0
4715,0,0.0,0,0.0,0,0.0
4716,0,8.961510903292219e-05,0,8.961510903292219e-05,0,0.0
4717,0,0.0,0,0.0,0,0.0
4718,0,0.0001600424698771953,0,0.0001600424698771,0,9.530137096147584e-17
4719,0,0.0,0,0.0,0,0.0
4720,0,5.627566072263052e-05,0,5.627566072263052e-05,0,0.0
4721,0,0.0,0,0.0,0,0.0
4722,0,0.0,0,0.0,0,0.0
4723,0,0.010345744177378446,0,0.0103457441773784,0,4.5102810375396984e-17
4724,0,8.961510903292219e-05,0,8.961510903292219e-05,0,0.0
4725,0,0.005,0,0.005,0,0.0
4726,0,0.0,0,0.0,0,0.0
4727,0,0.0,0,0.0,0,0.0
4728,0,0.0052124873469142265,0,0.0052124873469142,0,2.688821387764051e-17
4729,0,0.0,0,0.0,0,0.0
4730,0,0.0,0,0.0,0,0.0
4731,0,0.0,0,0.0,0,0.0
4732,0,0.0,0,0.0,0,0.0
4733,0,0.0,0,0.0,0,0.0
4734,0,0.0,0,0.0,0,0.0
4735,0,5.627566072263052e-05,0,5.627566072263052e-05,0,0.0
4736,0,0.0021844128678558568,0,0.0021844128678558,0,5.681219383824043e-17
4737,0,0.0,0,0.0,0,0.0
4738,0,0.0,0,0.0,0,0.0
4739,0,0.00487808382668484,0,0.0048780838266848,0,3.9898639947466563e-17
4740,0,0.015,0,0.015,0,0.0
4741,0,0.00022568877099445116,0,0.0002256887709944,0,5.114723748700367e-17
4742,0,1.8601760358719096e-05,0,1.8601760358719096e-05,0,0.0
4743,0,0.0,0,0.0,0,0.0
4744,0,0.0,0,0.0,0,0.0
4745,0,9.648278508447526e-06,0,9.648278508447526e-06,0,0.0
4746,0,0.0,0,0.0,0,0.0
4747,0,0.0,0,0.0,0,0.0
4748,0,0.005518713301880138,0,0.0055187133018801,0,3.8163916471489756e-17
4749,0,5.627566072263052e-05,0,5.627566072263052e-05,0,0.0
4750,0,0.005,0,0.005,0,0.0
4751,0,0.0005964911983980338,0,0.000596491198398,0,3.382710778154774e-17
4752,0,0.0,0,0.0,0,0.0
4753,0,1.3624954201079227e-05,0,1.3624954201079228e-05,0,1.6940658945086007e-21
4754,0,0.004916322131604049,0,0.004916322131604,0,4.85722573273506e-17
4755,0,0.0,0,0.0,0,0.0
4756,0,0.005103995002688854,0,0.0051039950026888,0,5.4643789493269423e-17
4757,0,5.627566072263052e-05,0,5.627566072263052e-05,0,0.0
4758,0,3.333944831029167e-05,0,3.333944831029167e-05,0,0.0
4759,0,5.538544517541651e-06,0,5.538544517541651e-06,0,0.0
4760,0,5.538544517541651e-06,0,5.538544517541651e-06,0,0.0
4761,0,0.0,0,0.0,0,0.0
4762,0,0.0,0,0.0,0,0.0
4763,0,3.333944831029167e-05,0,3.333944831029167e-05,0,0.0
4764,0,0.0,0,0.0,0,0.0
4765,0,0.0,0,0.0,0,0.0
4766,0,7.487742108134962e-05,0,7.487742108134962e-05,0,0.0
4767,0,0.0,0,0.0,0,0.0
4768,0,0.00027394378630752583,0,0.0002739437863075,0,2.585822181377928e-17
4769,0,0.0,0,0.0,0,0.0
4770,0,0.0,0,0.0,0,0.0
4771,0,0.0052735279897768075,0,0.0052735279897768,0,7.806255641895632e-18
4772,0,8.961510903292219e-05,0,8.961510903292219e-05,0,0.0
4773,0,7.487742108134962e-05,0,7.487742108134962e-05,0,0.0
4774,0,0.0,0,0.0,0,0.0
4775,0,0.0,0,0.0,0,0.0
4776,0,0.01,0,0.01,0,0.0
4777,0,6.429630613218631e-05,0,6.429630613218631e-05,0,0.0
4778,0,0.0050971215150077895,0,0.0050971215150077,0,8.933825901280557e-17
4779,0,9.339592171694993e-05,0,9.339592171694993e-05,0,0.0
4780,0,0.00021766812558489536,0,0.0002176681255848,0,9.535558107010011e-17
4781,0,0.0,0,0.0,0,0.0
4782,0,0.0,0,0.0,0,0.0
4783,0,0.0,0,0.0,0,0.0
4784,0,0.0,0,0.0,0,0.0
4785,0,0.004865375621841593,0,0.0048653756218415,0,9.280770596475918e-17
4786,0,0.0,0,0.0,0,0.0
4787,0,0.01,0,0.01,0,0.0
4788,0,0.0,0,0.0,0,0.0
4789,0,0.0,0,0.0,0,0.0
4790,0,0.0,0,0.0,0,0.0
4791,0,0.005,0,0.005,0,0.0
4792,0,0.01,0,0.01,0,0.0
4793,0,9.712151500778927e-05,0,9.712151500778928e-05,0,1.3552527156068805e-20
4794,0,0.0,0,0.0,0,0.0
4795,0,0.0,0,0.0,0,0.0
4796,0,1.3624954201079227e-05,0,1.3624954201079228e-05,0,1.6940658945086007e-21
4797,0,1.3624954201079227e-05,0,1.3624954201079228e-05,0,1.6940658945086007e-21
4798,0,0.005217668125584896,0,0.0052176681255848,0,9.540979117872439e-17
4799,0,0.005227316404093343,0,0.0052273164040933,0,4.336808689942018e-17
4800,0,0.0,0,0.0,0,0.0
4801,0,0.0,0,0.0,0,0.0
4802,0,0.0,0,0.0,0,0.0
4803,0,0.0,0,0.0,0,0.0
4804,0,0.0,0,0.0,0,0.0
4805,0,0.0005139446871109546,0,0.0005139446871109,0,5.4643789493269423e-17
4806,0,0.00018377952912623856,0,0.0001837795291262,0,3.854338723185968e-17
4807,0,0.005061814205240172,0,0.0050618142052401,0,7.19910242530375e-17
4808,0,3.333944831029167e-05,0,3.333944831029167e-05,0,0.0
4809,0,0.005,0,0.005,0,0.0
4810,0,0.0,0,0.0,0,0.0
4811,0,0.0,0,0.0,0,0.0
4812,0,8.020645409555797e-06,0,8.020645409555797e-06,0,0.0
4813,0,5.627566072263052e-05,0,5.627566072263052e-05,0,0.0
4814,0,0.0049543234202492755,0,0.0049543234202492,0,7.546047120499111e-17
4815,0,9.712151500778927e-05,0,9.712151500778928e-05,0,1.3552527156068805e-20
4816,0,0.004930868395799231,0,0.0049308683957992,0,3.0357660829594124e-17
4817,0,0.0,0,0.0,0,0.0
4818,0,0.00021766812558489536,0,0.0002176681255848,0,9.535558107010011e-17
4819,0,0.0,0,0.0,0,0.0
4820,0,3.333944831029167e-05,0,3.333944831029167e-05,0,0.0
4821,0,3.333944831029167e-05,0,3.333944831029167e-05,0,0.0
4822,0,0.0,0,0.0,0,0.0
4823,0,0.0,0,0.0,0,0.0
4824,0,0.00016314774475188453,0,0.0001631477447518,0,8.451355934524507e-17
4825,0,0.0,0,0.0,0,0.0
4826,0,0.0,0,0.0,0,0.0
4827,0,0.005,0,0.005,0,0.0
4828,0,0.0,0,0.0,0,0.0
4829,0,0.0,0,0.0,0,0.0
4830,0,0.0,0,0.0,0,0.0
4831,0,3.333944831029167e-05,0,3.333944831029167e-05,0,0.0
4832,0,0.00011375541390918294,0,0.0001137554139091,0,8.294146619514109e-17
4833,0,4.136009371984747e-05,0,4.136009371984747e-05,0,0.0
4834,0,0.0,0,0.0,0,0.0
4835,0,9.712151500778927e-05,0,9.712151500778928e-05,0,1.3552527156068805e-20
4836,0,0.005,0,0.005,0,0.0
4837,0,0.0,0,0.0,0,0.0
4838,0,0.0005187133018801374,0,0.0005187133018801,0,3.74049749507499e-17
4839,0,0.0,0,0.0,0,0.0
4840,0,0.005080415965598891,0,0.0050804159655988,0,9.107298248878237e-17
4841,0,0.0,0,0.0,0,0.0
4842,0,0.0,0,0.0,0,0.0
4843,0,0.005,0,0.005,0,0.0
4844,0,0.00017914789860393594,0,0.0001791478986039,0,3.594130201789447e-17
4845,0,0.019877147514302352,0,0.0198771475143023,0,5.204170427930421e-17
4846,0,0.009678540000292722,0,0.0096785400002927,0,2.2551405187698492e-17
4847,0,0.005074061469563241,0,0.0050740614695632,0,4.0766001685454967e-17
4848,0,0.0,0,0.0,0,0.0
4849,0,0.005454206798685979,0,0.0054542067986859,0,7.892991815694472e-17
4850,0,0.0005964911983980338,0,0.000596491198398,0,3.382710778154774e-17
4851,0,3.333944831029167e-05,0,3.333944831029167e-05,0,0.0
4852,0,0.014907714734332113,0,0.0149077147343321,0,1.3877787807814457e-17
4853,0,0.00501908926996965,0,0.0050190892699696,0,5.0306980803327406e-17
4854,0,0.00022568877099445116,0,0.0002256887709944,0,5.114723748700367e-17
4855,0,0.005,0,0.005,0,0.0
4856,0,1.8601760358719096e-05,0,1.8601760358719096e-05,0,0.0
4857,0,0.0,0,0.0,0,0.0
4858,0,0.005286850739426623,0,0.0052868507394266,0,2.3418766925686896e-17
4859,0,0.0,0,0.0,0,0.0
4860,0,0.004968892070080182,0,0.0049688920700801,0,8.239936510889834e-17
4861,0,0.0,0,0.0,0,0.0
4862,0,0.0,0,0.0,0,0.0
4863,0,0.0,0,0.0,0,0.0
4864,0,8.020645409555797e-06,0,8.020645409555797e-06,0,0.0
4865,0,0.0,0,0.0,0,0.0
4866,0,0.005005538544517542,0,0.0050055385445175,0,4.163336342344337e-17
4867,0,0.00016983664039267634,0,0.0001698366403926,0,7.632783294297951e-17
4868,0,0.0,0,0.0,0,0.0
4869,0,0.0,0,0.0,0,0.0
4870,0,0.0,0,0.0,0,0.0
4871,0,0.0,0,0.0,0,0.0
4872,0,0.005414363331066278,0,0.0054143633310662,0,7.806255641895632e-17
4873,0,0.0005056500860389601,0,0.0005056500860389,0,6.006480035569695e-17
4874,0,0.00014768737241401976,0,0.000147687372414,0,1.9759584593548318e-17
4875,0,0.0,0,0.0,0,0.0
4876,0,0.010217668125584896,0,0.0102176681255848,0,9.540979117872439e-17
4877,0,0.0005188788616268266,0,0.0005188788616268,0,2.656295322589486e-17
4878,0,9.648278508447526e-06,0,9.648278508447526e-06,0,0.0
4879,0,0.0,0,0.0,0,0.0
4880,0,0.0,0,0.0,0,0.0
4881,0,0.0,0,0.0,0,0.0
4882,0,0.0,0,0.0,0,0.0
4883,0,0.0,0,0.0,0,0.0
4884,0,0.0,0,0.0,0,0.0
4885,0,0.005322810286002241,0,0.0053228102860022,0,4.0766001685454967e-17
4886,0,0.0,0,0.0,0,0.0
4887,0,0.0,0,0.0,0,0.0
4888,0,0.005,0,0.005,0,0.0
4889,0,0.0,0,0.0,0,0.0
4890,0,0.00010266005952533092,0,0.0001026600595253,0,3.0926866970149014e-17
4891,0,0.0,0,0.0,0,0.0
4892,0,1.8601760358719096e-05,0,1.8601760358719096e-05,0,0.0
4893,0,0.005156211686191597,0,0.0051562116861915,0,9.71445146547012e-17
4894,0,0.0,0,0.0,0,0.0
4895,0,0.005,0,0.005,0,0.0
4896,0,5.627566072263052e-05,0,5.627566072263052e-05,0,0.0
4897,0,3.784118525127869e-05,0,3.784118525127869e-05,0,0.0
4898,0,0.01,0,0.01,0,0.0
4899,0,0.0,0,0.0,0,0.0
4900,0,0.0,0,0.0,0,0.0
4901,0,0.0,0,0.0,0,0.0
4902,0,0.0,0,0.0,0,0.0
4903,0,0.0,0,0.0,0,0.0
4904,0,0.0,0,0.0,0,0.0
4905,0,0.0,0,0.0,0,0.0
4906,0,1.355918992709745e-05,0,1.355918992709745e-05,0,0.0
4907,0,0.00012191774976665925,0,0.0001219177497666,0,5.925164872633282e-17
4908,0,0.0,0,0.0,0,0.0
4909,0,0.0,0,0.0,0,0.0
4910,0,0.0,0,0.0,0,0.0
4911,0,0.00017914789860393594,0,0.0001791478986039,0,3.594130201789447e-17
4912,0,0.0,0,0.0,0,0.0
4913,0,0.0,0,0.0,0,0.0
4914,0,5.627566072263052e-05,0,5.627566072263052e-05,0,0.0
4915,0,0.0,0,0.0,0,0.0
4916,0,0.005,0,0.005,0,0.0
4917,0,0.0,0,0.0,0,0.0
4918,0,0.0,0,0.0,0,0.0
4919,0,0.0,0,0.0,0,0.0
4920,1,0.8991312650158862,1,0.8991312650158862,1,0.0
4921,0,0.0,0,0.0,0,0.0
4922,0,0.0,0,0.0,0,0.0
4923,0,0.0,0,0.0,0,0.0
4924,0,0.0,0,0.0,0,0.0
4925,0,0.005678436101237324,0,0.0056784361012373,0,2.42861286636753e-17
4926,0,0.0,0,0.0,0,0.0
4927,0,5.627566072263052e-05,0,5.627566072263052e-05,0,0.0
4928,0,0.0,0,0.0,0,0.0
4929,0,0.0,0,0.0,0,0.0
4930,0,0.0,0,0.0,0,0.0
4931,0,0.005584246749936048,0,0.005584246749936,0,4.85722573273506e-17
4932,0,0.005,0,0.005,0,0.0
4933,0,8.961510903292219e-05,0,8.961510903292219e-05,0,0.0
4934,0,9.712151500778927e-05,0,9.712151500778928e-05,0,1.3552527156068805e-20
4935,0,0.005,0,0.005,0,0.0
4936,0,0.005,0,0.005,0,0.0
4937,0,0.0,0,0.0,0,0.0
4938,0,0.004980352105324882,0,0.0049803521053248,0,8.239936510889834e-17
4939,0,0.0,0,0.0,0,0.0
4940,0,0.0,0,0.0,0,0.0
4941,0,3.333944831029167e-05,0,3.333944831029167e-05,0,0.0
4942,0,0.0,0,0.0,0,0.0
4943,0,0.0,0,0.0,0,0.0
4944,0,3.333944831029167e-05,0,3.333944831029167e-05,0,0.0
4945,0,0.0,0,0.0,0,0.0
4946,0,5.627566072263052e-05,0,5.627566072263052e-05,0,0.0
4947,0,0.01,0,0.01,0,0.0
4948,0,6.564208904402871e-05,0,6.564208904402871e-05,0,0.0
4949,0,8.961510903292219e-05,0,8.961510903292219e-05,0,0.0
4950,0,3.333944831029167e-05,0,3.333944831029167e-05,0,0.0
4951,0,0.005,0,0.005,0,0.0
4952,0,5.627566072263052e-05,0,5.627566072263052e-05,0,0.0
4953,0,0.0,0,0.0,0,0.0
4954,0,6.181420524017216e-05,0,6.181420524017216e-05,0,0.0
4955,0,0.0005334509898317101,0,0.0005334509898317,0,1.0083080204115191e-17
4956,0,0.00021766812558489536,0,0.0002176681255848,0,9.535558107010011e-17
4957,0,0.0,0,0.0,0,0.0
4958,0,0.0052124873469142265,0,0.0052124873469142,0,2.688821387764051e-17
4959,0,0.0,0,0.0,0,0.0
4960,0,0.0,0,0.0,0,0.0
4961,0,3.333944831029167e-05,0,3.333944831029167e-05,0,0.0
4962,0,1.355918992709745e-05,0,1.355918992709745e-05,0,0.0
4963,0,0.0,0,0.0,0,0.0
4964,0,7.180039107091953e-05,0,7.180039107091953e-05,0,0.0
4965,0,0.0,0,0.0,0,0.0
4966,0,0.004925189967276682,0,0.0049251899672766,0,8.239936510889834e-17
4967,0,8.961510903292219e-05,0,8.961510903292219e-05,0,0.0
4968,0,3.333944831029167e-05,0,3.333944831029167e-05,0,0.0
4969,0,0.0011675984728807792,0,0.0011675984728807,0,7.914675859144182e-17
4970,0,0.0,0,0.0,0,0.0
4971,0,0.00018673662404071145,0,0.0001867366240407,0,1.1438332919722072e-17
4972,0,1.3624954201079227e-05,0,1.3624954201079228e-05,0,1.6940658945086007e-21
4973,0,0.0,0,0.0,0,0.0
4974,0,0.004167575903670021,0,0.00416757590367,0,2.168404344971009e-17
4975,0,0.00010937111794608822,0,0.000109371117946,0,8.821339925885185e-17
4976,0,0.0001627347982807579,0,0.0001627347982807,0,5.789639601072594e-17
4977,0,0.00021766812558489536,0,0.0002176681255848,0,9.535558107010011e-17
4978,0,0.0,0,0.0,0,0.0
4979,0,0.002067565243821907,0,0.0020675652438219,0,6.938893903907228e-18
4980,0,0.0,0,0.0,0,0.0
4981,0,0.005,0,0.005,0,0.0
4982,0,7.180039107091953e-05,0,7.180039107091953e-05,0,0.0
4983,0,1.355918992709745e-05,0,1.355918992709745e-05,0,0.0
4984,0,1.3624954201079227e-05,0,1.3624954201079228e-05,0,1.6940658945086007e-21
4985,0,0.00020941589379658052,0,0.0002094158937965,0,8.052911636136084e-17
4986,0,5.627566072263052e-05,0,5.627566072263052e-05,0,0.0
4987,0,0.0,0,0.0,0,0.0
4988,0,0.0,0,0.0,0,0.0
4989,0,0.0,0,0.0,0,0.0
4990,0,0.0,0,0.0,0,0.0
4991,0,0.00498944691483281,0,0.0049894469148328,0,1.0408340855860843e-17
4992,0,0.00012119682550969995,0,0.0001211968255096,0,9.994988777600744e-17
4993,0,0.0002499707663186324,0,0.0002499707663186,0,3.236343484869231e-17
4994,0,8.020645409555797e-06,0,8.020645409555797e-06,0,0.0
4995,0,0.0,0,0.0,0,0.0
4996,0,0.004810032220032388,0,0.0048100322200323,0,8.760353553682876e-17
4997,0,0.0,0,0.0,0,0.0
4998,0,0.0,0,0.0,0,0.0
4999,0,0.0,0,0.0,0,0.0
5000,0,0.0,0,0.0,0,0.0
5001,0,0.0,0,0.0,0,0.0
5002,0,0.0,0,0.0,0,0.0
5003,0,0.0,0,0.0,0,0.0
5004,0,0.0,0,0.0,0,0.0
5005,0,9.712151500778927e-05,0,9.712151500778928e-05,0,1.3552527156068805e-20
5006,0,0.005033339448310291,0,0.0050333394483102,0,9.107298248878237e-17
5007,0,0.0,0,0.0,0,0.0
5008,0,0.0,0,0.0,0,0.0
5009,0,0.005129808296441592,0,0.0051298082964415,0,9.194034422677078e-17
5010,0,0.00041799573114264783,0,0.0004179957311426,0,4.7813315806610746e-17
5011,0,0.0,0,0.0,0,0.0
5012,0,0.005,0,0.005,0,0.0
5013,0,1.3624954201079227e-05,0,1.3624954201079228e-05,0,1.6940658945086007e-21
5014,0,0.0,0,0.0,0,0.0
5015,0,0.0,0,0.0,0,0.0
5016,0,0.0006554186853509792,0,0.0006554186853509,0,7.914675859144182e-17
5017,0,3.230264073373704e-05,0,3.230264073373704e-05,0,0.0
5018,0,0.004056143231510222,0,0.0040561432315102,0,2.2551405187698492e-17
5019,0,0.0005219653325205105,0,0.0005219653325205,0,1.0516761073109393e-17
5020,0,0.0,0,0.0,0,0.0
5021,0,5.627566072263052e-05,0,5.627566072263052e-05,0,0.0
5022,0,0.005,0,0.005,0,0.0
5023,0,8.961510903292219e-05,0,8.961510903292219e-05,0,0.0
5024,0,0.0,0,0.0,0,0.0
5025,0,3.333944831029167e-05,0,3.333944831029167e-05,0,0.0
5026,0,5.627566072263052e-05,0,5.627566072263052e-05,0,0.0
5027,0,0.005130460963318081,0,0.005130460963318,0,8.066464163292153e-17
5028,0,0.00014967158243958044,0,0.0001496715824395,0,8.044780119842443e-17
5029,0,0.0,0,0.0,0,0.0
5030,0,0.0,0,0.0,0,0.0
5031,0,0.0,0,0.0,0,0.0
5032,0,8.020645409555797e-06,0,8.020645409555797e-06,0,0.0
5033,0,0.0,0,0.0,0,0.0
5034,0,0.0,0,0.0,0,0.0
5035,0,3.333944831029167e-05,0,3.333944831029167e-05,0,0.0
5036,0,5.194120866901077e-05,0,5.194120866901077e-05,0,0.0
5037,0,0.0,0,0.0,0,0.0
5038,0,5.627566072263052e-05,0,5.627566072263052e-05,0,0.0
5039,0,0.0,0,0.0,0,0.0
5040,0,0.0,0,0.0,0,0.0
5041,0,0.00015044008081594687,0,0.0001504400808159,0,4.686463890568593e-17
5042,0,0.0,0,0.0,0,0.0
5043,0,0.0,0,0.0,0,0.0
5044,0,0.0,0,0.0,0,0.0
5045,0,0.001014056228632373,0,0.0010140562286323,0,7.28583859910259e-17
5046,0,5.627566072263052e-05,0,5.627566072263052e-05,0,0.0
5047,0,0.0,0,0.0,0,0.0
5048,0,9.712151500778927e-05,0,9.712151500778928e-05,0,1.3552527156068805e-20
5049,0,0.0001562116861915971,0,0.0001562116861915,0,9.709030454607692e-17
5050,0,0.0,0,0.0,0,0.0
5051,0,0.00487808382668484,0,0.0048780838266848,0,3.9898639947466563e-17
5052,0,0.0,0,0.0,0,0.0
5053,0,7.733893558846118e-05,0,7.733893558846118e-05,0,0.0
5054,0,0.0001774724862323305,0,0.0001774724862323,0,3.049318610115481e-17
5055,0,0.005013624954201079,0,0.005013624954201,0,7.892991815694472e-17
5056,0,0.0,0,0.0,0,0.0
5057,0,0.0,0,0.0,0,0.0
5058,0,0.0,0,0.0,0,0.0
5059,0,0.00012119682550969995,0,0.0001211968255096,0,9.994988777600744e-17
5060,0,0.0,0,0.0,0,0.0
5061,0,0.0,0,0.0,0,0.0
5062,0,0.00021766812558489536,0,0.0002176681255848,0,9.535558107010011e-17
5063,0,0.00021766812558489536,0,0.0002176681255848,0,9.535558107010011e-17
5064,0,0.0018246462096323981,0,0.0018246462096323,0,9.80118763926896e-17
5065,0,1.355918992709745e-05,0,1.355918992709745e-05,0,0.0
5066,0,0.0,0,0.0,0,0.0
5067,0,0.0,0,0.0,0,0.0
5068,0,3.333944831029167e-05,0,3.333944831029167e-05,0,0.0
5069,0,0.00021766812558489536,0,0.0002176681255848,0,9.535558107010011e-17
5070,0,0.0,0,0.0,0,0.0
5071,0,3.333944831029167e-05,0,3.333944831029167e-05,0,0.0
5072,0,0.0,0,0.0,0,0.0
5073,0,0.0005188788616268266,0,0.0005188788616268,0,2.656295322589486e-17
5074,0,0.0,0,0.0,0,0.0
5075,0,0.0005749889626027679,0,0.0005749889626027,0,6.787105599759258e-17
5076,0,0.0,0,0.0,0,0.0
5077,0,0.0069809582005690065,0,0.006980958200569,0,6.071532165918825e-18
5078,0,0.005,0,0.005,0,0.0
5079,0,5.538544517541651e-06,0,5.538544517541651e-06,0,0.0
5080,0,3.333944831029167e-05,0,3.333944831029167e-05,0,0.0
5081,0,0.0,0,0.0,0,0.0
5082,0,5.627566072263052e-05,0,5.627566072263052e-05,0,0.0
5083,0,0.0,0,0.0,0,0.0
5084,0,0.0,0,0.0,0,0.0
5085,0,0.0,0,0.0,0,0.0
5086,0,6.181420524017216e-05,0,6.181420524017216e-05,0,0.0
5087,0,0.0,0,0.0,0,0.0
5088,0,0.005,0,0.005,0,0.0
5089,0,0.06412776180145666,0,0.0641277618014566,0,5.551115123125783e-17
5090,0,0.0,0,0.0,0,0.0
5091,0,3.333944831029167e-05,0,3.333944831029167e-05,0,0.0
5092,0,0.0,0,0.0,0,0.0
5093,0,0.0,0,0.0,0,0.0
5094,0,0.0,0,0.0,0,0.0
5095,0,1.8601760358719096e-05,0,1.8601760358719096e-05,0,0.0
5096,0,0.0049550331274035705,0,0.0049550331274035,0,7.025630077706069e-17
5097,0,0.00030668064447058967,0,0.0003066806444705,0,8.966351966455122e-17
5098,0,0.0,0,0.0,0,0.0
5099,0,0.0,0,0.0,0,0.0
5100,0,0.01226145361163688,0,0.0122614536116368,0,7.979727989493313e-17
5101,0,0.0,0,0.0,0,0.0
5102,0,0.0,0,0.0,0,0.0
5103,0,0.005032302640733737,0,0.0050323026407337,0,3.642919299551295e-17
5104,0,0.0,0,0.0,0,0.0
5105,0,0.0,0,0.0,0,0.0
5106,0,0.0,0,0.0,0,0.0
5107,0,0.00013046096331808095,0,0.000130460963318,0,8.096279723035504e-17
5108,0,0.004321211122294758,0,0.0043212111222947,0,5.811323644522304e-17
5109,0,1.8601760358719096e-05,0,1.8601760358719096e-05,0,0.0
5110,0,0.0,0,0.0,0,0.0
5111,0,0.0,0,0.0,0,0.0
5112,0,5.627566072263052e-05,0,5.627566072263052e-05,0,0.0
5113,0,0.0038639965611115667,0,0.0038639965611115,0,6.678685382510707e-17
5114,0,3.333944831029167e-05,0,3.333944831029167e-05,0,0.0
5115,0,0.0,0,0.0,0,0.0
5116,0,3.333944831029167e-05,0,3.333944831029167e-05,0,0.0
5117,0,0.0050216455996106345,0,0.0050216455996106,0,3.469446951953614e-17
5118,0,0.00011541852996163962,0,0.0001154185299616,0,3.962758940434519e-17
5119,0,0.005,0,0.005,0,0.0
5120,0,3.230264073373704e-05,0,3.230264073373704e-05,0,0.0
5121,0,0.034787416037347293,0,0.0347874160373472,0,9.020562075079397e-17
5122,0,0.01,0,0.01,0,0.0
5123,0,0.0,0,0.0,0,0.0
5124,0,0.010005538544517543,0,0.0100055385445175,0,4.336808689942018e-17
5125,0,0.0,0,0.0,0,0.0
5126,0,0.00028359206481597343,0,0.0002835920648159,0,7.345469718589293e-17
5127,0,1.3624954201079227e-05,0,1.3624954201079228e-05,0,1.6940658945086007e-21
5128,0,3.333944831029167e-05,0,3.333944831029167e-05,0,0.0
5129,0,7.487742108134962e-05,0,7.487742108134962e-05,0,0.0
5130,0,0.0,0,0.0,0,0.0
5131,0,0.004794546851100853,0,0.0047945468511008,0,5.2909066017292616e-17
5132,0,0.0,0,0.0,0,0.0
5133,0,0.00021766812558489536,0,0.0002176681255848,0,9.535558107010011e-17
5134,0,8.961510903292219e-05,0,8.961510903292219e-05,0,0.0
5135,0,0.005080415965598891,0,0.0050804159655988,0,9.107298248878237e-17
5136,0,0.0005188788616268266,0,0.0005188788616268,0,2.656295322589486e-17
5137,0,0.0,0,0.0,0,0.0
5138,0,0.0,0,0.0,0,0.0
5139,0,0.0,0,0.0,0,0.0
5140,0,0.0,0,0.0,0,0.0
5141,0,0.019770813521890414,0,0.0197708135218904,0,1.3877787807814457e-17
5142,0,0.005,0,0.005,0,0.0
5143,0,0.0005139446871109546,0,0.0005139446871109,0,5.4643789493269423e-17
5144,0,0.0001774724862323305,0,0.0001774724862323,0,3.049318610115481e-17
5145,0,0.00010266005952533092,0,0.0001026600595253,0,3.0926866970149014e-17
5146,0,0.0,0,0.0,0,0.0
5147,0,3.333944831029167e-05,0,3.333944831029167e-05,0,0.0
5148,0,0.009946570495807544,0,0.0099465704958075,0,4.5102810375396984e-17
5149,0,0.00017711325306284348,0,0.0001771132530628,0,4.347650711666873e-17
5150,0,0.0,0,0.0,0,0.0
5151,0,3.887799282783332e-05,0,3.887799282783332e-05,0,0.0
5152,0,0.0,0,0.0,0,0.0
5153,0,1.3624954201079227e-05,0,1.3624954201079228e-05,0,1.6940658945086007e-21
5154,0,0.0003228102860022404,0,0.0003228102860022,0,4.0440741033709315e-17
5155,0,0.0,0,0.0,0,0.0
5156,0,0.00021045270137313513,0,0.0002104527013731,0,3.5128150388530344e-17
5157,0,0.0,0,0.0,0,0.0
5158,0,0.005084243849402747,0,0.0050842438494027,0,4.7704895589362195e-17
5159,0,0.005267312392559554,0,0.0052673123925595,0,5.377642775528102e-17
5160,0,0.0,0,0.0,0,0.0
5161,0,0.003052640418388559,0,0.0030526404183885,0,5.898059818321144e-17
5162,0,3.333944831029167e-05,0,3.333944831029167e-05,0,0.0
5163,0,5.627566072263052e-05,0,5.627566072263052e-05,0,0.0
5164,0,0.0,0,0.0,0,0.0
5165,0,0.0,0,0.0,0,0.0
5166,0,0.0,0,0.0,0,0.0
5167,0,0.0001774724862323305,0,0.0001774724862323,0,3.049318610115481e-17
5168,0,5.627566072263052e-05,0,5.627566072263052e-05,0,0.0
5169,0,0.0,0,0.0,0,0.0
5170,0,0.01,0,0.01,0,0.0
5171,0,0.049767934059325135,0,0.0497679340593251,0,3.469446951953614e-17
5172,0,3.333944831029167e-05,0,3.333944831029167e-05,0,0.0
5173,0,0.005069834850649727,0,0.0050698348506497,0,2.7755575615628914e-17
5174,0,0.005,0,0.005,0,0.0
5175,0,0.0,0,0.0,0,0.0
5176,0,4.2987726818739194e-05,0,4.29877268187392e-05,0,6.776263578034403e-21
5177,0,0.0,0,0.0,0,0.0
5178,0,0.0,0,0.0,0,0.0
5179,0,0.0,0,0.0,0,0.0
5180,0,1.8601760358719096e-05,0,1.8601760358719096e-05,0,0.0
5181,0,0.0005188788616268266,0,0.0005188788616268,0,2.656295322589486e-17
5182,0,7.487742108134962e-05,0,7.487742108134962e-05,0,0.0
5183,0,0.0050971215150077895,0,0.0050971215150077,0,8.933825901280557e-17
5184,0,0.0,0,0.0,0,0.0
5185,0,0.0,0,0.0,0,0.0
5186,0,0.0,0,0.0,0,0.0
5187,0,5.627566072263052e-05,0,5.627566072263052e-05,0,0.0
5188,0,0.005217668125584896,0,0.0052176681255848,0,9.540979117872439e-17
5189,0,0.005217668125584896,0,0.0052176681255848,0,9.540979117872439e-17
5190,0,0.00021248734691422762,0,0.0002124873469142,0,2.7620050344068225e-17
5191,0,0.0005001115415214183,0,0.0005001115415214,0,1.8323016715005025e-17
5192,0,0.0,0,0.0,0,0.0
5193,0,0.0,0,0.0,0,0.0
5194,0,5.538544517541651e-06,0,5.538544517541651e-06,0,0.0
5195,0,0.0004433589700015121,0,0.0004433589700015,0,1.2088854223213374e-17
5196,0,0.014667624984074184,0,0.0146676249840741,0,8.326672684688674e-17
5197,0,0.0,0,0.0,0,0.0
5198,0,0.0,0,0.0,0,0.0
5199,0,0.0,0,0.0,0,0.0
5200,0,0.0,0,0.0,0,0.0
5201,0,0.00034497436950406765,0,0.000344974369504,0,6.765421556309548e-17
5202,0,0.00014413303792203878,0,0.000144133037922,0,3.878733272066892e-17
5203,0,0.0042729561069816836,0,0.0042729561069816,0,8.326672684688674e-17
5204,0,0.0,0,0.0,0,0.0
5205,0,8.961510903292219e-05,0,8.961510903292219e-05,0,0.0
5206,0,0.0,0,0.0,0,0.0
5207,0,0.01,0,0.01,0,0.0
5208,0,0.005,0,0.005,0,0.0
5209,0,0.0,0,0.0,0,0.0
5210,0,0.0,0,0.0,0,0.0
5211,0,0.005,0,0.005,0,0.0
5212,0,0.005033339448310291,0,0.0050333394483102,0,9.107298248878237e-17
5213,0,0.0,0,0.0,0,0.0
5214,0,0.0,0,0.0,0,0.0
5215,0,0.0,0,0.0,0,0.0
5216,0,0.002805345367034872,0,0.0028053453670348,0,7.19910242530375e-17
5217,0,0.0,0,0.0,0,0.0
5218,0,0.0017075019859892687,0,0.0017075019859892,0,6.873841773558098e-17
5219,0,0.005,0,0.005,0,0.0
5220,0,5.627566072263052e-05,0,5.627566072263052e-05,0,0.0
5221,0,0.00014967158243958044,0,0.0001496715824395,0,8.044780119842443e-17
5222,0,5.627566072263052e-05,0,5.627566072263052e-05,0,0.0
5223,0,0.0,0,0.0,0,0.0
5224,0,0.0,0,0.0,0,0.0
5225,0,0.0,0,0.0,0,0.0
5226,0,0.0,0,0.0,0,0.0
5227,0,0.005,0,0.005,0,0.0
5228,0,0.0,0,0.0,0,0.0
5229,0,0.0,0,0.0,0,0.0
5230,0,0.0001533971757304198,0,0.0001533971757304,0,1.9786689647860456e-17
5231,0,0.01,0,0.01,0,0.0
5232,0,0.00533640126751928,0,0.0053364012675192,0,8.066464163292153e-17
5233,0,5.538544517541651e-06,0,5.538544517541651e-06,0,0.0
5234,0,8.020645409555797e-06,0,8.020645409555797e-06,0,0.0
5235,0,0.019457458139349012,0,0.019457458139349,0,1.0408340855860843e-17
5236,0,4.1950919242184565e-05,0,4.1950919242184565e-05,0,0.0
5237,0,0.0,0,0.0,0,0.0
5238,0,3.333944831029167e-05,0,3.333944831029167e-05,0,0.0
5239,0,3.333944831029167e-05,0,3.333944831029167e-05,0,0.0
5240,0,0.00416203735915248,0,0.0041620373591524,0,7.979727989493313e-17
5241,0,0.00011375541390918294,0,0.0001137554139091,0,8.294146619514109e-17
5242,0,0.0,0,0.0,0,0.0
5243,0,0.005,0,0.005,0,0.0
5244,0,0.0,0,0.0,0,0.0
5245,0,0.0,0,0.0,0,0.0
5246,0,0.005508428010595083,0,0.005508428010595,0,8.326672684688674e-17
5247,0,0.00021766812558489536,0,0.0002176681255848,0,9.535558107010011e-17
5248,0,0.0,0,0.0,0,0.0
5249,0,0.004988351791176848,0,0.0049883517911768,0,4.85722573273506e-17
5250,0,0.0,0,0.0,0,0.0
5251,0,5.538544517541651e-06,0,5.538544517541651e-06,0,0.0
5252,0,0.0,0,0.0,0,0.0
5253,0,5.627566072263052e-05,0,5.627566072263052e-05,0,0.0
5254,0,0.0,0,0.0,0,0.0
5255,0,0.0,0,0.0,0,0.0
5256,0,0.005,0,0.005,0,0.0
5257,0,0.005,0,0.005,0,0.0
5258,0,0.0,0,0.0,0,0.0
5259,0,0.0,0,0.0,0,0.0
5260,0,0.0,0,0.0,0,0.0
5261,0,7.180039107091953e-05,0,7.180039107091953e-05,0,0.0
5262,0,0.0,0,0.0,0,0.0
5263,0,0.0,0,0.0,0,0.0
5264,0,8.961510903292219e-05,0,8.961510903292219e-05,0,0.0
5265,0,0.0,0,0.0,0,0.0
5266,0,0.0,0,0.0,0,0.0
5267,0,0.0,0,0.0,0,0.0
5268,0,0.0,0,0.0,0,0.0
5269,0,0.0,0,0.0,0,0.0
5270,0,0.0,0,0.0,0,0.0
5271,0,8.961510903292219e-05,0,8.961510903292219e-05,0,0.0
5272,0,0.00023389696143351118,0,0.0002338969614335,0,1.1194387430912833e-17
5273,0,0.009918474140107525,0,0.0099184741401075,0,2.42861286636753e-17
5274,0,0.0,0,0.0,0,0.0
5275,0,0.0,0,0.0,0,0.0
5276,0,5.538544517541651e-06,0,5.538544517541651e-06,0,0.0
5277,0,0.0,0,0.0,0,0.0
5278,0,1.8601760358719096e-05,0,1.8601760358719096e-05,0,0.0
5279,0,1.355918992709745e-05,0,1.355918992709745e-05,0,0.0
5280,0,0.0,0,0.0,0,0.0
5281,0,0.0,0,0.0,0,0.0
5282,0,8.020645409555797e-06,0,8.020645409555797e-06,0,0.0
5283,0,5.538544517541651e-06,0,5.538544517541651e-06,0,0.0
5284,0,8.961510903292219e-05,0,8.961510903292219e-05,0,0.0
5285,0,0.0,0,0.0,0,0.0
5286,0,0.0,0,0.0,0,0.0
5287,0,0.00016746497455439596,0,0.0001674649745543,0,9.595189226496714e-17
5288,0,9.712151500778927e-05,0,9.712151500778928e-05,0,1.3552527156068805e-20
5289,0,0.0,0,0.0,0,0.0
5290,0,0.0,0,0.0,0,0.0
5291,0,0.0,0,0.0,0,0.0
5292,0,0.004628946190752852,0,0.0046289461907528,0,5.204170427930421e-17
5293,0,0.00505627566072263,0,0.0050562756607226,0,3.0357660829594124e-17
5294,0,0.0,0,0.0,0,0.0
5295,0,0.0001948516627793024,0,0.0001948516627793,0,2.3852447794681098e-18
5296,0,0.0,0,0.0,0,0.0
5297,0,0.0,0,0.0,0,0.0
5298,0,3.333944831029167e-05,0,3.333944831029167e-05,0,0.0
5299,0,3.333944831029167e-05,0,3.333944831029167e-05,0,0.0
5300,0,0.0,0,0.0,0,0.0
5301,0,0.0,0,0.0,0,0.0
5302,0,0.00014967158243958044,0,0.0001496715824395,0,8.044780119842443e-17
5303,0,0.0,0,0.0,0,0.0
5304,0,0.0,0,0.0,0,0.0
5305,0,0.0,0,0.0,0,0.0
5306,0,0.0,0,0.0,0,0.0
5307,0,0.0012108109177622322,0,0.0012108109177622,0,3.209238430557093e-17
5308,0,1.8601760358719096e-05,0,1.8601760358719096e-05,0,0.0
5309,0,0.0004433589700015121,0,0.0004433589700015,0,1.2088854223213374e-17
5310,0,0.005,0,0.005,0,0.0
5311,0,0.0,0,0.0,0,0.0
5312,0,0.0,0,0.0,0,0.0
5313,0,3.333944831029167e-05,0,3.333944831029167e-05,0,0.0
5314,0,0.0,0,0.0,0,0.0
5315,0,0.01467894716222057,0,0.0146789471622205,0,6.938893903907228e-17
5316,0,0.0,0,0.0,0,0.0
5317,0,0.0,0,0.0,0,0.0
5318,0,0.0,0,0.0,0,0.0
5319,0,0.0,0,0.0,0,0.0
5320,0,0.0,0,0.0,0,0.0
5321,0,0.00021766812558489536,0,0.0002176681255848,0,9.535558107010011e-17
5322,0,0.0,0,0.0,0,0.0
5323,0,0.0,0,0.0,0,0.0
5324,0,0.0,0,0.0,0,0.0
5325,0,5.627566072263052e-05,0,5.627566072263052e-05,0,0.0
5326,0,0.0,0,0.0,0,0.0
5327,0,8.020645409555797e-06,0,8.020645409555797e-06,0,0.0
5328,0,0.0005139446871109546,0,0.0005139446871109,0,5.4643789493269423e-17
5329,0,0.022068776708450245,0,0.0220687767084502,0,4.5102810375396984e-17
5330,0,0.0,0,0.0,0,0.0
5331,0,8.961510903292219e-05,0,8.961510903292219e-05,0,0.0
5332,0,5.090440109245614e-05,0,5.090440109245614e-05,0,0.0
5333,0,0.00022731640409334288,0,0.0002273164040933,0,4.28801959218017e-17
5334,0,3.333944831029167e-05,0,3.333944831029167e-05,0,0.0
5335,0,0.0048170664615611505,0,0.0048170664615611,0,5.0306980803327406e-17
5336,0,0.0,0,0.0,0,0.0
5337,0,8.020645409555797e-06,0,8.020645409555797e-06,0,0.0
5338,0,0.0002640195065433085,0,0.0002640195065433,0,8.51098705401121e-18
5339,0,0.0002499707663186324,0,0.0002499707663186,0,3.236343484869231e-17
5340,0,0.0001774724862323305,0,0.0001774724862323,0,3.049318610115481e-17
5341,0,0.0,0,0.0,0,0.0
5342,0,0.00021766812558489536,0,0.0002176681255848,0,9.535558107010011e-17
5343,0,5.627566072263052e-05,0,5.627566072263052e-05,0,0.0
5344,0,0.00021766812558489536,0,0.0002176681255848,0,9.535558107010011e-17
5345,0,5.538544517541651e-06,0,5.538544517541651e-06,0,0.0
5346,0,0.00505627566072263,0,0.0050562756607226,0,3.0357660829594124e-17
5347,0,3.333944831029167e-05,0,3.333944831029167e-05,0,0.0
5348,0,0.0,0,0.0,0,0.0
5349,0,0.0,0,0.0,0,0.0
5350,0,3.333944831029167e-05,0,3.333944831029167e-05,0,0.0
5351,0,0.0002111277274817012,0,0.0002111277274817,0,1.2197274440461925e-18
5352,0,0.0,0,0.0,0,0.0
5353,0,5.627566072263052e-05,0,5.627566072263052e-05,0,0.0
5354,0,2.414030487626075e-05,0,2.414030487626075e-05,0,0.0
5355,0,7.180039107091953e-05,0,7.180039107091953e-05,0,0.0
5356,0,9.339592171694993e-05,0,9.339592171694993e-05,0,0.0
5357,0,0.0005188788616268266,0,0.0005188788616268,0,2.656295322589486e-17
5358,0,0.005633831155732224,0,0.0056338311557322,0,2.3418766925686896e-17
5359,0,0.0,0,0.0,0,0.0
5360,0,3.333944831029167e-05,0,3.333944831029167e-05,0,0.0
5361,0,0.00013084510401814746,0,0.0001308451040181,0,4.7460950100552957e-17
5362,0,8.785737719940827e-05,0,8.785737719940827e-05,0,0.0
5363,0,0.0,0,0.0,0,0.0
5364,0,1.8601760358719096e-05,0,1.8601760358719096e-05,0,0.0
5365,0,4.69644025113709e-05,0,4.69644025113709e-05,0,0.0
5366,0,0.0,0,0.0,0,0.0
5367,0,0.0,0,0.0,0,0.0
5368,0,0.00022570710065052542,0,0.0002257071006505,0,2.542454094478508e-17
5369,0,0.0002819644317170817,0,0.000281964431717,0,8.169463369678276e-17
5370,0,0.00015604424047366733,0,0.0001560442404736,0,6.732895491134983e-17
5371,0,0.019973399614222082,0,0.019973399614222,0,8.326672684688674e-17
5372,0,0.0005743330694326681,0,0.0005743330694326,0,6.808789643208968e-17
5373,0,8.020645409555797e-06,0,8.020645409555797e-06,0,0.0
5374,0,6.429630613218631e-05,0,6.429630613218631e-05,0,0.0
5375,0,5.627566072263052e-05,0,5.627566072263052e-05,0,0.0
5376,0,0.00021766812558489536,0,0.0002176681255848,0,9.535558107010011e-17
5377,0,5.538544517541651e-06,0,5.538544517541651e-06,0,0.0
5378,0,0.005064296306132186,0,0.0050642963061321,0,8.586881206085195e-17
5379,0,9.5746163745009e-05,0,9.5746163745009e-05,0,0.0
5380,0,0.0051228722378813055,0,0.0051228722378813,0,5.204170427930421e-18
5381,0,0.0694468193482194,0,0.0694468193482194,0,0.0
5382,0,0.0,0,0.0,0,0.0
5383,0,3.333944831029167e-05,0,3.333944831029167e-05,0,0.0
5384,0,0.005,0,0.005,0,0.0
5385,0,5.538544517541651e-06,0,5.538544517541651e-06,0,0.0
5386,0,0.005214841268819283,0,0.0052148412688192,0,8.326672684688674e-17
5387,0,3.333944831029167e-05,0,3.333944831029167e-05,0,0.0
5388,0,3.333944831029167e-05,0,3.333944831029167e-05,0,0.0
5389,0,0.00028126611352512215,0,0.0002812661135251,0,2.2171934427328566e-17
5390,0,0.0002970323659621421,0,0.0002970323659621,0,4.212125440106185e-17
5391,0,0.0001562116861915971,0,0.0001562116861915,0,9.709030454607692e-17
5392,0,0.0,0,0.0,0,0.0
5393,0,0.0001562116861915971,0,0.0001562116861915,0,9.709030454607692e-17
5394,0,1.3624954201079227e-05,0,1.3624954201079228e-05,0,1.6940658945086007e-21
5395,0,5.627566072263052e-05,0,5.627566072263052e-05,0,0.0
5396,0,0.0001562116861915971,0,0.0001562116861915,0,9.709030454607692e-17
5397,0,0.0,0,0.0,0,0.0
5398,0,0.00031460556183541383,0,0.0003146055618354,0,1.3823577699190182e-17
5399,0,0.0,0,0.0,0,0.0
5400,0,0.0,0,0.0,0,0.0
5401,0,3.333944831029167e-05,0,3.333944831029167e-05,0,0.0
5402,0,0.004474410935614107,0,0.0044744109356141,0,6.938893903907228e-18
5403,0,1.3624954201079227e-05,0,1.3624954201079228e-05,0,1.6940658945086007e-21
5404,0,0.0005843553909241661,0,0.0005843553909241,0,6.613633252161577e-17
5405,0,2.1645599610635026e-05,0,2.1645599610635026e-05,0,0.0
5406,0,0.0,0,0.0,0,0.0
5407,0,0.005,0,0.005,0,0.0
5408,0,0.0,0,0.0,0,0.0
5409,0,4.69644025113709e-05,0,4.69644025113709e-05,0,0.0
5410,0,4.69644025113709e-05,0,4.69644025113709e-05,0,0.0
5411,0,0.0,0,0.0,0,0.0
5412,0,0.0010938678242295946,0,0.0010938678242295,0,9.454242944073599e-17
5413,0,0.0,0,0.0,0,0.0
5414,0,0.0001107464692088685,0,0.0001107464692088,0,6.849447224677174e-17
5415,0,7.180039107091953e-05,0,7.180039107091953e-05,0,0.0
5416,0,0.0071592985847008725,0,0.0071592985847008,0,7.28583859910259e-17
5417,0,0.0011568854990676608,0,0.0011568854990676,0,6.071532165918825e-17
5418,0,0.0,0,0.0,0,0.0
5419,0,0.005,0,0.005,0,0.0
5420,0,0.0,0,0.0,0,0.0
5421,0,5.538544517541651e-06,0,5.538544517541651e-06,0,0.0
5422,0,0.0005749889626027679,0,0.0005749889626027,0,6.787105599759258e-17
5423,0,0.005781752053932756,0,0.0057817520539327,0,5.637851296924623e-17
5424,0,0.0096497955594128,0,0.0096497955594128,0,0.0
5425,0,0.005,0,0.005,0,0.0
5426,0,0.0,0,0.0,0,0.0
5427,0,0.0,0,0.0,0,0.0
5428,0,0.0,0,0.0,0,0.0
5429,0,9.712151500778927e-05,0,9.712151500778928e-05,0,1.3552527156068805e-20
5430,0,0.005037841185251278,0,0.0050378411852512,0,7.806255641895632e-17
5431,0,0.0,0,0.0,0,0.0
5432,0,0.0,0,0.0,0,0.0
5433,0,0.040229773329624026,0,0.040229773329624,0,2.7755575615628914e-17
5434,0,0.0,0,0.0,0,0.0
5435,0,0.0012877029225880888,0,0.001287702922588,0,8.868773770931426e-17
5436,0,0.0048170664615611505,0,0.0048170664615611,0,5.0306980803327406e-17
5437,0,8.041596559889126e-05,0,8.041596559889126e-05,0,0.0
5438,0,0.0,0,0.0,0,0.0
5439,0,0.0,0,0.0,0,0.0
5440,0,0.0051562116861915966,0,0.0051562116861915,0,9.627715291671279e-17
5441,0,0.00021766812558489536,0,0.0002176681255848,0,9.535558107010011e-17
5442,0,0.0,0,0.0,0,0.0
5443,0,0.005,0,0.005,0,0.0
5444,0,5.627566072263052e-05,0,5.627566072263052e-05,0,0.0
5445,0,0.0,0,0.0,0,0.0
5446,0,6.429630613218631e-05,0,6.429630613218631e-05,0,0.0
5447,0,5.627566072263052e-05,0,5.627566072263052e-05,0,0.0
5448,0,0.0005563872022440489,0,0.000556387202244,0,4.889751797909625e-17
5449,0,8.961510903292219e-05,0,8.961510903292219e-05,0,0.0
5450,0,0.0,0,0.0,0,0.0
5451,0,0.0,0,0.0,0,0.0
5452,0,3.333944831029167e-05,0,3.333944831029167e-05,0,0.0
5453,0,0.0,0,0.0,0,0.0
5454,0,0.005,0,0.005,0,0.0
5455,0,0.0,0,0.0,0,0.0
5456,0,1.3624954201079227e-05,0,1.3624954201079228e-05,0,1.6940658945086007e-21
5457,0,8.961510903292219e-05,0,8.961510903292219e-05,0,0.0
5458,0,0.0,0,0.0,0,0.0
5459,0,0.0,0,0.0,0,0.0
5460,0,0.00022374063527702645,0,0.000223740635277,0,2.6454533008646308e-17
5461,0,5.627566072263052e-05,0,5.627566072263052e-05,0,0.0
5462,0,8.020645409555797e-06,0,8.020645409555797e-06,0,0.0
5463,0,0.012313009171982286,0,0.0123130091719822,0,8.500145032286355e-17
5464,0,0.0006561557819950857,0,0.000656155781995,0,8.57603918436034e-17
5465,0,3.333944831029167e-05,0,3.333944831029167e-05,0,0.0
5466,0,0.0,0,0.0,0,0.0
5467,0,8.020645409555797e-06,0,8.020645409555797e-06,0,0.0
5468,0,0.00021045270137313513,0,0.0002104527013731,0,3.5128150388530344e-17
5469,0,1.3624954201079227e-05,0,1.3624954201079228e-05,0,1.6940658945086007e-21
5470,0,0.0,0,0.0,0,0.0
5471,0,5.627566072263052e-05,0,5.627566072263052e-05,0,0.0
5472,0,3.333944831029167e-05,0,3.333944831029167e-05,0,0.0
5473,0,0.0,0,0.0,0,0.0
5474,0,3.333944831029167e-05,0,3.333944831029167e-05,0,0.0
5475,0,0.00013848160872763674,0,0.0001384816087276,0,3.67544536472586e-17
5476,0,0.013677024758053897,0,0.0136770247580538,0,9.71445146547012e-17
5477,0,0.0,0,0.0,0,0.0
5478,0,0.0005219653325205105,0,0.0005219653325205,0,1.0516761073109393e-17
5479,0,0.005033339448310291,0,0.0050333394483102,0,9.107298248878237e-17
5480,0,0.0,0,0.0,0,0.0
5481,0,0.005,0,0.005,0,0.0
5482,0,0.0005001115415214183,0,0.0005001115415214,0,1.8323016715005025e-17
5483,0,0.004370237055543857,0,0.0043702370555438,0,5.637851296924623e-17
5484,0,0.00027394378630752583,0,0.0002739437863075,0,2.585822181377928e-17
5485,0,9.389212791119534e-05,0,9.389212791119534e-05,0,0.0
5486,0,0.0,0,0.0,0,0.0
5487,0,0.0025527911728463713,0,0.0025527911728463,0,7.112366251504909e-17
5488,0,0.04477293958427075,0,0.0447729395842707,0,4.85722573273506e-17
5489,0,0.0,0,0.0,0,0.0
5490,0,5.090440109245614e-05,0,5.090440109245614e-05,0,0.0
5491,0,8.961510903292219e-05,0,8.961510903292219e-05,0,0.0
5492,0,0.0,0,0.0,0,0.0
5493,0,3.230264073373704e-05,0,3.230264073373704e-05,0,0.0
5494,0,0.0,0,0.0,0,0.0
5495,0,0.0,0,0.0,0,0.0
5496,0,5.627566072263052e-05,0,5.627566072263052e-05,0,0.0
5497,0,5.627566072263052e-05,0,5.627566072263052e-05,0,0.0
5498,0,0.0001562116861915971,0,0.0001562116861915,0,9.709030454607692e-17
5499,0,0.0,0,0.0,0,0.0
5500,0,0.0,0,0.0,0,0.0
5501,0,3.333944831029167e-05,0,3.333944831029167e-05,0,0.0
5502,0,0.011228258580757228,0,0.0112282585807572,0,2.7755575615628914e-17
5503,0,0.0,0,0.0,0,0.0
5504,0,0.01,0,0.01,0,0.0
5505,0,0.005105139839381211,0,0.0051051398393812,0,1.1275702593849246e-17
5506,0,5.090440109245614e-05,0,5.090440109245614e-05,0,0.0
5507,0,0.0,0,0.0,0,0.0
5508,0,1.3624954201079227e-05,0,1.3624954201079228e-05,0,1.6940658945086007e-21
5509,0,0.0,0,0.0,0,0.0
5510,0,8.785737719940827e-05,0,8.785737719940827e-05,0,0.0
5511,0,0.011099364320546631,0,0.0110993643205466,0,3.122502256758253e-17
5512,0,0.0,0,0.0,0,0.0
5513,0,0.00011375541390918294,0,0.0001137554139091,0,8.294146619514109e-17
5514,0,0.004020800738911612,0,0.0040208007389116,0,1.214306433183765e-17
5515,0,0.0,0,0.0,0,0.0
5516,0,0.034787562198082496,0,0.0347875621980824,0,9.71445146547012e-17
5517,0,0.005,0,0.005,0,0.0
5518,0,0.0,0,0.0,0,0.0
5519,0,0.0,0,0.0,0,0.0
5520,0,0.0,0,0.0,0,0.0
5521,0,0.0,0,0.0,0,0.0
5522,0,0.0,0,0.0,0,0.0
5523,0,0.0,0,0.0,0,0.0
5524,0,0.0,0,0.0,0,0.0
5525,0,0.0,0,0.0,0,0.0
5526,0,0.01,0,0.01,0,0.0
5527,0,0.0026557412639534985,0,0.0026557412639534,0,9.84455572616838e-17
5528,0,3.887799282783332e-05,0,3.887799282783332e-05,0,0.0
5529,0,0.0,0,0.0,0,0.0
5530,0,1.0323304617013603e-05,0,1.0323304617013604e-05,0,1.6940658945086007e-21
5531,0,0.0005520527501904291,0,0.0005520527501904,0,2.916503843986007e-17
5532,0,0.006352357851180709,0,0.0063523578511807,0,8.673617379884035e-18
5533,0,0.0,0,0.0,0,0.0
5534,0,0.0,0,0.0,0,0.0
5535,0,0.0,0,0.0,0,0.0
5536,0,0.0,0,0.0,0,0.0
5537,0,0.0,0,0.0,0,0.0
5538,0,0.0,0,0.0,0,0.0
5539,0,0.01,0,0.01,0,0.0
5540,0,0.0,0,0.0,0,0.0
5541,0,0.00505627566072263,0,0.0050562756607226,0,3.0357660829594124e-17
5542,0,1.3624954201079227e-05,0,1.3624954201079228e-05,0,1.6940658945086007e-21
5543,0,0.0,0,0.0,0,0.0
5544,0,0.005,0,0.005,0,0.0
5545,0,0.0,0,0.0,0,0.0
5546,0,0.0002183183405174892,0,0.0002183183405174,0,8.920273374124488e-17
5547,0,0.0001627347982807579,0,0.0001627347982807,0,5.789639601072594e-17
5548,0,5.538544517541651e-06,0,5.538544517541651e-06,0,0.0
5549,0,0.0003433005150068381,0,0.0003433005150068,0,3.810970636286548e-17
5550,0,0.0,0,0.0,0,0.0
5551,0,0.0,0,0.0,0,0.0
5552,0,0.005089615109032921,0,0.0050896151090329,0,2.0816681711721685e-17
5553,0,0.0,0,0.0,0,0.0
5554,0,0.0,0,0.0,0,0.0
5555,0,0.0,0,0.0,0,0.0
5556,0,0.0,0,0.0,0,0.0
5557,0,8.020645409555797e-06,0,8.020645409555797e-06,0,0.0
5558,0,5.627566072263052e-05,0,5.627566072263052e-05,0,0.0
5559,0,0.0,0,0.0,0,0.0
5560,0,0.0005952651950718822,0,0.0005952651950718,0,8.229094489164979e-17
5561,0,0.004984646373966098,0,0.004984646373966,0,9.80118763926896e-17
5562,0,0.004871132054879555,0,0.0048711320548795,0,5.551115123125783e-17
5563,0,0.0,0,0.0,0,0.0
5564,0,0.0001282433366809173,0,0.0001282433366809,0,1.7293024651143796e-17
5565,0,0.0,0,0.0,0,0.0
5566,0,0.0,0,0.0,0,0.0
5567,0,0.0,0,0.0,0,0.0
5568,0,0.00013046096331808095,0,0.000130460963318,0,8.096279723035504e-17
5569,0,0.0,0,0.0,0,0.0
5570,0,0.0,0,0.0,0,0.0
5571,0,0.0,0,0.0,0,0.0
5572,0,0.0002543644910581871,0,0.0002543644910581,0,8.711564455921028e-17
5573,0,3.333944831029167e-05,0,3.333944831029167e-05,0,0.0
5574,0,0.0,0,0.0,0,0.0
5575,0,5.627566072263052e-05,0,5.627566072263052e-05,0,0.0
5576,0,0.005,0,0.005,0,0.0
5577,0,0.005509299115193287,0,0.0055092991151932,0,8.673617379884035e-17
5578,0,0.0,0,0.0,0,0.0
5579,0,0.0,0,0.0,0,0.0
5580,0,0.005161417821139975,0,0.0051614178211399,0,7.546047120499111e-17
5581,0,0.0,0,0.0,0,0.0
5582,0,6.429630613218631e-05,0,6.429630613218631e-05,0,0.0
5583,0,0.0,0,0.0,0,0.0
5584,0,1.8601760358719096e-05,0,1.8601760358719096e-05,0,0.0
5585,0,0.0001562116861915971,0,0.0001562116861915,0,9.709030454607692e-17
5586,0,0.0,0,0.0,0,0.0
5587,0,0.0,0,0.0,0,0.0
5588,0,0.0,0,0.0,0,0.0
5589,0,0.0,0,0.0,0,0.0
5590,0,9.712151500778927e-05,0,9.712151500778928e-05,0,1.3552527156068805e-20
5591,0,0.005,0,0.005,0,0.0
5592,0,8.020645409555797e-06,0,8.020645409555797e-06,0,0.0
5593,0,3.333944831029167e-05,0,3.333944831029167e-05,0,0.0
5594,0,0.0,0,0.0,0,0.0
5595,0,0.0,0,0.0,0,0.0
5596,0,1.8601760358719096e-05,0,1.8601760358719096e-05,0,0.0
5597,0,0.0,0,0.0,0,0.0
5598,0,0.0,0,0.0,0,0.0
5599,0,0.0,0,0.0,0,0.0
5600,0,0.0,0,0.0,0,0.0
5601,0,5.627566072263052e-05,0,5.627566072263052e-05,0,0.0
5602,0,6.592393923107804e-05,0,6.592393923107804e-05,0,0.0
5603,0,0.0,0,0.0,0,0.0
5604,0,5.538544517541651e-06,0,5.538544517541651e-06,0,0.0
5605,0,0.02981162705913014,0,0.0298116270591301,0,3.8163916471489756e-17
5606,0,1.355918992709745e-05,0,1.355918992709745e-05,0,0.0
5607,0,9.712151500778927e-05,0,9.712151500778928e-05,0,1.3552527156068805e-20
5608,0,0.0,0,0.0,0,0.0
5609,0,1.355918992709745e-05,0,1.355918992709745e-05,0,0.0
5610,0,8.961510903292219e-05,0,8.961510903292219e-05,0,0.0
5611,0,0.00021599124589067678,0,0.0002159912458906,0,7.678861886628585e-17
5612,0,0.0,0,0.0,0,0.0
5613,0,0.0005194832316284964,0,0.0005194832316284,0,9.638557313396134e-17
5614,0,0.0,0,0.0,0,0.0
5615,0,0.005,0,0.005,0,0.0
5616,0,1.3624954201079227e-05,0,1.3624954201079228e-05,0,1.6940658945086007e-21
5617,0,5.627566072263052e-05,0,5.627566072263052e-05,0,0.0
5618,0,0.0,0,0.0,0,0.0
5619,0,0.0,0,0.0,0,0.0
5620,0,0.0,0,0.0,0,0.0
5621,0,0.00997824341568449,0,0.0099782434156844,0,9.020562075079397e-17
5622,0,0.0,0,0.0,0,0.0
5623,0,1.3624954201079227e-05,0,1.3624954201079228e-05,0,1.6940658945086007e-21
5624,0,0.0,0,0.0,0,0.0
5625,0,0.0,0,0.0,0,0.0
5626,0,1.3624954201079227e-05,0,1.3624954201079228e-05,0,1.6940658945086007e-21
5627,0,0.0,0,0.0,0,0.0
5628,0,0.0,0,0.0,0,0.0
5629,0,0.00021045270137313513,0,0.0002104527013731,0,3.5128150388530344e-17
5630,0,0.0,0,0.0,0,0.0
5631,0,0.0,0,0.0,0,0.0
5632,0,0.00013084510401814746,0,0.0001308451040181,0,4.7460950100552957e-17
5633,0,0.0,0,0.0,0,0.0
5634,0,0.004968892070080182,0,0.0049688920700801,0,8.239936510889834e-17
5635,0,0.0,0,0.0,0,0.0
5636,0,0.007500009622269293,0,0.0075000096222692,0,9.280770596475918e-17
5637,0,0.005,0,0.005,0,0.0
5638,0,1.355918992709745e-05,0,1.355918992709745e-05,0,0.0
5639,0,0.0,0,0.0,0,0.0
5640,0,0.003055122519280574,0,0.0030551225192805,0,7.37257477290143e-17
5641,0,1.3624954201079227e-05,0,1.3624954201079228e-05,0,1.6940658945086007e-21
5642,0,0.005,0,0.005,0,0.0
5643,0,0.032441384880471935,0,0.0324413848804719,0,3.469446951953614e-17
5644,0,0.005064296306132186,0,0.0050642963061321,0,8.586881206085195e-17
5645,0,0.0,0,0.0,0,0.0
5646,0,8.961510903292219e-05,0,8.961510903292219e-05,0,0.0
5647,0,0.00011375541390918294,0,0.0001137554139091,0,8.294146619514109e-17
5648,0,5.627566072263052e-05,0,5.627566072263052e-05,0,0.0
5649,0,0.005,0,0.005,0,0.0
5650,0,1.8601760358719096e-05,0,1.8601760358719096e-05,0,0.0
5651,0,0.00012287223788130542,0,0.0001228722378813,0,5.421010862427522e-18
5652,0,0.005,0,0.005,0,0.0
5653,0,1.8601760358719096e-05,0,1.8601760358719096e-05,0,0.0
5654,0,0.0,0,0.0,0,0.0
5655,0,5.538544517541651e-06,0,5.538544517541651e-06,0,0.0
5656,0,0.0,0,0.0,0,0.0
5657,0,0.0,0,0.0,0,0.0
5658,0,0.00043796050579086664,0,0.0004379605057908,0,6.662422349923425e-17
5659,0,0.0,0,0.0,0,0.0
5660,0,0.0,0,0.0,0,0.0
5661,0,0.005144133037922038,0,0.005144133037922,0,3.8163916471489756e-17
5662,0,1.8601760358719096e-05,0,1.8601760358719096e-05,0,0.0
5663,0,0.0,0,0.0,0,0.0
5664,0,3.333944831029167e-05,0,3.333944831029167e-05,0,0.0
5665,0,0.0,0,0.0,0,0.0
5666,0,0.0,0,0.0,0,0.0
5667,0,0.0,0,0.0,0,0.0
5668,0,0.0,0,0.0,0,0.0
5669,0,0.13937666200389748,0,0.1393766620038974,0,8.326672684688674e-17
5670,0,4.69644025113709e-05,0,4.69644025113709e-05,0,0.0
5671,0,5.627566072263052e-05,0,5.627566072263052e-05,0,0.0
5672,0,5.627566072263052e-05,0,5.627566072263052e-05,0,0.0
5673,0,5.627566072263052e-05,0,5.627566072263052e-05,0,0.0
5674,0,8.041596559889126e-05,0,8.041596559889126e-05,0,0.0
5675,0,3.230264073373704e-05,0,3.230264073373704e-05,0,0.0
5676,0,0.0,0,0.0,0,0.0
5677,0,0.0001600424698771953,0,0.0001600424698771,0,9.530137096147584e-17
5678,0,0.0,0,0.0,0,0.0
5679,0,0.005,0,0.005,0,0.0
5680,0,0.0,0,0.0,0,0.0
5681,0,0.0,0,0.0,0,0.0
5682,0,0.0,0,0.0,0,0.0
5683,0,0.014551326924111731,0,0.0145513269241117,0,3.122502256758253e-17
5684,0,0.0,0,0.0,0,0.0
5685,0,0.0,0,0.0,0,0.0
5686,0,6.181420524017216e-05,0,6.181420524017216e-05,0,0.0
5687,0,7.180039107091953e-05,0,7.180039107091953e-05,0,0.0
5688,0,0.0005187133018801374,0,0.0005187133018801,0,3.74049749507499e-17
5689,0,0.0018426643198099276,0,0.0018426643198099,0,2.7538735181131813e-17
5690,0,0.0,0,0.0,0,0.0
5691,0,8.020645409555797e-06,0,8.020645409555797e-06,0,0.0
5692,0,0.00021766812558489536,0,0.0002176681255848,0,9.535558107010011e-17
5693,0,5.627566072263052e-05,0,5.627566072263052e-05,0,0.0
5694,0,0.0,0,0.0,0,0.0
5695,0,5.627566072263052e-05,0,5.627566072263052e-05,0,0.0
5696,0,0.005,0,0.005,0,0.0
5697,0,0.0,0,0.0,0,0.0
5698,0,0.009725477039098297,0,0.0097254770390982,0,9.71445146547012e-17
5699,0,0.0,0,0.0,0,0.0
5700,0,0.0,0,0.0,0,0.0
5701,0,0.0025062448510267104,0,0.0025062448510267,0,1.0408340855860843e-17
5702,0,0.0001562116861915971,0,0.0001562116861915,0,9.709030454607692e-17
5703,0,0.01,0,0.01,0,0.0
5704,0,0.005,0,0.005,0,0.0
5705,0,0.005,0,0.005,0,0.0
5706,0,4.1950919242184565e-05,0,4.1950919242184565e-05,0,0.0
5707,0,0.00043796050579086664,0,0.0004379605057908,0,6.662422349923425e-17
5708,0,0.005033339448310291,0,0.0050333394483102,0,9.107298248878237e-17
5709,0,0.01481413757918013,0,0.0148141375791801,0,3.122502256758253e-17
5710,0,0.0005001115415214183,0,0.0005001115415214,0,1.8323016715005025e-17
5711,0,3.333944831029167e-05,0,3.333944831029167e-05,0,0.0
5712,0,0.0,0,0.0,0,0.0
5713,0,0.0,0,0.0,0,0.0
5714,0,0.0,0,0.0,0,0.0
5715,0,0.0,0,0.0,0,0.0
5716,0,0.0033260953540366857,0,0.0033260953540366,0,8.543513119185775e-17
5717,0,0.0,0,0.0,0,0.0
5718,0,0.0,0,0.0,0,0.0
5719,0,0.0,0,0.0,0,0.0
5720,0,9.712151500778927e-05,0,9.712151500778928e-05,0,1.3552527156068805e-20
5721,0,0.0,0,0.0,0,0.0
5722,0,0.009028821384321168,0,0.0090288213843211,0,6.765421556309548e-17
5723,0,0.0,0,0.0,0,0.0
5724,0,8.961510903292219e-05,0,8.961510903292219e-05,0,0.0
5725,0,3.333944831029167e-05,0,3.333944831029167e-05,0,0.0
5726,0,0.005,0,0.005,0,0.0
5727,0,0.02,0,0.02,0,0.0
5728,0,5.627566072263052e-05,0,5.627566072263052e-05,0,0.0
5729,0,0.0,0,0.0,0,0.0
5730,0,0.005089615109032921,0,0.0050896151090329,0,2.0816681711721685e-17
5731,0,8.020645409555797e-06,0,8.020645409555797e-06,0,0.0
5732,0,0.0,0,0.0,0,0.0
5733,0,0.005,0,0.005,0,0.0
5734,0,5.627566072263052e-05,0,5.627566072263052e-05,0,0.0
5735,0,0.0,0,0.0,0,0.0
5736,0,3.333944831029167e-05,0,3.333944831029167e-05,0,0.0
5737,0,0.0,0,0.0,0,0.0
5738,0,0.0,0,0.0,0,0.0
5739,0,0.0,0,0.0,0,0.0
5740,0,0.0,0,0.0,0,0.0
5741,0,0.0,0,0.0,0,0.0
5742,0,0.0,0,0.0,0,0.0
5743,0,0.0,0,0.0,0,0.0
5744,0,0.01,0,0.01,0,0.0
5745,0,0.0,0,0.0,0,0.0
5746,0,0.0,0,0.0,0,0.0
5747,0,0.0050971215150077895,0,0.0050971215150077,0,8.933825901280557e-17
5748,0,0.0,0,0.0,0,0.0
5749,0,0.009920009901330226,0,0.0099200099013302,0,2.6020852139652106e-17
5750,0,8.857830145636756e-05,0,8.857830145636756e-05,0,0.0
5751,0,0.0,0,0.0,0,0.0
5752,0,0.0,0,0.0,0,0.0
5753,0,0.0,0,0.0,0,0.0
5754,0,0.0,0,0.0,0,0.0
5755,0,0.0,0,0.0,0,0.0
5756,0,0.01,0,0.01,0,0.0
5757,0,0.005128410782398847,0,0.0051284107823988,0,4.683753385137379e-17
5758,0,9.648278508447526e-06,0,9.648278508447526e-06,0,0.0
5759,0,0.0,0,0.0,0,0.0
5760,0,0.009954323420249276,0,0.0099543234202492,0,7.632783294297951e-17
5761,0,0.005,0,0.005,0,0.0
5762,0,0.0,0,0.0,0,0.0
5763,0,0.0,0,0.0,0,0.0
5764,0,0.010186628473273016,0,0.010186628473273,0,1.5612511283791264e-17
5765,0,0.0,0,0.0,0,0.0
5766,0,0.0,0,0.0,0,0.0
5767,0,0.005249970766318632,0,0.0052499707663186,0,3.209238430557093e-17
5768,0,5.627566072263052e-05,0,5.627566072263052e-05,0,0.0
5769,0,4.1950919242184565e-05,0,4.1950919242184565e-05,0,0.0
5770,0,0.0028902872569819904,0,0.0028902872569819,0,9.063930161978817e-17
5771,0,0.01,0,0.01,0,0.0
5772,0,0.0002240118913002326,0,0.0002240118913002,0,3.2607380337501546e-17
5773,0,0.0003422218682575953,0,0.0003422218682575,0,9.530137096147584e-17
5774,0,0.0,0,0.0,0,0.0
5775,0,0.02031373140272108,0,0.020313731402721,0,7.979727989493313e-17
5776,0,0.0,0,0.0,0,0.0
5777,0,0.0002499707663186324,0,0.0002499707663186,0,3.236343484869231e-17
5778,0,0.0,0,0.0,0,0.0
5779,0,0.00014413303792203878,0,0.000144133037922,0,3.878733272066892e-17
5780,0,0.0,0,0.0,0,0.0
5781,0,0.0,0,0.0,0,0.0
5782,0,0.00013114506960125373,0,0.0001311450696012,0,5.3722217646656745e-17
5783,0,8.843661100844706e-05,0,8.843661100844706e-05,0,0.0
5784,0,8.020645409555797e-06,0,8.020645409555797e-06,0,0.0
5785,0,0.0,0,0.0,0,0.0
5786,0,0.0,0,0.0,0,0.0
5787,0,0.00872527977336697,0,0.0087252797733669,0,6.938893903907228e-17
5788,0,0.0,0,0.0,0,0.0
5789,0,0.0,0,0.0,0,0.0
5790,0,0.0,0,0.0,0,0.0
5791,0,0.01,0,0.01,0,0.0
5792,0,0.0,0,0.0,0,0.0
5793,0,0.004555418372328095,0,0.004555418372328,0,9.454242944073599e-17
5794,0,1.8601760358719096e-05,0,1.8601760358719096e-05,0,0.0
5795,0,8.961510903292219e-05,0,8.961510903292219e-05,0,0.0
5796,0,0.0,0,0.0,0,0.0
5797,0,0.0,0,0.0,0,0.0
5798,0,0.0,0,0.0,0,0.0
5799,0,0.01967204753490584,0,0.0196720475349058,0,4.163336342344337e-17
5800,0,0.0,0,0.0,0,0.0
5801,0,0.0,0,0.0,0,0.0
5802,0,0.0,0,0.0,0,0.0
5803,0,0.0,0,0.0,0,0.0
5804,0,0.0,0,0.0,0,0.0
5805,0,0.00988763788962025,0,0.0098876378896202,0,5.0306980803327406e-17
5806,0,0.0,0,0.0,0,0.0
5807,0,7.487742108134962e-05,0,7.487742108134962e-05,0,0.0
5808,0,5.627566072263052e-05,0,5.627566072263052e-05,0,0.0
5809,0,3.333944831029167e-05,0,3.333944831029167e-05,0,0.0
5810,0,0.0,0,0.0,0,0.0
5811,0,0.0,0,0.0,0,0.0
5812,0,0.0,0,0.0,0,0.0
5813,0,0.0,0,0.0,0,0.0
5814,0,5.538544517541651e-06,0,5.538544517541651e-06,0,0.0
5815,0,0.003781346941237832,0,0.0037813469412378,0,3.209238430557093e-17
5816,0,0.003052189933941281,0,0.0030521899339412,0,8.109832250191573e-17
5817,0,0.00022731640409334288,0,0.0002273164040933,0,4.28801959218017e-17
5818,0,0.005,0,0.005,0,0.0
5819,0,5.627566072263052e-05,0,5.627566072263052e-05,0,0.0
5820,0,0.03492808468620704,0,0.034928084686207,0,4.163336342344337e-17
5821,0,8.020645409555797e-06,0,8.020645409555797e-06,0,0.0
5822,0,0.005,0,0.005,0,0.0
5823,0,0.03460070223999447,0,0.0346007022399944,0,6.938893903907228e-17
5824,0,0.0,0,0.0,0,0.0
5825,0,7.180039107091953e-05,0,7.180039107091953e-05,0,0.0
5826,0,5.627566072263052e-05,0,5.627566072263052e-05,0,0.0
5827,0,0.0,0,0.0,0,0.0
5828,0,0.009934089020710444,0,0.0099340890207104,0,4.336808689942018e-17
5829,0,0.0,0,0.0,0,0.0
5830,0,0.0001642323316011529,0,0.0001642323316011,0,5.288196096298048e-17
5831,0,0.0,0,0.0,0,0.0
5832,0,7.487742108134962e-05,0,7.487742108134962e-05,0,0.0
5833,0,0.02,0,0.02,0,0.0
5834,0,0.0071372225255688536,0,0.0071372225255688,0,5.377642775528102e-17
5835,0,3.887799282783332e-05,0,3.887799282783332e-05,0,0.0
5836,0,0.0,0,0.0,0,0.0
5837,0,3.333944831029167e-05,0,3.333944831029167e-05,0,0.0
5838,0,0.000339435824986526,0,0.0003394358249865,0,2.6020852139652106e-17
5839,0,3.333944831029167e-05,0,3.333944831029167e-05,0,0.0
5840,0,0.0006043468385405933,0,0.0006043468385405,0,9.324138683375338e-17
5841,0,0.0,0,0.0,0,0.0
5842,0,0.0005187133018801374,0,0.0005187133018801,0,3.74049749507499e-17
5843,0,0.0,0,0.0,0,0.0
5844,0,0.015,0,0.015,0,0.0
5845,0,0.00021766812558489536,0,0.0002176681255848,0,9.535558107010011e-17
5846,0,0.014345642960690647,0,0.0143456429606906,0,4.683753385137379e-17
5847,0,0.005,0,0.005,0,0.0
5848,0,0.0005056500860389601,0,0.0005056500860389,0,6.006480035569695e-17
5849,0,0.0,0,0.0,0,0.0
5850,0,9.712151500778927e-05,0,9.712151500778928e-05,0,1.3552527156068805e-20
5851,0,0.00021766812558489536,0,0.0002176681255848,0,9.535558107010011e-17
5852,0,0.0,0,0.0,0,0.0
5853,0,0.010174813446550317,0,0.0101748134465503,0,1.734723475976807e-17
5854,0,3.887799282783332e-05,0,3.887799282783332e-05,0,0.0
5855,0,5.627566072263052e-05,0,5.627566072263052e-05,0,0.0
5856,0,1.3624954201079227e-05,0,1.3624954201079228e-05,0,1.6940658945086007e-21
5857,0,0.0,0,0.0,0,0.0
5858,0,0.0,0,0.0,0,0.0
5859,0,0.005005538544517542,0,0.0050055385445175,0,4.163336342344337e-17
5860,0,0.0,0,0.0,0,0.0
5861,0,0.0001562116861915971,0,0.0001562116861915,0,9.709030454607692e-17
5862,0,0.0012035173260392133,0,0.0012035173260392,0,1.3227266504323154e-17
5863,0,0.0,0,0.0,0,0.0
5864,0,0.0,0,0.0,0,0.0
5865,0,0.0,0,0.0,0,0.0
5866,0,0.000339435824986526,0,0.0003394358249865,0,2.6020852139652106e-17
5867,0,3.887799282783332e-05,0,3.887799282783332e-05,0,0.0
5868,0,1.3624954201079227e-05,0,1.3624954201079228e-05,0,1.6940658945086007e-21
5869,0,0.00011434792410372809,0,0.0001143479241037,0,2.8094388794530634e-17
5870,0,0.0,0,0.0,0,0.0
5871,0,0.0,0,0.0,0,0.0
5872,0,0.005,0,0.005,0,0.0
5873,0,0.00014967158243958044,0,0.0001496715824395,0,8.044780119842443e-17
5874,0,0.005223483051471867,0,0.0052234830514718,0,6.678685382510707e-17
5875,0,0.005,0,0.005,0,0.0
5876,0,0.004281565623105024,0,0.004281565623105,0,2.42861286636753e-17
5877,0,0.005,0,0.005,0,0.0
5878,0,3.333944831029167e-05,0,3.333944831029167e-05,0,0.0
5879,0,5.538544517541651e-06,0,5.538544517541651e-06,0,0.0
5880,0,0.019873342122283782,0,0.0198733421222837,0,8.326672684688674e-17
5881,0,0.0006585054171652351,0,0.0006585054171652,0,3.5019730171281793e-17
5882,0,0.0004513796154110679,0,0.000451379615411,0,6.787105599759258e-17
5883,0,0.0,0,0.0,0,0.0
5884,0,0.025693174193691232,0,0.0256931741936912,0,3.122502256758253e-17
5885,0,0.005,0,0.005,0,0.0
5886,0,0.0,0,0.0,0,0.0
5887,0,4.69644025113709e-05,0,4.69644025113709e-05,0,0.0
5888,0,0.0,0,0.0,0,0.0
5889,0,0.005,0,0.005,0,0.0
5890,0,0.00014967158243958044,0,0.0001496715824395,0,8.044780119842443e-17
5891,0,5.538544517541651e-06,0,5.538544517541651e-06,0,0.0
5892,0,0.0,0,0.0,0,0.0
5893,0,0.00018885834554265314,0,0.0001888583455426,0,5.312590645178972e-17
5894,0,0.00013046096331808095,0,0.000130460963318,0,8.096279723035504e-17
5895,0,0.0,0,0.0,0,0.0
5896,0,0.0,0,0.0,0,0.0
5897,0,0.005451379615411067,0,0.005451379615411,0,6.678685382510707e-17
5898,0,0.0002819644317170817,0,0.000281964431717,0,8.169463369678276e-17
5899,0,0.005,0,0.005,0,0.0
5900,0,0.0,0,0.0,0,0.0
5901,0,0.009938210875435081,0,0.009938210875435,0,8.153200337090993e-17
5902,0,9.926338754136971e-05,0,9.926338754136972e-05,0,1.3552527156068805e-20
5903,0,3.333944831029167e-05,0,3.333944831029167e-05,0,0.0
5904,0,0.0,0,0.0,0,0.0
5905,0,0.0,0,0.0,0,0.0
5906,0,0.0,0,0.0,0,0.0
5907,0,3.333944831029167e-05,0,3.333944831029167e-05,0,0.0
5908,0,7.180039107091953e-05,0,7.180039107091953e-05,0,0.0
5909,0,0.029919958113547463,0,0.0299199581135474,0,6.245004513516506e-17
5910,0,0.00505627566072263,0,0.0050562756607226,0,3.0357660829594124e-17
5911,0,0.00022374063527702645,0,0.000223740635277,0,2.6454533008646308e-17
5912,0,0.005,0,0.005,0,0.0
5913,0,0.005,0,0.005,0,0.0
5914,0,8.020645409555797e-06,0,8.020645409555797e-06,0,0.0
5915,0,0.00022568877099445116,0,0.0002256887709944,0,5.114723748700367e-17
5916,0,0.01,0,0.01,0,0.0
5917,0,0.0,0,0.0,0,0.0
5918,0,1.3624954201079227e-05,0,1.3624954201079228e-05,0,1.6940658945086007e-21
5919,0,0.00687685516876435,0,0.0068768551687643,0,5.0306980803327406e-17
5920,0,0.0,0,0.0,0,0.0
5921,0,4.69644025113709e-05,0,4.69644025113709e-05,0,0.0
5922,0,0.00021766812558489536,0,0.0002176681255848,0,9.535558107010011e-17
5923,0,0.0,0,0.0,0,0.0
5924,0,1.355918992709745e-05,0,1.355918992709745e-05,0,0.0
5925,0,1.355918992709745e-05,0,1.355918992709745e-05,0,0.0
5926,0,1.355918992709745e-05,0,1.355918992709745e-05,0,0.0
5927,0,1.355918992709745e-05,0,1.355918992709745e-05,0,0.0
5928,0,0.0,0,0.0,0,0.0
5929,0,0.005,0,0.005,0,0.0
5930,0,0.0,0,0.0,0,0.0
5931,0,3.333944831029167e-05,0,3.333944831029167e-05,0,0.0
5932,0,9.339592171694993e-05,0,9.339592171694993e-05,0,0.0
5933,0,0.00031478964059268464,0,0.0003147896405926,0,8.462197956249362e-17
5934,0,0.0,0,0.0,0,0.0
5935,0,0.005680713345697503,0,0.0056807133456975,0,3.469446951953614e-18
5936,0,0.0,0,0.0,0,0.0
5937,0,0.0,0,0.0,0,0.0
5938,0,2.1645599610635026e-05,0,2.1645599610635026e-05,0,0.0
5939,0,0.029657077971044315,0,0.0296570779710443,0,1.3877787807814457e-17
5940,0,0.00016746497455439596,0,0.0001674649745543,0,9.595189226496714e-17
5941,0,0.005,0,0.005,0,0.0
5942,0,0.0,0,0.0,0,0.0
5943,0,0.0,0,0.0,0,0.0
5944,0,6.564208904402871e-05,0,6.564208904402871e-05,0,0.0
5945,0,0.005,0,0.005,0,0.0
5946,0,0.0,0,0.0,0,0.0
5947,0,0.0,0,0.0,0,0.0
5948,0,0.00021766812558489536,0,0.0002176681255848,0,9.535558107010011e-17
5949,0,0.0,0,0.0,0,0.0
5950,0,3.333944831029167e-05,0,3.333944831029167e-05,0,0.0
5951,0,0.0,0,0.0,0,0.0
5952,0,0.005,0,0.005,0,0.0
5953,0,0.0,0,0.0,0,0.0
5954,0,0.0,0,0.0,0,0.0
5955,0,0.0,0,0.0,0,0.0
5956,0,0.0,0,0.0,0,0.0
5957,0,0.0,0,0.0,0,0.0
5958,0,0.0005805275071203097,0,0.0005805275071203,0,9.64939933512099e-18
5959,0,5.627566072263052e-05,0,5.627566072263052e-05,0,0.0
5960,0,5.090440109245614e-05,0,5.090440109245614e-05,0,0.0
5961,0,0.0,0,0.0,0,0.0
5962,0,5.538544517541651e-06,0,5.538544517541651e-06,0,0.0
5963,0,0.0,0,0.0,0,0.0
5964,0,0.0,0,0.0,0,0.0
5965,0,5.538544517541651e-06,0,5.538544517541651e-06,0,0.0
5966,0,0.0,0,0.0,0,0.0
5967,0,3.333944831029167e-05,0,3.333944831029167e-05,0,0.0
5968,0,0.0022635926530052202,0,0.0022635926530052,0,2.0383000842727483e-17
5969,0,0.0,0,0.0,0,0.0
5970,0,0.0,0,0.0,0,0.0
5971,0,1.3624954201079227e-05,0,1.3624954201079228e-05,0,1.6940658945086007e-21
5972,0,8.020645409555797e-06,0,8.020645409555797e-06,0,0.0
5973,0,0.0,0,0.0,0,0.0
5974,0,0.0,0,0.0,0,0.0
5975,0,0.0,0,0.0,0,0.0
5976,0,0.0007723267388504761,0,0.0007723267388504,0,7.611099250848241e-17
5977,0,0.0,0,0.0,0,0.0
5978,0,0.005,0,0.005,0,0.0
5979,0,0.0,0,0.0,0,0.0
5980,0,0.0,0,0.0,0,0.0
5981,0,0.024992550328883426,0,0.0249925503288834,0,2.7755575615628914e-17
5982,0,3.333944831029167e-05,0,3.333944831029167e-05,0,0.0
5983,0,0.00016746497455439596,0,0.0001674649745543,0,9.595189226496714e-17
5984,0,8.961510903292219e-05,0,8.961510903292219e-05,0,0.0
5985,0,9.712151500778927e-05,0,9.712151500778928e-05,0,1.3552527156068805e-20
5986,0,0.0,0,0.0,0,0.0
5987,0,0.0,0,0.0,0,0.0
5988,0,0.0003244379191011321,0,0.0003244379191011,0,3.2146594414195206e-17
5989,0,5.627566072263052e-05,0,5.627566072263052e-05,0,0.0
5990,0,0.0,0,0.0,0,0.0
5991,0,0.0,0,0.0,0,0.0
5992,0,0.0009737782813108605,0,0.0009737782813108,0,6.049848122469115e-17
5993,0,0.01986781323952471,0,0.0198678132395247,0,1.0408340855860843e-17
5994,0,2.414030487626075e-05,0,2.414030487626075e-05,0,0.0
5995,0,0.006094478783632944,0,0.0060944787836329,0,4.336808689942018e-17
5996,0,3.333944831029167e-05,0,3.333944831029167e-05,0,0.0
5997,0,0.00021766812558489536,0,0.0002176681255848,0,9.535558107010011e-17
5998,0,0.0,0,0.0,0,0.0
5999,0,0.0,0,0.0,0,0.0
6000,0,0.005443358970001512,0,0.0054433589700015,0,1.214306433183765e-17
6001,0,0.0,0,0.0,0,0.0
6002,0,1.3624954201079227e-05,0,1.3624954201079228e-05,0,1.6940658945086007e-21
6003,0,0.0,0,0.0,0,0.0
6004,0,6.181420524017216e-05,0,6.181420524017216e-05,0,0.0
6005,0,0.00983665182908938,0,0.0098366518290893,0,7.979727989493313e-17
6006,0,0.00024441308200832436,0,0.0002444130820083,0,2.4340338772299575e-17
6007,0,0.0,0,0.0,0,0.0
6008,0,0.005,0,0.005,0,0.0
6009,0,5.627566072263052e-05,0,5.627566072263052e-05,0,0.0
6010,0,1.3624954201079227e-05,0,1.3624954201079228e-05,0,1.6940658945086007e-21
6011,0,0.0,0,0.0,0,0.0
6012,0,9.712151500778927e-05,0,9.712151500778928e-05,0,1.3552527156068805e-20
6013,0,0.0036271788965440495,0,0.003627178896544,0,4.9439619065339e-17
6014,0,0.0005188788616268266,0,0.0005188788616268,0,2.656295322589486e-17
6015,0,5.627566072263052e-05,0,5.627566072263052e-05,0,0.0
6016,0,0.0,0,0.0,0,0.0
6017,0,0.0,0,0.0,0,0.0
6018,0,0.0,0,0.0,0,0.0
6019,0,0.0,0,0.0,0,0.0
6020,0,0.0,0,0.0,0,0.0
6021,0,9.712151500778927e-05,0,9.712151500778928e-05,0,1.3552527156068805e-20
6022,0,0.0,0,0.0,0,0.0
6023,0,5.627566072263052e-05,0,5.627566072263052e-05,0,0.0
6024,0,0.0,0,0.0,0,0.0
6025,0,0.0,0,0.0,0,0.0
6026,0,0.00961691189938891,0,0.0096169118993889,0,8.673617379884035e-18
6027,0,0.0,0,0.0,0,0.0
6028,0,0.005,0,0.005,0,0.0
6029,0,0.0,0,0.0,0,0.0
6030,0,0.01,0,0.01,0,0.0
6031,0,0.0,0,0.0,0,0.0
6032,0,0.0,0,0.0,0,0.0
6033,0,0.009655561900333905,0,0.0096555619003339,0,5.204170427930421e-18
6034,0,0.0,0,0.0,0,0.0
6035,0,0.004879989815180978,0,0.0048799898151809,0,7.806255641895632e-17
6036,0,0.043890881454566044,0,0.043890881454566,0,4.163336342344337e-17
6037,0,0.0238100814896985,0,0.0238100814896985,0,0.0
6038,0,0.0017271405539245424,0,0.0017271405539245,0,4.228388472693467e-17
6039,0,0.0,0,0.0,0,0.0
6040,0,6.181420524017216e-05,0,6.181420524017216e-05,0,0.0
6041,0,0.0,0,0.0,0,0.0
6042,0,0.0,0,0.0,0,0.0
6043,0,0.0,0,0.0,0,0.0
6044,0,0.00014413303792203878,0,0.000144133037922,0,3.878733272066892e-17
6045,0,0.0001533971757304198,0,0.0001533971757304,0,1.9786689647860456e-17
6046,0,0.0005001115415214183,0,0.0005001115415214,0,1.8323016715005025e-17
6047,0,0.0,0,0.0,0,0.0
6048,0,0.0,0,0.0,0,0.0
6049,0,0.0,0,0.0,0,0.0
6050,0,0.0,0,0.0,0,0.0
6051,0,3.333944831029167e-05,0,3.333944831029167e-05,0,0.0
6052,0,0.0036021990426338964,0,0.0036021990426338,0,9.627715291671279e-17
6053,0,0.00011434792410372809,0,0.0001143479241037,0,2.8094388794530634e-17
6054,0,0.004834575405734361,0,0.0048345754057343,0,6.071532165918825e-17
6055,0,0.0,0,0.0,0,0.0
6056,0,0.004930868395799231,0,0.0049308683957992,0,3.0357660829594124e-17
6057,0,0.005,0,0.005,0,0.0
6058,0,5.194120866901077e-05,0,5.194120866901077e-05,0,0.0
6059,0,0.004951210571626193,0,0.0049512105716261,0,9.280770596475918e-17
6060,0,0.0002596190448270799,0,0.000259619044827,0,7.990570011218168e-17
6061,0,5.627566072263052e-05,0,5.627566072263052e-05,0,0.0
6062,0,0.000588689842977786,0,0.0005886898429777,0,8.59772322781005e-17
6063,0,0.04972733295473537,0,0.0497273329547353,0,7.632783294297951e-17
6064,0,0.0,0,0.0,0,0.0
6065,0,0.0,0,0.0,0,0.0
6066,0,1.355918992709745e-05,0,1.355918992709745e-05,0,0.0
6067,0,0.0001562116861915971,0,0.0001562116861915,0,9.709030454607692e-17
6068,0,0.0,0,0.0,0,0.0
6069,0,0.0,0,0.0,0,0.0
6070,0,0.0,0,0.0,0,0.0
6071,0,1.8601760358719096e-05,0,1.8601760358719096e-05,0,0.0
6072,0,0.0,0,0.0,0,0.0
6073,0,0.0,0,0.0,0,0.0
6074,0,0.007009678581392968,0,0.0070096785813929,0,6.765421556309548e-17
6075,0,0.00507180039107092,0,0.0050718003910709,0,1.9949319973733282e-17
6076,0,5.627566072263052e-05,0,5.627566072263052e-05,0,0.0
6077,0,5.538544517541651e-06,0,5.538544517541651e-06,0,0.0
6078,0,0.0,0,0.0,0,0.0
6079,0,3.333944831029167e-05,0,3.333944831029167e-05,0,0.0
6080,0,8.020645409555797e-06,0,8.020645409555797e-06,0,0.0
6081,0,0.005167464974554396,0,0.0051674649745543,0,9.540979117872439e-17
6082,0,0.0,0,0.0,0,0.0
6083,0,0.0,0,0.0,0,0.0
6084,0,0.00012908561205530068,0,0.0001290856120553,0,6.776263578034403e-19
6085,0,0.015368126831895437,0,0.0153681268318954,0,3.642919299551295e-17
6086,0,0.0,0,0.0,0,0.0
6087,0,0.00036812683189543576,0,0.0003681268318954,0,3.5778671692021646e-17
6088,0,0.00021766812558489536,0,0.0002176681255848,0,9.535558107010011e-17
6089,0,8.020645409555797e-06,0,8.020645409555797e-06,0,0.0
6090,0,0.0,0,0.0,0,0.0
6091,0,0.0,0,0.0,0,0.0
6092,0,0.0,0,0.0,0,0.0
6093,0,1.355918992709745e-05,0,1.355918992709745e-05,0,0.0
6094,0,0.0,0,0.0,0,0.0
6095,0,0.005,0,0.005,0,0.0
6096,0,0.0,0,0.0,0,0.0
6097,0,0.0,0,0.0,0,0.0
6098,0,0.0,0,0.0,0,0.0
6099,0,0.005,0,0.005,0,0.0
6100,0,0.00014967158243958044,0,0.0001496715824395,0,8.044780119842443e-17
6101,0,0.0,0,0.0,0,0.0
6102,0,0.0,0,0.0,0,0.0
6103,0,1.8601760358719096e-05,0,1.8601760358719096e-05,0,0.0
6104,0,1.8601760358719096e-05,0,1.8601760358719096e-05,0,0.0
6105,0,0.0015890402108746581,0,0.0015890402108746,0,5.811323644522304e-17
6106,0,1.8601760358719096e-05,0,1.8601760358719096e-05,0,0.0
6107,0,0.00025708008358731814,0,0.0002570800835873,0,1.81603863891322e-17
6108,1,0.7747811250502166,1,0.7747811250502166,1,0.0
6109,0,0.005,0,0.005,0,0.0
6110,0,5.194120866901077e-05,0,5.194120866901077e-05,0,0.0
6111,0,3.333944831029167e-05,0,3.333944831029167e-05,0,0.0
6112,0,0.0025527911728463713,0,0.0025527911728463,0,7.112366251504909e-17
6113,0,8.961510903292219e-05,0,8.961510903292219e-05,0,0.0
6114,0,0.0,0,0.0,0,0.0
6115,0,0.0,0,0.0,0,0.0
6116,0,0.0,0,0.0,0,0.0
6117,0,0.0,0,0.0,0,0.0
6118,0,0.0,0,0.0,0,0.0
6119,0,0.0012238741336034096,0,0.0012238741336034,0,9.540979117872439e-18
6120,0,0.0,0,0.0,0,0.0
6121,0,0.0,0,0.0,0,0.0
6122,0,0.0016591870431794545,0,0.0016591870431794,0,5.442694905877232e-17
6123,0,0.00020494410582555904,0,0.0002049441058255,0,5.903480829183572e-17
6124,0,9.712151500778927e-05,0,9.712151500778928e-05,0,1.3552527156068805e-20
6125,0,5.627566072263052e-05,0,5.627566072263052e-05,0,0.0
6126,0,0.0,0,0.0,0,0.0
6127,0,0.0,0,0.0,0,0.0
6128,0,0.0004678317528870584,0,0.000467831752887,0,5.838428698834441e-17
6129,0,0.0,0,0.0,0,0.0
6130,0,0.0,0,0.0,0,0.0
6131,0,0.00017914789860393594,0,0.0001791478986039,0,3.594130201789447e-17
6132,0,0.0,0,0.0,0,0.0
6133,0,0.0,0,0.0,0,0.0
6134,0,0.0013438483753013624,0,0.0013438483753013,0,6.245004513516506e-17
6135,0,5.538544517541651e-06,0,5.538544517541651e-06,0,0.0
6136,0,0.0005324141822551555,0,0.0005324141822551,0,5.5402731014009277e-17
6137,0,0.005005538544517542,0,0.0050055385445175,0,4.163336342344337e-17
6138,0,0.0,0,0.0,0,0.0
6139,0,0.0012802051856663655,0,0.0012802051856663,0,6.548581121812447e-17
6140,0,8.020645409555797e-06,0,8.020645409555797e-06,0,0.0
6141,0,0.005041950919242184,0,0.0050419509192421,0,8.413408858487514e-17
6142,0,0.0,0,0.0,0,0.0
6143,0,0.005217668125584896,0,0.0052176681255848,0,9.540979117872439e-17
6144,0,5.627566072263052e-05,0,5.627566072263052e-05,0,0.0
6145,0,0.0,0,0.0,0,0.0
6146,0,0.0,0,0.0,0,0.0
6147,0,0.0,0,0.0,0,0.0
6148,0,5.627566072263052e-05,0,5.627566072263052e-05,0,0.0
6149,0,0.0,0,0.0,0,0.0
6150,0,0.0,0,0.0,0,0.0
6151,0,0.0,0,0.0,0,0.0
6152,0,0.0,0,0.0,0,0.0
6153,0,5.538544517541651e-06,0,5.538544517541651e-06,0,0.0
6154,0,0.0,0,0.0,0,0.0
6155,0,5.627566072263052e-05,0,5.627566072263052e-05,0,0.0
6156,0,0.0010611393353226516,0,0.0010611393353226,0,5.160802341031001e-17
6157,0,0.00013046096331808095,0,0.000130460963318,0,8.096279723035504e-17
6158,0,0.0,0,0.0,0,0.0
6159,0,0.0,0,0.0,0,0.0
6160,0,9.712151500778927e-05,0,9.712151500778928e-05,0,1.3552527156068805e-20
6161,0,3.333944831029167e-05,0,3.333944831029167e-05,0,0.0
6162,0,5.627566072263052e-05,0,5.627566072263052e-05,0,0.0
6163,0,0.0,0,0.0,0,0.0
6164,0,0.0,0,0.0,0,0.0
6165,0,0.01985218732110474,0,0.0198521873211047,0,4.163336342344337e-17
6166,0,0.01499768474281429,0,0.0149976847428142,0,9.020562075079397e-17
6167,0,3.333944831029167e-05,0,3.333944831029167e-05,0,0.0
6168,0,0.01,0,0.01,0,0.0
6169,0,0.0,0,0.0,0,0.0
6170,0,0.00505627566072263,0,0.0050562756607226,0,3.0357660829594124e-17
6171,0,0.005223856885035031,0,0.005223856885035,0,3.122502256758253e-17
6172,0,0.0,0,0.0,0,0.0
6173,0,0.0,0,0.0,0,0.0
6174,0,0.0,0,0.0,0,0.0
6175,0,0.004993764771242582,0,0.0049937647712425,0,8.239936510889834e-17
6176,0,8.961510903292219e-05,0,8.961510903292219e-05,0,0.0
6177,0,0.00010821686939164129,0,0.0001082168693916,0,4.129455024454165e-17
6178,0,0.005521965332520511,0,0.0055219653325205,0,1.1275702593849246e-17
6179,0,0.0,0,0.0,0,0.0
6180,0,0.0,0,0.0,0,0.0
6181,0,5.627566072263052e-05,0,5.627566072263052e-05,0,0.0
6182,0,8.020645409555797e-06,0,8.020645409555797e-06,0,0.0
6183,0,0.004930868395799231,0,0.0049308683957992,0,3.0357660829594124e-17
6184,0,3.333944831029167e-05,0,3.333944831029167e-05,0,0.0
6185,0,0.0005219653325205105,0,0.0005219653325205,0,1.0516761073109393e-17
6186,0,0.0,0,0.0,0,0.0
6187,0,3.230264073373704e-05,0,3.230264073373704e-05,0,0.0
6188,0,3.333944831029167e-05,0,3.333944831029167e-05,0,0.0
6189,0,5.627566072263052e-05,0,5.627566072263052e-05,0,0.0
6190,0,6.429630613218631e-05,0,6.429630613218631e-05,0,0.0
6191,0,5.627566072263052e-05,0,5.627566072263052e-05,0,0.0
6192,0,0.0050971215150077895,0,0.0050971215150077,0,8.933825901280557e-17
6193,0,0.0017314750059781623,0,0.0017314750059781,0,6.223320470066795e-17
6194,0,0.0,0,0.0,0,0.0
6195,0,0.0,0,0.0,0,0.0
6196,0,0.00522882532287251,0,0.0052288253228725,0,1.0408340855860843e-17
6197,0,0.0,0,0.0,0,0.0
6198,0,0.0,0,0.0,0,0.0
6199,0,0.0,0,0.0,0,0.0
6200,0,7.180039107091953e-05,0,7.180039107091953e-05,0,0.0
6201,0,0.0,0,0.0,0,0.0
6202,0,0.0,0,0.0,0,0.0
6203,0,0.0,0,0.0,0,0.0
6204,0,0.0016751993452555317,0,0.0016751993452555,0,3.165870343657673e-17
6205,0,8.961510903292219e-05,0,8.961510903292219e-05,0,0.0
6206,0,8.961510903292219e-05,0,8.961510903292219e-05,0,0.0
6207,0,3.333944831029167e-05,0,3.333944831029167e-05,0,0.0
6208,0,0.0005334509898317101,0,0.0005334509898317,0,1.0083080204115191e-17
6209,0,9.712151500778927e-05,0,9.712151500778928e-05,0,1.3552527156068805e-20
6210,0,3.333944831029167e-05,0,3.333944831029167e-05,0,0.0
6211,0,0.0,0,0.0,0,0.0
6212,0,5.538544517541651e-06,0,5.538544517541651e-06,0,0.0
6213,0,0.014539147425586693,0,0.0145391474255866,0,9.367506770274758e-17
6214,0,0.0,0,0.0,0,0.0
6215,0,0.000339435824986526,0,0.0003394358249865,0,2.6020852139652106e-17
6216,0,5.538544517541651e-06,0,5.538544517541651e-06,0,0.0
6217,0,0.0,0,0.0,0,0.0
6218,0,1.8601760358719096e-05,0,1.8601760358719096e-05,0,0.0
6219,0,0.0,0,0.0,0,0.0
6220,0,0.0,0,0.0,0,0.0
6221,0,0.00417083149423584,0,0.0041708314942358,0,3.9898639947466563e-17
6222,0,0.0,0,0.0,0,0.0
6223,0,0.0,0,0.0,0,0.0
6224,0,0.0,0,0.0,0,0.0
6225,0,0.0,0,0.0,0,0.0
6226,0,5.627566072263052e-05,0,5.627566072263052e-05,0,0.0
6227,0,0.00505627566072263,0,0.0050562756607226,0,3.0357660829594124e-17
6228,0,0.0,0,0.0,0,0.0
6229,0,3.333944831029167e-05,0,3.333944831029167e-05,0,0.0
6230,0,5.627566072263052e-05,0,5.627566072263052e-05,0,0.0
6231,0,0.0001627347982807579,0,0.0001627347982807,0,5.789639601072594e-17
6232,0,0.0,0,0.0,0,0.0
6233,0,8.020645409555797e-06,0,8.020645409555797e-06,0,0.0
6234,0,5.627566072263052e-05,0,5.627566072263052e-05,0,0.0
6235,0,0.0,0,0.0,0,0.0
6236,0,0.0,0,0.0,0,0.0
6237,0,0.0,0,0.0,0,0.0
6238,0,3.333944831029167e-05,0,3.333944831029167e-05,0,0.0
6239,0,3.333944831029167e-05,0,3.333944831029167e-05,0,0.0
6240,0,0.005513944687110955,0,0.0055139446871109,0,5.4643789493269423e-17
6241,0,0.0,0,0.0,0,0.0
6242,0,3.333944831029167e-05,0,3.333944831029167e-05,0,0.0
6243,0,9.712151500778927e-05,0,9.712151500778928e-05,0,1.3552527156068805e-20
6244,0,0.00012119682550969995,0,0.0001211968255096,0,9.994988777600744e-17
6245,0,0.03423629492713835,0,0.0342362949271383,0,5.551115123125783e-17
6246,0,0.005476698418311804,0,0.0054766984183118,0,4.336808689942018e-18
6247,0,5.627566072263052e-05,0,5.627566072263052e-05,0,0.0
6248,0,0.0,0,0.0,0,0.0
6249,0,0.0,0,0.0,0,0.0
6250,0,3.333944831029167e-05,0,3.333944831029167e-05,0,0.0
6251,0,0.0,0,0.0,0,0.0
6252,0,3.333944831029167e-05,0,3.333944831029167e-05,0,0.0
6253,0,0.0,0,0.0,0,0.0
6254,0,0.0,0,0.0,0,0.0
6255,0,6.052359243846834e-05,0,6.052359243846834e-05,0,0.0
6256,0,0.0,0,0.0,0,0.0
6257,0,0.005103995002688854,0,0.0051039950026888,0,5.4643789493269423e-17
6258,0,0.0,0,0.0,0,0.0
6259,0,3.333944831029167e-05,0,3.333944831029167e-05,0,0.0
6260,0,3.333944831029167e-05,0,3.333944831029167e-05,0,0.0
6261,0,0.00505627566072263,0,0.0050562756607226,0,3.0357660829594124e-17
6262,0,0.04468117172655955,0,0.0446811717265595,0,4.85722573273506e-17
6263,0,0.0,0,0.0,0,0.0
6264,0,0.0,0,0.0,0,0.0
6265,0,0.0,0,0.0,0,0.0
6266,0,9.712151500778927e-05,0,9.712151500778928e-05,0,1.3552527156068805e-20
6267,0,0.005,0,0.005,0,0.0
6268,0,8.961510903292219e-05,0,8.961510903292219e-05,0,0.0
6269,0,0.0,0,0.0,0,0.0
6270,0,0.005306246427041263,0,0.0053062464270412,0,6.331740687315346e-17
6271,0,5.627566072263052e-05,0,5.627566072263052e-05,0,0.0
6272,0,0.004913082974121739,0,0.0049130829741217,0,3.903127820947816e-17
6273,0,0.000496222494059793,0,0.0004962224940597,0,9.302454639925628e-17
6274,0,0.000496222494059793,0,0.0004962224940597,0,9.302454639925628e-17
6275,0,0.015,0,0.015,0,0.0
6276,0,0.0,0,0.0,0,0.0
6277,0,0.005013624954201079,0,0.005013624954201,0,7.892991815694472e-17
6278,0,0.0,0,0.0,0,0.0
6279,0,3.333944831029167e-05,0,3.333944831029167e-05,0,0.0
6280,0,0.0,0,0.0,0,0.0
6281,0,0.0,0,0.0,0,0.0
6282,0,0.0,0,0.0,0,0.0
6283,0,1.3624954201079227e-05,0,1.3624954201079228e-05,0,1.6940658945086007e-21
6284,0,3.333944831029167e-05,0,3.333944831029167e-05,0,0.0
6285,0,0.005,0,0.005,0,0.0
6286,0,0.0,0,0.0,0,0.0
6287,0,0.0,0,0.0,0,0.0
6288,0,0.0,0,0.0,0,0.0
6289,0,0.005142125472993229,0,0.0051421254729932,0,2.862293735361732e-17
6290,0,0.0002032882034801967,0,0.0002032882034801,0,9.6710833785707e-17
6291,0,0.0002596190448270799,0,0.000259619044827,0,7.990570011218168e-17
6292,0,0.00021766812558489536,0,0.0002176681255848,0,9.535558107010011e-17
6293,0,9.712151500778927e-05,0,9.712151500778928e-05,0,1.3552527156068805e-20
6294,0,0.0,0,0.0,0,0.0
6295,0,0.005,0,0.005,0,0.0
6296,0,5.627566072263052e-05,0,5.627566072263052e-05,0,0.0
6297,0,0.0,0,0.0,0,0.0
6298,0,0.01465796001850591,0,0.0146579600185059,0,1.0408340855860843e-17
6299,0,0.0,0,0.0,0,0.0
6300,0,0.005,0,0.005,0,0.0
6301,0,3.333944831029167e-05,0,3.333944831029167e-05,0,0.0
6302,0,0.0,0,0.0,0,0.0
6303,0,5.538544517541651e-06,0,5.538544517541651e-06,0,0.0
6304,0,0.0050971215150077895,0,0.0050971215150077,0,8.933825901280557e-17
6305,0,0.0,0,0.0,0,0.0
6306,0,0.005,0,0.005,0,0.0
6307,0,0.01,0,0.01,0,0.0
6308,0,0.0,0,0.0,0,0.0
6309,0,0.005,0,0.005,0,0.0
6310,0,0.004868795197141888,0,0.0048687951971418,0,8.847089727481716e-17
6311,0,0.0,0,0.0,0,0.0
6312,0,0.0,0,0.0,0,0.0
6313,0,4.69644025113709e-05,0,4.69644025113709e-05,0,0.0
6314,0,0.0,0,0.0,0,0.0
6315,0,8.785737719940827e-05,0,8.785737719940827e-05,0,0.0
6316,0,7.180039107091953e-05,0,7.180039107091953e-05,0,0.0
6317,0,0.00013979858586841905,0,0.0001397985858684,0,1.905485318143274e-17
6318,0,0.005637230671585019,0,0.005637230671585,0,1.9081958235744878e-17
6319,0,5.627566072263052e-05,0,5.627566072263052e-05,0,0.0
6320,0,0.0,0,0.0,0,0.0
6321,0,0.005,0,0.005,0,0.0
6322,0,0.0,0,0.0,0,0.0
6323,0,0.03457291887627766,0,0.0345729188762776,0,6.245004513516506e-17
6324,0,0.0,0,0.0,0,0.0
6325,0,0.005,0,0.005,0,0.0
6326,0,0.0,0,0.0,0,0.0
6327,0,0.0,0,0.0,0,0.0
6328,0,0.0,0,0.0,0,0.0
6329,1,0.9593388363855431,1,0.9593388363855432,1,1.1102230246251565e-16
6330,0,0.01,0,0.01,0,0.0
6331,1,0.9993688540170653,1,0.9993688540170652,1,1.1102230246251565e-16
6332,0,0.005,0,0.005,0,0.0
6333,0,0.0,0,0.0,0,0.0
6334,1,0.999944877594722,1,0.999944877594722,1,0.0
6335,0,3.333944831029167e-05,0,3.333944831029167e-05,0,0.0
6336,1,0.9997826594112001,1,0.9997826594112,1,1.1102230246251565e-16
6337,0,3.230264073373704e-05,0,3.230264073373704e-05,0,0.0
6338,1,0.9998621124431533,1,0.9998621124431536,1,3.3306690738754696e-16
6339,0,0.005,0,0.005,0,0.0
6340,0,0.009986498034889333,0,0.0099864980348893,0,3.2959746043559335e-17
6341,0,0.0,0,0.0,0,0.0
6342,0,0.005,0,0.005,0,0.0
6343,0,5.627566072263052e-05,0,5.627566072263052e-05,0,0.0
6344,0,0.0,0,0.0,0,0.0
6345,0,0.005,0,0.005,0,0.0
6346,0,0.0,0,0.0,0,0.0
6347,0,0.00021107363369803268,0,0.000211073633698,0,3.268869550043796e-17
6348,0,0.00021107363369803268,0,0.000211073633698,0,3.268869550043796e-17
6349,0,0.00010304420022539744,0,0.0001030442002253,0,9.744267025213471e-17
6350,0,5.538544517541651e-06,0,5.538544517541651e-06,0,0.0
6351,0,0.00010304420022539744,0,0.0001030442002253,0,9.744267025213471e-17
6352,0,5.538544517541651e-06,0,5.538544517541651e-06,0,0.0
6353,0,0.0,0,0.0,0,0.0
6354,0,0.0,0,0.0,0,0.0
6355,0,0.005,0,0.005,0,0.0
6356,0,0.0,0,0.0,0,0.0
6357,0,1.3624954201079227e-05,0,1.3624954201079228e-05,0,1.6940658945086007e-21
6358,0,5.538544517541651e-06,0,5.538544517541651e-06,0,0.0
6359,0,0.0,0,0.0,0,0.0
6360,0,5.538544517541651e-06,0,5.538544517541651e-06,0,0.0
6361,0,0.0,0,0.0,0,0.0
6362,0,5.538544517541651e-06,0,5.538544517541651e-06,0,0.0
6363,0,0.0,0,0.0,0,0.0
6364,0,0.0005242518463976791,0,0.0005242518463976,0,7.914675859144182e-17
6365,0,0.0,0,0.0,0,0.0
6366,0,5.538544517541651e-06,0,5.538544517541651e-06,0,0.0
6367,0,2.320746843554498e-05,0,2.320746843554498e-05,0,0.0
6368,0,0.0006929792202742167,0,0.0006929792202742,0,1.6696713456276768e-17
6369,0,0.00012119682550969995,0,0.0001211968255096,0,9.994988777600744e-17
6370,0,0.0,0,0.0,0,0.0
6371,0,0.0005187133018801374,0,0.0005187133018801,0,3.74049749507499e-17
6372,0,0.0005056500860389601,0,0.0005056500860389,0,6.006480035569695e-17
6373,0,0.0005242518463976791,0,0.0005242518463976,0,7.914675859144182e-17
6374,0,5.538544517541651e-06,0,5.538544517541651e-06,0,0.0
6375,0,0.0005242518463976791,0,0.0005242518463976,0,7.914675859144182e-17
6376,0,5.538544517541651e-06,0,5.538544517541651e-06,0,0.0
6377,0,5.538544517541651e-06,0,5.538544517541651e-06,0,0.0
6378,0,5.538544517541651e-06,0,5.538544517541651e-06,0,0.0
6379,0,5.538544517541651e-06,0,5.538544517541651e-06,0,0.0
6380,0,3.333944831029167e-05,0,3.333944831029167e-05,0,0.0
6381,0,0.0,0,0.0,0,0.0
6382,0,0.0005056500860389601,0,0.0005056500860389,0,6.006480035569695e-17
6383,0,0.005226207127063089,0,0.005226207127063,0,8.933825901280557e-17
6384,0,0.004556317667280853,0,0.0045563176672808,0,5.2909066017292616e-17
6385,0,0.0,0,0.0,0,0.0
6386,0,0.00042440249261806623,0,0.000424402492618,0,6.624475273886432e-17
6387,0,9.750565570785579e-05,0,9.75056557078558e-05,0,1.3552527156068805e-20
6388,0,0.0005056500860389601,0,0.0005056500860389,0,6.006480035569695e-17
6389,0,5.7479753186552416e-05,0,5.7479753186552416e-05,0,0.0
6390,0,5.538544517541651e-06,0,5.538544517541651e-06,0,0.0
6391,0,0.00017300351907193758,0,0.0001730035190719,0,3.7594710330934866e-17
6392,0,2.414030487626075e-05,0,2.414030487626075e-05,0,0.0
6393,0,0.00011988646862126974,0,0.0001198864686212,0,6.974130474513007e-17
6394,0,5.538544517541651e-06,0,5.538544517541651e-06,0,0.0
6395,0,0.0006197630771972236,0,0.0006197630771972,0,2.3635607360183997e-17
6396,0,0.0006197630771972236,0,0.0006197630771972,0,2.3635607360183997e-17
6397,0,0.0005389895343492517,0,0.0005389895343492,0,5.171644362755856e-17
6398,0,5.7479753186552416e-05,0,5.7479753186552416e-05,0,0.0
6399,0,1.3624954201079227e-05,0,1.3624954201079228e-05,0,1.6940658945086007e-21
6400,0,3.887799282783332e-05,0,3.887799282783332e-05,0,0.0
6401,0,5.538544517541651e-06,0,5.538544517541651e-06,0,0.0
6402,0,5.538544517541651e-06,0,5.538544517541651e-06,0,0.0
6403,0,0.020397322190299123,0,0.0203973221902991,0,2.42861286636753e-17
6404,0,0.00011988646862126974,0,0.0001198864686212,0,6.974130474513007e-17
6405,0,0.0010195947731499147,0,0.0010195947731499,0,1.474514954580286e-17
6406,0,0.0005242518463976791,0,0.0005242518463976,0,7.914675859144182e-17
6407,0,0.00018265179758038513,0,0.0001826517975803,0,8.513697559442424e-17
6408,0,5.7479753186552416e-05,0,5.7479753186552416e-05,0,0.0
6409,0,0.004830704735401807,0,0.0048307047354018,0,6.938893903907228e-18
6410,0,0.0,0,0.0,0,0.0
6411,0,0.0,0,0.0,0,0.0
6412,0,0.0,0,0.0,0,0.0
6413,0,0.0,0,0.0,0,0.0
6414,0,0.0,0,0.0,0,0.0
6415,0,0.00011988646862126974,0,0.0001198864686212,0,6.974130474513007e-17
6416,0,0.0,0,0.0,0,0.0
6417,0,0.0,0,0.0,0,0.0
6418,0,0.005005538544517542,0,0.0050055385445175,0,4.163336342344337e-17
6419,0,0.0,0,0.0,0,0.0
6420,0,5.538544517541651e-06,0,5.538544517541651e-06,0,0.0
6421,0,0.00020204493148073214,0,0.0002020449314807,0,3.2146594414195206e-17
6422,0,5.538544517541651e-06,0,5.538544517541651e-06,0,0.0
6423,0,9.750565570785579e-05,0,9.75056557078558e-05,0,1.3552527156068805e-20
6424,0,0.014997709860250126,0,0.0149977098602501,0,2.6020852139652106e-17
6425,0,0.0005056500860389601,0,0.0005056500860389,0,6.006480035569695e-17
6426,0,1.355918992709745e-05,0,1.355918992709745e-05,0,0.0
6427,1,0.9999405859609347,1,0.9999405859609348,1,1.1102230246251565e-16
6428,0,0.0,0,0.0,0,0.0
6429,0,0.0,0,0.0,0,0.0
6430,0,0.0,0,0.0,0,0.0
6431,0,0.005013624954201079,0,0.005013624954201,0,7.892991815694472e-17
6432,0,0.0043062955552919755,0,0.0043062955552919,0,7.546047120499111e-17
6433,0,4.1950919242184565e-05,0,4.1950919242184565e-05,0,0.0
6434,0,3.333944831029167e-05,0,3.333944831029167e-05,0,0.0
6435,0,0.0,0,0.0,0,0.0
6436,0,3.333944831029167e-05,0,3.333944831029167e-05,0,0.0
6437,0,0.0,0,0.0,0,0.0
6438,0,3.333944831029167e-05,0,3.333944831029167e-05,0,0.0
6439,0,0.0,0,0.0,0,0.0
6440,0,0.005,0,0.005,0,0.0
6441,0,0.0,0,0.0,0,0.0
6442,0,0.004682330101573007,0,0.004682330101573,0,6.938893903907228e-18
6443,0,0.00383169392037783,0,0.0038316939203778,0,2.992397996059992e-17
6444,0,0.0,0,0.0,0,0.0
6445,0,0.0,0,0.0,0,0.0
6446,1,0.999968985481905,1,0.999968985481905,1,0.0
6447,0,1.355918992709745e-05,0,1.355918992709745e-05,0,0.0
6448,0,0.0,0,0.0,0,0.0
6449,0,3.333944831029167e-05,0,3.333944831029167e-05,0,0.0
6450,0,0.0,0,0.0,0,0.0
6451,0,3.333944831029167e-05,0,3.333944831029167e-05,0,0.0
6452,0,0.0,0,0.0,0,0.0
6453,0,0.0001562116861915971,0,0.0001562116861915,0,9.709030454607692e-17
6454,0,0.05946713211964145,0,0.0594671321196414,0,4.85722573273506e-17
6455,0,0.004555418372328095,0,0.004555418372328,0,9.454242944073599e-17
6456,0,0.010013443646611839,0,0.0100134436466118,0,3.9898639947466563e-17
6457,0,0.0005897266505543405,0,0.0005897266505543,0,4.0440741033709315e-17
6458,0,0.05352535426466235,0,0.0535253542646623,0,4.85722573273506e-17
6459,0,0.0,0,0.0,0,0.0
6460,0,0.0,0,0.0,0,0.0
6461,0,0.0,0,0.0,0,0.0
6462,0,0.0,0,0.0,0,0.0
6463,0,5.627566072263052e-05,0,5.627566072263052e-05,0,0.0
6464,0,3.333944831029167e-05,0,3.333944831029167e-05,0,0.0
6465,0,0.019270169533423528,0,0.0192701695334235,0,2.7755575615628914e-17
6466,0,5.627566072263052e-05,0,5.627566072263052e-05,0,0.0
6467,0,0.01,0,0.01,0,0.0
6468,0,0.00018377952912623856,0,0.0001837795291262,0,3.854338723185968e-17
6469,0,5.538544517541651e-06,0,5.538544517541651e-06,0,0.0
6470,0,5.627566072263052e-05,0,5.627566072263052e-05,0,0.0
6471,0,0.0,0,0.0,0,0.0
6472,1,0.9999553676426268,1,0.9999553676426268,1,0.0
6473,0,0.0,0,0.0,0,0.0
6474,0,0.0,0,0.0,0,0.0
6475,0,0.01,0,0.01,0,0.0
6476,0,0.021581078656501565,0,0.0215810786565015,0,6.591949208711867e-17
6477,0,0.0,0,0.0,0,0.0
6478,0,0.0,0,0.0,0,0.0
6479,0,0.0005404804850093014,0,0.0005404804850093,0,1.4094628242311558e-18
6480,0,0.005032302640733737,0,0.0050323026407337,0,3.642919299551295e-17
6481,0,0.00016827334279829955,0,0.0001682733427982,0,9.955686448848144e-17
6482,0,0.005,0,0.005,0,0.0
6483,0,0.0006636162695505351,0,0.0006636162695505,0,3.5128150388530344e-17
6484,0,0.0,0,0.0,0,0.0
6485,0,0.0,0,0.0,0,0.0
6486,0,0.0,0,0.0,0,0.0
6487,0,0.005,0,0.005,0,0.0
6488,0,0.014511752145700052,0,0.0145117521457,0,5.204170427930421e-17
6489,0,0.002080946864846224,0,0.0020809468648462,0,2.3852447794681098e-17
6490,0,0.0,0,0.0,0,0.0
6491,0,0.005,0,0.005,0,0.0
6492,0,0.0,0,0.0,0,0.0
6493,0,4.1950919242184565e-05,0,4.1950919242184565e-05,0,0.0
6494,0,0.005,0,0.005,0,0.0
6495,0,0.0052679236809852845,0,0.0052679236809852,0,8.413408858487514e-17
6496,0,1.8601760358719096e-05,0,1.8601760358719096e-05,0,0.0
6497,0,0.004916322131604049,0,0.004916322131604,0,4.85722573273506e-17
6498,0,0.005056546916745836,0,0.0050565469167458,0,3.5561831257524545e-17
6499,0,0.02501860176035872,0,0.0250186017603587,0,1.734723475976807e-17
6500,0,3.333944831029167e-05,0,3.333944831029167e-05,0,0.0
6501,0,0.005,0,0.005,0,0.0
6502,0,0.0,0,0.0,0,0.0
6503,0,3.230264073373704e-05,0,3.230264073373704e-05,0,0.0
6504,0,5.627566072263052e-05,0,5.627566072263052e-05,0,0.0
6505,0,0.0,0,0.0,0,0.0
6506,0,8.961510903292219e-05,0,8.961510903292219e-05,0,0.0
6507,0,0.010098456458171314,0,0.0100984564581713,0,1.3877787807814457e-17
6508,0,0.004968892070080182,0,0.0049688920700801,0,8.239936510889834e-17
6509,0,0.0,0,0.0,0,0.0
6510,0,0.0005275038770380521,0,0.000527503877038,0,5.2150124496552763e-17
6511,0,0.0,0,0.0,0,0.0
6512,0,3.333944831029167e-05,0,3.333944831029167e-05,0,0.0
6513,0,0.0,0,0.0,0,0.0
6514,0,0.0023919616953578405,0,0.0023919616953578,0,4.0332320816460765e-17
6515,0,0.0,0,0.0,0,0.0
6516,0,0.0050971215150077895,0,0.0050971215150077,0,8.933825901280557e-17
6517,0,0.00012119682550969995,0,0.0001211968255096,0,9.994988777600744e-17
6518,0,0.0,0,0.0,0,0.0
6519,0,8.020645409555797e-06,0,8.020645409555797e-06,0,0.0
6520,0,0.0,0,0.0,0,0.0
6521,0,0.005,0,0.005,0,0.0
6522,0,0.01,0,0.01,0,0.0
6523,0,0.06441783114889348,0,0.0644178311488934,0,6.938893903907228e-17
6524,0,0.00031460556183541383,0,0.0003146055618354,0,1.3823577699190182e-17
6525,0,0.0,0,0.0,0,0.0
6526,0,0.024644469910945425,0,0.0246444699109454,0,2.42861286636753e-17
6527,0,5.627566072263052e-05,0,5.627566072263052e-05,0,0.0
6528,0,0.00014413303792203878,0,0.000144133037922,0,3.878733272066892e-17
6529,1,0.9999387461177721,1,0.999938746117772,1,1.1102230246251565e-16
6530,0,0.0,0,0.0,0,0.0
6531,0,0.005,0,0.005,0,0.0
6532,0,0.0,0,0.0,0,0.0
6533,0,0.0,0,0.0,0,0.0
6534,0,3.333944831029167e-05,0,3.333944831029167e-05,0,0.0
6535,0,0.0005139446871109546,0,0.0005139446871109,0,5.4643789493269423e-17
6536,0,8.961510903292219e-05,0,8.961510903292219e-05,0,0.0
6537,0,0.0006098853830581349,0,0.0006098853830581,0,3.491130995403324e-17
6538,0,0.0,0,0.0,0,0.0
6539,0,3.333944831029167e-05,0,3.333944831029167e-05,0,0.0
6540,0,0.0,0,0.0,0,0.0
6541,0,0.0,0,0.0,0,0.0
6542,0,0.00014413303792203878,0,0.000144133037922,0,3.878733272066892e-17
6543,0,0.005,0,0.005,0,0.0
6544,0,3.333944831029167e-05,0,3.333944831029167e-05,0,0.0
6545,0,0.0,0,0.0,0,0.0
6546,0,0.0,0,0.0,0,0.0
6547,0,0.0,0,0.0,0,0.0
6548,0,0.005,0,0.005,0,0.0
6549,0,0.005,0,0.005,0,0.0
6550,0,5.627566072263052e-05,0,5.627566072263052e-05,0,0.0
6551,0,0.0,0,0.0,0,0.0
6552,0,5.627566072263052e-05,0,5.627566072263052e-05,0,0.0
6553,0,0.0005187133018801374,0,0.0005187133018801,0,3.74049749507499e-17
6554,0,0.00013351142282234897,0,0.0001335114228223,0,4.897883314203266e-17
6555,0,0.00021766812558489536,0,0.0002176681255848,0,9.535558107010011e-17
6556,0,0.0,0,0.0,0,0.0
6557,0,0.01,0,0.01,0,0.0
6558,0,0.0,0,0.0,0,0.0
6559,0,0.0,0,0.0,0,0.0
6560,0,0.005,0,0.005,0,0.0
6561,0,5.627566072263052e-05,0,5.627566072263052e-05,0,0.0
6562,0,0.0,0,0.0,0,0.0
6563,0,0.004863256652624347,0,0.0048632566526243,0,4.683753385137379e-17
6564,0,8.961510903292219e-05,0,8.961510903292219e-05,0,0.0
6565,0,5.538544517541651e-06,0,5.538544517541651e-06,0,0.0
6566,0,0.005,0,0.005,0,0.0
6567,0,0.0,0,0.0,0,0.0
6568,0,0.0,0,0.0,0,0.0
6569,0,0.00303403865802984,0,0.0030340386580298,0,3.9898639947466563e-17
6570,0,5.1008372228295e-05,0,5.1008372228295e-05,0,0.0
6571,0,0.0,0,0.0,0,0.0
6572,0,8.020645409555797e-06,0,8.020645409555797e-06,0,0.0
6573,0,0.0,0,0.0,0,0.0
6574,0,0.0,0,0.0,0,0.0
6575,0,0.00020494410582555904,0,0.0002049441058255,0,5.903480829183572e-17
6576,0,0.0,0,0.0,0,0.0
6577,0,0.0,0,0.0,0,0.0
6578,0,0.0,0,0.0,0,0.0
6579,0,8.961510903292219e-05,0,8.961510903292219e-05,0,0.0
6580,0,5.627566072263052e-05,0,5.627566072263052e-05,0,0.0
6581,0,0.0,0,0.0,0,0.0
6582,0,0.009429827923660582,0,0.0094298279236605,0,8.153200337090993e-17
6583,0,0.0,0,0.0,0,0.0
6584,0,0.0,0,0.0,0,0.0
6585,0,0.0,0,0.0,0,0.0
6586,0,0.00383169392037783,0,0.0038316939203778,0,2.992397996059992e-17
6587,0,0.00505627566072263,0,0.0050562756607226,0,3.0357660829594124e-17
6588,0,9.712151500778927e-05,0,9.712151500778928e-05,0,1.3552527156068805e-20
6589,0,0.0001846864431214776,0,0.0001846864431214,0,7.760177049564998e-17
6590,0,0.025,0,0.025,0,0.0
6591,0,0.005,0,0.005,0,0.0
6592,0,0.005,0,0.005,0,0.0
6593,0,3.333944831029167e-05,0,3.333944831029167e-05,0,0.0
6594,0,0.0,0,0.0,0,0.0
6595,0,0.0,0,0.0,0,0.0
6596,0,0.0,0,0.0,0,0.0
6597,0,1.3624954201079227e-05,0,1.3624954201079228e-05,0,1.6940658945086007e-21
6598,0,0.0,0,0.0,0,0.0
6599,0,0.005,0,0.005,0,0.0
6600,0,1.8601760358719096e-05,0,1.8601760358719096e-05,0,0.0
6601,0,9.712151500778927e-05,0,9.712151500778928e-05,0,1.3552527156068805e-20
6602,0,3.333944831029167e-05,0,3.333944831029167e-05,0,0.0
6603,0,0.0,0,0.0,0,0.0
6604,0,5.627566072263052e-05,0,5.627566072263052e-05,0,0.0
6605,0,3.333944831029167e-05,0,3.333944831029167e-05,0,0.0
6606,0,0.00036812683189543576,0,0.0003681268318954,0,3.5778671692021646e-17
6607,0,0.02,0,0.02,0,0.0
6608,0,0.00012287223788130542,0,0.0001228722378813,0,5.421010862427522e-18
6609,1,0.9999495826178968,1,0.9999495826178968,1,0.0
6610,0,0.00501860176035872,0,0.0050186017603587,0,1.9949319973733282e-17
6611,0,6.429630613218631e-05,0,6.429630613218631e-05,0,0.0
6612,0,0.005,0,0.005,0,0.0
6613,0,0.0,0,0.0,0,0.0
6614,0,0.0,0,0.0,0,0.0
6615,0,0.0,0,0.0,0,0.0
6616,0,0.00012807605179355005,0,0.0001280760517935,0,5.006303531451817e-17
6617,0,3.333944831029167e-05,0,3.333944831029167e-05,0,0.0
6618,0,0.0,0,0.0,0,0.0
6619,0,0.006340447476491174,0,0.0063404474764911,0,7.37257477290143e-17
6620,0,5.627566072263052e-05,0,5.627566072263052e-05,0,0.0
6621,0,0.0,0,0.0,0,0.0
6622,0,0.0,0,0.0,0,0.0
6623,0,6.181420524017216e-05,0,6.181420524017216e-05,0,0.0
6624,0,0.0,0,0.0,0,0.0
6625,0,5.627566072263052e-05,0,5.627566072263052e-05,0,0.0
6626,0,8.020645409555797e-06,0,8.020645409555797e-06,0,0.0
6627,0,0.0005563872022440489,0,0.000556387202244,0,4.889751797909625e-17
6628,0,0.018845906707352558,0,0.0188459067073525,0,5.898059818321144e-17
6629,0,0.05887935518723805,0,0.058879355187238,0,5.551115123125783e-17
6630,0,0.0,0,0.0,0,0.0
6631,0,0.005513944687110955,0,0.0055139446871109,0,5.4643789493269423e-17
6632,0,0.0,0,0.0,0,0.0
6633,0,0.005,0,0.005,0,0.0
6634,0,0.01001362495420108,0,0.010013624954201,0,7.979727989493313e-17
6635,0,0.0,0,0.0,0,0.0
6636,0,5.627566072263052e-05,0,5.627566072263052e-05,0,0.0
6637,0,0.0,0,0.0,0,0.0
6638,0,0.024774160216233604,0,0.0247741602162336,0,3.469446951953614e-18
6639,0,0.007432146673098039,0,0.007432146673098,0,3.903127820947816e-17
6640,0,3.230264073373704e-05,0,3.230264073373704e-05,0,0.0
6641,1,0.999876936610803,1,0.999876936610803,1,0.0
6642,0,0.0,0,0.0,0,0.0
6643,0,5.627566072263052e-05,0,5.627566072263052e-05,0,0.0
6644,0,8.961510903292219e-05,0,8.961510903292219e-05,0,0.0
6645,0,8.020645409555797e-06,0,8.020645409555797e-06,0,0.0
6646,0,0.0,0,0.0,0,0.0
6647,0,0.0041882066903452825,0,0.0041882066903452,0,8.239936510889834e-17
6648,0,0.0,0,0.0,0,0.0
6649,0,9.712151500778927e-05,0,9.712151500778928e-05,0,1.3552527156068805e-20
6650,0,0.0,0,0.0,0,0.0
6651,0,0.0,0,0.0,0,0.0
6652,0,6.181420524017216e-05,0,6.181420524017216e-05,0,0.0
6653,0,3.333944831029167e-05,0,3.333944831029167e-05,0,0.0
6654,0,0.0,0,0.0,0,0.0
6655,0,0.0,0,0.0,0,0.0
6656,0,1.3624954201079227e-05,0,1.3624954201079228e-05,0,1.6940658945086007e-21
6657,0,1.3624954201079227e-05,0,1.3624954201079228e-05,0,1.6940658945086007e-21
6658,0,0.0,0,0.0,0,0.0
6659,0,0.005,0,0.005,0,0.0
6660,0,0.0,0,0.0,0,0.0
6661,0,0.0,0,0.0,0,0.0
6662,0,0.0,0,0.0,0,0.0
6663,0,0.0006854728142993496,0,0.0006854728142993,0,4.96564594998361e-17
6664,0,0.0,0,0.0,0,0.0
6665,0,0.00021766812558489536,0,0.0002176681255848,0,9.535558107010011e-17
6666,0,0.0007611571067506841,0,0.0007611571067506,0,8.402566836762659e-17
6667,0,6.429630613218631e-05,0,6.429630613218631e-05,0,0.0
6668,0,0.0,0,0.0,0,0.0
6669,0,0.0,0,0.0,0,0.0
6670,0,5.627566072263052e-05,0,5.627566072263052e-05,0,0.0
6671,0,0.005,0,0.005,0,0.0
6672,0,8.020645409555797e-06,0,8.020645409555797e-06,0,0.0
6673,0,0.00490392663907808,0,0.004903926639078,0,7.979727989493313e-17
6674,0,0.00492196775496186,0,0.0049219677549618,0,5.984795992119984e-17
6675,0,0.0,0,0.0,0,0.0
6676,0,0.00013046096331808095,0,0.000130460963318,0,8.096279723035504e-17
6677,0,5.627566072263052e-05,0,5.627566072263052e-05,0,0.0
6678,0,0.005,0,0.005,0,0.0
6679,0,0.0,0,0.0,0,0.0
6680,0,5.627566072263052e-05,0,5.627566072263052e-05,0,0.0
6681,0,0.00038465628283235615,0,0.0003846562828323,0,5.616167253474913e-17
6682,0,0.0,0,0.0,0,0.0
6683,0,3.333944831029167e-05,0,3.333944831029167e-05,0,0.0
6684,0,0.0,0,0.0,0,0.0
6685,0,6.181420524017216e-05,0,6.181420524017216e-05,0,0.0
6686,0,0.005032302640733737,0,0.0050323026407337,0,3.642919299551295e-17
6687,0,8.961510903292219e-05,0,8.961510903292219e-05,0,0.0
6688,0,0.0,0,0.0,0,0.0
6689,0,3.333944831029167e-05,0,3.333944831029167e-05,0,0.0
6690,0,5.627566072263052e-05,0,5.627566072263052e-05,0,0.0
6691,0,0.0,0,0.0,0,0.0
6692,0,0.0,0,0.0,0,0.0
6693,0,0.00017914789860393594,0,0.0001791478986039,0,3.594130201789447e-17
6694,0,0.0,0,0.0,0,0.0
6695,0,0.0,0,0.0,0,0.0
6696,0,0.0,0,0.0,0,0.0
6697,0,0.0002945592148584812,0,0.0002945592148584,0,8.120674271916428e-17
6698,0,0.0,0,0.0,0,0.0
6699,0,0.0001774724862323305,0,0.0001774724862323,0,3.049318610115481e-17
6700,0,0.0001774724862323305,0,0.0001774724862323,0,3.049318610115481e-17
6701,0,0.0,0,0.0,0,0.0
6702,0,3.333944831029167e-05,0,3.333944831029167e-05,0,0.0
6703,0,4.69644025113709e-05,0,4.69644025113709e-05,0,0.0
6704,0,0.0016591870431794545,0,0.0016591870431794,0,5.442694905877232e-17
6705,0,0.0,0,0.0,0,0.0
6706,0,0.00031478964059268464,0,0.0003147896405926,0,8.462197956249362e-17
6707,0,0.0,0,0.0,0,0.0
6708,0,0.005,0,0.005,0,0.0
6709,0,0.0,0,0.0,0,0.0
6710,0,0.0,0,0.0,0,0.0
6711,0,5.538544517541651e-06,0,5.538544517541651e-06,0,0.0
6712,0,8.020645409555797e-06,0,8.020645409555797e-06,0,0.0
6713,0,9.712151500778927e-05,0,9.712151500778928e-05,0,1.3552527156068805e-20
6714,0,0.0,0,0.0,0,0.0
6715,0,0.0,0,0.0,0,0.0
6716,0,0.0017963961707652314,0,0.0017963961707652,0,3.144186300207963e-17
6717,1,0.9899479972693535,1,0.9899479972693536,1,1.1102230246251565e-16
6718,0,5.627566072263052e-05,0,5.627566072263052e-05,0,0.0
6719,1,0.9999270883295894,1,0.9999270883295894,1,0.0
6720,0,0.0,0,0.0,0,0.0
6721,0,0.0,0,0.0,0,0.0
6722,0,3.333944831029167e-05,0,3.333944831029167e-05,0,0.0
6723,0,0.0,0,0.0,0,0.0
6724,0,5.627566072263052e-05,0,5.627566072263052e-05,0,0.0
6725,0,0.0,0,0.0,0,0.0
6726,0,1.3624954201079227e-05,0,1.3624954201079228e-05,0,1.6940658945086007e-21
6727,0,0.0,0,0.0,0,0.0
6728,0,5.627566072263052e-05,0,5.627566072263052e-05,0,0.0
6729,0,0.0,0,0.0,0,0.0
6730,0,0.0,0,0.0,0,0.0
6731,0,0.0,0,0.0,0,0.0
6732,0,0.00021766812558489536,0,0.0002176681255848,0,9.535558107010011e-17
6733,0,0.04478932808168876,0,0.0447893280816887,0,6.245004513516506e-17
6734,1,0.9999694394776268,1,0.9999694394776268,1,0.0
6735,0,0.00020941589379658052,0,0.0002094158937965,0,8.052911636136084e-17
6736,0,0.002541214272751574,0,0.0025412142727515,0,7.37257477290143e-17
6737,0,0.00073161281269585,0,0.0007316128126958,0,5.0090140368830305e-17
6738,0,0.0,0,0.0,0,0.0
6739,0,1.8601760358719096e-05,0,1.8601760358719096e-05,0,0.0
6740,0,0.0,0,0.0,0,0.0
6741,0,1.8601760358719096e-05,0,1.8601760358719096e-05,0,0.0
6742,0,3.333944831029167e-05,0,3.333944831029167e-05,0,0.0
6743,0,0.005,0,0.005,0,0.0
6744,0,0.030158003361493053,0,0.030158003361493,0,5.204170427930421e-17
6745,0,0.00010410303180465657,0,0.0001041030318046,0,5.65682483494312e-17
6746,0,8.961510903292219e-05,0,8.961510903292219e-05,0,0.0
6747,0,0.0006062038872701262,0,0.0006062038872701,0,2.6237692574149207e-17
6748,0,0.0,0,0.0,0,0.0
6749,0,0.0345587011136653,0,0.0345587011136653,0,0.0
6750,0,0.010033339448310292,0,0.0100333394483102,0,9.194034422677078e-17
6751,0,0.0,0,0.0,0,0.0
6752,0,0.0,0,0.0,0,0.0
6753,0,0.0,0,0.0,0,0.0
6754,0,0.000636111049357041,0,0.000636111049357,0,4.098284211995207e-17
6755,0,0.0,0,0.0,0,0.0
6756,0,7.529036755247624e-05,0,7.529036755247624e-05,0,0.0
6757,0,0.0,0,0.0,0,0.0
6758,0,0.0005188788616268266,0,0.0005188788616268,0,2.656295322589486e-17
6759,0,0.0005001115415214183,0,0.0005001115415214,0,1.8323016715005025e-17
6760,0,0.015443358970001512,0,0.0154433589700015,0,1.214306433183765e-17
6761,0,0.0,0,0.0,0,0.0
6762,0,5.627566072263052e-05,0,5.627566072263052e-05,0,0.0
6763,0,0.00021766812558489536,0,0.0002176681255848,0,9.535558107010011e-17
6764,0,0.0,0,0.0,0,0.0
6765,0,0.0,0,0.0,0,0.0
6766,0,0.0,0,0.0,0,0.0
6767,0,0.005,0,0.005,0,0.0
6768,0,0.0,0,0.0,0,0.0
6769,0,5.627566072263052e-05,0,5.627566072263052e-05,0,0.0
6770,0,0.004987144056521862,0,0.0049871440565218,0,6.158268339717665e-17
6771,0,0.0005188788616268266,0,0.0005188788616268,0,2.656295322589486e-17
6772,0,0.0,0,0.0,0,0.0
6773,0,0.0,0,0.0,0,0.0
6774,1,0.9999693971896946,1,0.9999693971896946,1,0.0
6775,0,5.627566072263052e-05,0,5.627566072263052e-05,0,0.0
6776,0,3.333944831029167e-05,0,3.333944831029167e-05,0,0.0
6777,0,8.961510903292219e-05,0,8.961510903292219e-05,0,0.0
6778,0,5.627566072263052e-05,0,5.627566072263052e-05,0,0.0
6779,0,8.961510903292219e-05,0,8.961510903292219e-05,0,0.0
6780,0,0.004987144056521862,0,0.0049871440565218,0,6.158268339717665e-17
6781,0,0.00505627566072263,0,0.0050562756607226,0,3.0357660829594124e-17
6782,0,5.627566072263052e-05,0,5.627566072263052e-05,0,0.0
6783,0,0.01,0,0.01,0,0.0
6784,0,0.005513944687110955,0,0.0055139446871109,0,5.4643789493269423e-17
6785,0,5.627566072263052e-05,0,5.627566072263052e-05,0,0.0
6786,0,0.0,0,0.0,0,0.0
6787,0,1.3624954201079227e-05,0,1.3624954201079228e-05,0,1.6940658945086007e-21
6788,0,0.0,0,0.0,0,0.0
6789,0,5.627566072263052e-05,0,5.627566072263052e-05,0,0.0
6790,0,3.333944831029167e-05,0,3.333944831029167e-05,0,0.0
6791,0,0.0,0,0.0,0,0.0
6792,0,0.005032302640733737,0,0.0050323026407337,0,3.642919299551295e-17
6793,0,0.0,0,0.0,0,0.0
6794,0,3.333944831029167e-05,0,3.333944831029167e-05,0,0.0
6795,0,5.627566072263052e-05,0,5.627566072263052e-05,0,0.0
6796,0,0.005804556724207983,0,0.0058045567242079,0,8.326672684688674e-17
6797,0,0.0,0,0.0,0,0.0
6798,0,0.0,0,0.0,0,0.0
6799,0,1.8601760358719096e-05,0,1.8601760358719096e-05,0,0.0
6800,0,0.0005001115415214183,0,0.0005001115415214,0,1.8323016715005025e-17
6801,0,0.0,0,0.0,0,0.0
6802,0,0.0,0,0.0,0,0.0
6803,0,0.004880268658613626,0,0.0048802686586136,0,2.6020852139652106e-17
6804,0,3.333944831029167e-05,0,3.333944831029167e-05,0,0.0
6805,0,8.961510903292219e-05,0,8.961510903292219e-05,0,0.0
6806,0,0.0001562116861915971,0,0.0001562116861915,0,9.709030454607692e-17
6807,0,3.230264073373704e-05,0,3.230264073373704e-05,0,0.0
6808,0,5.627566072263052e-05,0,5.627566072263052e-05,0,0.0
6809,0,0.00012374159973993032,0,0.0001237415997399,0,3.0330555775281987e-17
6810,0,3.333944831029167e-05,0,3.333944831029167e-05,0,0.0
6811,0,0.00505627566072263,0,0.0050562756607226,0,3.0357660829594124e-17
6812,0,0.005,0,0.005,0,0.0
6813,0,0.0,0,0.0,0,0.0
6814,0,5.627566072263052e-05,0,5.627566072263052e-05,0,0.0
6815,0,0.0001846864431214776,0,0.0001846864431214,0,7.760177049564998e-17
6816,0,0.0,0,0.0,0,0.0
6817,0,0.005,0,0.005,0,0.0
6818,0,0.00021766812558489536,0,0.0002176681255848,0,9.535558107010011e-17
6819,0,0.0,0,0.0,0,0.0
6820,1,0.9999567911599737,1,0.9999567911599736,1,1.1102230246251565e-16
6821,0,0.0,0,0.0,0,0.0
6822,0,0.0005275038770380521,0,0.000527503877038,0,5.2150124496552763e-17
6823,0,0.0,0,0.0,0,0.0
6824,0,9.648278508447526e-06,0,9.648278508447526e-06,0,0.0
6825,0,0.00021766812558489536,0,0.0002176681255848,0,9.535558107010011e-17
6826,0,0.0,0,0.0,0,0.0
6827,0,3.333944831029167e-05,0,3.333944831029167e-05,0,0.0
6828,0,5.627566072263052e-05,0,5.627566072263052e-05,0,0.0
6829,0,5.194120866901077e-05,0,5.194120866901077e-05,0,0.0
6830,0,0.0,0,0.0,0,0.0
6831,0,0.0,0,0.0,0,0.0
6832,0,8.961510903292219e-05,0,8.961510903292219e-05,0,0.0
6833,0,5.627566072263052e-05,0,5.627566072263052e-05,0,0.0
6834,0,1.3624954201079227e-05,0,1.3624954201079228e-05,0,1.6940658945086007e-21
6835,0,0.01,0,0.01,0,0.0
6836,0,0.0006980267602307626,0,0.0006980267602307,0,6.25584653524136e-17
6837,0,8.961510903292219e-05,0,8.961510903292219e-05,0,0.0
6838,0,0.0,0,0.0,0,0.0
6839,0,0.0001774724862323305,0,0.0001774724862323,0,3.049318610115481e-17
6840,0,5.627566072263052e-05,0,5.627566072263052e-05,0,0.0
6841,0,0.0,0,0.0,0,0.0
6842,0,0.0,0,0.0,0,0.0
6843,0,0.009860516026181966,0,0.0098605160261819,0,6.591949208711867e-17
6844,0,0.00021766812558489536,0,0.0002176681255848,0,9.535558107010011e-17
6845,0,7.487742108134962e-05,0,7.487742108134962e-05,0,0.0
6846,0,3.333944831029167e-05,0,3.333944831029167e-05,0,0.0
6847,0,0.0,0,0.0,0,0.0
6848,0,5.627566072263052e-05,0,5.627566072263052e-05,0,0.0
6849,0,5.627566072263052e-05,0,5.627566072263052e-05,0,0.0
6850,0,3.887799282783332e-05,0,3.887799282783332e-05,0,0.0
6851,0,0.0,0,0.0,0,0.0
6852,0,0.0,0,0.0,0,0.0
6853,0,0.0,0,0.0,0,0.0
6854,0,5.627566072263052e-05,0,5.627566072263052e-05,0,0.0
6855,0,0.00021766812558489536,0,0.0002176681255848,0,9.535558107010011e-17
6856,0,0.005217668125584896,0,0.0052176681255848,0,9.540979117872439e-17
6857,0,0.0,0,0.0,0,0.0
6858,0,0.005,0,0.005,0,0.0
6859,0,3.333944831029167e-05,0,3.333944831029167e-05,0,0.0
6860,0,0.0,0,0.0,0,0.0
6861,0,0.004980352105324882,0,0.0049803521053248,0,8.239936510889834e-17
6862,0,0.0,0,0.0,0,0.0
6863,0,0.0,0,0.0,0,0.0
6864,0,0.00021766812558489536,0,0.0002176681255848,0,9.535558107010011e-17
6865,0,0.00504757452376542,0,0.0050475745237654,0,1.9949319973733282e-17
6866,0,0.00507180039107092,0,0.0050718003910709,0,1.9949319973733282e-17
6867,0,1.3624954201079227e-05,0,1.3624954201079228e-05,0,1.6940658945086007e-21
6868,0,4.1950919242184565e-05,0,4.1950919242184565e-05,0,0.0
6869,0,0.0,0,0.0,0,0.0
6870,1,0.9999566962769433,1,0.9999566962769432,1,1.1102230246251565e-16
6871,0,0.0,0,0.0,0,0.0
6872,0,3.333944831029167e-05,0,3.333944831029167e-05,0,0.0
6873,0,5.627566072263052e-05,0,5.627566072263052e-05,0,0.0
6874,0,0.00505627566072263,0,0.0050562756607226,0,3.0357660829594124e-17
6875,0,0.00015349946624343698,0,0.0001534994662434,0,3.69712940817557e-17
6876,0,0.0,0,0.0,0,0.0
6877,0,5.627566072263052e-05,0,5.627566072263052e-05,0,0.0
6878,0,0.00025708008358731814,0,0.0002570800835873,0,1.81603863891322e-17
6879,0,0.00013848160872763674,0,0.0001384816087276,0,3.67544536472586e-17
6880,0,0.0,0,0.0,0,0.0
6881,0,0.0,0,0.0,0,0.0
6882,1,0.9997602950569316,1,0.9997602950569316,1,0.0
6883,0,5.627566072263052e-05,0,5.627566072263052e-05,0,0.0
6884,0,0.0,0,0.0,0,0.0
6885,0,0.0,0,0.0,0,0.0
6886,0,1.3624954201079227e-05,0,1.3624954201079228e-05,0,1.6940658945086007e-21
6887,0,0.0051640650350170255,0,0.005164065035017,0,2.5153490401663703e-17
6888,0,0.0,0,0.0,0,0.0
6889,0,0.0,0,0.0,0,0.0
6890,0,0.0,0,0.0,0,0.0
6891,0,0.019970084966850408,0,0.0199700849668504,0,6.938893903907228e-18
6892,0,0.0,0,0.0,0,0.0
6893,0,0.005,0,0.005,0,0.0
6894,0,0.005,0,0.005,0,0.0
6895,0,9.712151500778927e-05,0,9.712151500778928e-05,0,1.3552527156068805e-20
6896,0,0.0,0,0.0,0,0.0
6897,0,0.0005837795377606826,0,0.0005837795377606,0,8.261620554339544e-17
6898,0,0.00010514216041734507,0,0.0001051421604173,0,4.5075705321084847e-17
6899,1,0.999981180562122,1,0.999981180562122,1,0.0
6900,0,2.320746843554498e-05,0,2.320746843554498e-05,0,0.0
6901,0,5.627566072263052e-05,0,5.627566072263052e-05,0,0.0
6902,0,8.961510903292219e-05,0,8.961510903292219e-05,0,0.0
6903,1,0.9999809252654117,1,0.9999809252654116,1,1.1102230246251565e-16
6904,0,0.0,0,0.0,0,0.0
6905,0,0.0,0,0.0,0,0.0
6906,0,0.005042969910893994,0,0.0050429699108939,0,9.454242944073599e-17
6907,0,0.0,0,0.0,0,0.0
6908,0,0.0,0,0.0,0,0.0
6909,0,8.961510903292219e-05,0,8.961510903292219e-05,0,0.0
6910,0,0.0,0,0.0,0,0.0
6911,0,0.000381751786096515,0,0.0003817517860965,0,1.496198998029996e-17
6912,0,0.0,0,0.0,0,0.0
6913,0,0.0,0,0.0,0,0.0
6914,0,0.0005187133018801374,0,0.0005187133018801,0,3.74049749507499e-17
6915,0,0.0,0,0.0,0,0.0
6916,0,3.333944831029167e-05,0,3.333944831029167e-05,0,0.0
6917,0,0.005035912908640437,0,0.0050359129086404,0,3.729655473350135e-17
6918,0,1.355918992709745e-05,0,1.355918992709745e-05,0,0.0
6919,0,3.333944831029167e-05,0,3.333944831029167e-05,0,0.0
6920,0,3.333944831029167e-05,0,3.333944831029167e-05,0,0.0
6921,0,0.004877813359987814,0,0.0048778133599878,0,1.3877787807814457e-17
6922,0,0.0002669651537205967,0,0.0002669651537205,0,9.6710833785707e-17
6923,0,0.0,0,0.0,0,0.0
6924,0,0.0,0,0.0,0,0.0
6925,0,0.0,0,0.0,0,0.0
6926,0,0.0,0,0.0,0,0.0
6927,0,7.487742108134962e-05,0,7.487742108134962e-05,0,0.0
6928,0,0.0,0,0.0,0,0.0
6929,0,0.00027394378630752583,0,0.0002739437863075,0,2.585822181377928e-17
6930,0,3.333944831029167e-05,0,3.333944831029167e-05,0,0.0
6931,0,0.0,0,0.0,0,0.0
6932,0,0.0,0,0.0,0,0.0
6933,0,0.0005081321869309742,0,0.0005081321869309,0,7.41594285980085e-17
6934,0,0.0,0,0.0,0,0.0
6935,0,0.0,0,0.0,0,0.0
6936,0,0.0,0,0.0,0,0.0
6937,0,0.00021766812558489536,0,0.0002176681255848,0,9.535558107010011e-17
6938,0,0.00012287223788130542,0,0.0001228722378813,0,5.421010862427522e-18
6939,0,0.0,0,0.0,0,0.0
6940,0,0.005,0,0.005,0,0.0
6941,0,5.090440109245614e-05,0,5.090440109245614e-05,0,0.0
6942,0,0.00017914789860393594,0,0.0001791478986039,0,3.594130201789447e-17
6943,0,1.3624954201079227e-05,0,1.3624954201079228e-05,0,1.6940658945086007e-21
6944,0,5.538544517541651e-06,0,5.538544517541651e-06,0,0.0
6945,0,0.0,0,0.0,0,0.0
6946,0,1.0323304617013603e-05,0,1.0323304617013604e-05,0,1.6940658945086007e-21
6947,0,0.0,0,0.0,0,0.0
6948,0,0.0,0,0.0,0,0.0
6949,0,3.333944831029167e-05,0,3.333944831029167e-05,0,0.0
6950,0,0.0,0,0.0,0,0.0
6951,0,0.0005139446871109546,0,0.0005139446871109,0,5.4643789493269423e-17
6952,0,8.961510903292219e-05,0,8.961510903292219e-05,0,0.0
6953,0,9.926338754136971e-05,0,9.926338754136972e-05,0,1.3552527156068805e-20
6954,0,5.627566072263052e-05,0,5.627566072263052e-05,0,0.0
6955,0,0.00014413303792203878,0,0.000144133037922,0,3.878733272066892e-17
6956,0,0.0,0,0.0,0,0.0
6957,0,3.333944831029167e-05,0,3.333944831029167e-05,0,0.0
6958,0,0.0,0,0.0,0,0.0
6959,0,6.983485064972797e-05,0,6.983485064972797e-05,0,0.0
6960,0,6.564208904402871e-05,0,6.564208904402871e-05,0,0.0
6961,0,0.0012313182298319633,0,0.0012313182298319,0,6.331740687315346e-17
6962,0,0.005,0,0.005,0,0.0
6963,0,0.0,0,0.0,0,0.0
6964,0,0.00012807605179355005,0,0.0001280760517935,0,5.006303531451817e-17
6965,0,1.8601760358719096e-05,0,1.8601760358719096e-05,0,0.0
6966,0,0.00013084510401814746,0,0.0001308451040181,0,4.7460950100552957e-17
6967,0,0.0,0,0.0,0,0.0
6968,0,0.0,0,0.0,0,0.0
6969,0,0.005,0,0.005,0,0.0
6970,0,0.0005056500860389601,0,0.0005056500860389,0,6.006480035569695e-17
6971,1,0.5099414942481959,1,0.5099414942481959,1,0.0
6972,0,0.0,0,0.0,0,0.0
6973,0,0.0004100357779251291,0,0.0004100357779251,0,2.9110828331235794e-17
6974,0,0.0011675984728807792,0,0.0011675984728807,0,7.914675859144182e-17
6975,0,0.00010645913755812737,0,0.0001064591375581,0,2.7376104855258987e-17
6976,0,0.00022570710065052542,0,0.0002257071006505,0,2.542454094478508e-17
6977,0,0.0,0,0.0,0,0.0
6978,0,0.015634009150476004,0,0.015634009150476,0,3.469446951953614e-18
6979,0,7.487742108134962e-05,0,7.487742108134962e-05,0,0.0
6980,0,0.00011068070493488673,0,0.0001106807049348,0,8.672262127168429e-17
6981,0,0.0,0,0.0,0,0.0
6982,0,0.010056275660722631,0,0.0100562756607226,0,3.122502256758253e-17
6983,0,0.0,0,0.0,0,0.0
6984,0,0.0,0,0.0,0,0.0
6985,0,0.0001562116861915971,0,0.0001562116861915,0,9.709030454607692e-17
6986,0,0.0,0,0.0,0,0.0
6987,0,0.0,0,0.0,0,0.0
6988,0,5.627566072263052e-05,0,5.627566072263052e-05,0,0.0
6989,0,0.005013443646611838,0,0.0050134436466118,0,3.8163916471489756e-17
6990,0,0.00029903436722520564,0,0.0002990343672252,0,5.637851296924623e-18
6991,0,0.004930868395799231,0,0.0049308683957992,0,3.0357660829594124e-17
6992,0,3.333944831029167e-05,0,3.333944831029167e-05,0,0.0
6993,0,0.0,0,0.0,0,0.0
6994,0,0.0,0,0.0,0,0.0
6995,0,0.0050971215150077895,0,0.0050971215150077,0,8.933825901280557e-17
6996,0,0.015,0,0.015,0,0.0
6997,0,0.0,0,0.0,0,0.0
6998,0,0.0,0,0.0,0,0.0
6999,0,0.0,0,0.0,0,0.0
7000,0,0.0,0,0.0,0,0.0
7001,0,3.333944831029167e-05,0,3.333944831029167e-05,0,0.0
7002,0,1.3624954201079227e-05,0,1.3624954201079228e-05,0,1.6940658945086007e-21
7003,0,0.01103265798899109,0,0.011032657988991,0,9.020562075079397e-17
7004,0,0.0051093711179460875,0,0.005109371117946,0,8.760353553682876e-17
7005,0,0.0,0,0.0,0,0.0
7006,0,5.627566072263052e-05,0,5.627566072263052e-05,0,0.0
7007,0,0.0,0,0.0,0,0.0
7008,0,3.333944831029167e-05,0,3.333944831029167e-05,0,0.0
7009,0,3.333944831029167e-05,0,3.333944831029167e-05,0,0.0
7010,0,0.0,0,0.0,0,0.0
7011,0,1.8601760358719096e-05,0,1.8601760358719096e-05,0,0.0
7012,0,0.0,0,0.0,0,0.0
7013,0,0.005,0,0.005,0,0.0
7014,0,1.8601760358719096e-05,0,1.8601760358719096e-05,0,0.0
7015,0,0.00505627566072263,0,0.0050562756607226,0,3.0357660829594124e-17
7016,0,0.00025708008358731814,0,0.0002570800835873,0,1.81603863891322e-17
7017,0,0.0,0,0.0,0,0.0
7018,0,1.3624954201079227e-05,0,1.3624954201079228e-05,0,1.6940658945086007e-21
7019,0,1.8601760358719096e-05,0,1.8601760358719096e-05,0,0.0
7020,0,0.0,0,0.0,0,0.0
7021,0,0.0,0,0.0,0,0.0
7022,0,0.0,0,0.0,0,0.0
7023,0,0.0,0,0.0,0,0.0
7024,0,0.0,0,0.0,0,0.0
7025,0,3.333944831029167e-05,0,3.333944831029167e-05,0,0.0
7026,0,1.8601760358719096e-05,0,1.8601760358719096e-05,0,0.0
7027,0,5.627566072263052e-05,0,5.627566072263052e-05,0,0.0
7028,0,3.333944831029167e-05,0,3.333944831029167e-05,0,0.0
7029,0,0.015,0,0.015,0,0.0
7030,0,0.0,0,0.0,0,0.0
7031,0,5.627566072263052e-05,0,5.627566072263052e-05,0,0.0
7032,0,0.0,0,0.0,0,0.0
7033,0,0.0,0,0.0,0,0.0
7034,0,0.0,0,0.0,0,0.0
7035,0,3.333944831029167e-05,0,3.333944831029167e-05,0,0.0
7036,0,5.627566072263052e-05,0,5.627566072263052e-05,0,0.0
7037,0,0.0005001115415214183,0,0.0005001115415214,0,1.8323016715005025e-17
7038,0,0.0,0,0.0,0,0.0
7039,0,3.333944831029167e-05,0,3.333944831029167e-05,0,0.0
7040,0,3.333944831029167e-05,0,3.333944831029167e-05,0,0.0
7041,0,1.8601760358719096e-05,0,1.8601760358719096e-05,0,0.0
7042,0,0.01,0,0.01,0,0.0
7043,0,0.00013046096331808095,0,0.000130460963318,0,8.096279723035504e-17
7044,0,0.0,0,0.0,0,0.0
7045,0,0.0,0,0.0,0,0.0
7046,0,1.8601760358719096e-05,0,1.8601760358719096e-05,0,0.0
7047,0,0.0,0,0.0,0,0.0
7048,0,0.0,0,0.0,0,0.0
7049,0,0.0,0,0.0,0,0.0
7050,0,0.005,0,0.005,0,0.0
7051,0,8.961510903292219e-05,0,8.961510903292219e-05,0,0.0
7052,0,5.627566072263052e-05,0,5.627566072263052e-05,0,0.0
7053,0,5.627566072263052e-05,0,5.627566072263052e-05,0,0.0
7054,0,0.0,0,0.0,0,0.0
7055,0,0.0025624394513548187,0,0.0025624394513548,0,1.8648277366750676e-17
7056,0,0.00021766812558489536,0,0.0002176681255848,0,9.535558107010011e-17
7057,0,0.0,0,0.0,0,0.0
7058,0,0.0,0,0.0,0,0.0
7059,0,0.005,0,0.005,0,0.0
7060,0,1.8601760358719096e-05,0,1.8601760358719096e-05,0,0.0
7061,0,1.8601760358719096e-05,0,1.8601760358719096e-05,0,0.0
7062,0,0.004933637351966213,0,0.0049336373519662,0,1.3010426069826053e-17
7063,0,1.3624954201079227e-05,0,1.3624954201079228e-05,0,1.6940658945086007e-21
7064,0,0.0,0,0.0,0,0.0
7065,0,0.0,0,0.0,0,0.0
7066,0,0.005,0,0.005,0,0.0
7067,0,0.00014413303792203878,0,0.000144133037922,0,3.878733272066892e-17
7068,0,5.627566072263052e-05,0,5.627566072263052e-05,0,0.0
7069,0,5.627566072263052e-05,0,5.627566072263052e-05,0,0.0
7070,0,0.0,0,0.0,0,0.0
7071,0,0.0,0,0.0,0,0.0
7072,0,0.0,0,0.0,0,0.0
7073,0,0.0,0,0.0,0,0.0
7074,0,0.0,0,0.0,0,0.0
7075,0,0.0,0,0.0,0,0.0
7076,0,0.0046555619003339046,0,0.0046555619003339,0,4.336808689942018e-18
7077,0,0.0,0,0.0,0,0.0
7078,0,0.005,0,0.005,0,0.0
7079,0,8.961510903292219e-05,0,8.961510903292219e-05,0,0.0
7080,0,0.0,0,0.0,0,0.0
7081,0,0.0,0,0.0,0,0.0
7082,0,8.020645409555797e-06,0,8.020645409555797e-06,0,0.0
7083,0,0.0,0,0.0,0,0.0
7084,0,1.8601760358719096e-05,0,1.8601760358719096e-05,0,0.0
7085,0,0.0,0,0.0,0,0.0
7086,0,0.003214924732222039,0,0.003214924732222,0,3.903127820947816e-17
7087,0,0.0,0,0.0,0,0.0
7088,0,1.8601760358719096e-05,0,1.8601760358719096e-05,0,0.0
7089,0,1.8601760358719096e-05,0,1.8601760358719096e-05,0,0.0
7090,0,0.0,0,0.0,0,0.0
7091,0,0.0,0,0.0,0,0.0
7092,0,0.0,0,0.0,0,0.0
7093,0,3.333944831029167e-05,0,3.333944831029167e-05,0,0.0
7094,0,0.0,0,0.0,0,0.0
7095,0,0.0,0,0.0,0,0.0
7096,0,0.0,0,0.0,0,0.0
7097,0,0.0,0,0.0,0,0.0
7098,0,0.0,0,0.0,0,0.0
7099,0,0.01,0,0.01,0,0.0
7100,0,0.0,0,0.0,0,0.0
7101,0,3.333944831029167e-05,0,3.333944831029167e-05,0,0.0
7102,0,3.333944831029167e-05,0,3.333944831029167e-05,0,0.0
7103,0,0.005,0,0.005,0,0.0
7104,0,0.0,0,0.0,0,0.0
7105,0,5.627566072263052e-05,0,5.627566072263052e-05,0,0.0
7106,0,0.0,0,0.0,0,0.0
7107,0,0.005,0,0.005,0,0.0
7108,0,0.0,0,0.0,0,0.0
7109,0,3.333944831029167e-05,0,3.333944831029167e-05,0,0.0
7110,0,0.0,0,0.0,0,0.0
7111,0,0.0,0,0.0,0,0.0
7112,0,0.0,0,0.0,0,0.0
7113,0,0.004858293094404694,0,0.0048582930944046,0,9.367506770274758e-17
7114,0,0.0,0,0.0,0,0.0
7115,0,0.0,0,0.0,0,0.0
7116,0,0.0,0,0.0,0,0.0
7117,0,5.627566072263052e-05,0,5.627566072263052e-05,0,0.0
7118,0,9.712151500778927e-05,0,9.712151500778928e-05,0,1.3552527156068805e-20
7119,0,0.0,0,0.0,0,0.0
7120,0,0.0049543234202492755,0,0.0049543234202492,0,7.546047120499111e-17
7121,0,0.0,0,0.0,0,0.0
7122,0,1.355918992709745e-05,0,1.355918992709745e-05,0,0.0
7123,0,0.0,0,0.0,0,0.0
7124,0,0.0,0,0.0,0,0.0
7125,0,0.0,0,0.0,0,0.0
7126,0,0.005,0,0.005,0,0.0
7127,0,0.005,0,0.005,0,0.0
7128,0,0.0,0,0.0,0,0.0
7129,0,0.0,0,0.0,0,0.0
7130,0,1.3624954201079227e-05,0,1.3624954201079228e-05,0,1.6940658945086007e-21
7131,0,0.0,0,0.0,0,0.0
7132,0,7.487742108134962e-05,0,7.487742108134962e-05,0,0.0
7133,0,0.0,0,0.0,0,0.0
7134,0,0.0,0,0.0,0,0.0
7135,0,0.0,0,0.0,0,0.0
7136,0,0.0,0,0.0,0,0.0
7137,0,0.0,0,0.0,0,0.0
7138,0,0.0,0,0.0,0,0.0
7139,0,0.0,0,0.0,0,0.0
7140,0,0.0016751993452555317,0,0.0016751993452555,0,3.165870343657673e-17
7141,0,0.006567453702300489,0,0.0065674537023004,0,8.847089727481716e-17
7142,0,0.0,0,0.0,0,0.0
7143,0,0.010013559189927097,0,0.010013559189927,0,9.71445146547012e-17
7144,0,0.0,0,0.0,0,0.0
7145,0,0.005,0,0.005,0,0.0
7146,0,0.0138100814896985,0,0.0138100814896985,0,0.0
7147,0,0.011567453702300487,0,0.0115674537023004,0,8.673617379884035e-17
7148,0,0.0,0,0.0,0,0.0
7149,0,0.0005001115415214183,0,0.0005001115415214,0,1.8323016715005025e-17
7150,0,0.00017583554045244218,0,0.0001758355404524,0,4.217546450968612e-17
7151,0,0.000339435824986526,0,0.0003394358249865,0,2.6020852139652106e-17
7152,0,0.0016237293630231191,0,0.0016237293630231,0,1.9081958235744878e-17
7153,0,1.8601760358719096e-05,0,1.8601760358719096e-05,0,0.0
7154,0,0.005,0,0.005,0,0.0
7155,0,3.230264073373704e-05,0,3.230264073373704e-05,0,0.0
7156,0,0.0,0,0.0,0,0.0
7157,0,0.00505627566072263,0,0.0050562756607226,0,3.0357660829594124e-17
7158,0,7.487742108134962e-05,0,7.487742108134962e-05,0,0.0
7159,0,1.8601760358719096e-05,0,1.8601760358719096e-05,0,0.0
7160,0,0.0,0,0.0,0,0.0
7161,0,1.8601760358719096e-05,0,1.8601760358719096e-05,0,0.0
7162,0,1.8601760358719096e-05,0,1.8601760358719096e-05,0,0.0
7163,0,0.0,0,0.0,0,0.0
7164,0,0.0,0,0.0,0,0.0
7165,0,0.0,0,0.0,0,0.0
7166,0,1.8601760358719096e-05,0,1.8601760358719096e-05,0,0.0
7167,0,0.0,0,0.0,0,0.0
7168,0,0.0,0,0.0,0,0.0
7169,0,0.0,0,0.0,0,0.0
7170,0,0.005,0,0.005,0,0.0
7171,0,0.0,0,0.0,0,0.0
7172,0,0.0,0,0.0,0,0.0
7173,0,0.0,0,0.0,0,0.0
7174,0,0.0,0,0.0,0,0.0
7175,0,0.0,0,0.0,0,0.0
7176,0,0.0,0,0.0,0,0.0
7177,0,3.333944831029167e-05,0,3.333944831029167e-05,0,0.0
7178,0,0.0,0,0.0,0,0.0
7179,0,5.627566072263052e-05,0,5.627566072263052e-05,0,0.0
7180,0,0.0,0,0.0,0,0.0
7181,0,0.0,0,0.0,0,0.0
7182,0,0.0,0,0.0,0,0.0
7183,0,0.0,0,0.0,0,0.0
7184,0,0.0,0,0.0,0,0.0
7185,0,0.0,0,0.0,0,0.0
7186,0,0.0,0,0.0,0,0.0
7187,0,0.0005188788616268266,0,0.0005188788616268,0,2.656295322589486e-17
7188,0,0.0,0,0.0,0,0.0
7189,0,0.0,0,0.0,0,0.0
7190,0,0.004264935461572128,0,0.0042649354615721,0,2.7755575615628914e-17
7191,0,0.005,0,0.005,0,0.0
7192,0,0.0015674537023004887,0,0.0015674537023004,0,8.868773770931426e-17
7193,0,0.0,0,0.0,0,0.0
7194,0,0.0,0,0.0,0,0.0
7195,0,0.0,0,0.0,0,0.0
7196,0,5.627566072263052e-05,0,5.627566072263052e-05,0,0.0
7197,0,0.0,0,0.0,0,0.0
7198,0,4.1950919242184565e-05,0,4.1950919242184565e-05,0,0.0
7199,0,1.0323304617013603e-05,0,1.0323304617013604e-05,0,1.6940658945086007e-21
7200,0,0.0,0,0.0,0,0.0
7201,0,0.0,0,0.0,0,0.0
7202,0,0.0,0,0.0,0,0.0
7203,0,0.004077076399634243,0,0.0040770763996342,0,4.336808689942018e-17
7204,0,0.0,0,0.0,0,0.0
7205,0,5.627566072263052e-05,0,5.627566072263052e-05,0,0.0
7206,0,0.0,0,0.0,0,0.0
7207,0,0.0,0,0.0,0,0.0
7208,0,0.024224479452455015,0,0.024224479452455,0,1.3877787807814457e-17
7209,0,6.564208904402871e-05,0,6.564208904402871e-05,0,0.0
7210,0,0.0,0,0.0,0,0.0
7211,0,0.005381751786096515,0,0.0053817517860965,0,1.474514954580286e-17
7212,0,0.0,0,0.0,0,0.0
7213,0,3.333944831029167e-05,0,3.333944831029167e-05,0,0.0
7214,0,0.0,0,0.0,0,0.0
7215,0,0.005033339448310291,0,0.0050333394483102,0,9.107298248878237e-17
7216,0,9.763575444247798e-05,0,9.763575444247798e-05,0,0.0
7217,0,0.0,0,0.0,0,0.0
7218,0,0.00021766812558489536,0,0.0002176681255848,0,9.535558107010011e-17
7219,0,5.627566072263052e-05,0,5.627566072263052e-05,0,0.0
7220,0,0.0,0,0.0,0,0.0
7221,0,0.0,0,0.0,0,0.0
7222,0,1.355918992709745e-05,0,1.355918992709745e-05,0,0.0
7223,0,5.627566072263052e-05,0,5.627566072263052e-05,0,0.0
7224,0,3.333944831029167e-05,0,3.333944831029167e-05,0,0.0
7225,0,0.0,0,0.0,0,0.0
7226,0,0.0,0,0.0,0,0.0
7227,0,3.333944831029167e-05,0,3.333944831029167e-05,0,0.0
7228,0,0.0,0,0.0,0,0.0
7229,0,5.090440109245614e-05,0,5.090440109245614e-05,0,0.0
7230,0,0.0,0,0.0,0,0.0
7231,0,0.0,0,0.0,0,0.0
7232,0,0.01,0,0.01,0,0.0
7233,0,0.0,0,0.0,0,0.0
7234,0,0.0,0,0.0,0,0.0
7235,0,0.0,0,0.0,0,0.0
7236,0,0.0,0,0.0,0,0.0
7237,0,0.01,0,0.01,0,0.0
7238,0,0.0,0,0.0,0,0.0
7239,0,5.627566072263052e-05,0,5.627566072263052e-05,0,0.0
7240,0,0.0,0,0.0,0,0.0
7241,0,0.0,0,0.0,0,0.0
7242,0,0.0,0,0.0,0,0.0
7243,0,0.025,0,0.025,0,0.0
7244,0,0.0,0,0.0,0,0.0
7245,0,0.0001533971757304198,0,0.0001533971757304,0,1.9786689647860456e-17
7246,0,0.0,0,0.0,0,0.0
7247,0,0.009965410364023496,0,0.0099654103640234,0,9.71445146547012e-17
7248,0,0.00012119682550969995,0,0.0001211968255096,0,9.994988777600744e-17
7249,0,0.02,0,0.02,0,0.0
7250,0,0.0,0,0.0,0,0.0
7251,0,0.0,0,0.0,0,0.0
7252,0,0.06930232291363585,0,0.0693023229136358,0,4.163336342344337e-17
7253,0,0.00019286767875279826,0,0.0001928676787527,0,9.825582188149884e-17
7254,0,0.009655561900333905,0,0.0096555619003339,0,5.204170427930421e-18
7255,0,0.005,0,0.005,0,0.0
7256,0,9.648278508447526e-06,0,9.648278508447526e-06,0,0.0
7257,0,0.005188514326925333,0,0.0051885143269253,0,3.2959746043559335e-17
7258,0,0.0,0,0.0,0,0.0
7259,0,0.0,0,0.0,0,0.0
7260,0,0.010482681125527525,0,0.0104826811255275,0,2.42861286636753e-17
7261,0,0.01,0,0.01,0,0.0
7262,0,0.005,0,0.005,0,0.0
7263,0,0.009740968808210291,0,0.0097409688082102,0,9.194034422677078e-17
7264,0,0.0,0,0.0,0,0.0
7265,0,0.0,0,0.0,0,0.0
7266,0,0.0,0,0.0,0,0.0
7267,0,5.090440109245614e-05,0,5.090440109245614e-05,0,0.0
7268,0,0.0,0,0.0,0,0.0
7269,0,0.0,0,0.0,0,0.0
7270,0,0.010156211686191598,0,0.0101562116861915,0,9.8879238130678e-17
7271,0,0.0,0,0.0,0,0.0
7272,0,0.00019774965896265505,0,0.0001977496589626,0,5.505036530795149e-17
7273,0,0.005,0,0.005,0,0.0
7274,0,0.0,0,0.0,0,0.0
7275,0,0.0048013287941492495,0,0.0048013287941492,0,4.9439619065339e-17
7276,0,0.00013046096331808095,0,0.000130460963318,0,8.096279723035504e-17
7277,0,0.01,0,0.01,0,0.0
7278,0,0.015,0,0.015,0,0.0
7279,0,0.007167981392542856,0,0.0071679813925428,0,5.637851296924623e-17
7280,0,0.005,0,0.005,0,0.0
7281,0,0.004871993974779712,0,0.0048719939747797,0,1.1275702593849246e-17
7282,0,0.0,0,0.0,0,0.0
7283,0,0.01030842360060272,0,0.0103084236006027,0,1.9081958235744878e-17
7284,0,8.961510903292219e-05,0,8.961510903292219e-05,0,0.0
7285,0,1.8601760358719096e-05,0,1.8601760358719096e-05,0,0.0
7286,0,0.0,0,0.0,0,0.0
7287,0,0.0,0,0.0,0,0.0
7288,0,0.0,0,0.0,0,0.0
7289,0,8.785737719940827e-05,0,8.785737719940827e-05,0,0.0
7290,0,0.0,0,0.0,0,0.0
7291,0,0.0,0,0.0,0,0.0
7292,0,0.0,0,0.0,0,0.0
7293,0,0.0,0,0.0,0,0.0
7294,0,0.0,0,0.0,0,0.0
7295,0,0.0,0,0.0,0,0.0
7296,0,1.3624954201079227e-05,0,1.3624954201079228e-05,0,1.6940658945086007e-21
7297,0,0.0,0,0.0,0,0.0
7298,0,0.00034497436950406765,0,0.000344974369504,0,6.765421556309548e-17
7299,0,1.3624954201079227e-05,0,1.3624954201079228e-05,0,1.6940658945086007e-21
7300,0,0.00012287223788130542,0,0.0001228722378813,0,5.421010862427522e-18
7301,0,3.333944831029167e-05,0,3.333944831029167e-05,0,0.0
7302,0,0.0,0,0.0,0,0.0
7303,0,0.0,0,0.0,0,0.0
7304,0,0.0,0,0.0,0,0.0
7305,0,0.0,0,0.0,0,0.0
7306,0,0.0,0,0.0,0,0.0
7307,0,0.018912567481898405,0,0.0189125674818984,0,3.469446951953614e-18
7308,0,0.005217668125584896,0,0.0052176681255848,0,9.540979117872439e-17
7309,0,0.0,0,0.0,0,0.0
7310,0,5.627566072263052e-05,0,5.627566072263052e-05,0,0.0
7311,0,0.00013046096331808095,0,0.000130460963318,0,8.096279723035504e-17
7312,0,0.005033339448310291,0,0.0050333394483102,0,9.107298248878237e-17
7313,0,9.712151500778927e-05,0,9.712151500778928e-05,0,1.3552527156068805e-20
7314,0,0.0,0,0.0,0,0.0
7315,0,0.004370077621989473,0,0.0043700776219894,0,7.28583859910259e-17
7316,0,0.0002032882034801967,0,0.0002032882034801,0,9.6710833785707e-17
7317,0,5.627566072263052e-05,0,5.627566072263052e-05,0,0.0
7318,0,0.0,0,0.0,0,0.0
7319,0,9.515365355046384e-05,0,9.515365355046384e-05,0,0.0
7320,0,0.0,0,0.0,0,0.0
7321,0,0.01009712151500779,0,0.0100971215150077,0,9.020562075079397e-17
7322,0,3.333944831029167e-05,0,3.333944831029167e-05,0,0.0
7323,0,0.003214924732222039,0,0.003214924732222,0,3.903127820947816e-17
7324,0,5.627566072263052e-05,0,5.627566072263052e-05,0,0.0
7325,0,0.005,0,0.005,0,0.0
7326,0,0.0,0,0.0,0,0.0
7327,0,0.01,0,0.01,0,0.0
7328,0,0.0,0,0.0,0,0.0
7329,0,0.01,0,0.01,0,0.0
7330,0,0.014891434860290612,0,0.0148914348602906,0,1.214306433183765e-17
7331,0,0.00014967158243958044,0,0.0001496715824395,0,8.044780119842443e-17
7332,0,5.627566072263052e-05,0,5.627566072263052e-05,0,0.0
7333,0,0.0,0,0.0,0,0.0
7334,0,0.00021766812558489536,0,0.0002176681255848,0,9.535558107010011e-17
7335,0,5.627566072263052e-05,0,5.627566072263052e-05,0,0.0
7336,0,3.333944831029167e-05,0,3.333944831029167e-05,0,0.0
7337,0,0.0,0,0.0,0,0.0
7338,0,0.0,0,0.0,0,0.0
7339,0,0.0,0,0.0,0,0.0
7340,0,1.355918992709745e-05,0,1.355918992709745e-05,0,0.0
7341,0,0.012243446815406893,0,0.0122434468154068,0,9.367506770274758e-17
7342,0,0.010032302640733737,0,0.0100323026407337,0,3.642919299551295e-17
7343,0,5.538544517541651e-06,0,5.538544517541651e-06,0,0.0
7344,0,0.002113249505579961,0,0.0021132495055799,0,6.071532165918825e-17
7345,0,3.333944831029167e-05,0,3.333944831029167e-05,0,0.0
7346,0,5.627566072263052e-05,0,5.627566072263052e-05,0,0.0
7347,0,0.0,0,0.0,0,0.0
7348,0,0.005,0,0.005,0,0.0
7349,0,0.001937627401042646,0,0.0019376274010426,0,4.597017211338539e-17
7350,0,5.627566072263052e-05,0,5.627566072263052e-05,0,0.0
7351,0,0.005,0,0.005,0,0.0
7352,0,0.00999824682814797,0,0.0099982468281479,0,6.938893903907228e-17
7353,0,0.006684847623763979,0,0.0066848476237639,0,7.892991815694472e-17
7354,0,1.3624954201079227e-05,0,1.3624954201079228e-05,0,1.6940658945086007e-21
7355,0,0.0,0,0.0,0,0.0
7356,0,0.0,0,0.0,0,0.0
7357,0,3.333944831029167e-05,0,3.333944831029167e-05,0,0.0
7358,0,8.961510903292219e-05,0,8.961510903292219e-05,0,0.0
7359,0,0.0,0,0.0,0,0.0
7360,0,0.0,0,0.0,0,0.0
7361,0,0.0,0,0.0,0,0.0
7362,0,0.005,0,0.005,0,0.0
7363,0,0.004930859243009321,0,0.0049308592430093,0,2.0816681711721685e-17
7364,0,8.961510903292219e-05,0,8.961510903292219e-05,0,0.0
7365,0,0.00012287223788130542,0,0.0001228722378813,0,5.421010862427522e-18
7366,0,0.01499824682814797,0,0.0149982468281479,0,6.938893903907228e-17
7367,0,0.0,0,0.0,0,0.0
7368,0,0.0,0,0.0,0,0.0
7369,0,0.0,0,0.0,0,0.0
7370,0,0.005427922520993374,0,0.0054279225209933,0,7.45931094670027e-17
7371,0,0.0,0,0.0,0,0.0
7372,0,1.8601760358719096e-05,0,1.8601760358719096e-05,0,0.0
7373,0,0.005033339448310291,0,0.0050333394483102,0,9.107298248878237e-17
7374,0,5.627566072263052e-05,0,5.627566072263052e-05,0,0.0
7375,0,0.00021766812558489536,0,0.0002176681255848,0,9.535558107010011e-17
7376,0,0.0,0,0.0,0,0.0
7377,0,8.020645409555797e-06,0,8.020645409555797e-06,0,0.0
7378,0,0.0002499707663186324,0,0.0002499707663186,0,3.236343484869231e-17
7379,0,3.333944831029167e-05,0,3.333944831029167e-05,0,0.0
7380,0,0.0,0,0.0,0,0.0
7381,0,5.627566072263052e-05,0,5.627566072263052e-05,0,0.0
7382,0,0.0,0,0.0,0,0.0
7383,0,0.0,0,0.0,0,0.0
7384,0,5.627566072263052e-05,0,5.627566072263052e-05,0,0.0
7385,0,0.0,0,0.0,0,0.0
7386,0,0.005206572233192549,0,0.0052065722331925,0,4.9439619065339e-17
7387,0,0.0,0,0.0,0,0.0
7388,0,0.0,0,0.0,0,0.0
7389,0,0.005,0,0.005,0,0.0
7390,0,0.0,0,0.0,0,0.0
7391,0,0.0,0,0.0,0,0.0
7392,0,3.333944831029167e-05,0,3.333944831029167e-05,0,0.0
7393,0,0.0,0,0.0,0,0.0
7394,0,0.0,0,0.0,0,0.0
7395,0,0.005,0,0.005,0,0.0
7396,0,0.0,0,0.0,0,0.0
7397,0,5.627566072263052e-05,0,5.627566072263052e-05,0,0.0
7398,0,0.0001533971757304198,0,0.0001533971757304,0,1.9786689647860456e-17
7399,0,0.0,0,0.0,0,0.0
7400,0,0.0,0,0.0,0,0.0
7401,0,0.0,0,0.0,0,0.0
7402,0,0.0,0,0.0,0,0.0
7403,0,3.333944831029167e-05,0,3.333944831029167e-05,0,0.0
7404,0,0.0,0,0.0,0,0.0
7405,0,0.0,0,0.0,0,0.0
7406,0,0.0010611393353226516,0,0.0010611393353226,0,5.160802341031001e-17
7407,0,5.627566072263052e-05,0,5.627566072263052e-05,0,0.0
7408,0,0.0,0,0.0,0,0.0
7409,0,5.627566072263052e-05,0,5.627566072263052e-05,0,0.0
7410,0,0.0,0,0.0,0,0.0
7411,0,0.02916250709538022,0,0.0291625070953802,0,1.734723475976807e-17
7412,0,9.712151500778927e-05,0,9.712151500778928e-05,0,1.3552527156068805e-20
7413,0,0.025,0,0.025,0,0.0
7414,0,0.0,0,0.0,0,0.0
7415,0,0.0,0,0.0,0,0.0
7416,0,0.0,0,0.0,0,0.0
7417,0,0.0,0,0.0,0,0.0
7418,0,0.0,0,0.0,0,0.0
7419,0,0.0001774724862323305,0,0.0001774724862323,0,3.049318610115481e-17
7420,0,0.01,0,0.01,0,0.0
7421,0,0.0,0,0.0,0,0.0
7422,0,0.0,0,0.0,0,0.0
7423,0,3.333944831029167e-05,0,3.333944831029167e-05,0,0.0
7424,0,0.0,0,0.0,0,0.0
7425,0,0.00012119682550969995,0,0.0001211968255096,0,9.994988777600744e-17
7426,0,8.961510903292219e-05,0,8.961510903292219e-05,0,0.0
7427,0,1.3624954201079227e-05,0,1.3624954201079228e-05,0,1.6940658945086007e-21
7428,0,5.627566072263052e-05,0,5.627566072263052e-05,0,0.0
7429,0,1.9163498718620877e-05,0,1.916349871862088e-05,0,3.3881317890172014e-21
7430,0,0.0,0,0.0,0,0.0
7431,0,0.0,0,0.0,0,0.0
7432,0,0.005227316404093343,0,0.0052273164040933,0,4.336808689942018e-17
7433,0,5.627566072263052e-05,0,5.627566072263052e-05,0,0.0
7434,0,0.014935844372098389,0,0.0149358443720983,0,8.847089727481716e-17
7435,0,5.538544517541651e-06,0,5.538544517541651e-06,0,0.0
7436,0,0.00021766812558489536,0,0.0002176681255848,0,9.535558107010011e-17
7437,0,0.0,0,0.0,0,0.0
7438,0,0.0,0,0.0,0,0.0
7439,0,0.0,0,0.0,0,0.0
7440,0,0.005,0,0.005,0,0.0
7441,0,3.333944831029167e-05,0,3.333944831029167e-05,0,0.0
7442,0,1.355918992709745e-05,0,1.355918992709745e-05,0,0.0
7443,0,5.627566072263052e-05,0,5.627566072263052e-05,0,0.0
7444,0,5.538544517541651e-06,0,5.538544517541651e-06,0,0.0
7445,0,0.0,0,0.0,0,0.0
7446,0,0.0051533971757304195,0,0.0051533971757304,0,1.9081958235744878e-17
7447,0,0.00014413303792203878,0,0.000144133037922,0,3.878733272066892e-17
7448,0,3.333944831029167e-05,0,3.333944831029167e-05,0,0.0
7449,0,0.0,0,0.0,0,0.0
7450,0,0.005,0,0.005,0,0.0
7451,0,5.627566072263052e-05,0,5.627566072263052e-05,0,0.0
7452,0,0.0,0,0.0,0,0.0
7453,0,5.538544517541651e-06,0,5.538544517541651e-06,0,0.0
7454,0,0.009997709860250125,0,0.0099977098602501,0,2.42861286636753e-17
7455,0,0.005,0,0.005,0,0.0
7456,0,0.0,0,0.0,0,0.0
7457,0,0.0043117089415920596,0,0.004311708941592,0,5.984795992119984e-17
7458,0,0.0,0,0.0,0,0.0
7459,0,0.0,0,0.0,0,0.0
7460,0,0.00045698392420259135,0,0.0004569839242025,0,9.134403303190375e-17
7461,0,0.0016751993452555317,0,0.0016751993452555,0,3.165870343657673e-17
7462,0,0.0,0,0.0,0,0.0
7463,0,0.0,0,0.0,0,0.0
7464,0,5.627566072263052e-05,0,5.627566072263052e-05,0,0.0
7465,0,0.0,0,0.0,0,0.0
7466,0,0.01,0,0.01,0,0.0
7467,0,5.627566072263052e-05,0,5.627566072263052e-05,0,0.0
7468,0,0.00021766812558489536,0,0.0002176681255848,0,9.535558107010011e-17
7469,0,0.035,0,0.035,0,0.0
7470,0,7.487742108134962e-05,0,7.487742108134962e-05,0,0.0
7471,0,0.0036021990426338964,0,0.0036021990426338,0,9.627715291671279e-17
7472,0,0.025,0,0.025,0,0.0
7473,0,7.180039107091953e-05,0,7.180039107091953e-05,0,0.0
7474,0,5.627566072263052e-05,0,5.627566072263052e-05,0,0.0
7475,0,0.0,0,0.0,0,0.0
7476,0,0.0014259908587841883,0,0.0014259908587841,0,8.825405684032006e-17
7477,0,0.0,0,0.0,0,0.0
7478,0,0.00019286767875279826,0,0.0001928676787527,0,9.825582188149884e-17
7479,0,0.0005188788616268266,0,0.0005188788616268,0,2.656295322589486e-17
7480,0,0.0,0,0.0,0,0.0
7481,0,0.0004433589700015121,0,0.0004433589700015,0,1.2088854223213374e-17
7482,0,5.627566072263052e-05,0,5.627566072263052e-05,0,0.0
7483,0,0.0044662485997566306,0,0.0044662485997566,0,3.0357660829594124e-17
7484,0,0.0,0,0.0,0,0.0
7485,0,0.015,0,0.015,0,0.0
7486,0,0.005,0,0.005,0,0.0
7487,0,0.01477883416729997,0,0.0147788341672999,0,6.938893903907228e-17
7488,0,0.0,0,0.0,0,0.0
7489,0,0.0,0,0.0,0,0.0
7490,0,0.0,0,0.0,0,0.0
7491,0,0.0,0,0.0,0,0.0
7492,0,0.0,0,0.0,0,0.0
7493,0,0.0,0,0.0,0,0.0
7494,0,0.0,0,0.0,0,0.0
7495,0,3.333944831029167e-05,0,3.333944831029167e-05,0,0.0
7496,0,5.627566072263052e-05,0,5.627566072263052e-05,0,0.0
7497,0,0.0,0,0.0,0,0.0
7498,0,0.0,0,0.0,0,0.0
7499,0,8.961510903292219e-05,0,8.961510903292219e-05,0,0.0
7500,0,0.00012119682550969995,0,0.0001211968255096,0,9.994988777600744e-17
7501,0,9.712151500778927e-05,0,9.712151500778928e-05,0,1.3552527156068805e-20
7502,0,0.00010514216041734507,0,0.0001051421604173,0,4.5075705321084847e-17
7503,0,0.0038054872461140924,0,0.003805487246114,0,9.237402509576498e-17
7504,0,0.0006138669554306013,0,0.0006138669554306,0,1.3010426069826053e-18
7505,0,7.487742108134962e-05,0,7.487742108134962e-05,0,0.0
7506,0,5.627566072263052e-05,0,5.627566072263052e-05,0,0.0
7507,0,0.0001533971757304198,0,0.0001533971757304,0,1.9786689647860456e-17
7508,0,8.020645409555797e-06,0,8.020645409555797e-06,0,0.0
7509,0,8.961510903292219e-05,0,8.961510903292219e-05,0,0.0
7510,0,0.0,0,0.0,0,0.0
7511,0,0.004331805461899248,0,0.0043318054618992,0,4.85722573273506e-17
7512,0,0.0,0,0.0,0,0.0
7513,0,0.005,0,0.005,0,0.0
7514,0,0.005,0,0.005,0,0.0
7515,0,5.627566072263052e-05,0,5.627566072263052e-05,0,0.0
7516,0,0.0,0,0.0,0,0.0
7517,0,0.0,0,0.0,0,0.0
7518,0,0.00011988646862126974,0,0.0001198864686212,0,6.974130474513007e-17
7519,0,0.0,0,0.0,0,0.0
7520,0,3.333944831029167e-05,0,3.333944831029167e-05,0,0.0
7521,0,0.00010266005952533092,0,0.0001026600595253,0,3.0926866970149014e-17
7522,0,0.0,0,0.0,0,0.0
7523,0,0.025,0,0.025,0,0.0
7524,0,5.538544517541651e-06,0,5.538544517541651e-06,0,0.0
7525,0,5.627566072263052e-05,0,5.627566072263052e-05,0,0.0
7526,0,0.005,0,0.005,0,0.0
7527,0,0.0,0,0.0,0,0.0
7528,0,0.0,0,0.0,0,0.0
7529,0,3.333944831029167e-05,0,3.333944831029167e-05,0,0.0
7530,0,0.005,0,0.005,0,0.0
7531,0,0.0,0,0.0,0,0.0
7532,0,0.0,0,0.0,0,0.0
7533,0,0.005,0,0.005,0,0.0
7534,0,0.013493287029251289,0,0.0134932870292512,0,8.847089727481716e-17
7535,0,5.627566072263052e-05,0,5.627566072263052e-05,0,0.0
7536,0,3.333944831029167e-05,0,3.333944831029167e-05,0,0.0
7537,0,0.0,0,0.0,0,0.0
7538,0,0.00022374063527702645,0,0.000223740635277,0,2.6454533008646308e-17
7539,0,0.0,0,0.0,0,0.0
7540,0,1.9163498718620877e-05,0,1.916349871862088e-05,0,3.3881317890172014e-21
7541,0,0.00031478964059268464,0,0.0003147896405926,0,8.462197956249362e-17
7542,0,0.00022731640409334288,0,0.0002273164040933,0,4.28801959218017e-17
7543,0,0.005033339448310291,0,0.0050333394483102,0,9.107298248878237e-17
7544,0,7.180039107091953e-05,0,7.180039107091953e-05,0,0.0
7545,0,0.0,0,0.0,0,0.0
7546,0,3.333944831029167e-05,0,3.333944831029167e-05,0,0.0
7547,0,0.01968215682054412,0,0.0196821568205441,0,2.0816681711721685e-17
7548,0,0.0,0,0.0,0,0.0
7549,0,8.961510903292219e-05,0,8.961510903292219e-05,0,0.0
7550,0,0.0,0,0.0,0,0.0
7551,0,0.0,0,0.0,0,0.0
7552,0,3.333944831029167e-05,0,3.333944831029167e-05,0,0.0
7553,0,0.0,0,0.0,0,0.0
7554,0,0.0,0,0.0,0,0.0
7555,0,0.0,0,0.0,0,0.0
7556,0,0.0,0,0.0,0,0.0
7557,0,0.0,0,0.0,0,0.0
7558,0,0.0,0,0.0,0,0.0
7559,0,3.333944831029167e-05,0,3.333944831029167e-05,0,0.0
7560,0,0.0,0,0.0,0,0.0
7561,0,0.0,0,0.0,0,0.0
7562,0,1.3624954201079227e-05,0,1.3624954201079228e-05,0,1.6940658945086007e-21
7563,0,0.0004433589700015121,0,0.0004433589700015,0,1.2088854223213374e-17
7564,0,0.0,0,0.0,0,0.0
7565,0,0.0,0,0.0,0,0.0
7566,0,0.0,0,0.0,0,0.0
7567,0,0.0,0,0.0,0,0.0
7568,0,0.0,0,0.0,0,0.0
7569,0,0.0,0,0.0,0,0.0
7570,0,0.0,0,0.0,0,0.0
7571,0,0.0,0,0.0,0,0.0
7572,0,0.00021766812558489536,0,0.0002176681255848,0,9.535558107010011e-17
7573,0,0.005164484517911545,0,0.0051644845179115,0,4.5102810375396984e-17
7574,0,0.0,0,0.0,0,0.0
7575,0,0.00018569981646415683,0,0.0001856998164641,0,5.683929889255257e-17
7576,0,0.005184751294065706,0,0.0051847512940657,0,6.071532165918825e-18
7577,0,4.1950919242184565e-05,0,4.1950919242184565e-05,0,0.0
7578,0,0.024999402262465095,0,0.024999402262465,0,9.367506770274758e-17
7579,0,0.0,0,0.0,0,0.0
7580,0,0.0,0,0.0,0,0.0
7581,0,5.627566072263052e-05,0,5.627566072263052e-05,0,0.0
7582,0,0.00020226135438900048,0,0.000202261354389,0,4.87890977618477e-19
7583,0,0.0,0,0.0,0,0.0
7584,0,0.015,0,0.015,0,0.0
7585,0,0.005,0,0.005,0,0.0
7586,0,0.010057896498762976,0,0.0100578964987629,0,7.632783294297951e-17
7587,0,0.0,0,0.0,0,0.0
7588,0,0.0060576010692352565,0,0.0060576010692352,0,5.637851296924623e-17
7589,0,8.020645409555797e-06,0,8.020645409555797e-06,0,0.0
7590,0,0.0,0,0.0,0,0.0
7591,0,0.004942259074793122,0,0.0049422590747931,0,2.2551405187698492e-17
7592,0,0.0,0,0.0,0,0.0
7593,0,0.0012108109177622322,0,0.0012108109177622,0,3.209238430557093e-17
7594,0,0.0,0,0.0,0,0.0
7595,0,8.785737719940827e-05,0,8.785737719940827e-05,0,0.0
7596,0,0.02485051329407921,0,0.0248505132940792,0,1.0408340855860843e-17
7597,0,0.00995926805819529,0,0.0099592680581952,0,8.847089727481716e-17
7598,0,0.0,0,0.0,0,0.0
7599,0,5.627566072263052e-05,0,5.627566072263052e-05,0,0.0
7600,0,0.0,0,0.0,0,0.0
7601,0,0.0022580541084876787,0,0.0022580541084876,0,7.849623728795052e-17
7602,0,0.005,0,0.005,0,0.0
7603,0,7.180039107091953e-05,0,7.180039107091953e-05,0,0.0
7604,0,8.961510903292219e-05,0,8.961510903292219e-05,0,0.0
7605,0,0.0,0,0.0,0,0.0
7606,0,0.005,0,0.005,0,0.0
7607,0,0.0,0,0.0,0,0.0
7608,0,0.002677124750739208,0,0.0026771247507392,0,8.239936510889834e-18
7609,0,0.019999402262465094,0,0.019999402262465,0,9.367506770274758e-17
7610,0,5.627566072263052e-05,0,5.627566072263052e-05,0,0.0
7611,0,0.0,0,0.0,0,0.0
7612,0,0.005102660059525331,0,0.0051026600595253,0,3.122502256758253e-17
7613,0,0.0,0,0.0,0,0.0
7614,0,0.0,0,0.0,0,0.0
7615,0,0.0,0,0.0,0,0.0
7616,0,0.0,0,0.0,0,0.0
7617,0,0.005,0,0.005,0,0.0
7618,0,0.0,0,0.0,0,0.0
7619,0,0.0005188788616268266,0,0.0005188788616268,0,2.656295322589486e-17
7620,0,0.0,0,0.0,0,0.0
7621,0,5.627566072263052e-05,0,5.627566072263052e-05,0,0.0
7622,0,5.627566072263052e-05,0,5.627566072263052e-05,0,0.0
7623,0,5.627566072263052e-05,0,5.627566072263052e-05,0,0.0
7624,0,8.020645409555797e-06,0,8.020645409555797e-06,0,0.0
7625,0,0.0,0,0.0,0,0.0
7626,0,9.712151500778927e-05,0,9.712151500778928e-05,0,1.3552527156068805e-20
7627,0,9.712151500778927e-05,0,9.712151500778928e-05,0,1.3552527156068805e-20
7628,0,8.961510903292219e-05,0,8.961510903292219e-05,0,0.0
7629,0,5.627566072263052e-05,0,5.627566072263052e-05,0,0.0
7630,0,0.00031478964059268464,0,0.0003147896405926,0,8.462197956249362e-17
7631,0,0.01973001405375836,0,0.0197300140537583,0,5.898059818321144e-17
7632,0,0.0,0,0.0,0,0.0
7633,0,0.0,0,0.0,0,0.0
7634,0,5.627566072263052e-05,0,5.627566072263052e-05,0,0.0
7635,0,3.333944831029167e-05,0,3.333944831029167e-05,0,0.0
7636,0,5.627566072263052e-05,0,5.627566072263052e-05,0,0.0
7637,0,0.0,0,0.0,0,0.0
7638,0,8.020645409555797e-06,0,8.020645409555797e-06,0,0.0
7639,0,0.0,0,0.0,0,0.0
7640,0,0.0051093711179460875,0,0.005109371117946,0,8.760353553682876e-17
7641,0,0.0,0,0.0,0,0.0
7642,0,0.0,0,0.0,0,0.0
7643,0,0.0005001115415214183,0,0.0005001115415214,0,1.8323016715005025e-17
7644,0,0.0046555619003339046,0,0.0046555619003339,0,4.336808689942018e-18
7645,0,8.785737719940827e-05,0,8.785737719940827e-05,0,0.0
7646,0,8.020645409555797e-06,0,8.020645409555797e-06,0,0.0
7647,0,0.0,0,0.0,0,0.0
7648,0,0.005,0,0.005,0,0.0
7649,0,0.00021766812558489536,0,0.0002176681255848,0,9.535558107010011e-17
7650,0,0.00027394378630752583,0,0.0002739437863075,0,2.585822181377928e-17
7651,0,0.0,0,0.0,0,0.0
7652,0,8.020645409555797e-06,0,8.020645409555797e-06,0,0.0
7653,0,0.0,0,0.0,0,0.0
7654,0,4.69644025113709e-05,0,4.69644025113709e-05,0,0.0
7655,0,0.0,0,0.0,0,0.0
7656,0,0.0,0,0.0,0,0.0
7657,0,3.333944831029167e-05,0,3.333944831029167e-05,0,0.0
7658,0,0.01589363532610809,0,0.015893635326108,0,9.020562075079397e-17
7659,0,0.00018377952912623856,0,0.0001837795291262,0,3.854338723185968e-17
7660,0,5.627566072263052e-05,0,5.627566072263052e-05,0,0.0
7661,0,9.712151500778927e-05,0,9.712151500778928e-05,0,1.3552527156068805e-20
7662,0,8.020645409555797e-06,0,8.020645409555797e-06,0,0.0
7663,0,0.0,0,0.0,0,0.0
7664,0,0.0005738199333195931,0,0.0005738199333195,0,9.313296661650483e-17
7665,0,0.0,0,0.0,0,0.0
7666,0,0.0,0,0.0,0,0.0
7667,0,0.005005538544517542,0,0.0050055385445175,0,4.163336342344337e-17
7668,0,0.0,0,0.0,0,0.0
7669,0,0.0,0,0.0,0,0.0
7670,0,3.333944831029167e-05,0,3.333944831029167e-05,0,0.0
7671,0,8.289806649090542e-05,0,8.289806649090542e-05,0,0.0
7672,0,0.0,0,0.0,0,0.0
7673,0,5.627566072263052e-05,0,5.627566072263052e-05,0,0.0
7674,0,8.785737719940827e-05,0,8.785737719940827e-05,0,0.0
7675,0,0.005,0,0.005,0,0.0
7676,0,0.00021766812558489536,0,0.0002176681255848,0,9.535558107010011e-17
7677,0,0.0,0,0.0,0,0.0
7678,0,9.712151500778927e-05,0,9.712151500778928e-05,0,1.3552527156068805e-20
7679,0,3.333944831029167e-05,0,3.333944831029167e-05,0,0.0
7680,0,0.005,0,0.005,0,0.0
7681,0,0.0001774724862323305,0,0.0001774724862323,0,3.049318610115481e-17
7682,0,0.0,0,0.0,0,0.0
7683,0,0.0,0,0.0,0,0.0
7684,0,8.020645409555797e-06,0,8.020645409555797e-06,0,0.0
7685,0,0.0,0,0.0,0,0.0
7686,0,0.0,0,0.0,0,0.0
7687,0,5.627566072263052e-05,0,5.627566072263052e-05,0,0.0
7688,0,8.020645409555797e-06,0,8.020645409555797e-06,0,0.0
7689,0,0.0,0,0.0,0,0.0
7690,0,8.020645409555797e-06,0,8.020645409555797e-06,0,0.0
7691,0,9.5746163745009e-05,0,9.5746163745009e-05,0,0.0
7692,0,0.0,0,0.0,0,0.0
7693,0,5.627566072263052e-05,0,5.627566072263052e-05,0,0.0
7694,0,0.0005139446871109546,0,0.0005139446871109,0,5.4643789493269423e-17
7695,0,0.0,0,0.0,0,0.0
7696,0,0.0,0,0.0,0,0.0
7697,0,0.0,0,0.0,0,0.0
7698,0,0.002247828657435802,0,0.0022478286574358,0,1.734723475976807e-18
7699,0,0.0,0,0.0,0,0.0
7700,0,5.627566072263052e-05,0,5.627566072263052e-05,0,0.0
7701,0,0.0,0,0.0,0,0.0
7702,0,0.0,0,0.0,0,0.0
7703,0,0.01,0,0.01,0,0.0
7704,0,0.0,0,0.0,0,0.0
7705,0,3.333944831029167e-05,0,3.333944831029167e-05,0,0.0
7706,0,0.0005563872022440489,0,0.000556387202244,0,4.889751797909625e-17
7707,0,8.020645409555797e-06,0,8.020645409555797e-06,0,0.0
7708,0,0.0,0,0.0,0,0.0
7709,0,0.0,0,0.0,0,0.0
7710,0,0.0,0,0.0,0,0.0
7711,0,0.0,0,0.0,0,0.0
7712,0,5.627566072263052e-05,0,5.627566072263052e-05,0,0.0
7713,0,5.627566072263052e-05,0,5.627566072263052e-05,0,0.0
7714,0,0.005,0,0.005,0,0.0
7715,0,0.0,0,0.0,0,0.0
7716,0,0.0,0,0.0,0,0.0
7717,0,0.01,0,0.01,0,0.0
7718,0,0.0,0,0.0,0,0.0
7719,0,8.961510903292219e-05,0,8.961510903292219e-05,0,0.0
7720,0,0.0,0,0.0,0,0.0
7721,0,5.627566072263052e-05,0,5.627566072263052e-05,0,0.0
7722,0,0.0,0,0.0,0,0.0
7723,0,0.0005001115415214183,0,0.0005001115415214,0,1.8323016715005025e-17
7724,0,0.0,0,0.0,0,0.0
7725,0,5.627566072263052e-05,0,5.627566072263052e-05,0,0.0
7726,0,0.0,0,0.0,0,0.0
7727,0,8.785737719940827e-05,0,8.785737719940827e-05,0,0.0
7728,0,0.00012287223788130542,0,0.0001228722378813,0,5.421010862427522e-18
7729,0,5.627566072263052e-05,0,5.627566072263052e-05,0,0.0
7730,0,0.0,0,0.0,0,0.0
7731,0,8.020645409555797e-06,0,8.020645409555797e-06,0,0.0
7732,0,8.020645409555797e-06,0,8.020645409555797e-06,0,0.0
7733,0,8.961510903292219e-05,0,8.961510903292219e-05,0,0.0
7734,0,0.0,0,0.0,0,0.0
7735,0,6.181420524017216e-05,0,6.181420524017216e-05,0,0.0
7736,0,0.015,0,0.015,0,0.0
7737,0,8.020645409555797e-06,0,8.020645409555797e-06,0,0.0
7738,0,5.627566072263052e-05,0,5.627566072263052e-05,0,0.0
7739,0,5.627566072263052e-05,0,5.627566072263052e-05,0,0.0
7740,0,0.0,0,0.0,0,0.0
7741,0,9.712151500778927e-05,0,9.712151500778928e-05,0,1.3552527156068805e-20
7742,0,0.0001533971757304198,0,0.0001533971757304,0,1.9786689647860456e-17
7743,0,0.005,0,0.005,0,0.0
7744,0,0.0,0,0.0,0,0.0
7745,0,0.0,0,0.0,0,0.0
7746,0,0.0001533971757304198,0,0.0001533971757304,0,1.9786689647860456e-17
7747,0,8.961510903292219e-05,0,8.961510903292219e-05,0,0.0
7748,0,8.961510903292219e-05,0,8.961510903292219e-05,0,0.0
7749,0,0.0,0,0.0,0,0.0
7750,0,5.627566072263052e-05,0,5.627566072263052e-05,0,0.0
7751,0,0.005465646094379887,0,0.0054656460943798,0,8.673617379884035e-17
7752,0,0.005098456458171313,0,0.0050984564581713,0,1.3010426069826053e-17
7753,0,5.627566072263052e-05,0,5.627566072263052e-05,0,0.0
7754,0,5.627566072263052e-05,0,5.627566072263052e-05,0,0.0
7755,0,0.0,0,0.0,0,0.0
7756,0,0.004326856575090105,0,0.0043268565750901,0,5.204170427930421e-18
7757,0,0.0001575603689851812,0,0.0001575603689851,0,8.120674271916428e-17
7758,0,0.0,0,0.0,0,0.0
7759,0,0.005453401645917902,0,0.0054534016459179,0,1.734723475976807e-18
7760,0,0.005,0,0.005,0,0.0
7761,0,0.006075266063870876,0,0.0060752660638708,0,7.546047120499111e-17
7762,0,0.0,0,0.0,0,0.0
7763,0,0.0005001115415214183,0,0.0005001115415214,0,1.8323016715005025e-17
7764,0,0.00034497436950406765,0,0.000344974369504,0,6.765421556309548e-17
7765,0,0.0,0,0.0,0,0.0
7766,0,0.01,0,0.01,0,0.0
7767,0,0.0,0,0.0,0,0.0
7768,0,0.0,0,0.0,0,0.0
7769,0,0.0,0,0.0,0,0.0
7770,0,0.0,0,0.0,0,0.0
7771,0,0.010458674429875086,0,0.010458674429875,0,8.673617379884035e-17
7772,0,8.961510903292219e-05,0,8.961510903292219e-05,0,0.0
7773,0,3.333944831029167e-05,0,3.333944831029167e-05,0,0.0
7774,0,0.00014413303792203878,0,0.000144133037922,0,3.878733272066892e-17
7775,0,0.00047669841831180377,0,0.0004766984183118,0,3.7947076036992655e-18
7776,0,0.0,0,0.0,0,0.0
7777,0,5.627566072263052e-05,0,5.627566072263052e-05,0,0.0
7778,0,0.0,0,0.0,0,0.0
7779,0,0.0,0,0.0,0,0.0
7780,0,5.627566072263052e-05,0,5.627566072263052e-05,0,0.0
7781,0,0.0004087965877086169,0,0.0004087965877086,0,1.691355389077387e-17
7782,0,0.0,0,0.0,0,0.0
7783,0,0.01490392663907808,0,0.014903926639078,0,7.979727989493313e-17
7784,0,0.0,0,0.0,0,0.0
7785,0,0.0,0,0.0,0,0.0
7786,0,5.7479753186552416e-05,0,5.7479753186552416e-05,0,0.0
7787,0,5.194120866901077e-05,0,5.194120866901077e-05,0,0.0
7788,0,0.0,0,0.0,0,0.0
7789,0,0.005,0,0.005,0,0.0
7790,0,0.0,0,0.0,0,0.0
7791,0,0.0,0,0.0,0,0.0
7792,0,0.0004513796154110679,0,0.000451379615411,0,6.787105599759258e-17
7793,0,0.00021766812558489536,0,0.0002176681255848,0,9.535558107010011e-17
7794,0,0.0,0,0.0,0,0.0
7795,0,0.0,0,0.0,0,0.0
7796,0,0.0,0,0.0,0,0.0
7797,0,0.0,0,0.0,0,0.0
7798,0,0.0004272932021859342,0,0.0004272932021859,0,3.4206578541917665e-17
7799,0,0.002113249505579961,0,0.0021132495055799,0,6.071532165918825e-17
7800,0,5.627566072263052e-05,0,5.627566072263052e-05,0,0.0
7801,0,0.0,0,0.0,0,0.0
7802,0,0.0,0,0.0,0,0.0
7803,0,0.0,0,0.0,0,0.0
7804,0,0.0,0,0.0,0,0.0
7805,0,0.0005001115415214183,0,0.0005001115415214,0,1.8323016715005025e-17
7806,0,3.333944831029167e-05,0,3.333944831029167e-05,0,0.0
7807,0,0.0,0,0.0,0,0.0
7808,0,0.004264935461572128,0,0.0042649354615721,0,2.7755575615628914e-17
7809,0,0.0,0,0.0,0,0.0
7810,0,3.333944831029167e-05,0,3.333944831029167e-05,0,0.0
7811,0,3.230264073373704e-05,0,3.230264073373704e-05,0,0.0
7812,0,0.0,0,0.0,0,0.0
7813,0,8.961510903292219e-05,0,8.961510903292219e-05,0,0.0
7814,0,5.627566072263052e-05,0,5.627566072263052e-05,0,0.0
7815,0,0.014945747240484968,0,0.0149457472404849,0,6.765421556309548e-17
7816,0,0.04903964573258093,0,0.0490396457325809,0,3.469446951953614e-17
7817,0,5.538544517541651e-06,0,5.538544517541651e-06,0,0.0
7818,0,0.0,0,0.0,0,0.0
7819,0,0.019706145570865533,0,0.0197061455708655,0,3.469446951953614e-17
7820,0,0.0,0,0.0,0,0.0
7821,0,0.0,0,0.0,0,0.0
7822,0,0.0001774724862323305,0,0.0001774724862323,0,3.049318610115481e-17
7823,0,0.0,0,0.0,0,0.0
7824,0,5.538544517541651e-06,0,5.538544517541651e-06,0,0.0
7825,0,3.333944831029167e-05,0,3.333944831029167e-05,0,0.0
7826,0,0.0,0,0.0,0,0.0
7827,0,0.0,0,0.0,0,0.0
7828,0,8.020645409555797e-06,0,8.020645409555797e-06,0,0.0
7829,0,3.333944831029167e-05,0,3.333944831029167e-05,0,0.0
7830,0,0.00021766812558489536,0,0.0002176681255848,0,9.535558107010011e-17
7831,0,0.0002499707663186324,0,0.0002499707663186,0,3.236343484869231e-17
7832,0,5.627566072263052e-05,0,5.627566072263052e-05,0,0.0
7833,0,0.0,0,0.0,0,0.0
7834,0,3.230264073373704e-05,0,3.230264073373704e-05,0,0.0
7835,0,4.69644025113709e-05,0,4.69644025113709e-05,0,0.0
7836,0,0.00018549313164188626,0,0.0001854931316418,0,8.624828282122188e-17
7837,0,8.961510903292219e-05,0,8.961510903292219e-05,0,0.0
7838,0,8.785737719940827e-05,0,8.785737719940827e-05,0,0.0
7839,0,0.0,0,0.0,0,0.0
7840,0,5.627566072263052e-05,0,5.627566072263052e-05,0,0.0
7841,0,0.005,0,0.005,0,0.0
7842,0,0.014902689900024767,0,0.0149026899000247,0,6.591949208711867e-17
7843,0,0.0,0,0.0,0,0.0
7844,0,3.230264073373704e-05,0,3.230264073373704e-05,0,0.0
7845,0,0.0,0,0.0,0,0.0
7846,0,0.0,0,0.0,0,0.0
7847,0,0.0,0,0.0,0,0.0
7848,0,3.333944831029167e-05,0,3.333944831029167e-05,0,0.0
7849,0,0.0001533971757304198,0,0.0001533971757304,0,1.9786689647860456e-17
7850,0,0.0004433589700015121,0,0.0004433589700015,0,1.2088854223213374e-17
7851,0,0.00017914789860393594,0,0.0001791478986039,0,3.594130201789447e-17
7852,0,0.0,0,0.0,0,0.0
7853,0,0.0,0,0.0,0,0.0
7854,0,0.0001107464692088685,0,0.0001107464692088,0,6.849447224677174e-17
7855,0,0.0,0,0.0,0,0.0
7856,0,3.333944831029167e-05,0,3.333944831029167e-05,0,0.0
7857,0,3.333944831029167e-05,0,3.333944831029167e-05,0,0.0
7858,0,0.005032302640733737,0,0.0050323026407337,0,3.642919299551295e-17
7859,0,0.0001774724862323305,0,0.0001774724862323,0,3.049318610115481e-17
7860,0,0.00014408591751916016,0,0.0001440859175191,0,6.01732205729455e-17
7861,0,9.5746163745009e-05,0,9.5746163745009e-05,0,0.0
7862,0,8.961510903292219e-05,0,8.961510903292219e-05,0,0.0
7863,0,0.0,0,0.0,0,0.0
7864,0,3.333944831029167e-05,0,3.333944831029167e-05,0,0.0
7865,0,3.333944831029167e-05,0,3.333944831029167e-05,0,0.0
7866,0,0.0005001115415214183,0,0.0005001115415214,0,1.8323016715005025e-17
7867,0,0.0,0,0.0,0,0.0
7868,0,8.785737719940827e-05,0,8.785737719940827e-05,0,0.0
7869,0,0.0,0,0.0,0,0.0
7870,0,5.627566072263052e-05,0,5.627566072263052e-05,0,0.0
7871,0,0.00013046096331808095,0,0.000130460963318,0,8.096279723035504e-17
7872,0,0.00017914789860393594,0,0.0001791478986039,0,3.594130201789447e-17
7873,0,4.69644025113709e-05,0,4.69644025113709e-05,0,0.0
7874,0,0.0,0,0.0,0,0.0
7875,0,4.69644025113709e-05,0,4.69644025113709e-05,0,0.0
7876,0,0.00017914789860393594,0,0.0001791478986039,0,3.594130201789447e-17
7877,0,0.0,0,0.0,0,0.0
7878,0,3.230264073373704e-05,0,3.230264073373704e-05,0,0.0
7879,0,5.627566072263052e-05,0,5.627566072263052e-05,0,0.0
7880,0,4.69644025113709e-05,0,4.69644025113709e-05,0,0.0
7881,0,0.005,0,0.005,0,0.0
7882,0,5.627566072263052e-05,0,5.627566072263052e-05,0,0.0
7883,0,4.136009371984747e-05,0,4.136009371984747e-05,0,0.0
7884,0,0.00012287223788130542,0,0.0001228722378813,0,5.421010862427522e-18
7885,0,3.333944831029167e-05,0,3.333944831029167e-05,0,0.0
7886,0,4.69644025113709e-05,0,4.69644025113709e-05,0,0.0
7887,0,0.00017914789860393594,0,0.0001791478986039,0,3.594130201789447e-17
7888,0,0.0,0,0.0,0,0.0
7889,0,0.0,0,0.0,0,0.0
7890,0,0.00017914789860393594,0,0.0001791478986039,0,3.594130201789447e-17
7891,0,5.627566072263052e-05,0,5.627566072263052e-05,0,0.0
7892,0,0.00012287223788130542,0,0.0001228722378813,0,5.421010862427522e-18
7893,0,0.00017914789860393594,0,0.0001791478986039,0,3.594130201789447e-17
7894,0,0.00039957617572946864,0,0.0003995761757294,0,6.862999751833243e-17
7895,0,0.0,0,0.0,0,0.0
7896,0,0.00012287223788130542,0,0.0001228722378813,0,5.421010862427522e-18
7897,0,3.333944831029167e-05,0,3.333944831029167e-05,0,0.0
7898,0,0.0,0,0.0,0,0.0
7899,0,0.00012287223788130542,0,0.0001228722378813,0,5.421010862427522e-18
7900,0,0.0,0,0.0,0,0.0
7901,0,0.00017914789860393594,0,0.0001791478986039,0,3.594130201789447e-17
7902,0,5.627566072263052e-05,0,5.627566072263052e-05,0,0.0
7903,0,0.0001774724862323305,0,0.0001774724862323,0,3.049318610115481e-17
7904,0,0.0,0,0.0,0,0.0
7905,0,0.0001774724862323305,0,0.0001774724862323,0,3.049318610115481e-17
7906,0,4.136009371984747e-05,0,4.136009371984747e-05,0,0.0
7907,0,4.136009371984747e-05,0,4.136009371984747e-05,0,0.0
7908,0,0.0001774724862323305,0,0.0001774724862323,0,3.049318610115481e-17
7909,0,4.136009371984747e-05,0,4.136009371984747e-05,0,0.0
7910,0,3.333944831029167e-05,0,3.333944831029167e-05,0,0.0
7911,0,0.0,0,0.0,0,0.0
7912,0,0.0,0,0.0,0,0.0
7913,0,3.333944831029167e-05,0,3.333944831029167e-05,0,0.0
7914,0,0.0001774724862323305,0,0.0001774724862323,0,3.049318610115481e-17
7915,0,5.627566072263052e-05,0,5.627566072263052e-05,0,0.0
7916,0,0.0,0,0.0,0,0.0
7917,0,9.763575444247798e-05,0,9.763575444247798e-05,0,0.0
7918,0,3.333944831029167e-05,0,3.333944831029167e-05,0,0.0
7919,0,0.00012287223788130542,0,0.0001228722378813,0,5.421010862427522e-18
7920,0,1.3624954201079227e-05,0,1.3624954201079228e-05,0,1.6940658945086007e-21
7921,0,3.333944831029167e-05,0,3.333944831029167e-05,0,0.0
7922,0,0.00012287223788130542,0,0.0001228722378813,0,5.421010862427522e-18
7923,0,0.0,0,0.0,0,0.0
7924,0,5.627566072263052e-05,0,5.627566072263052e-05,0,0.0
7925,0,5.627566072263052e-05,0,5.627566072263052e-05,0,0.0
7926,0,0.00012287223788130542,0,0.0001228722378813,0,5.421010862427522e-18
7927,0,5.627566072263052e-05,0,5.627566072263052e-05,0,0.0
7928,0,0.0001774724862323305,0,0.0001774724862323,0,3.049318610115481e-17
7929,0,0.0,0,0.0,0,0.0
7930,0,3.333944831029167e-05,0,3.333944831029167e-05,0,0.0
7931,0,1.3624954201079227e-05,0,1.3624954201079228e-05,0,1.6940658945086007e-21
7932,0,0.0,0,0.0,0,0.0
7933,0,0.0,0,0.0,0,0.0
7934,0,4.69644025113709e-05,0,4.69644025113709e-05,0,0.0
7935,0,0.0001774724862323305,0,0.0001774724862323,0,3.049318610115481e-17
7936,0,0.00012287223788130542,0,0.0001228722378813,0,5.421010862427522e-18
7937,0,9.763575444247798e-05,0,9.763575444247798e-05,0,0.0
7938,0,3.333944831029167e-05,0,3.333944831029167e-05,0,0.0
7939,0,3.333944831029167e-05,0,3.333944831029167e-05,0,0.0
7940,0,0.00012287223788130542,0,0.0001228722378813,0,5.421010862427522e-18
7941,0,0.0,0,0.0,0,0.0
7942,0,4.69644025113709e-05,0,4.69644025113709e-05,0,0.0
7943,0,0.0001774724862323305,0,0.0001774724862323,0,3.049318610115481e-17
7944,0,3.333944831029167e-05,0,3.333944831029167e-05,0,0.0
7945,0,0.0,0,0.0,0,0.0
7946,0,5.627566072263052e-05,0,5.627566072263052e-05,0,0.0
7947,0,5.627566072263052e-05,0,5.627566072263052e-05,0,0.0
7948,0,5.49850479209267e-05,0,5.49850479209267e-05,0,0.0
7949,0,0.00017914789860393594,0,0.0001791478986039,0,3.594130201789447e-17
7950,0,3.333944831029167e-05,0,3.333944831029167e-05,0,0.0
7951,0,0.0,0,0.0,0,0.0
7952,0,8.961510903292219e-05,0,8.961510903292219e-05,0,0.0
7953,0,0.00504696440251137,0,0.0050469644025113,0,7.025630077706069e-17
7954,0,5.627566072263052e-05,0,5.627566072263052e-05,0,0.0
7955,0,3.333944831029167e-05,0,3.333944831029167e-05,0,0.0
7956,0,0.00012287223788130542,0,0.0001228722378813,0,5.421010862427522e-18
7957,0,3.333944831029167e-05,0,3.333944831029167e-05,0,0.0
7958,0,0.005,0,0.005,0,0.0
7959,0,0.00017914789860393594,0,0.0001791478986039,0,3.594130201789447e-17
7960,0,3.333944831029167e-05,0,3.333944831029167e-05,0,0.0
7961,0,0.0,0,0.0,0,0.0
7962,0,0.0,0,0.0,0,0.0
7963,0,0.0001774724862323305,0,0.0001774724862323,0,3.049318610115481e-17
7964,0,0.005033339448310291,0,0.0050333394483102,0,9.107298248878237e-17
7965,0,3.333944831029167e-05,0,3.333944831029167e-05,0,0.0
7966,0,0.00012287223788130542,0,0.0001228722378813,0,5.421010862427522e-18
7967,0,8.961510903292219e-05,0,8.961510903292219e-05,0,0.0
7968,0,9.763575444247798e-05,0,9.763575444247798e-05,0,0.0
7969,0,0.00017914789860393594,0,0.0001791478986039,0,3.594130201789447e-17
7970,0,0.00010937111794608822,0,0.000109371117946,0,8.821339925885185e-17
7971,0,0.00012287223788130542,0,0.0001228722378813,0,5.421010862427522e-18
7972,0,5.627566072263052e-05,0,5.627566072263052e-05,0,0.0
7973,0,0.0,0,0.0,0,0.0
7974,0,3.333944831029167e-05,0,3.333944831029167e-05,0,0.0
7975,0,0.00014413303792203878,0,0.000144133037922,0,3.878733272066892e-17
7976,0,0.0,0,0.0,0,0.0
7977,0,3.333944831029167e-05,0,3.333944831029167e-05,0,0.0
7978,0,0.0,0,0.0,0,0.0
7979,0,0.00012287223788130542,0,0.0001228722378813,0,5.421010862427522e-18
7980,0,3.333944831029167e-05,0,3.333944831029167e-05,0,0.0
7981,0,0.0001774724862323305,0,0.0001774724862323,0,3.049318610115481e-17
7982,0,0.0,0,0.0,0,0.0
7983,0,3.333944831029167e-05,0,3.333944831029167e-05,0,0.0
7984,0,5.627566072263052e-05,0,5.627566072263052e-05,0,0.0
7985,0,0.0,0,0.0,0,0.0
7986,0,0.0,0,0.0,0,0.0
7987,0,0.00012287223788130542,0,0.0001228722378813,0,5.421010862427522e-18
7988,0,0.0,0,0.0,0,0.0
7989,0,0.0051228722378813055,0,0.0051228722378813,0,5.204170427930421e-18
7990,0,0.00012287223788130542,0,0.0001228722378813,0,5.421010862427522e-18
7991,0,0.0,0,0.0,0,0.0
7992,0,0.00012287223788130542,0,0.0001228722378813,0,5.421010862427522e-18
7993,0,0.0,0,0.0,0,0.0
7994,0,5.627566072263052e-05,0,5.627566072263052e-05,0,0.0
7995,0,9.712151500778927e-05,0,9.712151500778928e-05,0,1.3552527156068805e-20
7996,0,5.627566072263052e-05,0,5.627566072263052e-05,0,0.0
7997,0,5.627566072263052e-05,0,5.627566072263052e-05,0,0.0
7998,0,1.3624954201079227e-05,0,1.3624954201079228e-05,0,1.6940658945086007e-21
7999,0,2.1645599610635026e-05,0,2.1645599610635026e-05,0,0.0
8000,0,0.00013046096331808095,0,0.000130460963318,0,8.096279723035504e-17
8001,0,0.00017914789860393594,0,0.0001791478986039,0,3.594130201789447e-17
8002,0,3.333944831029167e-05,0,3.333944831029167e-05,0,0.0
8003,0,0.00014408591751916016,0,0.0001440859175191,0,6.01732205729455e-17
8004,0,0.0,0,0.0,0,0.0
8005,0,0.0005001115415214183,0,0.0005001115415214,0,1.8323016715005025e-17
8006,0,3.333944831029167e-05,0,3.333944831029167e-05,0,0.0
8007,0,3.333944831029167e-05,0,3.333944831029167e-05,0,0.0
8008,0,4.69644025113709e-05,0,4.69644025113709e-05,0,0.0
8009,0,0.0,0,0.0,0,0.0
8010,0,0.00012287223788130542,0,0.0001228722378813,0,5.421010862427522e-18
8011,0,4.69644025113709e-05,0,4.69644025113709e-05,0,0.0
8012,0,0.0001774724862323305,0,0.0001774724862323,0,3.049318610115481e-17
8013,0,0.0001107464692088685,0,0.0001107464692088,0,6.849447224677174e-17
8014,0,4.69644025113709e-05,0,4.69644025113709e-05,0,0.0
8015,0,5.627566072263052e-05,0,5.627566072263052e-05,0,0.0
8016,0,3.333944831029167e-05,0,3.333944831029167e-05,0,0.0
8017,0,0.00017914789860393594,0,0.0001791478986039,0,3.594130201789447e-17
8018,0,0.0001774724862323305,0,0.0001774724862323,0,3.049318610115481e-17
8019,0,0.00017914789860393594,0,0.0001791478986039,0,3.594130201789447e-17
8020,0,4.136009371984747e-05,0,4.136009371984747e-05,0,0.0
8021,0,0.00014408591751916016,0,0.0001440859175191,0,6.01732205729455e-17
8022,0,5.627566072263052e-05,0,5.627566072263052e-05,0,0.0
8023,0,0.00012287223788130542,0,0.0001228722378813,0,5.421010862427522e-18
8024,0,5.627566072263052e-05,0,5.627566072263052e-05,0,0.0
8025,0,0.00012287223788130542,0,0.0001228722378813,0,5.421010862427522e-18
8026,0,5.49850479209267e-05,0,5.49850479209267e-05,0,0.0
8027,0,0.0,0,0.0,0,0.0
8028,0,0.00012119682550969995,0,0.0001211968255096,0,9.994988777600744e-17
8029,0,0.0,0,0.0,0,0.0
8030,0,0.0001774724862323305,0,0.0001774724862323,0,3.049318610115481e-17
8031,0,5.627566072263052e-05,0,5.627566072263052e-05,0,0.0
8032,0,3.333944831029167e-05,0,3.333944831029167e-05,0,0.0
8033,0,0.00012287223788130542,0,0.0001228722378813,0,5.421010862427522e-18
8034,0,5.627566072263052e-05,0,5.627566072263052e-05,0,0.0
8035,0,5.627566072263052e-05,0,5.627566072263052e-05,0,0.0
8036,0,3.333944831029167e-05,0,3.333944831029167e-05,0,0.0
8037,0,0.00012287223788130542,0,0.0001228722378813,0,5.421010862427522e-18
8038,0,4.69644025113709e-05,0,4.69644025113709e-05,0,0.0
8039,0,0.0,0,0.0,0,0.0
8040,0,4.136009371984747e-05,0,4.136009371984747e-05,0,0.0
8041,0,0.0,0,0.0,0,0.0
8042,0,0.0001774724862323305,0,0.0001774724862323,0,3.049318610115481e-17
8043,0,0.00017914789860393594,0,0.0001791478986039,0,3.594130201789447e-17
8044,0,0.0001774724862323305,0,0.0001774724862323,0,3.049318610115481e-17
8045,0,0.00014408591751916016,0,0.0001440859175191,0,6.01732205729455e-17
8046,0,3.333944831029167e-05,0,3.333944831029167e-05,0,0.0
8047,0,0.00012287223788130542,0,0.0001228722378813,0,5.421010862427522e-18
8048,0,0.00012287223788130542,0,0.0001228722378813,0,5.421010862427522e-18
8049,0,0.0004433589700015121,0,0.0004433589700015,0,1.2088854223213374e-17
8050,0,3.333944831029167e-05,0,3.333944831029167e-05,0,0.0
8051,0,0.00012287223788130542,0,0.0001228722378813,0,5.421010862427522e-18
8052,0,8.961510903292219e-05,0,8.961510903292219e-05,0,0.0
8053,0,0.00012287223788130542,0,0.0001228722378813,0,5.421010862427522e-18
8054,0,8.961510903292219e-05,0,8.961510903292219e-05,0,0.0
8055,0,0.0,0,0.0,0,0.0
8056,0,3.333944831029167e-05,0,3.333944831029167e-05,0,0.0
8057,0,0.0001774724862323305,0,0.0001774724862323,0,3.049318610115481e-17
8058,0,3.333944831029167e-05,0,3.333944831029167e-05,0,0.0
8059,0,0.0,0,0.0,0,0.0
8060,0,3.333944831029167e-05,0,3.333944831029167e-05,0,0.0
8061,0,3.333944831029167e-05,0,3.333944831029167e-05,0,0.0
8062,0,3.333944831029167e-05,0,3.333944831029167e-05,0,0.0
8063,0,0.0,0,0.0,0,0.0
8064,0,3.333944831029167e-05,0,3.333944831029167e-05,0,0.0
8065,0,0.0,0,0.0,0,0.0
8066,0,0.0001774724862323305,0,0.0001774724862323,0,3.049318610115481e-17
8067,0,3.333944831029167e-05,0,3.333944831029167e-05,0,0.0
8068,0,0.0,0,0.0,0,0.0
8069,0,5.627566072263052e-05,0,5.627566072263052e-05,0,0.0
8070,0,0.0,0,0.0,0,0.0
8071,0,0.0,0,0.0,0,0.0
8072,0,0.0001427105662563799,0,0.0001427105662563,0,7.987859505786954e-17
8073,0,0.00012287223788130542,0,0.0001228722378813,0,5.421010862427522e-18
8074,0,0.00014967158243958044,0,0.0001496715824395,0,8.044780119842443e-17
8075,0,5.627566072263052e-05,0,5.627566072263052e-05,0,0.0
8076,0,0.0,0,0.0,0,0.0
8077,0,1.3624954201079227e-05,0,1.3624954201079228e-05,0,1.6940658945086007e-21
8078,0,3.333944831029167e-05,0,3.333944831029167e-05,0,0.0
8079,0,0.0,0,0.0,0,0.0
8080,0,4.136009371984747e-05,0,4.136009371984747e-05,0,0.0
8081,0,0.0001774724862323305,0,0.0001774724862323,0,3.049318610115481e-17
8082,0,8.961510903292219e-05,0,8.961510903292219e-05,0,0.0
8083,0,0.0001107464692088685,0,0.0001107464692088,0,6.849447224677174e-17
8084,0,0.0001774724862323305,0,0.0001774724862323,0,3.049318610115481e-17
8085,0,0.0,0,0.0,0,0.0
8086,0,0.00012119682550969995,0,0.0001211968255096,0,9.994988777600744e-17
8087,0,0.0,0,0.0,0,0.0
8088,0,0.00014408591751916016,0,0.0001440859175191,0,6.01732205729455e-17
8089,0,0.0,0,0.0,0,0.0
8090,0,4.136009371984747e-05,0,4.136009371984747e-05,0,0.0
8091,0,0.0010611393353226516,0,0.0010611393353226,0,5.160802341031001e-17
8092,0,3.333944831029167e-05,0,3.333944831029167e-05,0,0.0
8093,0,5.627566072263052e-05,0,5.627566072263052e-05,0,0.0
8094,0,0.005,0,0.005,0,0.0
8095,0,0.0,0,0.0,0,0.0
8096,0,0.0,0,0.0,0,0.0
8097,0,0.0,0,0.0,0,0.0
8098,0,0.0001774724862323305,0,0.0001774724862323,0,3.049318610115481e-17
8099,0,0.00012287223788130542,0,0.0001228722378813,0,5.421010862427522e-18
8100,0,9.763575444247798e-05,0,9.763575444247798e-05,0,0.0
8101,0,5.627566072263052e-05,0,5.627566072263052e-05,0,0.0
8102,0,0.0,0,0.0,0,0.0
8103,0,0.0,0,0.0,0,0.0
8104,0,0.00017914789860393594,0,0.0001791478986039,0,3.594130201789447e-17
8105,0,5.627566072263052e-05,0,5.627566072263052e-05,0,0.0
8106,0,0.0,0,0.0,0,0.0
8107,0,0.0001774724862323305,0,0.0001774724862323,0,3.049318610115481e-17
8108,0,0.0,0,0.0,0,0.0
8109,0,0.00017914789860393594,0,0.0001791478986039,0,3.594130201789447e-17
8110,0,5.627566072263052e-05,0,5.627566072263052e-05,0,0.0
8111,0,0.0,0,0.0,0,0.0
8112,0,9.5746163745009e-05,0,9.5746163745009e-05,0,0.0
8113,0,0.0001774724862323305,0,0.0001774724862323,0,3.049318610115481e-17
8114,0,4.136009371984747e-05,0,4.136009371984747e-05,0,0.0
8115,0,0.00017914789860393594,0,0.0001791478986039,0,3.594130201789447e-17
8116,0,0.0002008044228646876,0,0.0002008044228646,0,8.760353553682876e-17
8117,0,0.0001107464692088685,0,0.0001107464692088,0,6.849447224677174e-17
8118,0,3.333944831029167e-05,0,3.333944831029167e-05,0,0.0
8119,0,3.333944831029167e-05,0,3.333944831029167e-05,0,0.0
8120,0,3.333944831029167e-05,0,3.333944831029167e-05,0,0.0
8121,0,4.69644025113709e-05,0,4.69644025113709e-05,0,0.0
8122,0,3.333944831029167e-05,0,3.333944831029167e-05,0,0.0
8123,0,3.333944831029167e-05,0,3.333944831029167e-05,0,0.0
8124,0,0.00017914789860393594,0,0.0001791478986039,0,3.594130201789447e-17
8125,0,9.5746163745009e-05,0,9.5746163745009e-05,0,0.0
8126,0,5.627566072263052e-05,0,5.627566072263052e-05,0,0.0
8127,0,0.0,0,0.0,0,0.0
8128,0,0.0,0,0.0,0,0.0
8129,0,0.001609524085035309,0,0.0016095240850353,0,9.107298248878237e-18
8130,0,3.333944831029167e-05,0,3.333944831029167e-05,0,0.0
8131,0,1.3624954201079227e-05,0,1.3624954201079228e-05,0,1.6940658945086007e-21
8132,0,0.0001774724862323305,0,0.0001774724862323,0,3.049318610115481e-17
8133,0,0.0001774724862323305,0,0.0001774724862323,0,3.049318610115481e-17
8134,0,0.00017914789860393594,0,0.0001791478986039,0,3.594130201789447e-17
8135,0,3.333944831029167e-05,0,3.333944831029167e-05,0,0.0
8136,0,0.0006491742651982184,0,0.0006491742651982,0,1.8431436932253575e-17
8137,0,3.333944831029167e-05,0,3.333944831029167e-05,0,0.0
8138,0,0.0001562116861915971,0,0.0001562116861915,0,9.709030454607692e-17
8139,0,0.00012119682550969995,0,0.0001211968255096,0,9.994988777600744e-17
8140,0,0.0,0,0.0,0,0.0
8141,0,0.00047669841831180377,0,0.0004766984183118,0,3.7947076036992655e-18
8142,0,0.00023983208126416918,0,0.0002398320812641,0,6.917209860457518e-17
8143,0,5.627566072263052e-05,0,5.627566072263052e-05,0,0.0
8144,0,3.333944831029167e-05,0,3.333944831029167e-05,0,0.0
8145,0,3.333944831029167e-05,0,3.333944831029167e-05,0,0.0
8146,0,5.627566072263052e-05,0,5.627566072263052e-05,0,0.0
8147,0,0.0,0,0.0,0,0.0
8148,0,0.0,0,0.0,0,0.0
8149,0,1.3624954201079227e-05,0,1.3624954201079228e-05,0,1.6940658945086007e-21
8150,0,0.00012287223788130542,0,0.0001228722378813,0,5.421010862427522e-18
8151,0,0.00012287223788130542,0,0.0001228722378813,0,5.421010862427522e-18
8152,0,3.333944831029167e-05,0,3.333944831029167e-05,0,0.0
8153,0,0.0,0,0.0,0,0.0
8154,0,1.355918992709745e-05,0,1.355918992709745e-05,0,0.0
8155,0,0.00012287223788130542,0,0.0001228722378813,0,5.421010862427522e-18
8156,0,0.0001533971757304198,0,0.0001533971757304,0,1.9786689647860456e-17
8157,0,5.627566072263052e-05,0,5.627566072263052e-05,0,0.0
8158,0,0.00012287223788130542,0,0.0001228722378813,0,5.421010862427522e-18
8159,0,0.00017914789860393594,0,0.0001791478986039,0,3.594130201789447e-17
8160,0,8.961510903292219e-05,0,8.961510903292219e-05,0,0.0
8161,0,3.333944831029167e-05,0,3.333944831029167e-05,0,0.0
8162,0,0.00012287223788130542,0,0.0001228722378813,0,5.421010862427522e-18
8163,0,8.961510903292219e-05,0,8.961510903292219e-05,0,0.0
8164,0,0.015,0,0.015,0,0.0
8165,0,0.0,0,0.0,0,0.0
8166,0,0.00012287223788130542,0,0.0001228722378813,0,5.421010862427522e-18
8167,0,3.333944831029167e-05,0,3.333944831029167e-05,0,0.0
8168,0,3.333944831029167e-05,0,3.333944831029167e-05,0,0.0
8169,0,3.333944831029167e-05,0,3.333944831029167e-05,0,0.0
8170,0,9.5746163745009e-05,0,9.5746163745009e-05,0,0.0
8171,0,0.0001774724862323305,0,0.0001774724862323,0,3.049318610115481e-17
8172,0,0.0,0,0.0,0,0.0
8173,0,0.00012287223788130542,0,0.0001228722378813,0,5.421010862427522e-18
8174,0,5.627566072263052e-05,0,5.627566072263052e-05,0,0.0
8175,0,3.333944831029167e-05,0,3.333944831029167e-05,0,0.0
8176,0,0.0001774724862323305,0,0.0001774724862323,0,3.049318610115481e-17
8177,0,0.0,0,0.0,0,0.0
8178,0,5.627566072263052e-05,0,5.627566072263052e-05,0,0.0
8179,0,3.333944831029167e-05,0,3.333944831029167e-05,0,0.0
8180,0,3.333944831029167e-05,0,3.333944831029167e-05,0,0.0
8181,0,0.0,0,0.0,0,0.0
8182,0,0.0,0,0.0,0,0.0
8183,0,0.00014408591751916016,0,0.0001440859175191,0,6.01732205729455e-17
8184,0,0.0,0,0.0,0,0.0
8185,0,0.0,0,0.0,0,0.0
8186,0,0.0,0,0.0,0,0.0
8187,0,0.0,0,0.0,0,0.0
8188,0,1.3624954201079227e-05,0,1.3624954201079228e-05,0,1.6940658945086007e-21
8189,0,4.136009371984747e-05,0,4.136009371984747e-05,0,0.0
8190,0,0.0,0,0.0,0,0.0
8191,0,3.333944831029167e-05,0,3.333944831029167e-05,0,0.0
8192,0,0.0001774724862323305,0,0.0001774724862323,0,3.049318610115481e-17
8193,0,3.333944831029167e-05,0,3.333944831029167e-05,0,0.0
8194,0,1.3624954201079227e-05,0,1.3624954201079228e-05,0,1.6940658945086007e-21
8195,0,0.0001774724862323305,0,0.0001774724862323,0,3.049318610115481e-17
8196,0,0.0,0,0.0,0,0.0
8197,0,3.333944831029167e-05,0,3.333944831029167e-05,0,0.0
8198,0,4.136009371984747e-05,0,4.136009371984747e-05,0,0.0
8199,0,5.627566072263052e-05,0,5.627566072263052e-05,0,0.0
8200,0,3.333944831029167e-05,0,3.333944831029167e-05,0,0.0
8201,0,0.0,0,0.0,0,0.0
8202,0,0.00013046096331808095,0,0.000130460963318,0,8.096279723035504e-17
8203,0,3.333944831029167e-05,0,3.333944831029167e-05,0,0.0
8204,0,4.69644025113709e-05,0,4.69644025113709e-05,0,0.0
8205,0,0.0,0,0.0,0,0.0
8206,0,0.0001427105662563799,0,0.0001427105662563,0,7.987859505786954e-17
8207,0,0.002677124750739208,0,0.0026771247507392,0,8.239936510889834e-18
8208,0,0.0,0,0.0,0,0.0
8209,0,3.333944831029167e-05,0,3.333944831029167e-05,0,0.0
8210,0,9.763575444247798e-05,0,9.763575444247798e-05,0,0.0
8211,0,0.00012287223788130542,0,0.0001228722378813,0,5.421010862427522e-18
8212,0,0.0,0,0.0,0,0.0
8213,0,1.0323304617013603e-05,0,1.0323304617013604e-05,0,1.6940658945086007e-21
8214,0,4.136009371984747e-05,0,4.136009371984747e-05,0,0.0
8215,0,0.0001774724862323305,0,0.0001774724862323,0,3.049318610115481e-17
8216,0,3.333944831029167e-05,0,3.333944831029167e-05,0,0.0
8217,0,4.136009371984747e-05,0,4.136009371984747e-05,0,0.0
8218,0,3.333944831029167e-05,0,3.333944831029167e-05,0,0.0
8219,0,3.333944831029167e-05,0,3.333944831029167e-05,0,0.0
8220,0,4.69644025113709e-05,0,4.69644025113709e-05,0,0.0
8221,0,0.005,0,0.005,0,0.0
8222,0,0.0001774724862323305,0,0.0001774724862323,0,3.049318610115481e-17
8223,0,5.627566072263052e-05,0,5.627566072263052e-05,0,0.0
8224,0,9.712151500778927e-05,0,9.712151500778928e-05,0,1.3552527156068805e-20
8225,0,8.961510903292219e-05,0,8.961510903292219e-05,0,0.0
8226,0,0.00017914789860393594,0,0.0001791478986039,0,3.594130201789447e-17
8227,0,4.69644025113709e-05,0,4.69644025113709e-05,0,0.0
8228,0,5.627566072263052e-05,0,5.627566072263052e-05,0,0.0
8229,0,0.0,0,0.0,0,0.0
8230,0,1.3624954201079227e-05,0,1.3624954201079228e-05,0,1.6940658945086007e-21
8231,0,0.0,0,0.0,0,0.0
8232,0,0.00012287223788130542,0,0.0001228722378813,0,5.421010862427522e-18
8233,0,0.00012287223788130542,0,0.0001228722378813,0,5.421010862427522e-18
8234,0,0.00012287223788130542,0,0.0001228722378813,0,5.421010862427522e-18
8235,0,0.0001774724862323305,0,0.0001774724862323,0,3.049318610115481e-17
8236,0,0.0001774724862323305,0,0.0001774724862323,0,3.049318610115481e-17
8237,0,5.49850479209267e-05,0,5.49850479209267e-05,0,0.0
8238,0,0.0,0,0.0,0,0.0
8239,0,5.627566072263052e-05,0,5.627566072263052e-05,0,0.0
8240,0,5.627566072263052e-05,0,5.627566072263052e-05,0,0.0
8241,0,0.0001774724862323305,0,0.0001774724862323,0,3.049318610115481e-17
8242,0,0.0001774724862323305,0,0.0001774724862323,0,3.049318610115481e-17
8243,0,0.0,0,0.0,0,0.0
8244,0,0.005557592064916903,0,0.0055575920649169,0,2.6020852139652106e-18
8245,0,0.00014408591751916016,0,0.0001440859175191,0,6.01732205729455e-17
8246,0,0.0,0,0.0,0,0.0
8247,0,5.627566072263052e-05,0,5.627566072263052e-05,0,0.0
8248,0,0.00014408591751916016,0,0.0001440859175191,0,6.01732205729455e-17
8249,0,4.69644025113709e-05,0,4.69644025113709e-05,0,0.0
8250,0,0.00015349946624343698,0,0.0001534994662434,0,3.69712940817557e-17
8251,0,0.0,0,0.0,0,0.0
8252,0,0.0,0,0.0,0,0.0
8253,0,0.00012287223788130542,0,0.0001228722378813,0,5.421010862427522e-18
8254,0,3.333944831029167e-05,0,3.333944831029167e-05,0,0.0
8255,0,0.0001107464692088685,0,0.0001107464692088,0,6.849447224677174e-17
8256,0,0.0001774724862323305,0,0.0001774724862323,0,3.049318610115481e-17
8257,0,3.333944831029167e-05,0,3.333944831029167e-05,0,0.0
8258,0,1.3624954201079227e-05,0,1.3624954201079228e-05,0,1.6940658945086007e-21
8259,0,0.01,0,0.01,0,0.0
8260,0,0.0,0,0.0,0,0.0
8261,0,0.0001774724862323305,0,0.0001774724862323,0,3.049318610115481e-17
8262,0,4.69644025113709e-05,0,4.69644025113709e-05,0,0.0
8263,0,0.0,0,0.0,0,0.0
8264,0,0.0001947572694502673,0,0.0001947572694502,0,6.730184985703769e-17
8265,0,3.333944831029167e-05,0,3.333944831029167e-05,0,0.0
8266,0,0.0,0,0.0,0,0.0
8267,0,0.0001774724862323305,0,0.0001774724862323,0,3.049318610115481e-17
8268,0,3.333944831029167e-05,0,3.333944831029167e-05,0,0.0
8269,0,0.0001107464692088685,0,0.0001107464692088,0,6.849447224677174e-17
8270,0,9.763575444247798e-05,0,9.763575444247798e-05,0,0.0
8271,0,9.5746163745009e-05,0,9.5746163745009e-05,0,0.0
8272,0,3.333944831029167e-05,0,3.333944831029167e-05,0,0.0
8273,0,0.0001774724862323305,0,0.0001774724862323,0,3.049318610115481e-17
8274,0,0.00012287223788130542,0,0.0001228722378813,0,5.421010862427522e-18
8275,0,3.333944831029167e-05,0,3.333944831029167e-05,0,0.0
8276,0,9.763575444247798e-05,0,9.763575444247798e-05,0,0.0
8277,0,9.763575444247798e-05,0,9.763575444247798e-05,0,0.0
8278,0,0.0005001115415214183,0,0.0005001115415214,0,1.8323016715005025e-17
8279,0,0.0,0,0.0,0,0.0
8280,0,0.00017914789860393594,0,0.0001791478986039,0,3.594130201789447e-17
8281,0,0.0,0,0.0,0,0.0
8282,0,4.69644025113709e-05,0,4.69644025113709e-05,0,0.0
8283,0,5.627566072263052e-05,0,5.627566072263052e-05,0,0.0
8284,0,3.333944831029167e-05,0,3.333944831029167e-05,0,0.0
8285,0,0.00017914789860393594,0,0.0001791478986039,0,3.594130201789447e-17
8286,0,5.627566072263052e-05,0,5.627566072263052e-05,0,0.0
8287,0,4.136009371984747e-05,0,4.136009371984747e-05,0,0.0
8288,0,3.333944831029167e-05,0,3.333944831029167e-05,0,0.0
8289,0,8.961510903292219e-05,0,8.961510903292219e-05,0,0.0
8290,0,0.0,0,0.0,0,0.0
8291,0,0.0,0,0.0,0,0.0
8292,0,0.0001774724862323305,0,0.0001774724862323,0,3.049318610115481e-17
8293,0,5.627566072263052e-05,0,5.627566072263052e-05,0,0.0
8294,0,0.0,0,0.0,0,0.0
8295,0,5.627566072263052e-05,0,5.627566072263052e-05,0,0.0
8296,1,0.9796657899743808,1,0.9796657899743808,1,0.0
8297,0,0.00017914789860393594,0,0.0001791478986039,0,3.594130201789447e-17
8298,0,3.333944831029167e-05,0,3.333944831029167e-05,0,0.0
8299,0,0.00017914789860393594,0,0.0001791478986039,0,3.594130201789447e-17
8300,0,8.785737719940827e-05,0,8.785737719940827e-05,0,0.0
8301,0,9.763575444247798e-05,0,9.763575444247798e-05,0,0.0
8302,0,0.0,0,0.0,0,0.0
8303,0,3.333944831029167e-05,0,3.333944831029167e-05,0,0.0
8304,0,0.0,0,0.0,0,0.0
8305,0,0.005,0,0.005,0,0.0
8306,0,8.961510903292219e-05,0,8.961510903292219e-05,0,0.0
8307,0,5.538544517541651e-06,0,5.538544517541651e-06,0,0.0
8308,0,5.627566072263052e-05,0,5.627566072263052e-05,0,0.0
8309,0,0.0,0,0.0,0,0.0
8310,0,5.627566072263052e-05,0,5.627566072263052e-05,0,0.0
8311,0,0.005,0,0.005,0,0.0
8312,1,0.9948659663161281,1,0.994865966316128,1,1.1102230246251565e-16
8313,0,5.627566072263052e-05,0,5.627566072263052e-05,0,0.0
8314,0,0.0,0,0.0,0,0.0
8315,0,0.0,0,0.0,0,0.0
8316,0,4.2987726818739194e-05,0,4.29877268187392e-05,0,6.776263578034403e-21
8317,0,0.005,0,0.005,0,0.0
8318,0,0.009930318567738548,0,0.0099303185677385,0,4.683753385137379e-17
8319,0,8.020645409555797e-06,0,8.020645409555797e-06,0,0.0
8320,0,0.0005001115415214183,0,0.0005001115415214,0,1.8323016715005025e-17
8321,0,0.0,0,0.0,0,0.0
8322,0,0.0,0,0.0,0,0.0
8323,0,5.627566072263052e-05,0,5.627566072263052e-05,0,0.0
8324,0,0.005,0,0.005,0,0.0
8325,0,1.3624954201079227e-05,0,1.3624954201079228e-05,0,1.6940658945086007e-21
8326,0,8.961510903292219e-05,0,8.961510903292219e-05,0,0.0
8327,0,8.961510903292219e-05,0,8.961510903292219e-05,0,0.0
8328,0,9.712151500778927e-05,0,9.712151500778928e-05,0,1.3552527156068805e-20
8329,0,0.01,0,0.01,0,0.0
8330,0,0.0,0,0.0,0,0.0
8331,0,0.0,0,0.0,0,0.0
8332,0,0.005005538544517542,0,0.0050055385445175,0,4.163336342344337e-17
8333,0,5.627566072263052e-05,0,5.627566072263052e-05,0,0.0
8334,0,0.0,0,0.0,0,0.0
8335,1,0.999843839950089,1,0.999843839950089,1,0.0
8336,0,0.0,0,0.0,0,0.0
8337,0,0.0,0,0.0,0,0.0
8338,0,0.010033339448310292,0,0.0100333394483102,0,9.194034422677078e-17
8339,0,0.0,0,0.0,0,0.0
8340,0,0.0,0,0.0,0,0.0
8341,0,3.333944831029167e-05,0,3.333944831029167e-05,0,0.0
8342,0,0.0005001115415214183,0,0.0005001115415214,0,1.8323016715005025e-17
8343,0,0.0,0,0.0,0,0.0
8344,0,0.0054866083664474406,0,0.0054866083664474,0,4.0766001685454967e-17
8345,0,0.004955307203272152,0,0.0049553072032721,0,5.204170427930421e-17
8346,0,8.020645409555797e-06,0,8.020645409555797e-06,0,0.0
8347,0,0.0,0,0.0,0,0.0
8348,0,0.0,0,0.0,0,0.0
8349,0,4.1950919242184565e-05,0,4.1950919242184565e-05,0,0.0
8350,0,0.0,0,0.0,0,0.0
8351,0,0.0,0,0.0,0,0.0
8352,0,0.005,0,0.005,0,0.0
8353,0,0.0011979787815216717,0,0.0011979787815216,0,7.177418381854039e-17
8354,0,0.0,0,0.0,0,0.0
8355,0,0.0,0,0.0,0,0.0
8356,0,8.020645409555797e-06,0,8.020645409555797e-06,0,0.0
8357,0,0.00501860176035872,0,0.0050186017603587,0,1.9949319973733282e-17
8358,0,0.0,0,0.0,0,0.0
8359,0,0.0,0,0.0,0,0.0
8360,0,0.00014967158243958044,0,0.0001496715824395,0,8.044780119842443e-17
8361,0,0.010365081847628237,0,0.0103650818476282,0,3.642919299551295e-17
8362,0,0.0005219653325205105,0,0.0005219653325205,0,1.0516761073109393e-17
8363,0,8.020645409555797e-06,0,8.020645409555797e-06,0,0.0
8364,0,5.627566072263052e-05,0,5.627566072263052e-05,0,0.0
8365,0,0.0,0,0.0,0,0.0
8366,0,0.0005001115415214183,0,0.0005001115415214,0,1.8323016715005025e-17
8367,0,0.006675199345255531,0,0.0066751993452555,0,3.122502256758253e-17
8368,0,0.0,0,0.0,0,0.0
8369,0,0.0,0,0.0,0,0.0
8370,0,0.0,0,0.0,0,0.0
8371,0,3.333944831029167e-05,0,3.333944831029167e-05,0,0.0
8372,0,0.0,0,0.0,0,0.0
8373,0,5.627566072263052e-05,0,5.627566072263052e-05,0,0.0
8374,0,0.0,0,0.0,0,0.0
8375,0,8.961510903292219e-05,0,8.961510903292219e-05,0,0.0
8376,0,0.00012119682550969995,0,0.0001211968255096,0,9.994988777600744e-17
8377,0,0.0,0,0.0,0,0.0
8378,0,0.0,0,0.0,0,0.0
8379,0,0.005148536521384126,0,0.0051485365213841,0,2.6020852139652106e-17
8380,0,1.3624954201079227e-05,0,1.3624954201079228e-05,0,1.6940658945086007e-21
8381,0,5.627566072263052e-05,0,5.627566072263052e-05,0,0.0
8382,0,0.0002491433394754288,0,0.0002491433394754,0,2.878556767949014e-17
8383,0,0.0,0,0.0,0,0.0
8384,0,0.0,0,0.0,0,0.0
8385,0,0.00014413303792203878,0,0.000144133037922,0,3.878733272066892e-17
8386,0,0.0,0,0.0,0,0.0
8387,0,3.333944831029167e-05,0,3.333944831029167e-05,0,0.0
8388,0,0.0,0,0.0,0,0.0
8389,0,0.0,0,0.0,0,0.0
8390,0,0.0,0,0.0,0,0.0
8391,0,0.010395456774288929,0,0.0103954567742889,0,2.949029909160572e-17
8392,0,0.0,0,0.0,0,0.0
8393,0,1.3624954201079227e-05,0,1.3624954201079228e-05,0,1.6940658945086007e-21
8394,0,0.0,0,0.0,0,0.0
8395,0,0.027942154295652624,0,0.0279421542956526,0,2.42861286636753e-17
8396,0,0.0,0,0.0,0,0.0
8397,0,9.712151500778927e-05,0,9.712151500778928e-05,0,1.3552527156068805e-20
8398,0,0.005,0,0.005,0,0.0
8399,0,0.0,0,0.0,0,0.0
8400,0,0.0,0,0.0,0,0.0
8401,0,4.136009371984747e-05,0,4.136009371984747e-05,0,0.0
8402,0,0.005226207127063089,0,0.005226207127063,0,8.933825901280557e-17
8403,0,0.0,0,0.0,0,0.0
8404,0,0.0,0,0.0,0,0.0
8405,0,0.0,0,0.0,0,0.0
8406,0,3.333944831029167e-05,0,3.333944831029167e-05,0,0.0
8407,0,0.0,0,0.0,0,0.0
8408,0,3.230264073373704e-05,0,3.230264073373704e-05,0,0.0
8409,0,0.0049543234202492755,0,0.0049543234202492,0,7.546047120499111e-17
8410,0,0.0,0,0.0,0,0.0
8411,0,5.627566072263052e-05,0,5.627566072263052e-05,0,0.0
8412,0,3.230264073373704e-05,0,3.230264073373704e-05,0,0.0
8413,0,0.0005001115415214183,0,0.0005001115415214,0,1.8323016715005025e-17
8414,0,0.02,0,0.02,0,0.0
8415,0,8.785737719940827e-05,0,8.785737719940827e-05,0,0.0
8416,0,3.333944831029167e-05,0,3.333944831029167e-05,0,0.0
8417,0,5.627566072263052e-05,0,5.627566072263052e-05,0,0.0
8418,0,3.333944831029167e-05,0,3.333944831029167e-05,0,0.0
8419,0,0.0,0,0.0,0,0.0
8420,0,0.0,0,0.0,0,0.0
8421,0,0.0,0,0.0,0,0.0
8422,0,0.00018673662404071145,0,0.0001867366240407,0,1.1438332919722072e-17
8423,0,0.0004433589700015121,0,0.0004433589700015,0,1.2088854223213374e-17
8424,0,8.020645409555797e-06,0,8.020645409555797e-06,0,0.0
8425,0,0.0,0,0.0,0,0.0
8426,0,0.0010994063687471364,0,0.0010994063687471,0,3.642919299551295e-17
8427,0,0.0,0,0.0,0,0.0
8428,0,0.0,0,0.0,0,0.0
8429,0,1.3624954201079227e-05,0,1.3624954201079228e-05,0,1.6940658945086007e-21
8430,0,0.0005563872022440489,0,0.000556387202244,0,4.889751797909625e-17
8431,0,0.00023129307978597458,0,0.0002312930797859,0,7.456600441269057e-17
8432,0,0.0,0,0.0,0,0.0
8433,0,0.005,0,0.005,0,0.0
8434,0,0.0,0,0.0,0,0.0
8435,0,0.0,0,0.0,0,0.0
8436,0,0.0,0,0.0,0,0.0
8437,0,0.014664083078283076,0,0.014664083078283,0,7.632783294297951e-17
8438,0,0.0,0,0.0,0,0.0
8439,0,3.333944831029167e-05,0,3.333944831029167e-05,0,0.0
8440,0,0.0005001115415214183,0,0.0005001115415214,0,1.8323016715005025e-17
8441,0,9.712151500778927e-05,0,9.712151500778928e-05,0,1.3552527156068805e-20
8442,0,1.7668923918003326e-05,0,1.7668923918003326e-05,0,0.0
8443,0,0.00021766812558489536,0,0.0002176681255848,0,9.535558107010011e-17
8444,0,0.0002596190448270799,0,0.000259619044827,0,7.990570011218168e-17
8445,0,0.0,0,0.0,0,0.0
8446,0,0.0,0,0.0,0,0.0
8447,0,0.0,0,0.0,0,0.0
8448,0,0.0,0,0.0,0,0.0
8449,0,5.627566072263052e-05,0,5.627566072263052e-05,0,0.0
8450,0,0.00507487742108135,0,0.0050748774210813,0,4.9439619065339e-17
8451,0,0.01872834363229762,0,0.0187283436322976,0,1.734723475976807e-17
8452,0,0.0018521237470249402,0,0.0018521237470249,0,4.0115480381963664e-17
8453,0,0.0,0,0.0,0,0.0
8454,0,3.333944831029167e-05,0,3.333944831029167e-05,0,0.0
8455,0,0.0,0,0.0,0,0.0
8456,0,0.004832303122230267,0,0.0048323031222302,0,6.678685382510707e-17
8457,0,0.00505627566072263,0,0.0050562756607226,0,3.0357660829594124e-17
8458,0,0.0,0,0.0,0,0.0
8459,0,0.0,0,0.0,0,0.0
8460,0,0.00022374063527702645,0,0.000223740635277,0,2.6454533008646308e-17
8461,0,0.0028860270467812,0,0.0028860270467812,0,0.0
8462,0,0.0,0,0.0,0,0.0
8463,0,0.009564026044647027,0,0.009564026044647,0,2.7755575615628914e-17
8464,0,0.6346549957697725,1,0.6346549957697725,1,0.0
8465,0,0.00016591723704482874,0,0.0001659172370448,0,2.873135757086587e-17
8466,0,0.0,0,0.0,0,0.0
8467,0,0.005,0,0.005,0,0.0
8468,0,8.961510903292219e-05,0,8.961510903292219e-05,0,0.0
8469,0,0.005153499466243438,0,0.0051534994662434,0,3.729655473350135e-17
8470,0,5.627566072263052e-05,0,5.627566072263052e-05,0,0.0
8471,0,3.333944831029167e-05,0,3.333944831029167e-05,0,0.0
8472,0,0.005,0,0.005,0,0.0
8473,0,0.0,0,0.0,0,0.0
8474,0,0.0,0,0.0,0,0.0
8475,0,5.627566072263052e-05,0,5.627566072263052e-05,0,0.0
8476,0,0.00014413303792203878,0,0.000144133037922,0,3.878733272066892e-17
8477,0,0.0,0,0.0,0,0.0
8478,0,5.627566072263052e-05,0,5.627566072263052e-05,0,0.0
8479,0,3.333944831029167e-05,0,3.333944831029167e-05,0,0.0
8480,0,0.0,0,0.0,0,0.0
8481,0,5.627566072263052e-05,0,5.627566072263052e-05,0,0.0
8482,0,9.712151500778927e-05,0,9.712151500778928e-05,0,1.3552527156068805e-20
8483,0,0.000339435824986526,0,0.0003394358249865,0,2.6020852139652106e-17
8484,0,0.0022580541084876787,0,0.0022580541084876,0,7.849623728795052e-17
8485,0,5.627566072263052e-05,0,5.627566072263052e-05,0,0.0
8486,0,0.00014413303792203878,0,0.000144133037922,0,3.878733272066892e-17
8487,0,0.0,0,0.0,0,0.0
8488,0,0.0,0,0.0,0,0.0
8489,0,0.0,0,0.0,0,0.0
8490,0,8.785737719940827e-05,0,8.785737719940827e-05,0,0.0
8491,0,0.00018673662404071145,0,0.0001867366240407,0,1.1438332919722072e-17
8492,0,0.005217668125584896,0,0.0052176681255848,0,9.540979117872439e-17
8493,0,5.627566072263052e-05,0,5.627566072263052e-05,0,0.0
8494,0,0.0037889356666746077,0,0.0037889356666746,0,7.806255641895632e-18
8495,0,0.01,0,0.01,0,0.0
8496,0,5.627566072263052e-05,0,5.627566072263052e-05,0,0.0
8497,0,3.333944831029167e-05,0,3.333944831029167e-05,0,0.0
8498,0,0.0,0,0.0,0,0.0
8499,0,0.0,0,0.0,0,0.0
8500,0,5.627566072263052e-05,0,5.627566072263052e-05,0,0.0
8501,0,0.0,0,0.0,0,0.0
8502,0,0.0,0,0.0,0,0.0
8503,0,5.627566072263052e-05,0,5.627566072263052e-05,0,0.0
8504,0,0.0,0,0.0,0,0.0
8505,0,8.785737719940827e-05,0,8.785737719940827e-05,0,0.0
8506,0,0.0,0,0.0,0,0.0
8507,0,0.00019236765234023373,0,0.0001923676523402,0,3.3745792618611326e-17
8508,0,5.627566072263052e-05,0,5.627566072263052e-05,0,0.0
8509,0,0.0,0,0.0,0,0.0
8510,0,0.0,0,0.0,0,0.0
8511,0,0.0,0,0.0,0,0.0
8512,0,0.0,0,0.0,0,0.0
8513,0,0.0,0,0.0,0,0.0
8514,0,0.0,0,0.0,0,0.0
8515,0,8.961510903292219e-05,0,8.961510903292219e-05,0,0.0
8516,0,0.0,0,0.0,0,0.0
8517,0,0.0,0,0.0,0,0.0
8518,0,0.0,0,0.0,0,0.0
8519,0,0.0,0,0.0,0,0.0
8520,0,0.0001533971757304198,0,0.0001533971757304,0,1.9786689647860456e-17
8521,0,0.0,0,0.0,0,0.0
8522,0,0.0,0,0.0,0,0.0
8523,0,0.0,0,0.0,0,0.0
8524,0,0.005,0,0.005,0,0.0
8525,0,0.0,0,0.0,0,0.0
8526,0,0.0,0,0.0,0,0.0
8527,0,0.0,0,0.0,0,0.0
8528,0,8.961510903292219e-05,0,8.961510903292219e-05,0,0.0
8529,0,3.230264073373704e-05,0,3.230264073373704e-05,0,0.0
8530,0,0.0,0,0.0,0,0.0
8531,0,0.0,0,0.0,0,0.0
8532,0,0.0,0,0.0,0,0.0
8533,0,0.0,0,0.0,0,0.0
8534,0,0.019894536673626628,0,0.0198945366736266,0,2.7755575615628914e-17
8535,0,0.00014413303792203878,0,0.000144133037922,0,3.878733272066892e-17
8536,0,0.0,0,0.0,0,0.0
8537,0,0.005,0,0.005,0,0.0
8538,0,0.0,0,0.0,0,0.0
8539,0,8.020645409555797e-06,0,8.020645409555797e-06,0,0.0
8540,0,0.0,0,0.0,0,0.0
8541,0,0.0,0,0.0,0,0.0
8542,0,3.333944831029167e-05,0,3.333944831029167e-05,0,0.0
8543,0,5.627566072263052e-05,0,5.627566072263052e-05,0,0.0
8544,0,0.0,0,0.0,0,0.0
8545,0,0.0,0,0.0,0,0.0
8546,0,5.627566072263052e-05,0,5.627566072263052e-05,0,0.0
8547,0,0.0,0,0.0,0,0.0
8548,0,0.0,0,0.0,0,0.0
8549,0,5.627566072263052e-05,0,5.627566072263052e-05,0,0.0
8550,0,3.333944831029167e-05,0,3.333944831029167e-05,0,0.0
8551,0,0.0,0,0.0,0,0.0
8552,0,0.0,0,0.0,0,0.0
8553,0,0.0,0,0.0,0,0.0
8554,0,0.0,0,0.0,0,0.0
8555,0,0.03,0,0.03,0,0.0
8556,0,3.333944831029167e-05,0,3.333944831029167e-05,0,0.0
8557,0,3.333944831029167e-05,0,3.333944831029167e-05,0,0.0
8558,0,0.005,0,0.005,0,0.0
8559,0,0.004968892070080182,0,0.0049688920700801,0,8.239936510889834e-17
8560,0,5.627566072263052e-05,0,5.627566072263052e-05,0,0.0
8561,0,7.487742108134962e-05,0,7.487742108134962e-05,0,0.0
8562,0,5.627566072263052e-05,0,5.627566072263052e-05,0,0.0
8563,0,0.0,0,0.0,0,0.0
8564,0,8.785737719940827e-05,0,8.785737719940827e-05,0,0.0
8565,0,0.0,0,0.0,0,0.0
8566,0,0.0,0,0.0,0,0.0
8567,0,0.020171544730025324,0,0.0201715447300253,0,2.42861286636753e-17
8568,0,0.0,0,0.0,0,0.0
8569,0,0.0,0,0.0,0,0.0
8570,0,0.015854657528067063,0,0.015854657528067,0,6.245004513516506e-17
8571,0,5.538544517541651e-06,0,5.538544517541651e-06,0,0.0
8572,0,0.0,0,0.0,0,0.0
8573,0,0.005105142160417345,0,0.0051051421604173,0,4.5102810375396984e-17
8574,0,6.564208904402871e-05,0,6.564208904402871e-05,0,0.0
8575,0,0.00010128470826255065,0,0.0001012847082625,0,5.0645793982229126e-17
8576,0,0.005,0,0.005,0,0.0
8577,0,0.0,0,0.0,0,0.0
8578,0,0.0005188788616268266,0,0.0005188788616268,0,2.656295322589486e-17
8579,0,0.004953653094653554,0,0.0049536530946535,0,5.377642775528102e-17
8580,0,0.0,0,0.0,0,0.0
8581,0,5.538544517541651e-06,0,5.538544517541651e-06,0,0.0
8582,0,0.005,0,0.005,0,0.0
8583,0,3.333944831029167e-05,0,3.333944831029167e-05,0,0.0
8584,0,8.961510903292219e-05,0,8.961510903292219e-05,0,0.0
8585,0,0.00013084510401814746,0,0.0001308451040181,0,4.7460950100552957e-17
8586,0,0.0,0,0.0,0,0.0
8587,0,0.0,0,0.0,0,0.0
8588,0,0.005,0,0.005,0,0.0
8589,0,0.010056275660722631,0,0.0100562756607226,0,3.122502256758253e-17
8590,0,0.00021231990119629786,0,0.0002123199011962,0,9.784924606681678e-17
8591,0,5.627566072263052e-05,0,5.627566072263052e-05,0,0.0
8592,0,0.00012287223788130542,0,0.0001228722378813,0,5.421010862427522e-18
8593,0,3.333944831029167e-05,0,3.333944831029167e-05,0,0.0
8594,0,0.00014413303792203878,0,0.000144133037922,0,3.878733272066892e-17
8595,0,0.0,0,0.0,0,0.0
8596,0,8.961510903292219e-05,0,8.961510903292219e-05,0,0.0
8597,0,0.03486517854966093,0,0.0348651785496609,0,3.469446951953614e-17
8598,0,0.0036021990426338964,0,0.0036021990426338,0,9.627715291671279e-17
8599,0,0.0,0,0.0,0,0.0
8600,0,0.0,0,0.0,0,0.0
8601,0,0.0032313378325452167,0,0.0032313378325452,0,1.691355389077387e-17
8602,0,0.00505627566072263,0,0.0050562756607226,0,3.0357660829594124e-17
8603,0,0.005376639963317129,0,0.0053766399633171,0,2.949029909160572e-17
8604,0,0.00021045270137313513,0,0.0002104527013731,0,3.5128150388530344e-17
8605,0,0.0,0,0.0,0,0.0
8606,0,0.0,0,0.0,0,0.0
8607,0,8.961510903292219e-05,0,8.961510903292219e-05,0,0.0
8608,0,0.005,0,0.005,0,0.0
8609,0,5.627566072263052e-05,0,5.627566072263052e-05,0,0.0
8610,0,0.0,0,0.0,0,0.0
8611,0,0.0,0,0.0,0,0.0
8612,0,0.0,0,0.0,0,0.0
8613,0,0.0,0,0.0,0,0.0
8614,0,0.0,0,0.0,0,0.0
8615,1,0.9998995828027242,1,0.9998995828027242,1,0.0
8616,0,0.005018435561748627,0,0.0050184355617486,0,2.688821387764051e-17
8617,1,0.999829945411065,1,0.999829945411065,1,0.0
8618,0,0.0,0,0.0,0,0.0
8619,0,5.627566072263052e-05,0,5.627566072263052e-05,0,0.0
8620,0,8.020645409555797e-06,0,8.020645409555797e-06,0,0.0
8621,0,0.0003283806221097257,0,0.0003283806221097,0,2.5695591487906455e-17
8622,0,0.0,0,0.0,0,0.0
8623,0,0.0,0,0.0,0,0.0
8624,0,3.333944831029167e-05,0,3.333944831029167e-05,0,0.0
8625,0,0.0399886022859836,0,0.0399886022859836,0,0.0
8626,0,1.8601760358719096e-05,0,1.8601760358719096e-05,0,0.0
8627,0,0.0,0,0.0,0,0.0
8628,0,0.0,0,0.0,0,0.0
8629,0,0.0005139446871109546,0,0.0005139446871109,0,5.4643789493269423e-17
8630,0,0.0,0,0.0,0,0.0
8631,0,8.020645409555797e-06,0,8.020645409555797e-06,0,0.0
8632,0,1.3624954201079227e-05,0,1.3624954201079228e-05,0,1.6940658945086007e-21
8633,0,0.0,0,0.0,0,0.0
8634,0,0.0,0,0.0,0,0.0
8635,0,0.0,0,0.0,0,0.0
8636,0,5.627566072263052e-05,0,5.627566072263052e-05,0,0.0
8637,0,0.0,0,0.0,0,0.0
8638,0,0.00012980829644159285,0,0.0001298082964415,0,9.283481101907132e-17
8639,0,9.712151500778927e-05,0,9.712151500778928e-05,0,1.3552527156068805e-20
8640,0,0.0,0,0.0,0,0.0
8641,0,0.0,0,0.0,0,0.0
8642,0,0.0,0,0.0,0,0.0
8643,0,0.0,0,0.0,0,0.0
8644,0,0.0,0,0.0,0,0.0
8645,0,0.00012807605179355005,0,0.0001280760517935,0,5.006303531451817e-17
8646,0,0.0,0,0.0,0,0.0
8647,0,8.020645409555797e-06,0,8.020645409555797e-06,0,0.0
8648,0,5.627566072263052e-05,0,5.627566072263052e-05,0,0.0
8649,0,0.0,0,0.0,0,0.0
8650,0,0.0,0,0.0,0,0.0
8651,0,0.005033339448310291,0,0.0050333394483102,0,9.107298248878237e-17
8652,0,0.0005001115415214183,0,0.0005001115415214,0,1.8323016715005025e-17
8653,0,5.627566072263052e-05,0,5.627566072263052e-05,0,0.0
8654,0,0.0,0,0.0,0,0.0
8655,0,8.785737719940827e-05,0,8.785737719940827e-05,0,0.0
8656,0,0.0,0,0.0,0,0.0
8657,0,0.0005001115415214183,0,0.0005001115415214,0,1.8323016715005025e-17
8658,0,0.010285300208226787,0,0.0102853002082267,0,8.673617379884035e-17
8659,0,0.0,0,0.0,0,0.0
8660,0,0.0,0,0.0,0,0.0
8661,0,0.0,0,0.0,0,0.0
8662,0,5.627566072263052e-05,0,5.627566072263052e-05,0,0.0
8663,0,0.009804872384893073,0,0.009804872384893,0,7.28583859910259e-17
8664,0,0.0,0,0.0,0,0.0
8665,0,3.333944831029167e-05,0,3.333944831029167e-05,0,0.0
8666,0,0.0002008044228646876,0,0.0002008044228646,0,8.760353553682876e-17
8667,0,8.961510903292219e-05,0,8.961510903292219e-05,0,0.0
8668,0,0.0,0,0.0,0,0.0
8669,0,0.0,0,0.0,0,0.0
8670,0,0.0,0,0.0,0,0.0
8671,0,0.0005001115415214183,0,0.0005001115415214,0,1.8323016715005025e-17
8672,0,5.627566072263052e-05,0,5.627566072263052e-05,0,0.0
8673,0,0.0036021990426338964,0,0.0036021990426338,0,9.627715291671279e-17
8674,0,0.00027394378630752583,0,0.0002739437863075,0,2.585822181377928e-17
8675,0,0.0,0,0.0,0,0.0
8676,0,0.0,0,0.0,0,0.0
8677,0,0.0,0,0.0,0,0.0
8678,0,5.627566072263052e-05,0,5.627566072263052e-05,0,0.0
8679,0,5.194120866901077e-05,0,5.194120866901077e-05,0,0.0
8680,0,1.3624954201079227e-05,0,1.3624954201079228e-05,0,1.6940658945086007e-21
8681,0,0.0,0,0.0,0,0.0
8682,0,0.0,0,0.0,0,0.0
8683,0,0.0,0,0.0,0,0.0
8684,0,0.0036021990426338964,0,0.0036021990426338,0,9.627715291671279e-17
8685,0,0.0,0,0.0,0,0.0
8686,0,0.0,0,0.0,0,0.0
8687,0,0.00014413303792203878,0,0.000144133037922,0,3.878733272066892e-17
8688,0,0.0,0,0.0,0,0.0
8689,0,0.015,0,0.015,0,0.0
8690,0,5.627566072263052e-05,0,5.627566072263052e-05,0,0.0
8691,0,3.333944831029167e-05,0,3.333944831029167e-05,0,0.0
8692,0,0.005,0,0.005,0,0.0
8693,0,0.0,0,0.0,0,0.0
8694,0,3.333944831029167e-05,0,3.333944831029167e-05,0,0.0
8695,0,0.0,0,0.0,0,0.0
8696,0,8.785737719940827e-05,0,8.785737719940827e-05,0,0.0
8697,0,0.019886697765717155,0,0.0198866977657171,0,5.551115123125783e-17
8698,0,0.0,0,0.0,0,0.0
8699,0,0.0,0,0.0,0,0.0
8700,0,0.005008020645409556,0,0.0050080206454095,0,5.551115123125783e-17
8701,0,8.020645409555797e-06,0,8.020645409555797e-06,0,0.0
8702,0,0.00010514216041734507,0,0.0001051421604173,0,4.5075705321084847e-17
8703,0,0.0,0,0.0,0,0.0
8704,0,0.0,0,0.0,0,0.0
8705,0,0.0,0,0.0,0,0.0
8706,0,0.0036584747033565268,0,0.0036584747033565,0,2.688821387764051e-17
8707,0,0.0,0,0.0,0,0.0
8708,0,3.333944831029167e-05,0,3.333944831029167e-05,0,0.0
8709,0,0.0,0,0.0,0,0.0
8710,0,0.0,0,0.0,0,0.0
8711,0,8.020645409555797e-06,0,8.020645409555797e-06,0,0.0
8712,0,8.961510903292219e-05,0,8.961510903292219e-05,0,0.0
8713,0,0.0010245289476657866,0,0.0010245289476657,0,8.651933336434325e-17
8714,0,0.0,0,0.0,0,0.0
8715,0,0.0,0,0.0,0,0.0
8716,0,0.005,0,0.005,0,0.0
8717,0,0.0,0,0.0,0,0.0
8718,0,7.180039107091953e-05,0,7.180039107091953e-05,0,0.0
8719,0,0.0,0,0.0,0,0.0
8720,0,0.00019236765234023373,0,0.0001923676523402,0,3.3745792618611326e-17
8721,0,0.0004100357779251291,0,0.0004100357779251,0,2.9110828331235794e-17
8722,0,0.0,0,0.0,0,0.0
8723,0,0.0,0,0.0,0,0.0
8724,0,5.627566072263052e-05,0,5.627566072263052e-05,0,0.0
8725,0,0.0054962224940597925,0,0.0054962224940597,0,9.280770596475918e-17
8726,0,0.0,0,0.0,0,0.0
8727,0,0.00012287223788130542,0,0.0001228722378813,0,5.421010862427522e-18
8728,0,0.0,0,0.0,0,0.0
8729,0,8.961510903292219e-05,0,8.961510903292219e-05,0,0.0
8730,0,0.004487506860474855,0,0.0044875068604748,0,5.4643789493269423e-17
8731,0,0.0,0,0.0,0,0.0
8732,0,0.0,0,0.0,0,0.0
8733,0,0.0,0,0.0,0,0.0
8734,0,0.0005972330565292076,0,0.0005972330565292,0,7.589415207398531e-18
8735,0,8.961510903292219e-05,0,8.961510903292219e-05,0,0.0
8736,0,0.02491632213160405,0,0.024916322131604,0,4.85722573273506e-17
8737,0,0.0,0,0.0,0,0.0
8738,0,1.3624954201079227e-05,0,1.3624954201079228e-05,0,1.6940658945086007e-21
8739,0,5.538544517541651e-06,0,5.538544517541651e-06,0,0.0
8740,0,0.0,0,0.0,0,0.0
8741,0,0.0,0,0.0,0,0.0
8742,0,0.0,0,0.0,0,0.0
8743,0,0.0,0,0.0,0,0.0
8744,0,0.005130460963318081,0,0.005130460963318,0,8.066464163292153e-17
8745,0,3.333944831029167e-05,0,3.333944831029167e-05,0,0.0
8746,0,0.0,0,0.0,0,0.0
8747,0,7.487742108134962e-05,0,7.487742108134962e-05,0,0.0
8748,0,9.648278508447526e-06,0,9.648278508447526e-06,0,0.0
8749,0,0.0005001115415214183,0,0.0005001115415214,0,1.8323016715005025e-17
8750,0,0.0,0,0.0,0,0.0
8751,0,0.0,0,0.0,0,0.0
8752,0,9.712151500778927e-05,0,9.712151500778928e-05,0,1.3552527156068805e-20
8753,0,0.0,0,0.0,0,0.0
8754,0,0.0,0,0.0,0,0.0
8755,0,0.0036021990426338964,0,0.0036021990426338,0,9.627715291671279e-17
8756,0,0.0,0,0.0,0,0.0
8757,0,7.180039107091953e-05,0,7.180039107091953e-05,0,0.0
8758,0,8.961510903292219e-05,0,8.961510903292219e-05,0,0.0
8759,0,0.005,0,0.005,0,0.0
8760,0,0.0,0,0.0,0,0.0
8761,0,0.0,0,0.0,0,0.0
8762,0,0.005051941208669011,0,0.005051941208669,0,1.0408340855860843e-17
8763,0,0.0,0,0.0,0,0.0
8764,0,0.0,0,0.0,0,0.0
8765,0,5.627566072263052e-05,0,5.627566072263052e-05,0,0.0
8766,0,0.0,0,0.0,0,0.0
8767,0,0.009633062293467564,0,0.0096330622934675,0,6.418476861114186e-17
8768,0,0.0,0,0.0,0,0.0
8769,0,0.0,0,0.0,0,0.0
8770,0,8.785737719940827e-05,0,8.785737719940827e-05,0,0.0
8771,0,0.0,0,0.0,0,0.0
8772,0,0.003740680651361533,0,0.0037406806513615,0,3.2959746043559335e-17
8773,0,0.0,0,0.0,0,0.0
8774,0,0.0,0,0.0,0,0.0
8775,0,0.005443358970001512,0,0.0054433589700015,0,1.214306433183765e-17
8776,0,1.3624954201079227e-05,0,1.3624954201079228e-05,0,1.6940658945086007e-21
8777,0,8.020645409555797e-06,0,8.020645409555797e-06,0,0.0
8778,0,0.0,0,0.0,0,0.0
8779,0,0.00014413303792203878,0,0.000144133037922,0,3.878733272066892e-17
8780,0,0.0,0,0.0,0,0.0
8781,0,0.0,0,0.0,0,0.0
8782,0,0.0,0,0.0,0,0.0
8783,0,0.0,0,0.0,0,0.0
8784,0,0.0,0,0.0,0,0.0
8785,0,0.0,0,0.0,0,0.0
8786,0,0.0,0,0.0,0,0.0
8787,0,0.0005219653325205105,0,0.0005219653325205,0,1.0516761073109393e-17
8788,0,0.0,0,0.0,0,0.0
8789,0,5.194120866901077e-05,0,5.194120866901077e-05,0,0.0
8790,0,5.627566072263052e-05,0,5.627566072263052e-05,0,0.0
8791,0,0.005,0,0.005,0,0.0
8792,0,0.005,0,0.005,0,0.0
8793,0,0.0,0,0.0,0,0.0
8794,0,1.3624954201079227e-05,0,1.3624954201079228e-05,0,1.6940658945086007e-21
8795,0,5.627566072263052e-05,0,5.627566072263052e-05,0,0.0
8796,0,0.005,0,0.005,0,0.0
8797,0,0.0,0,0.0,0,0.0
8798,0,0.0,0,0.0,0,0.0
8799,0,8.961510903292219e-05,0,8.961510903292219e-05,0,0.0
8800,0,0.0,0,0.0,0,0.0
8801,0,0.01,0,0.01,0,0.0
8802,0,0.0,0,0.0,0,0.0
8803,0,0.0,0,0.0,0,0.0
8804,0,0.0005001115415214183,0,0.0005001115415214,0,1.8323016715005025e-17
8805,0,0.0002251975668013393,0,0.0002251975668013,0,3.9302328752599536e-17
8806,0,0.0,0,0.0,0,0.0
8807,0,0.0,0,0.0,0,0.0
8808,0,0.0,0,0.0,0,0.0
8809,0,0.005,0,0.005,0,0.0
8810,0,0.00021766812558489536,0,0.0002176681255848,0,9.535558107010011e-17
8811,0,8.961510903292219e-05,0,8.961510903292219e-05,0,0.0
8812,0,0.0,0,0.0,0,0.0
8813,0,5.194120866901077e-05,0,5.194120866901077e-05,0,0.0
8814,0,3.333944831029167e-05,0,3.333944831029167e-05,0,0.0
8815,0,0.0,0,0.0,0,0.0
8816,0,0.0,0,0.0,0,0.0
8817,0,0.00031478964059268464,0,0.0003147896405926,0,8.462197956249362e-17
8818,0,0.0005139446871109546,0,0.0005139446871109,0,5.4643789493269423e-17
8819,0,9.712151500778927e-05,0,9.712151500778928e-05,0,1.3552527156068805e-20
8820,0,0.0,0,0.0,0,0.0
8821,0,0.0,0,0.0,0,0.0
8822,0,0.0005275696413120339,0,0.000527569641312,0,3.393552799879629e-17
8823,0,8.020645409555797e-06,0,8.020645409555797e-06,0,0.0
8824,0,4.2987726818739194e-05,0,4.29877268187392e-05,0,6.776263578034403e-21
8825,0,0.0,0,0.0,0,0.0
8826,0,0.0,0,0.0,0,0.0
8827,0,0.0,0,0.0,0,0.0
8828,0,8.020645409555797e-06,0,8.020645409555797e-06,0,0.0
8829,0,5.627566072263052e-05,0,5.627566072263052e-05,0,0.0
8830,0,0.0,0,0.0,0,0.0
8831,0,0.0018383470900074162,0,0.0018383470900074,0,1.6263032587282567e-17
8832,0,5.627566072263052e-05,0,5.627566072263052e-05,0,0.0
8833,0,5.627566072263052e-05,0,5.627566072263052e-05,0,0.0
8834,0,0.004968892070080182,0,0.0049688920700801,0,8.239936510889834e-17
8835,0,0.004760866258248887,0,0.0047608662582488,0,8.673617379884035e-17
8836,0,8.961510903292219e-05,0,8.961510903292219e-05,0,0.0
8837,0,0.0,0,0.0,0,0.0
8838,0,3.333944831029167e-05,0,3.333944831029167e-05,0,0.0
8839,0,0.0,0,0.0,0,0.0
8840,0,0.0004100357779251291,0,0.0004100357779251,0,2.9110828331235794e-17
8841,0,8.961510903292219e-05,0,8.961510903292219e-05,0,0.0
8842,1,0.9999365487727764,1,0.9999365487727764,1,0.0
8843,0,0.0,0,0.0,0,0.0
8844,0,0.0,0,0.0,0,0.0
8845,1,0.9999481224022735,1,0.9999481224022736,1,1.1102230246251565e-16
8846,0,3.333944831029167e-05,0,3.333944831029167e-05,0,0.0
8847,0,0.00014413303792203878,0,0.000144133037922,0,3.878733272066892e-17
8848,0,7.487742108134962e-05,0,7.487742108134962e-05,0,0.0
8849,0,0.005,0,0.005,0,0.0
8850,0,0.005005538544517542,0,0.0050055385445175,0,4.163336342344337e-17
8851,0,0.00012119682550969995,0,0.0001211968255096,0,9.994988777600744e-17
8852,0,0.005,0,0.005,0,0.0
8853,0,0.0,0,0.0,0,0.0
8854,0,0.0,0,0.0,0,0.0
8855,0,0.0,0,0.0,0,0.0
8856,0,0.010492215520019887,0,0.0104922155200198,0,8.673617379884035e-17
8857,0,9.712151500778927e-05,0,9.712151500778928e-05,0,1.3552527156068805e-20
8858,0,0.0,0,0.0,0,0.0
8859,0,0.0001614178211399756,0,0.0001614178211399,0,7.562310153086393e-17
8860,0,0.005160042469877194,0,0.0051600424698771,0,9.367506770274758e-17
8861,0,5.627566072263052e-05,0,5.627566072263052e-05,0,0.0
8862,0,0.0,0,0.0,0,0.0
8863,0,0.004362056976579916,0,0.0043620569765799,0,1.6479873021779667e-17
8864,0,0.0,0,0.0,0,0.0
8865,0,0.0001689219060787088,0,0.0001689219060787,0,8.809142651444724e-18
8866,0,0.0,0,0.0,0,0.0
8867,0,0.0,0,0.0,0,0.0
8868,0,3.333944831029167e-05,0,3.333944831029167e-05,0,0.0
8869,0,0.005217668125584896,0,0.0052176681255848,0,9.540979117872439e-17
8870,0,0.005020483504832153,0,0.0050204835048321,0,5.2909066017292616e-17
8871,0,0.0,0,0.0,0,0.0
8872,0,0.0,0,0.0,0,0.0
8873,0,0.0002499707663186324,0,0.0002499707663186,0,3.236343484869231e-17
8874,0,0.00016746497455439596,0,0.0001674649745543,0,9.595189226496714e-17
8875,0,7.180039107091953e-05,0,7.180039107091953e-05,0,0.0
8876,0,0.0001562116861915971,0,0.0001562116861915,0,9.709030454607692e-17
8877,0,8.961510903292219e-05,0,8.961510903292219e-05,0,0.0
8878,0,0.0,0,0.0,0,0.0
8879,0,0.0,0,0.0,0,0.0
8880,0,0.0001533971757304198,0,0.0001533971757304,0,1.9786689647860456e-17
8881,0,5.538544517541651e-06,0,5.538544517541651e-06,0,0.0
8882,0,0.0,0,0.0,0,0.0
8883,0,0.0,0,0.0,0,0.0
8884,0,0.0,0,0.0,0,0.0
8885,0,0.0001774724862323305,0,0.0001774724862323,0,3.049318610115481e-17
8886,0,0.014760542899894442,0,0.0147605428998944,0,4.163336342344337e-17
8887,0,0.00010676979351623679,0,0.0001067697935162,0,3.6795111228726807e-17
8888,0,4.1950919242184565e-05,0,4.1950919242184565e-05,0,0.0
8889,0,0.0,0,0.0,0,0.0
8890,0,8.961510903292219e-05,0,8.961510903292219e-05,0,0.0
8891,0,3.333944831029167e-05,0,3.333944831029167e-05,0,0.0
8892,0,0.0,0,0.0,0,0.0
8893,0,0.0,0,0.0,0,0.0
8894,0,3.333944831029167e-05,0,3.333944831029167e-05,0,0.0
8895,0,8.785737719940827e-05,0,8.785737719940827e-05,0,0.0
8896,0,8.961510903292219e-05,0,8.961510903292219e-05,0,0.0
8897,0,0.005,0,0.005,0,0.0
8898,0,0.00014413303792203878,0,0.000144133037922,0,3.878733272066892e-17
8899,0,5.627566072263052e-05,0,5.627566072263052e-05,0,0.0
8900,0,0.0,0,0.0,0,0.0
8901,0,0.0,0,0.0,0,0.0
8902,0,0.005032302640733737,0,0.0050323026407337,0,3.642919299551295e-17
8903,0,0.019832265697763016,0,0.019832265697763,0,1.734723475976807e-17
8904,0,3.333944831029167e-05,0,3.333944831029167e-05,0,0.0
8905,0,0.0005563872022440489,0,0.000556387202244,0,4.889751797909625e-17
8906,0,0.0,0,0.0,0,0.0
8907,0,0.0,0,0.0,0,0.0
8908,0,0.0,0,0.0,0,0.0
8909,0,0.0,0,0.0,0,0.0
8910,0,0.0,0,0.0,0,0.0
8911,0,0.0,0,0.0,0,0.0
8912,0,0.0,0,0.0,0,0.0
8913,0,0.0,0,0.0,0,0.0
8914,0,0.00014413303792203878,0,0.000144133037922,0,3.878733272066892e-17
8915,0,0.0,0,0.0,0,0.0
8916,0,5.627566072263052e-05,0,5.627566072263052e-05,0,0.0
8917,0,0.0,0,0.0,0,0.0
8918,0,0.0,0,0.0,0,0.0
8919,0,0.0,0,0.0,0,0.0
8920,0,0.0,0,0.0,0,0.0
8921,0,0.00045698392420259135,0,0.0004569839242025,0,9.134403303190375e-17
8922,0,3.333944831029167e-05,0,3.333944831029167e-05,0,0.0
8923,0,0.0,0,0.0,0,0.0
8924,0,7.180039107091953e-05,0,7.180039107091953e-05,0,0.0
8925,0,0.0,0,0.0,0,0.0
8926,0,0.00012119682550969995,0,0.0001211968255096,0,9.994988777600744e-17
8927,0,0.0,0,0.0,0,0.0
8928,0,0.0001533971757304198,0,0.0001533971757304,0,1.9786689647860456e-17
8929,0,8.961510903292219e-05,0,8.961510903292219e-05,0,0.0
8930,0,0.0,0,0.0,0,0.0
8931,0,0.005,0,0.005,0,0.0
8932,0,0.0005001115415214183,0,0.0005001115415214,0,1.8323016715005025e-17
8933,0,5.627566072263052e-05,0,5.627566072263052e-05,0,0.0
8934,0,0.0005001115415214183,0,0.0005001115415214,0,1.8323016715005025e-17
8935,0,8.961510903292219e-05,0,8.961510903292219e-05,0,0.0
8936,0,0.0,0,0.0,0,0.0
8937,0,9.712151500778927e-05,0,9.712151500778928e-05,0,1.3552527156068805e-20
8938,0,0.0,0,0.0,0,0.0
8939,0,5.627566072263052e-05,0,5.627566072263052e-05,0,0.0
8940,0,0.0,0,0.0,0,0.0
8941,0,0.005,0,0.005,0,0.0
8942,0,5.627566072263052e-05,0,5.627566072263052e-05,0,0.0
8943,0,3.333944831029167e-05,0,3.333944831029167e-05,0,0.0
8944,0,0.0005001115415214183,0,0.0005001115415214,0,1.8323016715005025e-17
8945,0,0.0,0,0.0,0,0.0
8946,0,0.0,0,0.0,0,0.0
8947,0,0.0,0,0.0,0,0.0
8948,0,0.0,0,0.0,0,0.0
8949,0,0.0,0,0.0,0,0.0
8950,0,0.005,0,0.005,0,0.0
8951,0,5.627566072263052e-05,0,5.627566072263052e-05,0,0.0
8952,0,0.00505627566072263,0,0.0050562756607226,0,3.0357660829594124e-17
8953,0,0.004325447199722026,0,0.004325447199722,0,2.6020852139652106e-17
8954,0,0.0,0,0.0,0,0.0
8955,0,0.0,0,0.0,0,0.0
8956,0,1.0323304617013603e-05,0,1.0323304617013604e-05,0,1.6940658945086007e-21
8957,0,0.0,0,0.0,0,0.0
8958,0,0.0,0,0.0,0,0.0
8959,0,0.0,0,0.0,0,0.0
8960,0,5.627566072263052e-05,0,5.627566072263052e-05,0,0.0
8961,0,1.3624954201079227e-05,0,1.3624954201079228e-05,0,1.6940658945086007e-21
8962,0,0.00505627566072263,0,0.0050562756607226,0,3.0357660829594124e-17
8963,0,0.0,0,0.0,0,0.0
8964,0,3.333944831029167e-05,0,3.333944831029167e-05,0,0.0
8965,0,0.0,0,0.0,0,0.0
8966,0,5.627566072263052e-05,0,5.627566072263052e-05,0,0.0
8967,0,1.3624954201079227e-05,0,1.3624954201079228e-05,0,1.6940658945086007e-21
8968,0,0.019782686401675673,0,0.0197826864016756,0,7.28583859910259e-17
8969,0,0.0,0,0.0,0,0.0
8970,0,0.00014413303792203878,0,0.000144133037922,0,3.878733272066892e-17
8971,0,0.0005001115415214183,0,0.0005001115415214,0,1.8323016715005025e-17
8972,1,0.3048667922143818,0,0.3048667922143818,0,0.0
8973,0,0.0,0,0.0,0,0.0
8974,0,0.0,0,0.0,0,0.0
8975,0,0.034314020575931845,0,0.0343140205759318,0,4.163336342344337e-17
8976,0,0.0,0,0.0,0,0.0
8977,0,0.0001533971757304198,0,0.0001533971757304,0,1.9786689647860456e-17
8978,0,0.0,0,0.0,0,0.0
8979,0,0.00012119682550969995,0,0.0001211968255096,0,9.994988777600744e-17
8980,0,0.0,0,0.0,0,0.0
8981,0,0.02946869912330763,0,0.0294686991233076,0,2.7755575615628914e-17
8982,0,0.0,0,0.0,0,0.0
8983,0,0.0001774724862323305,0,0.0001774724862323,0,3.049318610115481e-17
8984,0,0.0,0,0.0,0,0.0
8985,0,1.3624954201079227e-05,0,1.3624954201079228e-05,0,1.6940658945086007e-21
8986,0,0.0,0,0.0,0,0.0
8987,0,0.0,0,0.0,0,0.0
8988,0,0.0,0,0.0,0,0.0
8989,0,8.961510903292219e-05,0,8.961510903292219e-05,0,0.0
8990,0,0.00012841078239884707,0,0.0001284107823988,0,4.708147934018303e-17
8991,0,6.181420524017216e-05,0,6.181420524017216e-05,0,0.0
8992,0,0.0,0,0.0,0,0.0
8993,0,0.0,0,0.0,0,0.0
8994,0,0.0005510159426138745,0,0.0005510159426138,0,7.448468924975415e-17
8995,0,0.005033339448310291,0,0.0050333394483102,0,9.107298248878237e-17
8996,0,0.0,0,0.0,0,0.0
8997,0,0.0,0,0.0,0,0.0
8998,0,0.0,0,0.0,0,0.0
8999,0,0.005,0,0.005,0,0.0
9000,0,0.00014408591751916016,0,0.0001440859175191,0,6.01732205729455e-17
9001,0,3.333944831029167e-05,0,3.333944831029167e-05,0,0.0
9002,0,0.005033339448310291,0,0.0050333394483102,0,9.107298248878237e-17
9003,0,0.0005137364957224977,0,0.0005137364957224,0,9.768661574094395e-17
9004,0,0.0,0,0.0,0,0.0
9005,0,8.961510903292219e-05,0,8.961510903292219e-05,0,0.0
9006,0,7.487742108134962e-05,0,7.487742108134962e-05,0,0.0
9007,0,3.333944831029167e-05,0,3.333944831029167e-05,0,0.0
9008,0,0.0,0,0.0,0,0.0
9009,0,0.0,0,0.0,0,0.0
9010,0,6.181420524017216e-05,0,6.181420524017216e-05,0,0.0
9011,0,0.005,0,0.005,0,0.0
9012,0,0.00020029581396780895,0,0.0002002958139678,0,8.944667923005412e-18
9013,0,3.333944831029167e-05,0,3.333944831029167e-05,0,0.0
9014,0,0.005,0,0.005,0,0.0
9015,0,0.0,0,0.0,0,0.0
9016,0,0.00010410303180465657,0,0.0001041030318046,0,5.65682483494312e-17
9017,0,0.005,0,0.005,0,0.0
9018,0,5.090440109245614e-05,0,5.090440109245614e-05,0,0.0
9019,0,0.00014413303792203878,0,0.000144133037922,0,3.878733272066892e-17
9020,0,0.00021766812558489536,0,0.0002176681255848,0,9.535558107010011e-17
9021,0,0.004951210571626193,0,0.0049512105716261,0,9.280770596475918e-17
9022,0,0.00518158679978894,0,0.0051815867997889,0,3.9898639947466563e-17
9023,0,0.02978069720429899,0,0.0297806972042989,0,9.020562075079397e-17
9024,0,5.627566072263052e-05,0,5.627566072263052e-05,0,0.0
9025,0,0.005033339448310291,0,0.0050333394483102,0,9.107298248878237e-17
9026,0,0.0,0,0.0,0,0.0
9027,0,0.0,0,0.0,0,0.0
9028,0,0.0,0,0.0,0,0.0
9029,0,0.0,0,0.0,0,0.0
9030,0,0.0,0,0.0,0,0.0
9031,0,0.00012119682550969995,0,0.0001211968255096,0,9.994988777600744e-17
9032,0,0.0,0,0.0,0,0.0
9033,0,0.005,0,0.005,0,0.0
9034,0,0.01654658698897439,0,0.0165465869889743,0,9.020562075079397e-17
9035,1,0.9999304773894205,1,0.9999304773894204,1,1.1102230246251565e-16
9036,0,8.020645409555797e-06,0,8.020645409555797e-06,0,0.0
9037,0,0.0,0,0.0,0,0.0
9038,0,3.333944831029167e-05,0,3.333944831029167e-05,0,0.0
9039,0,3.333944831029167e-05,0,3.333944831029167e-05,0,0.0
9040,0,8.785737719940827e-05,0,8.785737719940827e-05,0,0.0
9041,0,0.004857873727486498,0,0.0048578737274864,0,9.80118763926896e-17
9042,0,0.0001521536833315946,0,0.0001521536833315,0,9.459663954936026e-17
9043,0,0.0,0,0.0,0,0.0
9044,0,0.014999890254655644,0,0.0149998902546556,0,4.336808689942018e-17
9045,0,0.0,0,0.0,0,0.0
9046,0,5.627566072263052e-05,0,5.627566072263052e-05,0,0.0
9047,0,0.03487487969121725,0,0.0348748796912172,0,4.85722573273506e-17
9048,0,0.0,0,0.0,0,0.0
9049,0,0.0001107464692088685,0,0.0001107464692088,0,6.849447224677174e-17
9050,0,0.0,0,0.0,0,0.0
9051,0,8.289806649090542e-05,0,8.289806649090542e-05,0,0.0
9052,0,0.0,0,0.0,0,0.0
9053,0,0.00021766812558489536,0,0.0002176681255848,0,9.535558107010011e-17
9054,0,0.0,0,0.0,0,0.0
9055,0,0.0,0,0.0,0,0.0
9056,0,0.00016314774475188453,0,0.0001631477447518,0,8.451355934524507e-17
9057,0,0.00948045000848571,0,0.0094804500084857,0,1.0408340855860843e-17
9058,0,2.414030487626075e-05,0,2.414030487626075e-05,0,0.0
9059,0,0.009916322131604049,0,0.009916322131604,0,4.85722573273506e-17
9060,0,5.627566072263052e-05,0,5.627566072263052e-05,0,0.0
9061,0,5.627566072263052e-05,0,5.627566072263052e-05,0,0.0
9062,0,0.0,0,0.0,0,0.0
9063,0,0.0,0,0.0,0,0.0
9064,0,0.00022374063527702645,0,0.000223740635277,0,2.6454533008646308e-17
9065,0,0.0,0,0.0,0,0.0
9066,0,0.00014906272367680003,0,0.0001490627236768,0,2.710505431213761e-20
9067,0,5.627566072263052e-05,0,5.627566072263052e-05,0,0.0
9068,0,0.04497692589240627,0,0.0449769258924062,0,6.938893903907228e-17
9069,0,1.3624954201079227e-05,0,1.3624954201079228e-05,0,1.6940658945086007e-21
9070,0,5.627566072263052e-05,0,5.627566072263052e-05,0,0.0
9071,0,0.0,0,0.0,0,0.0
9072,0,5.538544517541651e-06,0,5.538544517541651e-06,0,0.0
9073,0,0.0,0,0.0,0,0.0
9074,0,0.00021248734691422762,0,0.0002124873469142,0,2.7620050344068225e-17
9075,0,0.01499984261505143,0,0.0149998426150514,0,2.949029909160572e-17
9076,0,0.00021248734691422762,0,0.0002124873469142,0,2.7620050344068225e-17
9077,0,0.005,0,0.005,0,0.0
9078,0,0.0,0,0.0,0,0.0
9079,0,0.00010937111794608822,0,0.000109371117946,0,8.821339925885185e-17
9080,0,0.0005619257467615905,0,0.0005619257467615,0,9.053088140253962e-17
9081,0,0.0,0,0.0,0,0.0
9082,0,0.0,0,0.0,0,0.0
9083,0,0.005,0,0.005,0,0.0
9084,0,3.333944831029167e-05,0,3.333944831029167e-05,0,0.0
9085,0,0.0005334509898317101,0,0.0005334509898317,0,1.0083080204115191e-17
9086,0,0.0,0,0.0,0,0.0
9087,0,0.009994414715824624,0,0.0099944147158246,0,2.42861286636753e-17
9088,0,0.00019236765234023373,0,0.0001923676523402,0,3.3745792618611326e-17
9089,0,0.015,0,0.015,0,0.0
9090,0,6.181420524017216e-05,0,6.181420524017216e-05,0,0.0
9091,0,5.627566072263052e-05,0,5.627566072263052e-05,0,0.0
9092,0,0.00021766812558489536,0,0.0002176681255848,0,9.535558107010011e-17
9093,0,0.0,0,0.0,0,0.0
9094,0,0.0,0,0.0,0,0.0
9095,0,0.0,0,0.0,0,0.0
9096,0,0.0,0,0.0,0,0.0
9097,0,7.65405371338063e-05,0,7.65405371338063e-05,0,0.0
9098,0,0.00021766812558489536,0,0.0002176681255848,0,9.535558107010011e-17
9099,0,0.00016314774475188453,0,0.0001631477447518,0,8.451355934524507e-17
9100,0,3.333944831029167e-05,0,3.333944831029167e-05,0,0.0
9101,0,3.333944831029167e-05,0,3.333944831029167e-05,0,0.0
9102,0,0.0,0,0.0,0,0.0
9103,0,0.0,0,0.0,0,0.0
9104,0,3.230264073373704e-05,0,3.230264073373704e-05,0,0.0
9105,0,0.05304351241167444,0,0.0530435124116744,0,4.163336342344337e-17
9106,0,0.0,0,0.0,0,0.0
9107,0,0.0,0,0.0,0,0.0
9108,0,5.627566072263052e-05,0,5.627566072263052e-05,0,0.0
9109,0,0.020217668125584894,0,0.0202176681255848,0,9.367506770274758e-17
9110,0,3.333944831029167e-05,0,3.333944831029167e-05,0,0.0
9111,0,0.005156211686191597,0,0.0051562116861915,0,9.71445146547012e-17
9112,0,0.0,0,0.0,0,0.0
9113,0,0.0,0,0.0,0,0.0
9114,0,0.0,0,0.0,0,0.0
9115,0,0.0,0,0.0,0,0.0
9116,0,1.3624954201079227e-05,0,1.3624954201079228e-05,0,1.6940658945086007e-21
9117,0,0.0,0,0.0,0,0.0
9118,0,6.181420524017216e-05,0,6.181420524017216e-05,0,0.0
9119,0,0.0,0,0.0,0,0.0
9120,0,0.0,0,0.0,0,0.0
9121,0,0.0,0,0.0,0,0.0
9122,0,0.0,0,0.0,0,0.0
9123,0,0.0,0,0.0,0,0.0
9124,0,5.627566072263052e-05,0,5.627566072263052e-05,0,0.0
9125,0,0.0,0,0.0,0,0.0
9126,0,0.0,0,0.0,0,0.0
9127,0,0.010170021119468542,0,0.0101700211194685,0,4.163336342344337e-17
9128,0,0.0,0,0.0,0,0.0
9129,0,0.0,0,0.0,0,0.0
9130,0,0.0,0,0.0,0,0.0
9131,0,0.0,0,0.0,0,0.0
9132,0,8.785737719940827e-05,0,8.785737719940827e-05,0,0.0
9133,0,5.627566072263052e-05,0,5.627566072263052e-05,0,0.0
9134,0,0.00014413303792203878,0,0.000144133037922,0,3.878733272066892e-17
9135,0,0.00992196775496186,0,0.0099219677549618,0,6.071532165918825e-17
9136,0,0.00014413303792203878,0,0.000144133037922,0,3.878733272066892e-17
9137,0,0.01,0,0.01,0,0.0
9138,0,0.00021766812558489536,0,0.0002176681255848,0,9.535558107010011e-17
9139,0,0.0,0,0.0,0,0.0
9140,0,8.961510903292219e-05,0,8.961510903292219e-05,0,0.0
9141,0,0.0,0,0.0,0,0.0
9142,0,0.00131821941890997,0,0.0013182194189099,0,6.982261990806649e-17
9143,0,3.230264073373704e-05,0,3.230264073373704e-05,0,0.0
9144,0,0.0,0,0.0,0,0.0
9145,0,3.333944831029167e-05,0,3.333944831029167e-05,0,0.0
9146,0,1.3624954201079227e-05,0,1.3624954201079228e-05,0,1.6940658945086007e-21
9147,0,0.005202521745785971,0,0.0052025217457859,0,7.112366251504909e-17
9148,0,0.0,0,0.0,0,0.0
9149,0,5.627566072263052e-05,0,5.627566072263052e-05,0,0.0
9150,0,0.00021766812558489536,0,0.0002176681255848,0,9.535558107010011e-17
9151,0,7.487742108134962e-05,0,7.487742108134962e-05,0,0.0
9152,0,0.005,0,0.005,0,0.0
9153,0,0.0,0,0.0,0,0.0
9154,0,0.005,0,0.005,0,0.0
9155,0,0.00014413303792203878,0,0.000144133037922,0,3.878733272066892e-17
9156,0,3.230264073373704e-05,0,3.230264073373704e-05,0,0.0
9157,0,0.0,0,0.0,0,0.0
9158,0,0.0,0,0.0,0,0.0
9159,0,0.004794546851100853,0,0.0047945468511008,0,5.2909066017292616e-17
9160,0,0.005,0,0.005,0,0.0
9161,0,0.00501860176035872,0,0.0050186017603587,0,1.9949319973733282e-17
9162,0,0.005103995002688854,0,0.0051039950026888,0,5.4643789493269423e-17
9163,0,0.00023310706359842465,0,0.0002331070635984,0,2.4665599424045226e-17
9164,0,0.0,0,0.0,0,0.0
9165,0,0.0,0,0.0,0,0.0
9166,0,0.0,0,0.0,0,0.0
9167,0,0.0,0,0.0,0,0.0
9168,0,0.0,0,0.0,0,0.0
9169,0,0.0,0,0.0,0,0.0
9170,0,3.230264073373704e-05,0,3.230264073373704e-05,0,0.0
9171,0,0.0,0,0.0,0,0.0
9172,0,8.961510903292219e-05,0,8.961510903292219e-05,0,0.0
9173,0,5.627566072263052e-05,0,5.627566072263052e-05,0,0.0
9174,0,0.0,0,0.0,0,0.0
9175,0,0.004218782756102851,0,0.0042187827561028,0,5.117434254131581e-17
9176,0,0.0,0,0.0,0,0.0
9177,0,0.0,0,0.0,0,0.0
9178,0,0.0,0,0.0,0,0.0
9179,1,0.9999553089832846,1,0.9999553089832846,1,0.0
9180,0,0.0,0,0.0,0,0.0
9181,0,0.0,0,0.0,0,0.0
9182,0,3.333944831029167e-05,0,3.333944831029167e-05,0,0.0
9183,0,0.0,0,0.0,0,0.0
9184,0,0.0,0,0.0,0,0.0
9185,0,0.00014413303792203878,0,0.000144133037922,0,3.878733272066892e-17
9186,0,0.0004433589700015121,0,0.0004433589700015,0,1.2088854223213374e-17
9187,0,3.333944831029167e-05,0,3.333944831029167e-05,0,0.0
9188,0,5.538544517541651e-06,0,5.538544517541651e-06,0,0.0
9189,0,0.0,0,0.0,0,0.0
9190,0,0.0,0,0.0,0,0.0
9191,0,0.0,0,0.0,0,0.0
9192,0,5.538544517541651e-06,0,5.538544517541651e-06,0,0.0
9193,0,0.004951210571626193,0,0.0049512105716261,0,9.280770596475918e-17
9194,0,0.0,0,0.0,0,0.0
9195,0,3.333944831029167e-05,0,3.333944831029167e-05,0,0.0
9196,0,0.0,0,0.0,0,0.0
9197,0,3.230264073373704e-05,0,3.230264073373704e-05,0,0.0
9198,0,3.333944831029167e-05,0,3.333944831029167e-05,0,0.0
9199,0,0.005,0,0.005,0,0.0
9200,0,0.0002708680450566371,0,0.0002708680450566,0,3.707971429900425e-17
9201,0,0.0050266224057682754,0,0.0050266224057682,0,7.546047120499111e-17
9202,0,0.00014413303792203878,0,0.000144133037922,0,3.878733272066892e-17
9203,0,6.429630613218631e-05,0,6.429630613218631e-05,0,0.0
9204,0,0.00020634296738222926,0,0.0002063429673822,0,2.927345865710862e-17
9205,0,3.333944831029167e-05,0,3.333944831029167e-05,0,0.0
9206,0,8.961510903292219e-05,0,8.961510903292219e-05,0,0.0
9207,0,1.3624954201079227e-05,0,1.3624954201079228e-05,0,1.6940658945086007e-21
9208,0,0.0,0,0.0,0,0.0
9209,0,0.0,0,0.0,0,0.0
9210,0,5.538544517541651e-06,0,5.538544517541651e-06,0,0.0
9211,0,0.005,0,0.005,0,0.0
9212,0,0.0,0,0.0,0,0.0
9213,0,0.00018549313164188626,0,0.0001854931316418,0,8.624828282122188e-17
9214,0,5.627566072263052e-05,0,5.627566072263052e-05,0,0.0
9215,0,1.3624954201079227e-05,0,1.3624954201079228e-05,0,1.6940658945086007e-21
9216,0,0.00021766812558489536,0,0.0002176681255848,0,9.535558107010011e-17
9217,0,0.0,0,0.0,0,0.0
9218,0,5.627566072263052e-05,0,5.627566072263052e-05,0,0.0
9219,0,0.0038085484191631115,0,0.0038085484191631,0,1.1275702593849246e-17
9220,0,0.00027260481393560714,0,0.0002726048139356,0,7.15573433840433e-18
9221,0,0.0,0,0.0,0,0.0
9222,0,8.961510903292219e-05,0,8.961510903292219e-05,0,0.0
9223,0,0.010500111541521417,0,0.0105001115415214,0,1.734723475976807e-17
9224,0,5.627566072263052e-05,0,5.627566072263052e-05,0,0.0
9225,0,5.538544517541651e-06,0,5.538544517541651e-06,0,0.0
9226,0,0.004370077621989473,0,0.0043700776219894,0,7.28583859910259e-17
9227,0,0.0,0,0.0,0,0.0
9228,0,0.0,0,0.0,0,0.0
9229,0,0.0,0,0.0,0,0.0
9230,0,0.0,0,0.0,0,0.0
9231,0,0.0,0,0.0,0,0.0
9232,0,0.0,0,0.0,0,0.0
9233,0,0.005,0,0.005,0,0.0
9234,0,0.0,0,0.0,0,0.0
9235,0,0.0,0,0.0,0,0.0
9236,0,0.0,0,0.0,0,0.0
9237,0,0.0,0,0.0,0,0.0
9238,0,0.0,0,0.0,0,0.0
9239,0,0.0,0,0.0,0,0.0
9240,0,0.0,0,0.0,0,0.0
9241,0,0.005,0,0.005,0,0.0
9242,0,0.0,0,0.0,0,0.0
9243,0,0.00014967158243958044,0,0.0001496715824395,0,8.044780119842443e-17
9244,0,0.0,0,0.0,0,0.0
9245,0,0.0,0,0.0,0,0.0
9246,0,0.0,0,0.0,0,0.0
9247,0,0.0,0,0.0,0,0.0
9248,0,0.0,0,0.0,0,0.0
9249,0,8.961510903292219e-05,0,8.961510903292219e-05,0,0.0
9250,0,3.333944831029167e-05,0,3.333944831029167e-05,0,0.0
9251,0,0.0,0,0.0,0,0.0
9252,1,0.9999400633883502,1,0.9999400633883502,1,0.0
9253,0,0.0,0,0.0,0,0.0
9254,0,0.005,0,0.005,0,0.0
9255,0,0.0,0,0.0,0,0.0
9256,0,0.0,0,0.0,0,0.0
9257,0,0.0,0,0.0,0,0.0
9258,0,0.004999890254655643,0,0.0049998902546556,0,4.2500725161431774e-17
9259,0,0.0,0,0.0,0,0.0
9260,0,5.627566072263052e-05,0,5.627566072263052e-05,0,0.0
9261,0,0.005177472486232329,0,0.0051774724862323,0,2.949029909160572e-17
9262,0,0.0,0,0.0,0,0.0
9263,0,0.0,0,0.0,0,0.0
9264,0,0.0,0,0.0,0,0.0
9265,0,0.01008830316373803,0,0.010088303163738,0,2.949029909160572e-17
9266,0,9.712151500778927e-05,0,9.712151500778928e-05,0,1.3552527156068805e-20
9267,0,8.961510903292219e-05,0,8.961510903292219e-05,0,0.0
9268,0,0.0,0,0.0,0,0.0
9269,0,0.0,0,0.0,0,0.0
9270,0,0.0,0,0.0,0,0.0
9271,0,0.008326095354036686,0,0.0083260953540366,0,8.500145032286355e-17
9272,0,4.2987726818739194e-05,0,4.29877268187392e-05,0,6.776263578034403e-21
9273,0,0.0,0,0.0,0,0.0
9274,0,0.0,0,0.0,0,0.0
9275,0,0.0,0,0.0,0,0.0
9276,0,0.0,0,0.0,0,0.0
9277,0,5.627566072263052e-05,0,5.627566072263052e-05,0,0.0
9278,0,4.2987726818739194e-05,0,4.29877268187392e-05,0,6.776263578034403e-21
9279,0,0.0,0,0.0,0,0.0
9280,0,0.0,0,0.0,0,0.0
9281,0,0.0049944147158246235,0,0.0049944147158246,0,2.3418766925686896e-17
9282,0,0.0,0,0.0,0,0.0
9283,0,2.8250038867166622e-05,0,2.8250038867166625e-05,0,3.3881317890172014e-21
9284,0,5.627566072263052e-05,0,5.627566072263052e-05,0,0.0
9285,0,9.712151500778927e-05,0,9.712151500778928e-05,0,1.3552527156068805e-20
9286,0,0.029944405287392523,0,0.0299444052873925,0,2.42861286636753e-17
9287,0,3.230264073373704e-05,0,3.230264073373704e-05,0,0.0
9288,0,0.0,0,0.0,0,0.0
9289,0,1.8601760358719096e-05,0,1.8601760358719096e-05,0,0.0
9290,0,0.0,0,0.0,0,0.0
9291,0,0.0,0,0.0,0,0.0
9292,0,0.005013624954201079,0,0.005013624954201,0,7.892991815694472e-17
9293,0,0.0,0,0.0,0,0.0
9294,0,0.0,0,0.0,0,0.0
9295,0,0.014856258864742107,0,0.0148562588647421,0,6.938893903907228e-18
9296,0,0.0,0,0.0,0,0.0
9297,0,0.004675322235965529,0,0.0046753222359655,0,2.949029909160572e-17
9298,0,0.0,0,0.0,0,0.0
9299,0,0.0,0,0.0,0,0.0
9300,0,0.0,0,0.0,0,0.0
9301,0,0.0,0,0.0,0,0.0
9302,0,0.0010611393353226516,0,0.0010611393353226,0,5.160802341031001e-17
9303,0,0.00505627566072263,0,0.0050562756607226,0,3.0357660829594124e-17
9304,0,0.0,0,0.0,0,0.0
9305,0,3.887799282783332e-05,0,3.887799282783332e-05,0,0.0
9306,0,5.627566072263052e-05,0,5.627566072263052e-05,0,0.0
9307,0,0.00014413303792203878,0,0.000144133037922,0,3.878733272066892e-17
9308,0,1.3624954201079227e-05,0,1.3624954201079228e-05,0,1.6940658945086007e-21
9309,0,0.00012119682550969995,0,0.0001211968255096,0,9.994988777600744e-17
9310,0,0.0,0,0.0,0,0.0
9311,0,0.0006636162695505351,0,0.0006636162695505,0,3.5128150388530344e-17
9312,0,0.0018928674708404269,0,0.0018928674708404,0,2.688821387764051e-17
9313,0,0.009972925180607996,0,0.0099729251806079,0,9.540979117872439e-17
9314,0,3.333944831029167e-05,0,3.333944831029167e-05,0,0.0
9315,0,0.00014051951012537833,0,0.0001405195101253,0,7.83336069620777e-17
9316,0,8.020645409555797e-06,0,8.020645409555797e-06,0,0.0
9317,0,0.0,0,0.0,0,0.0
9318,0,5.627566072263052e-05,0,5.627566072263052e-05,0,0.0
9319,0,5.627566072263052e-05,0,5.627566072263052e-05,0,0.0
9320,0,9.712151500778927e-05,0,9.712151500778928e-05,0,1.3552527156068805e-20
9321,0,0.0,0,0.0,0,0.0
9322,0,0.0,0,0.0,0,0.0
9323,0,9.712151500778927e-05,0,9.712151500778928e-05,0,1.3552527156068805e-20
9324,0,0.010217668125584896,0,0.0102176681255848,0,9.540979117872439e-17
9325,0,0.0,0,0.0,0,0.0
9326,0,0.00022731640409334288,0,0.0002273164040933,0,4.28801959218017e-17
9327,0,0.01974054638134322,0,0.0197405463813432,0,1.734723475976807e-17
9328,0,0.0,0,0.0,0,0.0
9329,0,0.04939550800198831,0,0.0493955080019883,0,6.938893903907228e-18
9330,0,0.0,0,0.0,0,0.0
9331,0,0.0,0,0.0,0,0.0
9332,0,0.0005056500860389601,0,0.0005056500860389,0,6.006480035569695e-17
9333,0,0.0,0,0.0,0,0.0
9334,0,0.00021766812558489536,0,0.0002176681255848,0,9.535558107010011e-17
9335,0,5.627566072263052e-05,0,5.627566072263052e-05,0,0.0
9336,0,0.0,0,0.0,0,0.0
9337,0,0.019947695012995818,0,0.0199476950129958,0,1.734723475976807e-17
9338,0,3.333944831029167e-05,0,3.333944831029167e-05,0,0.0
9339,0,7.180039107091953e-05,0,7.180039107091953e-05,0,0.0
9340,0,0.0,0,0.0,0,0.0
9341,0,1.355918992709745e-05,0,1.355918992709745e-05,0,0.0
9342,0,0.0001562116861915971,0,0.0001562116861915,0,9.709030454607692e-17
9343,0,0.0,0,0.0,0,0.0
9344,0,5.538544517541651e-06,0,5.538544517541651e-06,0,0.0
9345,0,0.0,0,0.0,0,0.0
9346,0,1.3624954201079227e-05,0,1.3624954201079228e-05,0,1.6940658945086007e-21
9347,0,0.005,0,0.005,0,0.0
9348,0,0.0,0,0.0,0,0.0
9349,0,5.627566072263052e-05,0,5.627566072263052e-05,0,0.0
9350,0,0.0,0,0.0,0,0.0
9351,0,0.0,0,0.0,0,0.0
9352,0,0.0001689219060787088,0,0.0001689219060787,0,8.809142651444724e-18
9353,0,0.0,0,0.0,0,0.0
9354,0,5.627566072263052e-05,0,5.627566072263052e-05,0,0.0
9355,0,0.0,0,0.0,0,0.0
9356,0,0.0,0,0.0,0,0.0
9357,0,0.014647388484402479,0,0.0146473884844024,0,7.979727989493313e-17
9358,0,0.0,0,0.0,0,0.0
9359,0,0.0,0,0.0,0,0.0
9360,0,0.0,0,0.0,0,0.0
9361,0,0.0,0,0.0,0,0.0
9362,0,0.00010514216041734507,0,0.0001051421604173,0,4.5075705321084847e-17
9363,0,0.005217668125584896,0,0.0052176681255848,0,9.540979117872439e-17
9364,0,0.0,0,0.0,0,0.0
9365,0,8.785737719940827e-05,0,8.785737719940827e-05,0,0.0
9366,0,0.0,0,0.0,0,0.0
9367,0,0.0,0,0.0,0,0.0
9368,0,1.3624954201079227e-05,0,1.3624954201079228e-05,0,1.6940658945086007e-21
9369,0,0.0050971215150077895,0,0.0050971215150077,0,8.933825901280557e-17
9370,0,0.0,0,0.0,0,0.0
9371,0,1.3624954201079227e-05,0,1.3624954201079228e-05,0,1.6940658945086007e-21
9372,0,0.0,0,0.0,0,0.0
9373,0,0.0,0,0.0,0,0.0
9374,0,0.020130504093330198,0,0.0201305040933301,0,9.71445146547012e-17
9375,0,0.00010480193205891136,0,0.0001048019320589,0,1.1357017756785659e-17
9376,0,0.02972772941729921,0,0.0297277294172992,0,1.0408340855860843e-17
9377,0,0.0,0,0.0,0,0.0
9378,0,0.0,0,0.0,0,0.0
9379,0,0.02462317698916126,0,0.0246231769891612,0,5.898059818321144e-17
9380,0,0.0,0,0.0,0,0.0
9381,0,0.0,0,0.0,0,0.0
9382,0,0.0001774724862323305,0,0.0001774724862323,0,3.049318610115481e-17
9383,0,0.00017914789860393594,0,0.0001791478986039,0,3.594130201789447e-17
9384,0,4.69644025113709e-05,0,4.69644025113709e-05,0,0.0
9385,0,0.0,0,0.0,0,0.0
9386,0,0.0,0,0.0,0,0.0
9387,0,0.005013624954201079,0,0.005013624954201,0,7.892991815694472e-17
9388,0,0.00024689502506774363,0,0.0002468950250677,0,4.3639137442541553e-17
9389,0,0.005,0,0.005,0,0.0
9390,0,0.0,0,0.0,0,0.0
9391,0,0.0,0,0.0,0,0.0
9392,0,0.0,0,0.0,0,0.0
9393,0,0.0,0,0.0,0,0.0
9394,0,0.0,0,0.0,0,0.0
9395,0,0.0,0,0.0,0,0.0
9396,0,0.0005001115415214183,0,0.0005001115415214,0,1.8323016715005025e-17
9397,0,0.009951210571626193,0,0.0099512105716261,0,9.367506770274758e-17
9398,0,0.0,0,0.0,0,0.0
9399,0,0.015005538544517543,0,0.0150055385445175,0,4.336808689942018e-17
9400,0,5.538544517541651e-06,0,5.538544517541651e-06,0,0.0
9401,0,0.0,0,0.0,0,0.0
9402,0,9.5746163745009e-05,0,9.5746163745009e-05,0,0.0
9403,0,0.00015839387564381673,0,0.0001583938756438,0,1.6723818510588906e-17
9404,0,0.005,0,0.005,0,0.0
9405,0,3.230264073373704e-05,0,3.230264073373704e-05,0,0.0
9406,0,0.0,0,0.0,0,0.0
9407,0,3.333944831029167e-05,0,3.333944831029167e-05,0,0.0
9408,0,0.0004329156240397603,0,0.0004329156240397,0,6.033585089881832e-17
9409,0,0.0,0,0.0,0,0.0
9410,0,0.0,0,0.0,0,0.0
9411,0,0.0,0,0.0,0,0.0
9412,0,8.961510903292219e-05,0,8.961510903292219e-05,0,0.0
9413,0,0.004830224332155894,0,0.0048302243321558,0,9.367506770274758e-17
9414,0,0.0,0,0.0,0,0.0
9415,0,0.0,0,0.0,0,0.0
9416,0,0.0,0,0.0,0,0.0
9417,0,1.8601760358719096e-05,0,1.8601760358719096e-05,0,0.0
9418,0,0.019967165452370178,0,0.0199671654523701,0,7.632783294297951e-17
9419,0,0.0,0,0.0,0,0.0
9420,0,8.020645409555797e-06,0,8.020645409555797e-06,0,0.0
9421,0,0.10292824710840608,0,0.102928247108406,0,6.938893903907228e-17
9422,0,8.961510903292219e-05,0,8.961510903292219e-05,0,0.0
9423,0,0.01,0,0.01,0,0.0
9424,0,5.194120866901077e-05,0,5.194120866901077e-05,0,0.0
9425,0,5.627566072263052e-05,0,5.627566072263052e-05,0,0.0
9426,0,0.00021999375288909466,0,0.000219993752889,0,9.465084965798454e-17
9427,0,0.0,0,0.0,0,0.0
9428,0,8.961510903292219e-05,0,8.961510903292219e-05,0,0.0
9429,0,0.0,0,0.0,0,0.0
9430,0,0.0,0,0.0,0,0.0
9431,0,0.0,0,0.0,0,0.0
9432,0,6.181420524017216e-05,0,6.181420524017216e-05,0,0.0
9433,0,0.00019236765234023373,0,0.0001923676523402,0,3.3745792618611326e-17
9434,0,0.0013811079136971326,0,0.0013811079136971,0,3.252606517456513e-17
9435,0,0.005,0,0.005,0,0.0
9436,0,0.0,0,0.0,0,0.0
9437,0,0.0005563872022440489,0,0.000556387202244,0,4.889751797909625e-17
9438,0,0.0,0,0.0,0,0.0
9439,0,0.0005188788616268266,0,0.0005188788616268,0,2.656295322589486e-17
9440,0,0.044975039178449465,0,0.0449750391784494,0,6.245004513516506e-17
9441,0,0.00038465628283235615,0,0.0003846562828323,0,5.616167253474913e-17
9442,0,0.0,0,0.0,0,0.0
9443,0,0.0005001115415214183,0,0.0005001115415214,0,1.8323016715005025e-17
9444,0,0.0001562116861915971,0,0.0001562116861915,0,9.709030454607692e-17
9445,0,5.627566072263052e-05,0,5.627566072263052e-05,0,0.0
9446,0,8.424384940274782e-05,0,8.424384940274782e-05,0,0.0
9447,0,0.000339435824986526,0,0.0003394358249865,0,2.6020852139652106e-17
9448,0,1.8601760358719096e-05,0,1.8601760358719096e-05,0,0.0
9449,0,0.02000802064540956,0,0.0200080206454095,0,5.898059818321144e-17
9450,0,0.020122872237881305,0,0.0201228722378813,0,3.469446951953614e-18
9451,0,0.010033339448310292,0,0.0100333394483102,0,9.194034422677078e-17
9452,0,0.0,0,0.0,0,0.0
9453,0,0.00496186972628968,0,0.0049618697262896,0,7.979727989493313e-17
9454,0,0.0,0,0.0,0,0.0
9455,0,0.0,0,0.0,0,0.0
9456,0,0.0005619257467615905,0,0.0005619257467615,0,9.053088140253962e-17
9457,0,0.00011375541390918294,0,0.0001137554139091,0,8.294146619514109e-17
9458,0,0.0005188788616268266,0,0.0005188788616268,0,2.656295322589486e-17
9459,0,3.230264073373704e-05,0,3.230264073373704e-05,0,0.0
9460,0,1.3624954201079227e-05,0,1.3624954201079228e-05,0,1.6940658945086007e-21
9461,0,5.627566072263052e-05,0,5.627566072263052e-05,0,0.0
9462,0,0.0,0,0.0,0,0.0
9463,0,0.0,0,0.0,0,0.0
9464,0,3.887799282783332e-05,0,3.887799282783332e-05,0,0.0
9465,0,0.0,0,0.0,0,0.0
9466,0,0.0,0,0.0,0,0.0
9467,0,0.0,0,0.0,0,0.0
9468,0,0.0,0,0.0,0,0.0
9469,0,0.0,0,0.0,0,0.0
9470,0,9.339592171694993e-05,0,9.339592171694993e-05,0,0.0
9471,0,0.0,0,0.0,0,0.0
9472,0,0.005033339448310291,0,0.0050333394483102,0,9.107298248878237e-17
9473,0,6.055267960090366e-05,0,6.055267960090366e-05,0,0.0
9474,0,5.627566072263052e-05,0,5.627566072263052e-05,0,0.0
9475,0,0.0,0,0.0,0,0.0
9476,0,0.0,0,0.0,0,0.0
9477,0,0.0,0,0.0,0,0.0
9478,0,0.00014967158243958044,0,0.0001496715824395,0,8.044780119842443e-17
9479,0,0.0001562116861915971,0,0.0001562116861915,0,9.709030454607692e-17
9480,0,3.333944831029167e-05,0,3.333944831029167e-05,0,0.0
9481,0,0.00010514216041734507,0,0.0001051421604173,0,4.5075705321084847e-17
9482,0,5.627566072263052e-05,0,5.627566072263052e-05,0,0.0
9483,0,3.230264073373704e-05,0,3.230264073373704e-05,0,0.0
9484,0,0.004877813359987814,0,0.0048778133599878,0,1.3877787807814457e-17
9485,0,9.712151500778927e-05,0,9.712151500778928e-05,0,1.3552527156068805e-20
9486,0,0.0,0,0.0,0,0.0
9487,1,0.999938044860336,1,0.999938044860336,1,0.0
9488,0,0.00013046096331808095,0,0.000130460963318,0,8.096279723035504e-17
9489,0,0.009999890254655643,0,0.0099998902546556,0,4.336808689942018e-17
9490,0,0.0,0,0.0,0,0.0
9491,0,0.0,0,0.0,0,0.0
9492,0,0.0,0,0.0,0,0.0
9493,0,0.004626291069633826,0,0.0046262910696338,0,2.6020852139652106e-17
9494,0,0.0,0,0.0,0,0.0
9495,0,0.005,0,0.005,0,0.0
9496,0,0.005,0,0.005,0,0.0
9497,0,6.055267960090366e-05,0,6.055267960090366e-05,0,0.0
9498,0,0.009946172440667032,0,0.009946172440667,0,3.122502256758253e-17
9499,0,0.0,0,0.0,0,0.0
9500,0,0.0049671654523701795,0,0.0049671654523701,0,7.979727989493313e-17
9501,0,5.627566072263052e-05,0,5.627566072263052e-05,0,0.0
9502,0,0.0022558493028453576,0,0.0022558493028453,0,5.767955557622884e-17
9503,0,4.1950919242184565e-05,0,4.1950919242184565e-05,0,0.0
9504,0,5.627566072263052e-05,0,5.627566072263052e-05,0,0.0
9505,0,9.712151500778927e-05,0,9.712151500778928e-05,0,1.3552527156068805e-20
9506,0,0.0002391097526825025,0,0.0002391097526825,0,2.4936649967166602e-18
9507,0,5.627566072263052e-05,0,5.627566072263052e-05,0,0.0
9508,0,0.0,0,0.0,0,0.0
9509,1,0.9999368999669207,1,0.9999368999669208,1,1.1102230246251565e-16
9510,0,0.03999984261505143,0,0.0399998426150514,0,2.7755575615628914e-17
9511,0,0.0,0,0.0,0,0.0
9512,0,0.01999794706818215,0,0.0199979470681821,0,4.85722573273506e-17
9513,0,0.0,0,0.0,0,0.0
9514,0,0.0001627347982807579,0,0.0001627347982807,0,5.789639601072594e-17
9515,0,0.0002919731777870917,0,0.000291973177787,0,9.16692936836494e-17
9516,0,0.0,0,0.0,0,0.0
9517,0,0.002113249505579961,0,0.0021132495055799,0,6.071532165918825e-17
9518,0,5.627566072263052e-05,0,5.627566072263052e-05,0,0.0
9519,0,0.0,0,0.0,0,0.0
9520,0,0.0010938678242295946,0,0.0010938678242295,0,9.454242944073599e-17
9521,0,0.0,0,0.0,0,0.0
9522,0,0.0012386118215549822,0,0.0012386118215549,0,8.218252467440124e-17
9523,0,0.0,0,0.0,0,0.0
9524,0,0.0,0,0.0,0,0.0
9525,0,3.333944831029167e-05,0,3.333944831029167e-05,0,0.0
9526,0,5.627566072263052e-05,0,5.627566072263052e-05,0,0.0
9527,0,4.1950919242184565e-05,0,4.1950919242184565e-05,0,0.0
9528,0,0.0,0,0.0,0,0.0
9529,0,0.005217668125584896,0,0.0052176681255848,0,9.540979117872439e-17
9530,0,1.3624954201079227e-05,0,1.3624954201079228e-05,0,1.6940658945086007e-21
9531,0,3.333944831029167e-05,0,3.333944831029167e-05,0,0.0
9532,0,0.0,0,0.0,0,0.0
9533,0,5.627566072263052e-05,0,5.627566072263052e-05,0,0.0
9534,0,4.1950919242184565e-05,0,4.1950919242184565e-05,0,0.0
9535,0,0.0004433589700015121,0,0.0004433589700015,0,1.2088854223213374e-17
9536,0,3.230264073373704e-05,0,3.230264073373704e-05,0,0.0
9537,0,0.0,0,0.0,0,0.0
9538,0,0.0,0,0.0,0,0.0
9539,0,6.181420524017216e-05,0,6.181420524017216e-05,0,0.0
9540,0,5.627566072263052e-05,0,5.627566072263052e-05,0,0.0
9541,0,0.017381443253746895,0,0.0173814432537468,0,9.367506770274758e-17
9542,0,8.020645409555797e-06,0,8.020645409555797e-06,0,0.0
9543,0,0.014751822150616259,0,0.0147518221506162,0,5.898059818321144e-17
9544,0,0.0,0,0.0,0,0.0
9545,0,0.005,0,0.005,0,0.0
9546,0,1.3624954201079227e-05,0,1.3624954201079228e-05,0,1.6940658945086007e-21
9547,0,0.0,0,0.0,0,0.0
9548,0,0.0,0,0.0,0,0.0
9549,0,0.0,0,0.0,0,0.0
9550,0,0.0,0,0.0,0,0.0
9551,0,0.0,0,0.0,0,0.0
9552,0,0.0005219653325205105,0,0.0005219653325205,0,1.0516761073109393e-17
9553,0,5.627566072263052e-05,0,5.627566072263052e-05,0,0.0
9554,0,5.538544517541651e-06,0,5.538544517541651e-06,0,0.0
9555,0,0.0,0,0.0,0,0.0
9556,0,0.004661593108873458,0,0.0046615931088734,0,5.811323644522304e-17
9557,0,5.538544517541651e-06,0,5.538544517541651e-06,0,0.0
9558,0,0.059747258577351525,0,0.0597472585773515,0,2.7755575615628914e-17
9559,0,0.004547974388079746,0,0.0045479743880797,0,4.597017211338539e-17
9560,0,0.004796457207105807,0,0.0047964572071058,0,6.938893903907228e-18
9561,0,0.00015202182446763952,0,0.0001520218244676,0,3.9519169187096637e-17
9562,0,0.00013046096331808095,0,0.000130460963318,0,8.096279723035504e-17
9563,0,0.0,0,0.0,0,0.0
9564,0,0.0,0,0.0,0,0.0
9565,0,0.0,0,0.0,0,0.0
9566,0,9.712151500778927e-05,0,9.712151500778928e-05,0,1.3552527156068805e-20
9567,0,0.0,0,0.0,0,0.0
9568,0,0.04975214461136656,0,0.0497521446113665,0,6.245004513516506e-17
9569,0,0.0,0,0.0,0,0.0
9570,0,8.020645409555797e-06,0,8.020645409555797e-06,0,0.0
9571,0,4.1950919242184565e-05,0,4.1950919242184565e-05,0,0.0
9572,0,0.005,0,0.005,0,0.0
9573,0,0.00518158679978894,0,0.0051815867997889,0,3.9898639947466563e-17
9574,0,0.00012807605179355005,0,0.0001280760517935,0,5.006303531451817e-17
9575,0,0.0,0,0.0,0,0.0
9576,0,0.005499113361668204,0,0.0054991133616682,0,4.336808689942018e-18
9577,0,0.0,0,0.0,0,0.0
9578,0,0.0032313378325452167,0,0.0032313378325452,0,1.691355389077387e-17
9579,0,0.004951210571626193,0,0.0049512105716261,0,9.280770596475918e-17
9580,0,3.333944831029167e-05,0,3.333944831029167e-05,0,0.0
9581,0,0.0,0,0.0,0,0.0
9582,0,0.0002596190448270799,0,0.000259619044827,0,7.990570011218168e-17
9583,0,0.052393740894159435,0,0.0523937408941594,0,3.469446951953614e-17
9584,0,0.000601396249783969,0,0.0006013962497839,0,6.906367838732663e-17
9585,0,0.0,0,0.0,0,0.0
9586,0,0.00021068949299796617,0,0.0002106894929979,0,6.616343757592791e-17
9587,0,0.00017914789860393594,0,0.0001791478986039,0,3.594130201789447e-17
9588,0,0.005089615109032921,0,0.0050896151090329,0,2.0816681711721685e-17
9589,0,5.627566072263052e-05,0,5.627566072263052e-05,0,0.0
9590,0,3.333944831029167e-05,0,3.333944831029167e-05,0,0.0
9591,0,0.00017914789860393594,0,0.0001791478986039,0,3.594130201789447e-17
9592,0,0.00505627566072263,0,0.0050562756607226,0,3.0357660829594124e-17
9593,0,0.0,0,0.0,0,0.0
9594,0,3.333944831029167e-05,0,3.333944831029167e-05,0,0.0
9595,0,3.333944831029167e-05,0,3.333944831029167e-05,0,0.0
9596,0,0.00017914789860393594,0,0.0001791478986039,0,3.594130201789447e-17
9597,0,0.00018673662404071145,0,0.0001867366240407,0,1.1438332919722072e-17
9598,0,5.627566072263052e-05,0,5.627566072263052e-05,0,0.0
9599,0,0.00017914789860393594,0,0.0001791478986039,0,3.594130201789447e-17
9600,0,5.627566072263052e-05,0,5.627566072263052e-05,0,0.0
9601,0,0.005,0,0.005,0,0.0
9602,0,0.00017914789860393594,0,0.0001791478986039,0,3.594130201789447e-17
9603,0,5.627566072263052e-05,0,5.627566072263052e-05,0,0.0
9604,0,3.333944831029167e-05,0,3.333944831029167e-05,0,0.0
9605,0,0.00017914789860393594,0,0.0001791478986039,0,3.594130201789447e-17
9606,0,0.0001107464692088685,0,0.0001107464692088,0,6.849447224677174e-17
9607,0,0.00017914789860393594,0,0.0001791478986039,0,3.594130201789447e-17
9608,0,5.627566072263052e-05,0,5.627566072263052e-05,0,0.0
9609,0,0.01,0,0.01,0,0.0
9610,0,0.00017914789860393594,0,0.0001791478986039,0,3.594130201789447e-17
9611,0,0.0001774724862323305,0,0.0001774724862323,0,3.049318610115481e-17
9612,0,3.333944831029167e-05,0,3.333944831029167e-05,0,0.0
9613,0,5.627566072263052e-05,0,5.627566072263052e-05,0,0.0
9614,0,0.00017914789860393594,0,0.0001791478986039,0,3.594130201789447e-17
9615,0,5.627566072263052e-05,0,5.627566072263052e-05,0,0.0
9616,0,0.00017914789860393594,0,0.0001791478986039,0,3.594130201789447e-17
9617,0,0.0001774724862323305,0,0.0001774724862323,0,3.049318610115481e-17
9618,0,3.333944831029167e-05,0,3.333944831029167e-05,0,0.0
9619,0,0.0,0,0.0,0,0.0
9620,0,3.333944831029167e-05,0,3.333944831029167e-05,0,0.0
9621,0,0.00017914789860393594,0,0.0001791478986039,0,3.594130201789447e-17
9622,0,5.627566072263052e-05,0,5.627566072263052e-05,0,0.0
9623,0,1.3624954201079227e-05,0,1.3624954201079228e-05,0,1.6940658945086007e-21
9624,0,5.627566072263052e-05,0,5.627566072263052e-05,0,0.0
9625,0,0.00017914789860393594,0,0.0001791478986039,0,3.594130201789447e-17
9626,0,0.003635538490944188,0,0.0036355384909441,0,8.803721640582296e-17
9627,0,8.961510903292219e-05,0,8.961510903292219e-05,0,0.0
9628,0,3.333944831029167e-05,0,3.333944831029167e-05,0,0.0
9629,0,0.0004513796154110679,0,0.000451379615411,0,6.787105599759258e-17
9630,0,0.0001533971757304198,0,0.0001533971757304,0,1.9786689647860456e-17
9631,0,0.00017914789860393594,0,0.0001791478986039,0,3.594130201789447e-17
9632,0,5.627566072263052e-05,0,5.627566072263052e-05,0,0.0
9633,0,1.3624954201079227e-05,0,1.3624954201079228e-05,0,1.6940658945086007e-21
9634,0,5.627566072263052e-05,0,5.627566072263052e-05,0,0.0
9635,0,5.627566072263052e-05,0,5.627566072263052e-05,0,0.0
9636,0,3.333944831029167e-05,0,3.333944831029167e-05,0,0.0
9637,0,0.0,0,0.0,0,0.0
9638,0,0.00017914789860393594,0,0.0001791478986039,0,3.594130201789447e-17
9639,0,5.627566072263052e-05,0,5.627566072263052e-05,0,0.0
9640,0,4.69644025113709e-05,0,4.69644025113709e-05,0,0.0
9641,0,8.961510903292219e-05,0,8.961510903292219e-05,0,0.0
9642,0,0.005,0,0.005,0,0.0
9643,0,0.3699196989651884,0,0.3699196989651884,0,0.0
9644,0,0.0,0,0.0,0,0.0
9645,0,3.333944831029167e-05,0,3.333944831029167e-05,0,0.0
9646,0,0.00017914789860393594,0,0.0001791478986039,0,3.594130201789447e-17
9647,0,0.0001533971757304198,0,0.0001533971757304,0,1.9786689647860456e-17
9648,0,0.0,0,0.0,0,0.0
9649,0,0.00017914789860393594,0,0.0001791478986039,0,3.594130201789447e-17
9650,0,0.0,0,0.0,0,0.0
9651,0,0.00012287223788130542,0,0.0001228722378813,0,5.421010862427522e-18
9652,0,3.333944831029167e-05,0,3.333944831029167e-05,0,0.0
9653,0,0.0051867366240407105,0,0.0051867366240407,0,1.0408340855860843e-17
9654,0,5.627566072263052e-05,0,5.627566072263052e-05,0,0.0
9655,0,5.627566072263052e-05,0,5.627566072263052e-05,0,0.0
9656,0,3.333944831029167e-05,0,3.333944831029167e-05,0,0.0
9657,0,0.00017914789860393594,0,0.0001791478986039,0,3.594130201789447e-17
9658,0,8.961510903292219e-05,0,8.961510903292219e-05,0,0.0
9659,0,8.961510903292219e-05,0,8.961510903292219e-05,0,0.0
9660,0,3.333944831029167e-05,0,3.333944831029167e-05,0,0.0
9661,0,5.627566072263052e-05,0,5.627566072263052e-05,0,0.0
9662,0,3.333944831029167e-05,0,3.333944831029167e-05,0,0.0
9663,0,0.00017914789860393594,0,0.0001791478986039,0,3.594130201789447e-17
9664,0,3.333944831029167e-05,0,3.333944831029167e-05,0,0.0
9665,0,5.627566072263052e-05,0,5.627566072263052e-05,0,0.0
9666,0,5.627566072263052e-05,0,5.627566072263052e-05,0,0.0
9667,0,3.333944831029167e-05,0,3.333944831029167e-05,0,0.0
9668,0,5.627566072263052e-05,0,5.627566072263052e-05,0,0.0
9669,0,8.961510903292219e-05,0,8.961510903292219e-05,0,0.0
9670,0,0.00017914789860393594,0,0.0001791478986039,0,3.594130201789447e-17
9671,0,0.00017914789860393594,0,0.0001791478986039,0,3.594130201789447e-17
9672,0,0.00017914789860393594,0,0.0001791478986039,0,3.594130201789447e-17
9673,0,5.627566072263052e-05,0,5.627566072263052e-05,0,0.0
9674,0,5.627566072263052e-05,0,5.627566072263052e-05,0,0.0
9675,0,5.627566072263052e-05,0,5.627566072263052e-05,0,0.0
9676,0,5.627566072263052e-05,0,5.627566072263052e-05,0,0.0
9677,0,3.333944831029167e-05,0,3.333944831029167e-05,0,0.0
9678,0,0.00017914789860393594,0,0.0001791478986039,0,3.594130201789447e-17
9679,0,0.00017914789860393594,0,0.0001791478986039,0,3.594130201789447e-17
9680,0,0.0001774724862323305,0,0.0001774724862323,0,3.049318610115481e-17
9681,0,0.00017914789860393594,0,0.0001791478986039,0,3.594130201789447e-17
9682,0,5.627566072263052e-05,0,5.627566072263052e-05,0,0.0
9683,0,0.00017914789860393594,0,0.0001791478986039,0,3.594130201789447e-17
9684,0,5.627566072263052e-05,0,5.627566072263052e-05,0,0.0
9685,0,0.00017914789860393594,0,0.0001791478986039,0,3.594130201789447e-17
9686,0,0.00017914789860393594,0,0.0001791478986039,0,3.594130201789447e-17
9687,0,0.00017914789860393594,0,0.0001791478986039,0,3.594130201789447e-17
9688,0,0.00017914789860393594,0,0.0001791478986039,0,3.594130201789447e-17
9689,0,3.333944831029167e-05,0,3.333944831029167e-05,0,0.0
9690,0,0.00017914789860393594,0,0.0001791478986039,0,3.594130201789447e-17
9691,0,0.00017914789860393594,0,0.0001791478986039,0,3.594130201789447e-17
9692,0,3.333944831029167e-05,0,3.333944831029167e-05,0,0.0
9693,0,0.0001774724862323305,0,0.0001774724862323,0,3.049318610115481e-17
9694,0,0.0,0,0.0,0,0.0
9695,0,0.00017914789860393594,0,0.0001791478986039,0,3.594130201789447e-17
9696,0,3.333944831029167e-05,0,3.333944831029167e-05,0,0.0
9697,0,3.333944831029167e-05,0,3.333944831029167e-05,0,0.0
9698,0,9.763575444247798e-05,0,9.763575444247798e-05,0,0.0
9699,0,5.627566072263052e-05,0,5.627566072263052e-05,0,0.0
9700,0,5.627566072263052e-05,0,5.627566072263052e-05,0,0.0
9701,0,0.00017914789860393594,0,0.0001791478986039,0,3.594130201789447e-17
9702,0,8.961510903292219e-05,0,8.961510903292219e-05,0,0.0
9703,0,0.00017914789860393594,0,0.0001791478986039,0,3.594130201789447e-17
9704,0,0.00017914789860393594,0,0.0001791478986039,0,3.594130201789447e-17
9705,0,3.333944831029167e-05,0,3.333944831029167e-05,0,0.0
9706,0,0.0001774724862323305,0,0.0001774724862323,0,3.049318610115481e-17
9707,0,0.00017914789860393594,0,0.0001791478986039,0,3.594130201789447e-17
9708,0,5.627566072263052e-05,0,5.627566072263052e-05,0,0.0
9709,0,5.627566072263052e-05,0,5.627566072263052e-05,0,0.0
9710,0,0.00017914789860393594,0,0.0001791478986039,0,3.594130201789447e-17
9711,0,0.0,0,0.0,0,0.0
9712,0,3.333944831029167e-05,0,3.333944831029167e-05,0,0.0
9713,0,5.627566072263052e-05,0,5.627566072263052e-05,0,0.0
9714,0,0.0001774724862323305,0,0.0001774724862323,0,3.049318610115481e-17
9715,0,0.00017914789860393594,0,0.0001791478986039,0,3.594130201789447e-17
9716,0,0.00017914789860393594,0,0.0001791478986039,0,3.594130201789447e-17
9717,0,0.0001774724862323305,0,0.0001774724862323,0,3.049318610115481e-17
9718,0,0.0001533971757304198,0,0.0001533971757304,0,1.9786689647860456e-17
9719,0,5.627566072263052e-05,0,5.627566072263052e-05,0,0.0
9720,0,0.0001774724862323305,0,0.0001774724862323,0,3.049318610115481e-17
9721,0,0.005,0,0.005,0,0.0
9722,0,5.627566072263052e-05,0,5.627566072263052e-05,0,0.0
9723,0,5.627566072263052e-05,0,5.627566072263052e-05,0,0.0
9724,0,0.00017914789860393594,0,0.0001791478986039,0,3.594130201789447e-17
9725,0,3.230264073373704e-05,0,3.230264073373704e-05,0,0.0
9726,0,3.333944831029167e-05,0,3.333944831029167e-05,0,0.0
9727,0,5.627566072263052e-05,0,5.627566072263052e-05,0,0.0
9728,0,3.333944831029167e-05,0,3.333944831029167e-05,0,0.0
9729,0,8.961510903292219e-05,0,8.961510903292219e-05,0,0.0
9730,0,5.627566072263052e-05,0,5.627566072263052e-05,0,0.0
9731,0,3.333944831029167e-05,0,3.333944831029167e-05,0,0.0
9732,0,0.0,0,0.0,0,0.0
9733,0,0.00012287223788130542,0,0.0001228722378813,0,5.421010862427522e-18
9734,0,0.0001774724862323305,0,0.0001774724862323,0,3.049318610115481e-17
9735,0,5.627566072263052e-05,0,5.627566072263052e-05,0,0.0
9736,0,5.627566072263052e-05,0,5.627566072263052e-05,0,0.0
9737,0,0.0,0,0.0,0,0.0
9738,0,0.0001774724862323305,0,0.0001774724862323,0,3.049318610115481e-17
9739,0,9.763575444247798e-05,0,9.763575444247798e-05,0,0.0
9740,0,0.00017914789860393594,0,0.0001791478986039,0,3.594130201789447e-17
9741,0,0.0001774724862323305,0,0.0001774724862323,0,3.049318610115481e-17
9742,0,0.0,0,0.0,0,0.0
9743,0,0.00017914789860393594,0,0.0001791478986039,0,3.594130201789447e-17
9744,0,0.005013624954201079,0,0.005013624954201,0,7.892991815694472e-17
9745,0,3.333944831029167e-05,0,3.333944831029167e-05,0,0.0
9746,0,0.00017914789860393594,0,0.0001791478986039,0,3.594130201789447e-17
9747,0,0.0,0,0.0,0,0.0
9748,0,5.627566072263052e-05,0,5.627566072263052e-05,0,0.0
9749,0,0.00017914789860393594,0,0.0001791478986039,0,3.594130201789447e-17
9750,0,0.0001774724862323305,0,0.0001774724862323,0,3.049318610115481e-17
9751,0,5.627566072263052e-05,0,5.627566072263052e-05,0,0.0
9752,0,0.0,0,0.0,0,0.0
9753,0,0.00017914789860393594,0,0.0001791478986039,0,3.594130201789447e-17
9754,0,0.02709954531398953,0,0.0270995453139895,0,3.122502256758253e-17
9755,0,0.0001774724862323305,0,0.0001774724862323,0,3.049318610115481e-17
9756,0,4.69644025113709e-05,0,4.69644025113709e-05,0,0.0
9757,0,3.333944831029167e-05,0,3.333944831029167e-05,0,0.0
9758,0,0.00017914789860393594,0,0.0001791478986039,0,3.594130201789447e-17
9759,0,0.00017914789860393594,0,0.0001791478986039,0,3.594130201789447e-17
9760,0,0.0,0,0.0,0,0.0
9761,0,0.00017914789860393594,0,0.0001791478986039,0,3.594130201789447e-17
9762,0,0.0,0,0.0,0,0.0
9763,0,0.00017914789860393594,0,0.0001791478986039,0,3.594130201789447e-17
9764,0,0.00017914789860393594,0,0.0001791478986039,0,3.594130201789447e-17
9765,0,5.627566072263052e-05,0,5.627566072263052e-05,0,0.0
9766,0,3.333944831029167e-05,0,3.333944831029167e-05,0,0.0
9767,0,8.961510903292219e-05,0,8.961510903292219e-05,0,0.0
9768,0,5.627566072263052e-05,0,5.627566072263052e-05,0,0.0
9769,0,0.00034574417737844536,0,0.0003457441773784,0,4.537386091851836e-17
9770,0,3.333944831029167e-05,0,3.333944831029167e-05,0,0.0
9771,0,0.0,0,0.0,0,0.0
9772,0,9.763575444247798e-05,0,9.763575444247798e-05,0,0.0
9773,0,3.333944831029167e-05,0,3.333944831029167e-05,0,0.0
9774,0,0.0,0,0.0,0,0.0
9775,0,0.00017914789860393594,0,0.0001791478986039,0,3.594130201789447e-17
9776,0,4.1950919242184565e-05,0,4.1950919242184565e-05,0,0.0
9777,0,0.0001774724862323305,0,0.0001774724862323,0,3.049318610115481e-17
9778,0,0.0,0,0.0,0,0.0
9779,0,0.00017914789860393594,0,0.0001791478986039,0,3.594130201789447e-17
9780,0,5.627566072263052e-05,0,5.627566072263052e-05,0,0.0
9781,0,0.0,0,0.0,0,0.0
9782,0,0.00017914789860393594,0,0.0001791478986039,0,3.594130201789447e-17
9783,0,5.627566072263052e-05,0,5.627566072263052e-05,0,0.0
9784,0,5.627566072263052e-05,0,5.627566072263052e-05,0,0.0
9785,0,0.005179147898603936,0,0.0051791478986039,0,3.642919299551295e-17
9786,0,5.627566072263052e-05,0,5.627566072263052e-05,0,0.0
9787,0,8.961510903292219e-05,0,8.961510903292219e-05,0,0.0
9788,0,0.019186308908379218,0,0.0191863089083792,0,1.734723475976807e-17
9789,0,8.961510903292219e-05,0,8.961510903292219e-05,0,0.0
9790,0,0.00017914789860393594,0,0.0001791478986039,0,3.594130201789447e-17
9791,0,0.0001774724862323305,0,0.0001774724862323,0,3.049318610115481e-17
9792,0,5.627566072263052e-05,0,5.627566072263052e-05,0,0.0
9793,0,0.00017914789860393594,0,0.0001791478986039,0,3.594130201789447e-17
9794,0,5.627566072263052e-05,0,5.627566072263052e-05,0,0.0
9795,0,5.627566072263052e-05,0,5.627566072263052e-05,0,0.0
9796,0,9.763575444247798e-05,0,9.763575444247798e-05,0,0.0
9797,0,3.333944831029167e-05,0,3.333944831029167e-05,0,0.0
9798,0,0.00017914789860393594,0,0.0001791478986039,0,3.594130201789447e-17
9799,0,5.627566072263052e-05,0,5.627566072263052e-05,0,0.0
9800,0,0.0,0,0.0,0,0.0
9801,0,0.00017914789860393594,0,0.0001791478986039,0,3.594130201789447e-17
9802,0,8.961510903292219e-05,0,8.961510903292219e-05,0,0.0
9803,0,0.005033339448310291,0,0.0050333394483102,0,9.107298248878237e-17
9804,0,0.00017914789860393594,0,0.0001791478986039,0,3.594130201789447e-17
9805,0,5.627566072263052e-05,0,5.627566072263052e-05,0,0.0
9806,0,0.00017914789860393594,0,0.0001791478986039,0,3.594130201789447e-17
9807,0,0.004711837561056535,0,0.0047118375610565,0,3.5561831257524545e-17
9808,0,0.0,0,0.0,0,0.0
9809,0,0.00017914789860393594,0,0.0001791478986039,0,3.594130201789447e-17
9810,0,0.006650884178755156,0,0.0066508841787551,0,5.551115123125783e-17
9811,0,0.005,0,0.005,0,0.0
9812,0,5.627566072263052e-05,0,5.627566072263052e-05,0,0.0
9813,0,0.0001533971757304198,0,0.0001533971757304,0,1.9786689647860456e-17
9814,0,0.0,0,0.0,0,0.0
9815,0,5.627566072263052e-05,0,5.627566072263052e-05,0,0.0
9816,0,0.00017914789860393594,0,0.0001791478986039,0,3.594130201789447e-17
9817,0,0.00017914789860393594,0,0.0001791478986039,0,3.594130201789447e-17
9818,0,0.00017914789860393594,0,0.0001791478986039,0,3.594130201789447e-17
9819,0,5.627566072263052e-05,0,5.627566072263052e-05,0,0.0
9820,0,5.627566072263052e-05,0,5.627566072263052e-05,0,0.0
9821,0,3.333944831029167e-05,0,3.333944831029167e-05,0,0.0
9822,0,5.627566072263052e-05,0,5.627566072263052e-05,0,0.0
9823,0,5.627566072263052e-05,0,5.627566072263052e-05,0,0.0
9824,0,0.00017914789860393594,0,0.0001791478986039,0,3.594130201789447e-17
9825,0,3.333944831029167e-05,0,3.333944831029167e-05,0,0.0
9826,0,5.627566072263052e-05,0,5.627566072263052e-05,0,0.0
9827,0,0.00017914789860393594,0,0.0001791478986039,0,3.594130201789447e-17
9828,0,3.333944831029167e-05,0,3.333944831029167e-05,0,0.0
9829,0,5.627566072263052e-05,0,5.627566072263052e-05,0,0.0
9830,0,0.00017914789860393594,0,0.0001791478986039,0,3.594130201789447e-17
9831,0,5.627566072263052e-05,0,5.627566072263052e-05,0,0.0
9832,0,8.961510903292219e-05,0,8.961510903292219e-05,0,0.0
9833,0,0.00017914789860393594,0,0.0001791478986039,0,3.594130201789447e-17
9834,0,8.961510903292219e-05,0,8.961510903292219e-05,0,0.0
9835,0,3.333944831029167e-05,0,3.333944831029167e-05,0,0.0
9836,0,0.0,0,0.0,0,0.0
9837,0,3.333944831029167e-05,0,3.333944831029167e-05,0,0.0
9838,0,5.627566072263052e-05,0,5.627566072263052e-05,0,0.0
9839,0,0.0,0,0.0,0,0.0
9840,0,0.005179147898603936,0,0.0051791478986039,0,3.642919299551295e-17
9841,0,0.0001533971757304198,0,0.0001533971757304,0,1.9786689647860456e-17
9842,0,0.00017914789860393594,0,0.0001791478986039,0,3.594130201789447e-17
9843,0,5.627566072263052e-05,0,5.627566072263052e-05,0,0.0
9844,0,5.627566072263052e-05,0,5.627566072263052e-05,0,0.0
9845,0,0.0001774724862323305,0,0.0001774724862323,0,3.049318610115481e-17
9846,0,8.961510903292219e-05,0,8.961510903292219e-05,0,0.0
9847,0,3.333944831029167e-05,0,3.333944831029167e-05,0,0.0
9848,0,3.333944831029167e-05,0,3.333944831029167e-05,0,0.0
9849,0,0.00017914789860393594,0,0.0001791478986039,0,3.594130201789447e-17
9850,0,3.333944831029167e-05,0,3.333944831029167e-05,0,0.0
9851,0,5.627566072263052e-05,0,5.627566072263052e-05,0,0.0
9852,0,0.0,0,0.0,0,0.0
9853,0,1.8601760358719096e-05,0,1.8601760358719096e-05,0,0.0
9854,0,0.0051228722378813055,0,0.0051228722378813,0,5.204170427930421e-18
9855,0,5.627566072263052e-05,0,5.627566072263052e-05,0,0.0
9856,0,3.333944831029167e-05,0,3.333944831029167e-05,0,0.0
9857,0,0.0002241569461438561,0,0.0002241569461438,0,5.608035737181272e-17
9858,0,0.00017914789860393594,0,0.0001791478986039,0,3.594130201789447e-17
9859,0,0.00017914789860393594,0,0.0001791478986039,0,3.594130201789447e-17
9860,0,5.627566072263052e-05,0,5.627566072263052e-05,0,0.0
9861,0,5.627566072263052e-05,0,5.627566072263052e-05,0,0.0
9862,0,1.3624954201079227e-05,0,1.3624954201079228e-05,0,1.6940658945086007e-21
9863,0,0.0,0,0.0,0,0.0
9864,0,0.006075266063870876,0,0.0060752660638708,0,7.546047120499111e-17
9865,0,0.0,0,0.0,0,0.0
9866,0,0.0,0,0.0,0,0.0
9867,0,0.0,0,0.0,0,0.0
9868,0,0.00020634296738222926,0,0.0002063429673822,0,2.927345865710862e-17
9869,0,0.01,0,0.01,0,0.0
9870,0,5.627566072263052e-05,0,5.627566072263052e-05,0,0.0
9871,0,0.00013046096331808095,0,0.000130460963318,0,8.096279723035504e-17
9872,0,0.0,0,0.0,0,0.0
9873,0,1.8601760358719096e-05,0,1.8601760358719096e-05,0,0.0
9874,0,0.00017914789860393594,0,0.0001791478986039,0,3.594130201789447e-17
9875,0,0.0,0,0.0,0,0.0
9876,0,0.0,0,0.0,0,0.0
9877,0,0.00512807605179355,0,0.0051280760517935,0,5.0306980803327406e-17
9878,0,0.00021766812558489536,0,0.0002176681255848,0,9.535558107010011e-17
9879,0,9.648278508447526e-06,0,9.648278508447526e-06,0,0.0
9880,0,0.0005187133018801374,0,0.0005187133018801,0,3.74049749507499e-17
9881,0,0.0,0,0.0,0,0.0
9882,0,0.0005001115415214183,0,0.0005001115415214,0,1.8323016715005025e-17
9883,0,0.0,0,0.0,0,0.0
9884,0,0.00017914789860393594,0,0.0001791478986039,0,3.594130201789447e-17
9885,0,0.0,0,0.0,0,0.0
9886,0,0.000258537015111631,0,0.0002585370151116,0,3.1008182133085427e-17
9887,0,0.0001774724862323305,0,0.0001774724862323,0,3.049318610115481e-17
9888,0,5.627566072263052e-05,0,5.627566072263052e-05,0,0.0
9889,0,8.961510903292219e-05,0,8.961510903292219e-05,0,0.0
9890,0,0.03,0,0.03,0,0.0
9891,0,0.0,0,0.0,0,0.0
9892,0,5.627566072263052e-05,0,5.627566072263052e-05,0,0.0
9893,0,0.0,0,0.0,0,0.0
9894,0,5.627566072263052e-05,0,5.627566072263052e-05,0,0.0
9895,0,0.0,0,0.0,0,0.0
9896,0,0.00017711325306284348,0,0.0001771132530628,0,4.347650711666873e-17
9897,0,0.0,0,0.0,0,0.0
9898,0,4.1950919242184565e-05,0,4.1950919242184565e-05,0,0.0
9899,0,0.005195417646914498,0,0.0051954176469144,0,9.80118763926896e-17
9900,0,0.0,0,0.0,0,0.0
9901,0,0.0013263270766506422,0,0.0013263270766506,0,4.228388472693467e-17
9902,0,0.00022715430351303944,0,0.000227154303513,0,3.9437854024160224e-17
9903,0,5.194120866901077e-05,0,5.194120866901077e-05,0,0.0
9904,0,0.0,0,0.0,0,0.0
9905,0,0.01,0,0.01,0,0.0
9906,0,0.0,0,0.0,0,0.0
9907,0,0.0,0,0.0,0,0.0
9908,0,0.0,0,0.0,0,0.0
9909,0,5.627566072263052e-05,0,5.627566072263052e-05,0,0.0
9910,0,1.3624954201079227e-05,0,1.3624954201079228e-05,0,1.6940658945086007e-21
9911,0,5.627566072263052e-05,0,5.627566072263052e-05,0,0.0
9912,0,0.0,0,0.0,0,0.0
9913,0,0.0,0,0.0,0,0.0
9914,0,0.0,0,0.0,0,0.0
9915,0,0.0,0,0.0,0,0.0
9916,0,4.69644025113709e-05,0,4.69644025113709e-05,0,0.0
9917,0,3.333944831029167e-05,0,3.333944831029167e-05,0,0.0
9918,0,0.055,0,0.055,0,0.0
9919,0,0.0016751993452555317,0,0.0016751993452555,0,3.165870343657673e-17
9920,0,0.0,0,0.0,0,0.0
9921,0,0.005136497192082384,0,0.0051364971920823,0,8.413408858487514e-17
9922,0,8.961510903292219e-05,0,8.961510903292219e-05,0,0.0
9923,0,0.01474446906006433,0,0.0147444690600643,0,2.949029909160572e-17
9924,0,0.0001846864431214776,0,0.0001846864431214,0,7.760177049564998e-17
9925,0,0.00045420679868597914,0,0.0004542067986859,0,7.914675859144182e-17
9926,0,0.00435455057060505,0,0.004354550570605,0,4.9439619065339e-17
9927,0,0.0005139446871109546,0,0.0005139446871109,0,5.4643789493269423e-17
9928,0,0.015217668125584895,0,0.0152176681255848,0,9.540979117872439e-17
9929,0,9.648278508447526e-06,0,9.648278508447526e-06,0,0.0
9930,0,0.0,0,0.0,0,0.0
9931,0,3.333944831029167e-05,0,3.333944831029167e-05,0,0.0
9932,0,1.8601760358719096e-05,0,1.8601760358719096e-05,0,0.0
9933,0,0.0,0,0.0,0,0.0
9934,0,0.0,0,0.0,0,0.0
9935,0,8.020645409555797e-06,0,8.020645409555797e-06,0,0.0
9936,0,0.0,0,0.0,0,0.0
9937,0,0.005518878861626827,0,0.0055188788616268,0,2.688821387764051e-17
9938,0,1.3624954201079227e-05,0,1.3624954201079228e-05,0,1.6940658945086007e-21
9939,0,0.005410035777925129,0,0.0054100357779251,0,2.949029909160572e-17
9940,0,0.0,0,0.0,0,0.0
9941,0,0.0,0,0.0,0,0.0
9942,0,9.515365355046384e-05,0,9.515365355046384e-05,0,0.0
9943,0,0.004857873727486498,0,0.0048578737274864,0,9.80118763926896e-17
9944,0,3.230264073373704e-05,0,3.230264073373704e-05,0,0.0
9945,0,0.0,0,0.0,0,0.0
9946,0,0.0,0,0.0,0,0.0
9947,0,5.627566072263052e-05,0,5.627566072263052e-05,0,0.0
9948,0,8.020645409555797e-06,0,8.020645409555797e-06,0,0.0
9949,0,0.002080946864846224,0,0.0020809468648462,0,2.3852447794681098e-17
9950,0,0.0,0,0.0,0,0.0
9951,0,0.00023129307978597458,0,0.0002312930797859,0,7.456600441269057e-17
9952,0,3.333944831029167e-05,0,3.333944831029167e-05,0,0.0
9953,0,0.0045671319855126805,0,0.0045671319855126,0,8.066464163292153e-17
9954,0,0.00505627566072263,0,0.0050562756607226,0,3.0357660829594124e-17
9955,0,5.627566072263052e-05,0,5.627566072263052e-05,0,0.0
9956,0,0.00505627566072263,0,0.0050562756607226,0,3.0357660829594124e-17
9957,0,0.0,0,0.0,0,0.0
9958,0,0.005,0,0.005,0,0.0
9959,0,8.961510903292219e-05,0,8.961510903292219e-05,0,0.0
9960,0,0.0,0,0.0,0,0.0
9961,0,0.0005188788616268266,0,0.0005188788616268,0,2.656295322589486e-17
9962,0,0.0,0,0.0,0,0.0
9963,0,0.0,0,0.0,0,0.0
9964,0,0.0,0,0.0,0,0.0
9965,0,0.0010611393353226516,0,0.0010611393353226,0,5.160802341031001e-17
9966,0,0.03484819654708849,0,0.0348481965470884,0,9.020562075079397e-17
9967,0,0.00010514216041734507,0,0.0001051421604173,0,4.5075705321084847e-17
9968,0,0.005037855829865009,0,0.005037855829865,0,9.540979117872439e-18
9969,0,0.0,0,0.0,0,0.0
9970,0,5.627566072263052e-05,0,5.627566072263052e-05,0,0.0
9971,0,1.3624954201079227e-05,0,1.3624954201079228e-05,0,1.6940658945086007e-21
9972,0,0.0,0,0.0,0,0.0
9973,0,6.564208904402871e-05,0,6.564208904402871e-05,0,0.0
9974,0,0.0,0,0.0,0,0.0
9975,0,0.0,0,0.0,0,0.0
9976,0,0.005,0,0.005,0,0.0
9977,0,0.059664065908535215,0,0.0596640659085352,0,1.3877787807814457e-17
9978,0,0.005,0,0.005,0,0.0
9979,0,0.0,0,0.0,0,0.0
9980,0,0.005,0,0.005,0,0.0
9981,0,0.0,0,0.0,0,0.0
9982,0,0.0048170664615611505,0,0.0048170664615611,0,5.0306980803327406e-17
9983,0,5.627566072263052e-05,0,5.627566072263052e-05,0,0.0
9984,0,0.00842783618876909,0,0.008427836188769,0,9.020562075079397e-17
9985,0,0.0,0,0.0,0,0.0
9986,0,0.006066677879840193,0,0.0060666778798401,0,9.367506770274758e-17
9987,0,3.333944831029167e-05,0,3.333944831029167e-05,0,0.0
9988,0,0.00246376208642876,0,0.0024637620864287,0,5.984795992119984e-17
9989,0,0.0,0,0.0,0,0.0
9990,0,0.005,0,0.005,0,0.0
9991,0,0.005008020645409556,0,0.0050080206454095,0,5.551115123125783e-17
9992,0,0.0,0,0.0,0,0.0
9993,0,0.0005563872022440489,0,0.000556387202244,0,4.889751797909625e-17
9994,0,1.3624954201079227e-05,0,1.3624954201079228e-05,0,1.6940658945086007e-21
9995,0,0.0005139446871109546,0,0.0005139446871109,0,5.4643789493269423e-17
9996,0,0.0,0,0.0,0,0.0
9997,0,8.961510903292219e-05,0,8.961510903292219e-05,0,0.0
9998,0,0.0,0,0.0,0,0.0
9999,0,0.00607901047181007,0,0.00607901047181,0,7.025630077706069e-17
