run_id,ts,predicoes_publicadas
E_w1_p1_r1,1791057966.6159883,0
E_w1_p1_r1,1791057966.8165386,0
E_w1_p1_r1,1791057967.0166724,0
E_w1_p1_r1,1791057967.2167745,0
E_w1_p1_r1,1791057967.4168756,0
E_w1_p1_r1,1791057967.6169746,0
E_w1_p1_r1,1791057967.8170793,0
E_w1_p1_r1,1791057968.0172093,0
E_w1_p1_r1,1791057968.2175524,0
E_w1_p1_r1,1791057968.4176893,0
E_w1_p1_r1,1791057968.617809,0
E_w1_p1_r1,1791057968.8178983,0
E_w1_p1_r1,1791057969.0180368,0
E_w1_p1_r1,1791057969.2183363,0
E_w1_p1_r1,1791057969.418442,0
E_w1_p1_r1,1791057969.6185772,0
E_w1_p1_r1,1791057969.8188865,0
E_w1_p1_r1,1791057970.0189972,0
E_w1_p1_r1,1791057970.2191222,0
E_w1_p1_r1,1791057970.4192264,0
E_w1_p1_r1,1791057970.6193628,0
E_w1_p1_r1,1791057970.819476,0
E_w1_p1_r1,1791057971.0195804,0
E_w1_p1_r1,1791057971.2197142,0
E_w1_p1_r1,1791057971.419849,0
E_w1_p1_r1,1791057971.6199465,0
E_w1_p1_r1,1791057971.8200586,0
E_w1_p1_r1,1791057972.0202153,0
E_w1_p1_r1,1791057972.2203574,0
E_w1_p1_r1,1791057972.420481,0
E_w1_p1_r1,1791057972.620617,0
E_w1_p1_r1,1791057972.820706,0
E_w1_p1_r1,1791057973.0208023,0
E_w1_p1_r1,1791057973.2208939,0
E_w1_p1_r1,1791057973.4210274,0
E_w1_p1_r1,1791057973.6211445,0
E_w1_p1_r1,1791057973.821275,0
E_w1_p1_r1,1791057974.0214121,0
E_w1_p1_r1,1791057974.2215276,0
E_w1_p1_r1,1791057974.4216323,0
E_w1_p1_r1,1791057974.6217198,0
E_w1_p1_r1,1791057974.821849,0
E_w1_p1_r1,1791057975.0219502,0
E_w1_p1_r1,1791057975.2220438,0
E_w1_p1_r1,1791057975.4221487,0
E_w1_p1_r1,1791057975.6222594,0
E_w1_p1_r1,1791057975.8223815,0
E_w1_p1_r1,1791057976.0224955,0
E_w1_p1_r1,1791057976.222614,0
E_w1_p1_r1,1791057976.4227533,0
E_w1_p1_r1,1791057976.6228411,0
E_w1_p1_r1,1791057976.8229299,0
E_w1_p1_r1,1791057977.0230222,0
E_w1_p1_r1,1791057977.2231615,0
E_w1_p1_r1,1791057977.4232645,0
E_w1_p1_r1,1791057977.6235814,0
E_w1_p1_r1,1791057977.8237133,0
E_w1_p1_r1,1791057978.0238113,0
E_w1_p1_r1,1791057978.2239034,0
E_w1_p1_r1,1791057978.4240127,0
E_w1_p1_r1,1791057978.6241305,0
E_w1_p1_r1,1791057978.8242426,0
E_w1_p1_r1,1791057979.0243535,0
E_w1_p1_r1,1791057979.224467,0
E_w1_p1_r1,1791057979.424564,0
E_w1_p1_r1,1791057979.6246698,0
E_w1_p1_r1,1791057979.8247864,0
E_w1_p1_r1,1791057980.0248797,0
E_w1_p1_r1,1791057980.2249935,0
E_w1_p1_r1,1791057980.425111,0
E_w1_p1_r1,1791057980.6252162,0
E_w1_p1_r1,1791057980.8253264,0
E_w1_p1_r1,1791057981.0256648,0
E_w1_p1_r1,1791057981.2258005,0
E_w1_p1_r1,1791057981.4259033,0
E_w1_p1_r1,1791057981.6260433,0
E_w1_p1_r1,1791057981.8261344,0
E_w1_p1_r1,1791057982.0262296,0
E_w1_p1_r1,1791057982.226323,0
E_w1_p1_r1,1791057982.4264154,0
E_w1_p1_r1,1791057982.6265194,0
E_w1_p1_r1,1791057982.8266242,0
E_w1_p1_r1,1791057983.0267706,0
E_w1_p1_r1,1791057983.2268844,0
E_w1_p1_r1,1791057983.4269838,0
E_w1_p1_r1,1791057983.6270788,0
E_w1_p1_r1,1791057983.827176,0
E_w1_p1_r1,1791057984.0272791,0
E_w1_p1_r1,1791057984.2273853,0
E_w1_p1_r1,1791057984.4275463,0
E_w1_p1_r1,1791057984.6276462,0
E_w1_p1_r1,1791057984.8277545,0
E_w1_p1_r1,1791057985.0278976,0
E_w1_p1_r1,1791057985.2280316,0
E_w1_p1_r1,1791057985.4281187,0
E_w1_p1_r1,1791057985.6282036,0
E_w1_p1_r1,1791057985.8283234,0
E_w1_p1_r1,1791057986.0284183,0
E_w1_p1_r1,1791057986.2285511,0
E_w1_p1_r1,1791057986.4286647,0
E_w1_p1_r1,1791057986.6287582,0
E_w1_p1_r1,1791057986.8288572,0
E_w1_p1_r1,1791057987.029,0
E_w1_p1_r1,1791057987.2290971,0
E_w1_p1_r1,1791057987.4291978,0
E_w1_p1_r1,1791057987.6292892,0
E_w1_p1_r1,1791057987.829387,0
E_w1_p1_r1,1791057988.0295258,0
E_w1_p1_r1,1791057988.22963,0
E_w1_p1_r1,1791057988.429742,0
E_w1_p1_r1,1791057988.6298413,0
E_w1_p1_r1,1791057988.8301568,0
E_w1_p1_r1,1791057989.0302582,0
E_w1_p1_r1,1791057989.2304037,0
E_w1_p1_r1,1791057989.4305153,0
E_w1_p1_r1,1791057989.630607,0
E_w1_p1_r1,1791057989.8307111,0
E_w1_p1_r1,1791057990.0308087,0
E_w1_p1_r1,1791057990.2309482,0
E_w1_p1_r1,1791057990.431036,0
E_w1_p1_r1,1791057990.631127,0
E_w1_p1_r1,1791057990.831234,0
E_w1_p1_r1,1791057991.0313468,0
E_w1_p1_r1,1791057991.2314408,0
E_w1_p1_r1,1791057991.4315472,0
E_w1_p1_r1,1791057991.6316457,0
E_w1_p1_r1,1791057991.8317513,0
E_w1_p1_r1,1791057992.0318882,0
E_w1_p1_r1,1791057992.232005,0
E_w1_p1_r1,1791057992.432102,0
E_w1_p1_r1,1791057992.632222,0
E_w1_p1_r1,1791057992.832322,0
E_w1_p1_r1,1791057993.0324998,0
E_w1_p1_r1,1791057993.232617,0
E_w1_p1_r1,1791057993.4327216,0
E_w1_p1_r1,1791057993.6328611,0
E_w1_p1_r1,1791057993.8329687,0
E_w1_p1_r1,1791057994.0330722,0
E_w1_p1_r1,1791057994.2331846,0
E_w1_p1_r1,1791057994.4332845,0
E_w1_p1_r1,1791057994.6333833,0
E_w1_p1_r1,1791057994.8334951,0
E_w1_p1_r1,1791057995.0335574,0
E_w1_p1_r1,1791057995.2336917,0
E_w1_p1_r1,1791057995.4338374,0
E_w1_p1_r1,1791057995.633976,0
E_w1_p1_r1,1791057995.8341212,0
E_w1_p1_r1,1791057996.0342188,0
E_w1_p1_r1,1791057996.2343342,0
E_w1_p1_r1,1791057996.434463,0
E_w1_p1_r1,1791057996.6345723,0
E_w1_p1_r1,1791057996.834683,0
E_w1_p1_r1,1791057997.034786,0
E_w1_p1_r1,1791057997.2348897,0
E_w1_p1_r1,1791057997.435011,0
E_w1_p1_r1,1791057997.6351027,0
E_w1_p1_r1,1791057997.8352435,0
E_w1_p1_r1,1791057998.0353482,0
E_w1_p1_r1,1791057998.2354283,0
E_w1_p1_r1,1791057998.4355512,0
E_w1_p1_r1,1791057998.635644,0
E_w1_p1_r1,1791057998.8357415,0
E_w1_p1_r1,1791057999.03584,0
E_w1_p1_r1,1791057999.2359757,0
E_w1_p1_r1,1791057999.436076,0
E_w1_p1_r1,1791057999.6362116,0
E_w1_p1_r1,1791057999.836369,0
E_w1_p1_r1,1791058000.0364783,0
E_w1_p1_r1,1791058000.2365785,1266
E_w1_p1_r1,1791058000.436674,3735
E_w1_p1_r1,1791058000.636779,7105
E_w1_p1_r1,1791058000.8368757,10000
E_w1_p1_r1,1791058001.0369873,10000
E_w1_p1_r1,1791058001.2370832,10000
E_w1_p1_r1,1791058001.4371927,10000
E_w1_p1_r1,1791058001.6372945,10000
E_w1_p1_r1,1791058001.837396,10000
E_w1_p1_r1,1791058002.0374997,10000
E_w1_p1_r1,1791058002.2375522,18752
E_w1_p1_r1,1791058002.4376533,25676
E_w1_p1_r1,1791058002.6377513,30000
E_w1_p1_r1,1791058002.837852,30000
E_w1_p1_r1,1791058003.0379686,30000
E_w1_p1_r1,1791058003.23806,30000
E_w1_p1_r1,1791058003.4381537,30000
E_w1_p1_r1,1791058003.638268,30000
E_w1_p1_r1,1791058003.8383598,40185
E_w1_p1_r1,1791058004.0384665,48398
E_w1_p1_r1,1791058004.238564,50000
E_w1_p1_r1,1791058004.4386578,50000
E_w1_p1_r1,1791058004.6387618,50000
E_w1_p1_r1,1791058004.8388631,50000
E_w1_p1_r1,1791058005.0389638,50000
E_w1_p1_r1,1791058005.2390597,50000
E_w1_p1_r1,1791058005.43916,57370
E_w1_p1_r1,1791058005.6394832,69417
E_w1_p1_r1,1791058005.8395684,70000
E_w1_p1_r1,1791058006.039674,70000
E_w1_p1_r1,1791058006.2397726,70000
E_w1_p1_r1,1791058006.4398625,70000
E_w1_p1_r1,1791058006.6399505,70000
E_w1_p1_r1,1791058006.8400495,70000
E_w1_p1_r1,1791058007.0415692,77343
E_w1_p1_r1,1791058007.2416744,89050
E_w1_p1_r1,1791058007.441793,90000
E_w1_p1_r1,1791058007.6421735,90000
E_w1_p1_r1,1791058007.842275,90000
E_w1_p1_r1,1791058008.0423825,100000
E_w1_p1_r1,1791058008.2424827,100000
E_w1_p1_r1,1791058008.4425554,100000
E_w1_p1_r1,1791058008.6426613,100000
E_w1_p1_r1,1791058008.8427684,110000
E_w1_p1_r1,1791058009.0429149,110000
E_w1_p1_r1,1791058009.2430265,110000
E_w1_p1_r1,1791058009.4431348,110000
E_w1_p1_r1,1791058009.643237,110000
E_w1_p1_r1,1791058009.8433354,110000
E_w1_p1_r1,1791058010.0434563,110000
E_w1_p1_r1,1791058010.2435758,120000
E_w1_p1_r1,1791058010.4436777,120000
E_w1_p1_r1,1791058010.6438134,120000
E_w1_p1_r1,1791058010.8439207,120000
E_w1_p1_r1,1791058011.0440164,130000
E_w1_p1_r1,1791058011.2441223,130000
E_w1_p1_r1,1791058011.4442527,130000
E_w1_p1_r1,1791058011.6443594,144192
E_w1_p1_r1,1791058011.844458,150000
E_w1_p1_r1,1791058012.0445964,150000
E_w1_p1_r1,1791058012.2447004,150000
E_w1_p1_r1,1791058012.4447951,150000
E_w1_p1_r1,1791058012.644887,150000
E_w1_p1_r1,1791058012.8449862,170000
E_w1_p1_r1,1791058013.0450969,170000
E_w1_p1_r1,1791058013.2451887,170000
E_w1_p1_r1,1791058013.4452927,170000
E_w1_p1_r1,1791058013.6453881,170000
E_w1_p1_r1,1791058013.845524,189438
E_w1_p1_r1,1791058014.04564,190000
E_w1_p1_r1,1791058014.2457347,190000
E_w1_p1_r1,1791058014.4458425,190000
E_w1_p1_r1,1791058014.6459515,190000
E_w1_p1_r1,1791058014.8460612,190117
E_w1_p1_r1,1791058015.0461612,210000
E_w1_p1_r1,1791058015.2462656,210000
E_w1_p1_r1,1791058015.4463646,210000
E_w1_p1_r1,1791058015.6464572,210000
E_w1_p1_r1,1791058015.84656,210000
E_w1_p1_r1,1791058016.0466928,220000
E_w1_p1_r1,1791058016.2468,220000
E_w1_p1_r1,1791058016.4469004,220000
E_w1_p1_r1,1791058016.6472337,220000
E_w1_p1_r1,1791058016.8473544,220000
E_w1_p1_r1,1791058017.0474548,237285
E_w1_p1_r1,1791058017.2475598,249556
E_w1_p1_r1,1791058017.4476702,261764
E_w1_p1_r1,1791058017.6477764,270000
E_w1_p1_r1,1791058017.8478763,280000
E_w1_p1_r1,1791058018.0479703,280000
E_w1_p1_r1,1791058018.248133,284258
E_w1_p1_r1,1791058018.448224,290000
E_w1_p1_r1,1791058018.6483781,300000
E_w1_p1_r2,1791058084.4620724,0
E_w1_p1_r2,1791058084.6625392,0
E_w1_p1_r2,1791058084.8626697,0
E_w1_p1_r2,1791058085.0629852,0
E_w1_p1_r2,1791058085.2631254,0
E_w1_p1_r2,1791058085.4632702,0
E_w1_p1_r2,1791058085.6634033,0
E_w1_p1_r2,1791058085.8635414,0
E_w1_p1_r2,1791058086.0636275,0
E_w1_p1_r2,1791058086.2639449,0
E_w1_p1_r2,1791058086.4640334,0
E_w1_p1_r2,1791058086.6641378,0
E_w1_p1_r2,1791058086.8642766,0
E_w1_p1_r2,1791058087.0643756,0
E_w1_p1_r2,1791058087.264477,0
E_w1_p1_r2,1791058087.4645557,0
E_w1_p1_r2,1791058087.6646473,0
E_w1_p1_r2,1791058087.8647437,0
E_w1_p1_r2,1791058088.0648475,0
E_w1_p1_r2,1791058088.2649496,0
E_w1_p1_r2,1791058088.4650438,0
E_w1_p1_r2,1791058088.6651413,0
E_w1_p1_r2,1791058088.8652418,0
E_w1_p1_r2,1791058089.0653467,0
E_w1_p1_r2,1791058089.265477,0
E_w1_p1_r2,1791058089.4655483,0
E_w1_p1_r2,1791058089.6656592,0
E_w1_p1_r2,1791058089.8657975,0
E_w1_p1_r2,1791058090.0659044,0
E_w1_p1_r2,1791058090.2660081,0
E_w1_p1_r2,1791058090.4661548,0
E_w1_p1_r2,1791058090.6662753,0
E_w1_p1_r2,1791058090.8663862,0
E_w1_p1_r2,1791058091.0664866,0
E_w1_p1_r2,1791058091.266614,0
E_w1_p1_r2,1791058091.466722,0
E_w1_p1_r2,1791058091.6668217,0
E_w1_p1_r2,1791058091.8669224,0
E_w1_p1_r2,1791058092.0670278,0
E_w1_p1_r2,1791058092.267128,0
E_w1_p1_r2,1791058092.4672258,0
E_w1_p1_r2,1791058092.667333,0
E_w1_p1_r2,1791058092.867432,0
E_w1_p1_r2,1791058093.0675616,0
E_w1_p1_r2,1791058093.2676783,0
E_w1_p1_r2,1791058093.467787,0
E_w1_p1_r2,1791058093.6678934,0
E_w1_p1_r2,1791058093.8680086,0
E_w1_p1_r2,1791058094.068143,0
E_w1_p1_r2,1791058094.268242,0
E_w1_p1_r2,1791058094.4683433,0
E_w1_p1_r2,1791058094.668466,0
E_w1_p1_r2,1791058094.8685632,0
E_w1_p1_r2,1791058095.0686698,0
E_w1_p1_r2,1791058095.2687774,0
E_w1_p1_r2,1791058095.468876,0
E_w1_p1_r2,1791058095.668978,0
E_w1_p1_r2,1791058095.869073,0
E_w1_p1_r2,1791058096.069191,0
E_w1_p1_r2,1791058096.2693064,0
E_w1_p1_r2,1791058096.469403,0
E_w1_p1_r2,1791058096.6695313,0
E_w1_p1_r2,1791058096.8698277,0
E_w1_p1_r2,1791058097.0699751,0
E_w1_p1_r2,1791058097.270086,0
E_w1_p1_r2,1791058097.4701922,0
E_w1_p1_r2,1791058097.6703005,0
E_w1_p1_r2,1791058097.870402,0
E_w1_p1_r2,1791058098.0705483,0
E_w1_p1_r2,1791058098.2706647,0
E_w1_p1_r2,1791058098.4707835,0
E_w1_p1_r2,1791058098.6711385,0
E_w1_p1_r2,1791058098.8712718,0
E_w1_p1_r2,1791058099.071407,0
E_w1_p1_r2,1791058099.2715127,0
E_w1_p1_r2,1791058099.47161,0
E_w1_p1_r2,1791058099.671748,0
E_w1_p1_r2,1791058099.871847,0
E_w1_p1_r2,1791058100.071941,0
E_w1_p1_r2,1791058100.2720397,0
E_w1_p1_r2,1791058100.4721467,0
E_w1_p1_r2,1791058100.6722538,0
E_w1_p1_r2,1791058100.8723423,0
E_w1_p1_r2,1791058101.0724308,0
E_w1_p1_r2,1791058101.2725568,0
E_w1_p1_r2,1791058101.4726915,0
E_w1_p1_r2,1791058101.672826,0
E_w1_p1_r2,1791058101.8729436,0
E_w1_p1_r2,1791058102.073044,0
E_w1_p1_r2,1791058102.2731578,0
E_w1_p1_r2,1791058102.4732792,0
E_w1_p1_r2,1791058102.6734836,0
E_w1_p1_r2,1791058102.8736007,0
E_w1_p1_r2,1791058103.073707,0
E_w1_p1_r2,1791058103.2737985,0
E_w1_p1_r2,1791058103.473902,0
E_w1_p1_r2,1791058103.6740005,0
E_w1_p1_r2,1791058103.8741424,0
E_w1_p1_r2,1791058104.0745635,0
E_w1_p1_r2,1791058104.274696,0
E_w1_p1_r2,1791058104.474795,0
E_w1_p1_r2,1791058104.674936,0
E_w1_p1_r2,1791058104.8750453,0
E_w1_p1_r2,1791058105.0751865,0
E_w1_p1_r2,1791058105.2753,0
E_w1_p1_r2,1791058105.4753966,0
E_w1_p1_r2,1791058105.675492,0
E_w1_p1_r2,1791058105.8756287,0
E_w1_p1_r2,1791058106.0757346,0
E_w1_p1_r2,1791058106.2758331,0
E_w1_p1_r2,1791058106.4759593,0
E_w1_p1_r2,1791058106.6760676,0
E_w1_p1_r2,1791058106.876171,0
E_w1_p1_r2,1791058107.0762699,0
E_w1_p1_r2,1791058107.2763662,0
E_w1_p1_r2,1791058107.4764557,0
E_w1_p1_r2,1791058107.6766033,0
E_w1_p1_r2,1791058107.8767042,0
E_w1_p1_r2,1791058108.076813,0
E_w1_p1_r2,1791058108.2769127,0
E_w1_p1_r2,1791058108.4770496,0
E_w1_p1_r2,1791058108.6771603,0
E_w1_p1_r2,1791058108.8772533,0
E_w1_p1_r2,1791058109.0773573,0
E_w1_p1_r2,1791058109.277699,0
E_w1_p1_r2,1791058109.477805,0
E_w1_p1_r2,1791058109.6781168,0
E_w1_p1_r2,1791058109.878262,0
E_w1_p1_r2,1791058110.0783653,0
E_w1_p1_r2,1791058110.2784686,0
E_w1_p1_r2,1791058110.4786048,0
E_w1_p1_r2,1791058110.6788225,0
E_w1_p1_r2,1791058110.879112,0
E_w1_p1_r2,1791058111.0792048,0
E_w1_p1_r2,1791058111.2793126,0
E_w1_p1_r2,1791058111.4794018,0
E_w1_p1_r2,1791058111.6794996,0
E_w1_p1_r2,1791058111.879873,0
E_w1_p1_r2,1791058112.079975,0
E_w1_p1_r2,1791058112.2801256,0
E_w1_p1_r2,1791058112.4802358,0
E_w1_p1_r2,1791058112.6803298,0
E_w1_p1_r2,1791058112.8804202,0
E_w1_p1_r2,1791058113.0805397,0
E_w1_p1_r2,1791058113.2808516,0
E_w1_p1_r2,1791058113.480952,0
E_w1_p1_r2,1791058113.6812825,0
E_w1_p1_r2,1791058113.8813846,0
E_w1_p1_r2,1791058114.0814857,0
E_w1_p1_r2,1791058114.2816186,0
E_w1_p1_r2,1791058114.481725,0
E_w1_p1_r2,1791058114.6818264,0
E_w1_p1_r2,1791058114.8819275,0
E_w1_p1_r2,1791058115.0820441,0
E_w1_p1_r2,1791058115.2821898,0
E_w1_p1_r2,1791058115.4823053,27
E_w1_p1_r2,1791058115.682397,1298
E_w1_p1_r2,1791058115.882744,3070
E_w1_p1_r2,1791058116.0830858,6274
E_w1_p1_r2,1791058116.283432,10000
E_w1_p1_r2,1791058116.4837923,10000
E_w1_p1_r2,1791058116.6839347,10000
E_w1_p1_r2,1791058116.8840666,10000
E_w1_p1_r2,1791058117.08417,10000
E_w1_p1_r2,1791058117.284571,10000
E_w1_p1_r2,1791058117.4847832,10000
E_w1_p1_r2,1791058117.6850443,10000
E_w1_p1_r2,1791058117.8851805,15264
E_w1_p1_r2,1791058118.085609,23462
E_w1_p1_r2,1791058118.286039,28982
E_w1_p1_r2,1791058118.4863753,30000
E_w1_p1_r2,1791058118.6868951,30000
E_w1_p1_r2,1791058118.8872607,30000
E_w1_p1_r2,1791058119.0876155,30000
E_w1_p1_r2,1791058119.2877607,30000
E_w1_p1_r2,1791058119.488111,30000
E_w1_p1_r2,1791058119.6882594,30000
E_w1_p1_r2,1791058119.8883605,30000
E_w1_p1_r2,1791058120.088498,40000
E_w1_p1_r2,1791058120.2886374,40000
E_w1_p1_r2,1791058120.4887946,40000
E_w1_p1_r2,1791058120.688975,40000
E_w1_p1_r2,1791058120.8894691,40000
E_w1_p1_r2,1791058121.0898123,40000
E_w1_p1_r2,1791058121.2899182,40000
E_w1_p1_r2,1791058121.4900146,40000
E_w1_p1_r2,1791058121.6901147,40000
E_w1_p1_r2,1791058121.8902175,53548
E_w1_p1_r2,1791058122.0903294,66494
E_w1_p1_r2,1791058122.290438,70000
E_w1_p1_r2,1791058122.4905303,70000
E_w1_p1_r2,1791058122.6906447,70000
E_w1_p1_r2,1791058122.8909774,70000
E_w1_p1_r2,1791058123.091088,70000
E_w1_p1_r2,1791058123.2914543,70000
E_w1_p1_r2,1791058123.4917753,70000
E_w1_p1_r2,1791058123.6919274,70000
E_w1_p1_r2,1791058123.8920336,72304
E_w1_p1_r2,1791058124.092146,89192
E_w1_p1_r2,1791058124.2922735,90000
E_w1_p1_r2,1791058124.492368,90000
E_w1_p1_r2,1791058124.6925533,90000
E_w1_p1_r2,1791058124.8929574,90000
E_w1_p1_r2,1791058125.0930521,90000
E_w1_p1_r2,1791058125.293197,90000
E_w1_p1_r2,1791058125.4935648,90000
E_w1_p1_r2,1791058125.6936612,90000
E_w1_p1_r2,1791058125.8940456,99711
E_w1_p1_r2,1791058126.094422,110000
E_w1_p1_r2,1791058126.2947803,110000
E_w1_p1_r2,1791058126.4948997,110000
E_w1_p1_r2,1791058126.695258,110000
E_w1_p1_r2,1791058126.8956516,110000
E_w1_p1_r2,1791058127.096175,110000
E_w1_p1_r2,1791058127.2963305,110000
E_w1_p1_r2,1791058127.4964263,110000
E_w1_p1_r2,1791058127.6965451,110000
E_w1_p1_r2,1791058127.8969042,120176
E_w1_p1_r2,1791058128.0970104,130000
E_w1_p1_r2,1791058128.2971494,130000
E_w1_p1_r2,1791058128.497256,130000
E_w1_p1_r2,1791058128.697592,130000
E_w1_p1_r2,1791058128.8979223,130000
E_w1_p1_r2,1791058129.098347,130000
E_w1_p1_r2,1791058129.2984586,130000
E_w1_p1_r2,1791058129.4985547,130000
E_w1_p1_r2,1791058129.6986988,148103
E_w1_p1_r2,1791058129.8988607,150000
E_w1_p1_r2,1791058130.0990038,150000
E_w1_p1_r2,1791058130.299147,150000
E_w1_p1_r2,1791058130.4992507,150000
E_w1_p1_r2,1791058130.6993575,150000
E_w1_p1_r2,1791058130.8994956,150000
E_w1_p1_r2,1791058131.099612,150000
E_w1_p1_r2,1791058131.2997153,162832
E_w1_p1_r2,1791058131.4998195,170000
E_w1_p1_r2,1791058131.7001307,170000
E_w1_p1_r2,1791058131.90028,170000
E_w1_p1_r2,1791058132.1006312,170000
E_w1_p1_r2,1791058132.3009605,170000
E_w1_p1_r2,1791058132.5012786,170000
E_w1_p1_r2,1791058132.701422,170000
E_w1_p1_r2,1791058132.9015331,185852
E_w1_p1_r2,1791058133.101671,190000
E_w1_p1_r2,1791058133.3018084,190000
E_w1_p1_r2,1791058133.5019217,190000
E_w1_p1_r2,1791058133.702094,190000
E_w1_p1_r2,1791058133.902312,190000
E_w1_p1_r2,1791058134.1027622,190000
E_w1_p1_r2,1791058134.3028736,190000
E_w1_p1_r2,1791058134.503227,190000
E_w1_p1_r2,1791058134.7035835,208373
E_w1_p1_r2,1791058134.9039097,210000
E_w1_p1_r2,1791058135.1040523,210000
E_w1_p1_r2,1791058135.3043597,210000
E_w1_p1_r2,1791058135.5044587,210000
E_w1_p1_r2,1791058135.7045763,210000
E_w1_p1_r2,1791058135.904668,219852
E_w1_p1_r2,1791058136.1047838,237908
E_w1_p1_r2,1791058136.3048887,251043
E_w1_p1_r2,1791058136.5049858,260000
E_w1_p1_r2,1791058136.7050767,270000
E_w1_p1_r2,1791058136.905412,280000
E_w1_p1_r2,1791058137.1055233,280000
E_w1_p1_r2,1791058137.305616,290000
E_w1_p1_r2,1791058137.5057175,300000
E_w1_p1_r3,1791058203.371724,0
E_w1_p1_r3,1791058203.5725353,0
E_w1_p1_r3,1791058203.7726684,0
E_w1_p1_r3,1791058203.9727578,0
E_w1_p1_r3,1791058204.1728804,0
E_w1_p1_r3,1791058204.373001,0
E_w1_p1_r3,1791058204.5730996,0
E_w1_p1_r3,1791058204.773202,0
E_w1_p1_r3,1791058204.9733164,0
E_w1_p1_r3,1791058205.1734195,0
E_w1_p1_r3,1791058205.3735487,0
E_w1_p1_r3,1791058205.5736463,0
E_w1_p1_r3,1791058205.7737422,0
E_w1_p1_r3,1791058205.9738383,0
E_w1_p1_r3,1791058206.1739542,0
E_w1_p1_r3,1791058206.3740482,0
E_w1_p1_r3,1791058206.5741584,0
E_w1_p1_r3,1791058206.7742567,0
E_w1_p1_r3,1791058206.9743505,0
E_w1_p1_r3,1791058207.1744711,0
E_w1_p1_r3,1791058207.3746097,0
E_w1_p1_r3,1791058207.5747247,0
E_w1_p1_r3,1791058207.77483,0
E_w1_p1_r3,1791058207.9751322,0
E_w1_p1_r3,1791058208.1752493,0
E_w1_p1_r3,1791058208.3753817,0
E_w1_p1_r3,1791058208.5756907,0
E_w1_p1_r3,1791058208.77583,0
E_w1_p1_r3,1791058208.9759393,0
E_w1_p1_r3,1791058209.1760602,0
E_w1_p1_r3,1791058209.3761823,0
E_w1_p1_r3,1791058209.576292,0
E_w1_p1_r3,1791058209.7763925,0
E_w1_p1_r3,1791058209.9765272,0
E_w1_p1_r3,1791058210.176636,0
E_w1_p1_r3,1791058210.3767393,0
E_w1_p1_r3,1791058210.5768504,0
E_w1_p1_r3,1791058210.776986,0
E_w1_p1_r3,1791058210.9771218,0
E_w1_p1_r3,1791058211.17724,0
E_w1_p1_r3,1791058211.3773313,0
E_w1_p1_r3,1791058211.5774302,0
E_w1_p1_r3,1791058211.7775466,0
E_w1_p1_r3,1791058211.977666,0
E_w1_p1_r3,1791058212.177801,0
E_w1_p1_r3,1791058212.3779395,0
E_w1_p1_r3,1791058212.5780334,0
E_w1_p1_r3,1791058212.7781363,0
E_w1_p1_r3,1791058212.9782712,0
E_w1_p1_r3,1791058213.1784139,0
E_w1_p1_r3,1791058213.3785708,0
E_w1_p1_r3,1791058213.5786803,0
E_w1_p1_r3,1791058213.7787752,0
E_w1_p1_r3,1791058213.9788818,0
E_w1_p1_r3,1791058214.1789932,0
E_w1_p1_r3,1791058214.379108,0
E_w1_p1_r3,1791058214.5792077,0
E_w1_p1_r3,1791058214.7793317,0
E_w1_p1_r3,1791058214.9794393,0
E_w1_p1_r3,1791058215.1795535,0
E_w1_p1_r3,1791058215.379654,0
E_w1_p1_r3,1791058215.5797522,0
E_w1_p1_r3,1791058215.7798576,0
E_w1_p1_r3,1791058215.9799926,0
E_w1_p1_r3,1791058216.1800985,0
E_w1_p1_r3,1791058216.3802402,0
E_w1_p1_r3,1791058216.580353,0
E_w1_p1_r3,1791058216.7804954,0
E_w1_p1_r3,1791058216.9805975,0
E_w1_p1_r3,1791058217.1806958,0
E_w1_p1_r3,1791058217.3808303,0
E_w1_p1_r3,1791058217.5809188,0
E_w1_p1_r3,1791058217.7810574,0
E_w1_p1_r3,1791058217.981153,0
E_w1_p1_r3,1791058218.1812584,0
E_w1_p1_r3,1791058218.3813722,0
E_w1_p1_r3,1791058218.5815356,0
E_w1_p1_r3,1791058218.7816575,0
E_w1_p1_r3,1791058218.9817545,0
E_w1_p1_r3,1791058219.1820705,0
E_w1_p1_r3,1791058219.382208,0
E_w1_p1_r3,1791058219.582302,0
E_w1_p1_r3,1791058219.7824457,0
E_w1_p1_r3,1791058219.9825885,0
E_w1_p1_r3,1791058220.182733,0
E_w1_p1_r3,1791058220.3828795,0
E_w1_p1_r3,1791058220.5830154,0
E_w1_p1_r3,1791058220.7831686,0
E_w1_p1_r3,1791058220.9832675,0
E_w1_p1_r3,1791058221.183367,0
E_w1_p1_r3,1791058221.383477,0
E_w1_p1_r3,1791058221.5836155,0
E_w1_p1_r3,1791058221.783712,0
E_w1_p1_r3,1791058221.9838543,0
E_w1_p1_r3,1791058222.1840003,0
E_w1_p1_r3,1791058222.3841455,0
E_w1_p1_r3,1791058222.584285,0
E_w1_p1_r3,1791058222.7844226,0
E_w1_p1_r3,1791058222.9845648,0
E_w1_p1_r3,1791058223.1847053,0
E_w1_p1_r3,1791058223.384844,0
E_w1_p1_r3,1791058223.5849855,0
E_w1_p1_r3,1791058223.7850928,0
E_w1_p1_r3,1791058223.9852324,0
E_w1_p1_r3,1791058224.185371,0
E_w1_p1_r3,1791058224.3855612,0
E_w1_p1_r3,1791058224.5856643,0
E_w1_p1_r3,1791058224.7857587,0
E_w1_p1_r3,1791058224.9858675,0
E_w1_p1_r3,1791058225.185962,0
E_w1_p1_r3,1791058225.3860562,0
E_w1_p1_r3,1791058225.5861537,0
E_w1_p1_r3,1791058225.7862806,0
E_w1_p1_r3,1791058225.9863744,0
E_w1_p1_r3,1791058226.1864893,0
E_w1_p1_r3,1791058226.386673,0
E_w1_p1_r3,1791058226.5867684,0
E_w1_p1_r3,1791058226.7870739,0
E_w1_p1_r3,1791058226.9871907,0
E_w1_p1_r3,1791058227.1872933,0
E_w1_p1_r3,1791058227.387396,0
E_w1_p1_r3,1791058227.587758,0
E_w1_p1_r3,1791058227.7878594,0
E_w1_p1_r3,1791058227.9882495,0
E_w1_p1_r3,1791058228.1886842,0
E_w1_p1_r3,1791058228.3890407,0
E_w1_p1_r3,1791058228.589376,0
E_w1_p1_r3,1791058228.7895706,0
E_w1_p1_r3,1791058228.9899046,0
E_w1_p1_r3,1791058229.1900384,0
E_w1_p1_r3,1791058229.3901834,0
E_w1_p1_r3,1791058229.5902925,0
E_w1_p1_r3,1791058229.7904003,0
E_w1_p1_r3,1791058229.9909003,0
E_w1_p1_r3,1791058230.1912427,0
E_w1_p1_r3,1791058230.3913407,0
E_w1_p1_r3,1791058230.5914898,0
E_w1_p1_r3,1791058230.7918377,0
E_w1_p1_r3,1791058230.992175,0
E_w1_p1_r3,1791058231.1923282,0
E_w1_p1_r3,1791058231.392414,0
E_w1_p1_r3,1791058231.5925436,0
E_w1_p1_r3,1791058231.7928789,0
E_w1_p1_r3,1791058231.993014,0
E_w1_p1_r3,1791058232.1931052,0
E_w1_p1_r3,1791058232.3932054,0
E_w1_p1_r3,1791058232.5933213,0
E_w1_p1_r3,1791058232.7934282,0
E_w1_p1_r3,1791058232.9935474,0
E_w1_p1_r3,1791058233.19366,0
E_w1_p1_r3,1791058233.3937848,0
E_w1_p1_r3,1791058233.5938995,1143
E_w1_p1_r3,1791058233.7942357,2656
E_w1_p1_r3,1791058233.994379,4736
E_w1_p1_r3,1791058234.194527,7148
E_w1_p1_r3,1791058234.3948698,9925
E_w1_p1_r3,1791058234.5950027,10000
E_w1_p1_r3,1791058234.795137,10000
E_w1_p1_r3,1791058234.9954941,10000
E_w1_p1_r3,1791058235.1956139,10000
E_w1_p1_r3,1791058235.3957467,10000
E_w1_p1_r3,1791058235.5958521,10795
E_w1_p1_r3,1791058235.7962558,18589
E_w1_p1_r3,1791058235.9967341,23864
E_w1_p1_r3,1791058236.1969428,28853
E_w1_p1_r3,1791058236.3970478,30000
E_w1_p1_r3,1791058236.597204,30000
E_w1_p1_r3,1791058236.7972946,30000
E_w1_p1_r3,1791058236.9974036,30000
E_w1_p1_r3,1791058237.197516,30000
E_w1_p1_r3,1791058237.3976161,35614
E_w1_p1_r3,1791058237.5979488,44505
E_w1_p1_r3,1791058237.7980828,49729
E_w1_p1_r3,1791058237.9982314,50000
E_w1_p1_r3,1791058238.19854,50000
E_w1_p1_r3,1791058238.3986402,50000
E_w1_p1_r3,1791058238.598741,50000
E_w1_p1_r3,1791058238.7988372,50000
E_w1_p1_r3,1791058238.998931,50000
E_w1_p1_r3,1791058239.1990292,57231
E_w1_p1_r3,1791058239.399174,65579
E_w1_p1_r3,1791058239.5993195,70000
E_w1_p1_r3,1791058239.7994394,70000
E_w1_p1_r3,1791058239.9995687,70000
E_w1_p1_r3,1791058240.1996567,70000
E_w1_p1_r3,1791058240.3997846,70000
E_w1_p1_r3,1791058240.5998757,70000
E_w1_p1_r3,1791058240.800005,70000
E_w1_p1_r3,1791058241.000103,70000
E_w1_p1_r3,1791058241.2002044,70000
E_w1_p1_r3,1791058241.4003057,70000
E_w1_p1_r3,1791058241.6004298,84273
E_w1_p1_r3,1791058241.800554,95156
E_w1_p1_r3,1791058242.000683,105865
E_w1_p1_r3,1791058242.2010279,119462
E_w1_p1_r3,1791058242.4013672,120000
E_w1_p1_r3,1791058242.6014998,120000
E_w1_p1_r3,1791058242.8018413,120000
E_w1_p1_r3,1791058243.0019505,120000
E_w1_p1_r3,1791058243.2020597,120000
E_w1_p1_r3,1791058243.402384,120000
E_w1_p1_r3,1791058243.6027515,120000
E_w1_p1_r3,1791058243.80307,120000
E_w1_p1_r3,1791058244.0034175,120000
E_w1_p1_r3,1791058244.203751,120000
E_w1_p1_r3,1791058244.404089,120000
E_w1_p1_r3,1791058244.6041987,120000
E_w1_p1_r3,1791058244.8043764,120000
E_w1_p1_r3,1791058245.0047107,120000
E_w1_p1_r3,1791058245.204847,120000
E_w1_p1_r3,1791058245.4049473,120000
E_w1_p1_r3,1791058245.6050458,120000
E_w1_p1_r3,1791058245.8054109,139509
E_w1_p1_r3,1791058246.0057733,140000
E_w1_p1_r3,1791058246.205883,140000
E_w1_p1_r3,1791058246.4062433,140000
E_w1_p1_r3,1791058246.6066048,140000
E_w1_p1_r3,1791058246.8066983,140000
E_w1_p1_r3,1791058247.007047,140000
E_w1_p1_r3,1791058247.2074542,154470
E_w1_p1_r3,1791058247.40762,160000
E_w1_p1_r3,1791058247.6077344,160000
E_w1_p1_r3,1791058247.807836,160000
E_w1_p1_r3,1791058248.0079775,160000
E_w1_p1_r3,1791058248.2081332,160000
E_w1_p1_r3,1791058248.4085834,160000
E_w1_p1_r3,1791058248.6088045,160000
E_w1_p1_r3,1791058248.8089626,160000
E_w1_p1_r3,1791058249.0092752,163892
E_w1_p1_r3,1791058249.209409,170000
E_w1_p1_r3,1791058249.409536,170000
E_w1_p1_r3,1791058249.609663,175201
E_w1_p1_r3,1791058249.8098154,180000
E_w1_p1_r3,1791058250.00992,180000
E_w1_p1_r3,1791058250.2102628,180000
E_w1_p1_r3,1791058250.4103665,180000
E_w1_p1_r3,1791058250.610472,180195
E_w1_p1_r3,1791058250.8106177,204556
E_w1_p1_r3,1791058251.0109608,219660
E_w1_p1_r3,1791058251.2112892,232173
E_w1_p1_r3,1791058251.411636,246053
E_w1_p1_r3,1791058251.6117444,260000
E_w1_p1_r3,1791058251.811844,270000
E_w1_p1_r3,1791058252.0119503,270000
E_w1_p1_r3,1791058252.2123547,277461
E_w1_p1_r3,1791058252.4126933,280000
E_w1_p1_r3,1791058252.6128006,280000
E_w1_p1_r3,1791058252.8129041,290000
E_w1_p1_r3,1791058253.0130985,290000
E_w1_p1_r3,1791058253.2134535,299822
E_w1_p1_r3,1791058253.4135854,300000
E_w1_p3_r1,1791058316.658893,0
E_w1_p3_r1,1791058316.858991,0
E_w1_p3_r1,1791058317.0590827,0
E_w1_p3_r1,1791058317.259183,0
E_w1_p3_r1,1791058317.459282,0
E_w1_p3_r1,1791058317.6595514,0
E_w1_p3_r1,1791058317.8597832,0
E_w1_p3_r1,1791058318.05988,0
E_w1_p3_r1,1791058318.2599676,0
E_w1_p3_r1,1791058318.4600708,0
E_w1_p3_r1,1791058318.6601622,0
E_w1_p3_r1,1791058318.860255,0
E_w1_p3_r1,1791058319.060356,0
E_w1_p3_r1,1791058319.260468,0
E_w1_p3_r1,1791058319.460552,0
E_w1_p3_r1,1791058319.6606882,0
E_w1_p3_r1,1791058319.8608963,0
E_w1_p3_r1,1791058320.060999,0
E_w1_p3_r1,1791058320.261108,0
E_w1_p3_r1,1791058320.461212,0
E_w1_p3_r1,1791058320.6613457,0
E_w1_p3_r1,1791058320.861458,0
E_w1_p3_r1,1791058321.0615733,0
E_w1_p3_r1,1791058321.2616825,0
E_w1_p3_r1,1791058321.4617724,0
E_w1_p3_r1,1791058321.6618853,0
E_w1_p3_r1,1791058321.8619883,0
E_w1_p3_r1,1791058322.0620832,0
E_w1_p3_r1,1791058322.2622213,0
E_w1_p3_r1,1791058322.4623585,0
E_w1_p3_r1,1791058322.6624794,0
E_w1_p3_r1,1791058322.8627925,0
E_w1_p3_r1,1791058323.0628822,0
E_w1_p3_r1,1791058323.262977,0
E_w1_p3_r1,1791058323.4630725,0
E_w1_p3_r1,1791058323.663187,0
E_w1_p3_r1,1791058323.863338,0
E_w1_p3_r1,1791058324.0634367,0
E_w1_p3_r1,1791058324.2635653,0
E_w1_p3_r1,1791058324.463654,0
E_w1_p3_r1,1791058324.6637988,0
E_w1_p3_r1,1791058324.8639324,0
E_w1_p3_r1,1791058325.0640364,0
E_w1_p3_r1,1791058325.2641459,0
E_w1_p3_r1,1791058325.4642334,0
E_w1_p3_r1,1791058325.664337,0
E_w1_p3_r1,1791058325.8644829,0
E_w1_p3_r1,1791058326.0645702,0
E_w1_p3_r1,1791058326.264665,0
E_w1_p3_r1,1791058326.464785,0
E_w1_p3_r1,1791058326.6649039,0
E_w1_p3_r1,1791058326.8650148,0
E_w1_p3_r1,1791058327.065113,0
E_w1_p3_r1,1791058327.265221,0
E_w1_p3_r1,1791058327.465325,0
E_w1_p3_r1,1791058327.6654265,0
E_w1_p3_r1,1791058327.865559,0
E_w1_p3_r1,1791058328.065843,0
E_w1_p3_r1,1791058328.2659445,0
E_w1_p3_r1,1791058328.4660892,0
E_w1_p3_r1,1791058328.666214,0
E_w1_p3_r1,1791058328.866337,0
E_w1_p3_r1,1791058329.066477,0
E_w1_p3_r1,1791058329.266617,0
E_w1_p3_r1,1791058329.4667554,0
E_w1_p3_r1,1791058329.6668742,0
E_w1_p3_r1,1791058329.8672,0
E_w1_p3_r1,1791058330.0673285,0
E_w1_p3_r1,1791058330.267464,0
E_w1_p3_r1,1791058330.467606,0
E_w1_p3_r1,1791058330.6677063,0
E_w1_p3_r1,1791058330.8679435,0
E_w1_p3_r1,1791058331.0680666,0
E_w1_p3_r1,1791058331.268189,0
E_w1_p3_r1,1791058331.4682949,0
E_w1_p3_r1,1791058331.6684096,0
E_w1_p3_r1,1791058331.8685317,0
E_w1_p3_r1,1791058332.0686297,0
E_w1_p3_r1,1791058332.268773,0
E_w1_p3_r1,1791058332.4688835,0
E_w1_p3_r1,1791058332.6689878,0
E_w1_p3_r1,1791058332.8690975,0
E_w1_p3_r1,1791058333.0692134,0
E_w1_p3_r1,1791058333.2693071,0
E_w1_p3_r1,1791058333.4694388,0
E_w1_p3_r1,1791058333.6695547,0
E_w1_p3_r1,1791058333.8696907,0
E_w1_p3_r1,1791058334.0697916,0
E_w1_p3_r1,1791058334.26988,0
E_w1_p3_r1,1791058334.469996,0
E_w1_p3_r1,1791058334.6700943,0
E_w1_p3_r1,1791058334.8704119,0
E_w1_p3_r1,1791058335.0705345,0
E_w1_p3_r1,1791058335.2706718,0
E_w1_p3_r1,1791058335.4708173,0
E_w1_p3_r1,1791058335.670923,0
E_w1_p3_r1,1791058335.8710244,0
E_w1_p3_r1,1791058336.0711288,0
E_w1_p3_r1,1791058336.2712398,0
E_w1_p3_r1,1791058336.4713414,0
E_w1_p3_r1,1791058336.6714447,0
E_w1_p3_r1,1791058336.8715527,0
E_w1_p3_r1,1791058337.0716815,0
E_w1_p3_r1,1791058337.2717905,0
E_w1_p3_r1,1791058337.471898,0
E_w1_p3_r1,1791058337.6719975,0
E_w1_p3_r1,1791058337.872089,0
E_w1_p3_r1,1791058338.0721912,0
E_w1_p3_r1,1791058338.2725182,0
E_w1_p3_r1,1791058338.4726517,0
E_w1_p3_r1,1791058338.6729481,0
E_w1_p3_r1,1791058338.87305,0
E_w1_p3_r1,1791058339.0731432,0
E_w1_p3_r1,1791058339.2732594,0
E_w1_p3_r1,1791058339.473363,0
E_w1_p3_r1,1791058339.6734612,0
E_w1_p3_r1,1791058339.873565,0
E_w1_p3_r1,1791058340.073655,0
E_w1_p3_r1,1791058340.2737489,0
E_w1_p3_r1,1791058340.473853,0
E_w1_p3_r1,1791058340.673987,0
E_w1_p3_r1,1791058340.874298,0
E_w1_p3_r1,1791058341.0746193,0
E_w1_p3_r1,1791058341.274739,0
E_w1_p3_r1,1791058341.4748752,0
E_w1_p3_r1,1791058341.675022,0
E_w1_p3_r1,1791058341.8751557,0
E_w1_p3_r1,1791058342.0752523,0
E_w1_p3_r1,1791058342.2755759,0
E_w1_p3_r1,1791058342.4759078,0
E_w1_p3_r1,1791058342.676049,0
E_w1_p3_r1,1791058342.876158,0
E_w1_p3_r1,1791058343.0763385,0
E_w1_p3_r1,1791058343.2766852,0
E_w1_p3_r1,1791058343.4770315,0
E_w1_p3_r1,1791058343.6773696,0
E_w1_p3_r1,1791058343.8774788,0
E_w1_p3_r1,1791058344.077618,0
E_w1_p3_r1,1791058344.277761,0
E_w1_p3_r1,1791058344.4779198,0
E_w1_p3_r1,1791058344.678285,0
E_w1_p3_r1,1791058344.8786309,0
E_w1_p3_r1,1791058345.0787675,0
E_w1_p3_r1,1791058345.2792032,0
E_w1_p3_r1,1791058345.4796073,0
E_w1_p3_r1,1791058345.6797073,0
E_w1_p3_r1,1791058345.8800392,0
E_w1_p3_r1,1791058346.0801497,0
E_w1_p3_r1,1791058346.2802527,0
E_w1_p3_r1,1791058346.4803815,0
E_w1_p3_r1,1791058346.68081,0
E_w1_p3_r1,1791058346.88117,0
E_w1_p3_r1,1791058347.0812979,0
E_w1_p3_r1,1791058347.281409,0
E_w1_p3_r1,1791058347.4815528,0
E_w1_p3_r1,1791058347.681659,0
E_w1_p3_r1,1791058347.8821535,0
E_w1_p3_r1,1791058348.0822582,0
E_w1_p3_r1,1791058348.282555,0
E_w1_p3_r1,1791058348.4826536,0
E_w1_p3_r1,1791058348.6827633,0
E_w1_p3_r1,1791058348.8828685,0
E_w1_p3_r1,1791058349.082963,0
E_w1_p3_r1,1791058349.2830663,0
E_w1_p3_r1,1791058349.4831834,0
E_w1_p3_r1,1791058349.6836157,0
E_w1_p3_r1,1791058349.8837557,0
E_w1_p3_r1,1791058350.0838614,0
E_w1_p3_r1,1791058350.2842216,0
E_w1_p3_r1,1791058350.4843783,0
E_w1_p3_r1,1791058350.6847515,0
E_w1_p3_r1,1791058350.884855,0
E_w1_p3_r1,1791058351.0849657,0
E_w1_p3_r1,1791058351.2850819,0
E_w1_p3_r1,1791058351.485232,0
E_w1_p3_r1,1791058351.6853764,0
E_w1_p3_r1,1791058351.8854806,0
E_w1_p3_r1,1791058352.0855591,0
E_w1_p3_r1,1791058352.2856638,0
E_w1_p3_r1,1791058352.4857764,0
E_w1_p3_r1,1791058352.6858828,0
E_w1_p3_r1,1791058352.8862205,0
E_w1_p3_r1,1791058353.08633,0
E_w1_p3_r1,1791058353.2864213,0
E_w1_p3_r1,1791058353.4865334,0
E_w1_p3_r1,1791058353.686628,0
E_w1_p3_r1,1791058353.8867202,0
E_w1_p3_r1,1791058354.0868537,0
E_w1_p3_r1,1791058354.2869475,0
E_w1_p3_r1,1791058354.4870372,0
E_w1_p3_r1,1791058354.6871538,0
E_w1_p3_r1,1791058354.887248,0
E_w1_p3_r1,1791058355.0873518,0
E_w1_p3_r1,1791058355.2874522,0
E_w1_p3_r1,1791058355.4876075,0
E_w1_p3_r1,1791058355.6879902,221
E_w1_p3_r1,1791058355.888108,1008
E_w1_p3_r1,1791058356.0882246,2065
E_w1_p3_r1,1791058356.2885618,4426
E_w1_p3_r1,1791058356.4889839,8020
E_w1_p3_r1,1791058356.6891246,12446
E_w1_p3_r1,1791058356.8892474,17138
E_w1_p3_r1,1791058357.0893621,20000
E_w1_p3_r1,1791058357.289537,20000
E_w1_p3_r1,1791058357.489959,20000
E_w1_p3_r1,1791058357.6902883,20000
E_w1_p3_r1,1791058357.890617,20000
E_w1_p3_r1,1791058358.090972,20000
E_w1_p3_r1,1791058358.2910953,20000
E_w1_p3_r1,1791058358.4914596,20000
E_w1_p3_r1,1791058358.6918058,20000
E_w1_p3_r1,1791058358.8919528,20000
E_w1_p3_r1,1791058359.0920935,20000
E_w1_p3_r1,1791058359.2922378,20000
E_w1_p3_r1,1791058359.4923804,20000
E_w1_p3_r1,1791058359.6925402,23234
E_w1_p3_r1,1791058359.892676,34649
E_w1_p3_r1,1791058360.0928154,44135
E_w1_p3_r1,1791058360.2929296,50400
E_w1_p3_r1,1791058360.4930522,56794
E_w1_p3_r1,1791058360.6933758,59792
E_w1_p3_r1,1791058360.8937209,60000
E_w1_p3_r1,1791058361.0938325,60000
E_w1_p3_r1,1791058361.2942052,60000
E_w1_p3_r1,1791058361.4943051,60000
E_w1_p3_r1,1791058361.6946542,60000
E_w1_p3_r1,1791058361.894753,60000
E_w1_p3_r1,1791058362.0948782,60000
E_w1_p3_r1,1791058362.2950525,60000
E_w1_p3_r1,1791058362.4953828,60000
E_w1_p3_r1,1791058362.6957183,60000
E_w1_p3_r1,1791058362.8958206,60000
E_w1_p3_r1,1791058363.0959258,64962
E_w1_p3_r1,1791058363.296041,76375
E_w1_p3_r1,1791058363.4961548,86731
E_w1_p3_r1,1791058363.6962914,95107
E_w1_p3_r1,1791058363.896436,102728
E_w1_p3_r1,1791058364.0965612,111921
E_w1_p3_r1,1791058364.2969067,120712
E_w1_p3_r1,1791058364.4970427,131992
E_w1_p3_r1,1791058364.6974075,140213
E_w1_p3_r1,1791058364.8977594,147441
E_w1_p3_r1,1791058365.0981011,154597
E_w1_p3_r1,1791058365.2982402,160000
E_w1_p3_r1,1791058365.4983952,169481
E_w1_p3_r1,1791058365.698542,179050
E_w1_p3_r1,1791058365.898631,180000
E_w1_p3_r1,1791058366.0987456,180000
E_w1_p3_r1,1791058366.2988503,180000
E_w1_p3_r1,1791058366.4989922,185682
E_w1_p3_r1,1791058366.6991098,200000
E_w1_p3_r1,1791058366.8992028,200361
E_w1_p3_r1,1791058367.0993567,200361
E_w1_p3_r1,1791058367.2994795,200361
E_w1_p3_r1,1791058367.499589,200361
E_w1_p3_r1,1791058367.6996799,200361
E_w1_p3_r1,1791058367.8997846,200361
E_w1_p3_r1,1791058368.0998747,200361
E_w1_p3_r1,1791058368.3000128,200361
E_w1_p3_r1,1791058368.500111,200361
E_w1_p3_r1,1791058368.7002227,200361
E_w1_p3_r1,1791058368.9005518,200361
E_w1_p3_r1,1791058369.1006846,200361
E_w1_p3_r1,1791058369.3008254,200361
E_w1_p3_r1,1791058369.5009263,200361
E_w1_p3_r1,1791058369.7012775,200361
E_w1_p3_r1,1791058369.9014452,200361
E_w1_p3_r1,1791058370.101803,200361
E_w1_p3_r1,1791058370.3019338,200361
E_w1_p3_r1,1791058370.502311,200361
E_w1_p3_r1,1791058370.7026653,200361
E_w1_p3_r1,1791058370.9027905,200361
E_w1_p3_r1,1791058371.1028945,200361
E_w1_p3_r1,1791058371.3029985,200361
E_w1_p3_r1,1791058371.5030942,200361
E_w1_p3_r1,1791058371.7031925,200361
E_w1_p3_r1,1791058371.9033065,200361
E_w1_p3_r1,1791058372.1034422,200361
E_w1_p3_r1,1791058372.303994,200361
E_w1_p3_r1,1791058372.5043628,200361
E_w1_p3_r1,1791058372.7044837,211087
E_w1_p3_r1,1791058372.9048123,222963
E_w1_p3_r1,1791058373.105197,233927
E_w1_p3_r1,1791058373.3052988,245809
E_w1_p3_r1,1791058373.5054407,259283
E_w1_p3_r1,1791058373.7055628,260399
E_w1_p3_r1,1791058373.9056664,270361
E_w1_p3_r1,1791058374.1057687,270361
E_w1_p3_r1,1791058374.3058767,280361
E_w1_p3_r1,1791058374.5059743,282021
E_w1_p3_r1,1791058374.7060616,290361
E_w1_p3_r1,1791058374.906157,299603
E_w1_p3_r1,1791058375.1062682,300000
E_w1_p3_r2,1791058438.1454985,0
E_w1_p3_r2,1791058438.3465412,0
E_w1_p3_r2,1791058438.5466428,0
E_w1_p3_r2,1791058438.746793,0
E_w1_p3_r2,1791058438.9471025,0
E_w1_p3_r2,1791058439.1472487,0
E_w1_p3_r2,1791058439.3473537,0
E_w1_p3_r2,1791058439.547455,0
E_w1_p3_r2,1791058439.7475748,0
E_w1_p3_r2,1791058439.947707,0
E_w1_p3_r2,1791058440.147797,0
E_w1_p3_r2,1791058440.3479118,0
E_w1_p3_r2,1791058440.5480201,0
E_w1_p3_r2,1791058440.7481341,0
E_w1_p3_r2,1791058440.9482224,0
E_w1_p3_r2,1791058441.1486557,0
E_w1_p3_r2,1791058441.3487608,0
E_w1_p3_r2,1791058441.548865,0
E_w1_p3_r2,1791058441.7489648,0
E_w1_p3_r2,1791058441.9490538,0
E_w1_p3_r2,1791058442.1491528,0
E_w1_p3_r2,1791058442.3492472,0
E_w1_p3_r2,1791058442.549357,0
E_w1_p3_r2,1791058442.7494824,0
E_w1_p3_r2,1791058442.9495714,0
E_w1_p3_r2,1791058443.1496787,0
E_w1_p3_r2,1791058443.3497818,0
E_w1_p3_r2,1791058443.5498898,0
E_w1_p3_r2,1791058443.7500072,0
E_w1_p3_r2,1791058443.950107,0
E_w1_p3_r2,1791058444.1502075,0
E_w1_p3_r2,1791058444.3503513,0
E_w1_p3_r2,1791058444.5504496,0
E_w1_p3_r2,1791058444.7505774,0
E_w1_p3_r2,1791058444.9506838,0
E_w1_p3_r2,1791058445.1507974,0
E_w1_p3_r2,1791058445.3509028,0
E_w1_p3_r2,1791058445.5510023,0
E_w1_p3_r2,1791058445.751137,0
E_w1_p3_r2,1791058445.9512284,0
E_w1_p3_r2,1791058446.151364,0
E_w1_p3_r2,1791058446.3514736,0
E_w1_p3_r2,1791058446.5515864,0
E_w1_p3_r2,1791058446.7516897,0
E_w1_p3_r2,1791058446.9517934,0
E_w1_p3_r2,1791058447.1519291,0
E_w1_p3_r2,1791058447.3520646,0
E_w1_p3_r2,1791058447.5521998,0
E_w1_p3_r2,1791058447.7525244,0
E_w1_p3_r2,1791058447.9529235,0
E_w1_p3_r2,1791058448.1530175,0
E_w1_p3_r2,1791058448.353121,0
E_w1_p3_r2,1791058448.5532494,0
E_w1_p3_r2,1791058448.753354,0
E_w1_p3_r2,1791058448.9534614,0
E_w1_p3_r2,1791058449.1535628,0
E_w1_p3_r2,1791058449.3536727,0
E_w1_p3_r2,1791058449.5537648,0
E_w1_p3_r2,1791058449.75387,0
E_w1_p3_r2,1791058449.9539614,0
E_w1_p3_r2,1791058450.1540773,0
E_w1_p3_r2,1791058450.3541815,0
E_w1_p3_r2,1791058450.5543194,0
E_w1_p3_r2,1791058450.754422,0
E_w1_p3_r2,1791058450.9545662,0
E_w1_p3_r2,1791058451.1546562,0
E_w1_p3_r2,1791058451.3547812,0
E_w1_p3_r2,1791058451.5548766,0
E_w1_p3_r2,1791058451.75498,0
E_w1_p3_r2,1791058451.9550836,0
E_w1_p3_r2,1791058452.1554065,0
E_w1_p3_r2,1791058452.3555386,0
E_w1_p3_r2,1791058452.5556288,0
E_w1_p3_r2,1791058452.7557237,0
E_w1_p3_r2,1791058452.9558227,0
E_w1_p3_r2,1791058453.1559546,0
E_w1_p3_r2,1791058453.3560688,0
E_w1_p3_r2,1791058453.5561697,0
E_w1_p3_r2,1791058453.7564816,0
E_w1_p3_r2,1791058453.9567716,0
E_w1_p3_r2,1791058454.156909,0
E_w1_p3_r2,1791058454.3569999,0
E_w1_p3_r2,1791058454.557148,0
E_w1_p3_r2,1791058454.7572832,0
E_w1_p3_r2,1791058454.9574258,0
E_w1_p3_r2,1791058455.1575747,0
E_w1_p3_r2,1791058455.3577182,0
E_w1_p3_r2,1791058455.5578318,0
E_w1_p3_r2,1791058455.7579365,0
E_w1_p3_r2,1791058455.958046,0
E_w1_p3_r2,1791058456.1581647,0
E_w1_p3_r2,1791058456.35827,0
E_w1_p3_r2,1791058456.5584009,0
E_w1_p3_r2,1791058456.7585251,0
E_w1_p3_r2,1791058456.9586627,0
E_w1_p3_r2,1791058457.158766,0
E_w1_p3_r2,1791058457.3589036,0
E_w1_p3_r2,1791058457.5590103,0
E_w1_p3_r2,1791058457.759122,0
E_w1_p3_r2,1791058457.959217,0
E_w1_p3_r2,1791058458.159318,0
E_w1_p3_r2,1791058458.3594542,0
E_w1_p3_r2,1791058458.559571,0
E_w1_p3_r2,1791058458.7596695,0
E_w1_p3_r2,1791058458.9599655,0
E_w1_p3_r2,1791058459.1600664,0
E_w1_p3_r2,1791058459.360165,0
E_w1_p3_r2,1791058459.5602753,0
E_w1_p3_r2,1791058459.7603693,0
E_w1_p3_r2,1791058459.96047,0
E_w1_p3_r2,1791058460.1605594,0
E_w1_p3_r2,1791058460.360693,0
E_w1_p3_r2,1791058460.5608037,0
E_w1_p3_r2,1791058460.7609172,0
E_w1_p3_r2,1791058460.9610312,0
E_w1_p3_r2,1791058461.1611543,0
E_w1_p3_r2,1791058461.3612576,0
E_w1_p3_r2,1791058461.5613577,0
E_w1_p3_r2,1791058461.7614567,0
E_w1_p3_r2,1791058461.961548,0
E_w1_p3_r2,1791058462.1616418,0
E_w1_p3_r2,1791058462.3617406,0
E_w1_p3_r2,1791058462.5618405,0
E_w1_p3_r2,1791058462.761946,0
E_w1_p3_r2,1791058462.9620454,0
E_w1_p3_r2,1791058463.1621535,0
E_w1_p3_r2,1791058463.3622594,0
E_w1_p3_r2,1791058463.5623624,0
E_w1_p3_r2,1791058463.7624683,0
E_w1_p3_r2,1791058463.9625793,0
E_w1_p3_r2,1791058464.1626728,0
E_w1_p3_r2,1791058464.362775,0
E_w1_p3_r2,1791058464.5628817,0
E_w1_p3_r2,1791058464.763195,0
E_w1_p3_r2,1791058464.9633105,0
E_w1_p3_r2,1791058465.1636634,0
E_w1_p3_r2,1791058465.3640091,0
E_w1_p3_r2,1791058465.5641117,0
E_w1_p3_r2,1791058465.76425,0
E_w1_p3_r2,1791058465.964349,0
E_w1_p3_r2,1791058466.1646507,0
E_w1_p3_r2,1791058466.364988,0
E_w1_p3_r2,1791058466.5650878,0
E_w1_p3_r2,1791058466.7652242,0
E_w1_p3_r2,1791058466.9653645,0
E_w1_p3_r2,1791058467.1657085,0
E_w1_p3_r2,1791058467.3660731,0
E_w1_p3_r2,1791058467.566179,0
E_w1_p3_r2,1791058467.7662728,0
E_w1_p3_r2,1791058467.966398,0
E_w1_p3_r2,1791058468.166734,0
E_w1_p3_r2,1791058468.3668973,0
E_w1_p3_r2,1791058468.567276,0
E_w1_p3_r2,1791058468.767402,0
E_w1_p3_r2,1791058468.967524,0
E_w1_p3_r2,1791058469.1678755,0
E_w1_p3_r2,1791058469.3682568,0
E_w1_p3_r2,1791058469.5683746,0
E_w1_p3_r2,1791058469.7684693,0
E_w1_p3_r2,1791058469.9689376,0
E_w1_p3_r2,1791058470.169093,0
E_w1_p3_r2,1791058470.369625,0
E_w1_p3_r2,1791058470.569993,0
E_w1_p3_r2,1791058470.7700996,0
E_w1_p3_r2,1791058470.970265,0
E_w1_p3_r2,1791058471.1704812,0
E_w1_p3_r2,1791058471.3705494,0
E_w1_p3_r2,1791058471.570885,0
E_w1_p3_r2,1791058471.771023,0
E_w1_p3_r2,1791058471.9711125,0
E_w1_p3_r2,1791058472.171201,0
E_w1_p3_r2,1791058472.3715746,0
E_w1_p3_r2,1791058472.571738,0
E_w1_p3_r2,1791058472.7718613,0
E_w1_p3_r2,1791058472.9720027,0
E_w1_p3_r2,1791058473.172338,0
E_w1_p3_r2,1791058473.3726668,0
E_w1_p3_r2,1791058473.573119,0
E_w1_p3_r2,1791058473.7732358,0
E_w1_p3_r2,1791058473.9733312,0
E_w1_p3_r2,1791058474.173428,0
E_w1_p3_r2,1791058474.3737671,0
E_w1_p3_r2,1791058474.5739093,0
E_w1_p3_r2,1791058474.7742507,0
E_w1_p3_r2,1791058474.9743454,0
E_w1_p3_r2,1791058475.1744666,0
E_w1_p3_r2,1791058475.3745492,0
E_w1_p3_r2,1791058475.574649,0
E_w1_p3_r2,1791058475.7747433,0
E_w1_p3_r2,1791058475.9765522,0
E_w1_p3_r2,1791058476.1766562,0
E_w1_p3_r2,1791058476.3767712,0
E_w1_p3_r2,1791058476.5768752,0
E_w1_p3_r2,1791058476.7769823,135
E_w1_p3_r2,1791058476.9770892,694
E_w1_p3_r2,1791058477.1772552,1566
E_w1_p3_r2,1791058477.3776112,2699
E_w1_p3_r2,1791058477.5777235,3782
E_w1_p3_r2,1791058477.778132,6928
E_w1_p3_r2,1791058477.978274,9472
E_w1_p3_r2,1791058478.1783924,11774
E_w1_p3_r2,1791058478.3787668,15004
E_w1_p3_r2,1791058478.5788836,16820
E_w1_p3_r2,1791058478.779225,18418
E_w1_p3_r2,1791058478.979564,19655
E_w1_p3_r2,1791058479.1796775,20000
E_w1_p3_r2,1791058479.3798165,20000
E_w1_p3_r2,1791058479.579973,20000
E_w1_p3_r2,1791058479.7803063,20000
E_w1_p3_r2,1791058479.9806628,20000
E_w1_p3_r2,1791058480.1810071,20000
E_w1_p3_r2,1791058480.3813963,20000
E_w1_p3_r2,1791058480.5817597,20000
E_w1_p3_r2,1791058480.7821274,20000
E_w1_p3_r2,1791058480.982272,20000
E_w1_p3_r2,1791058481.1824093,24030
E_w1_p3_r2,1791058481.382773,31456
E_w1_p3_r2,1791058481.582878,36505
E_w1_p3_r2,1791058481.7832325,41121
E_w1_p3_r2,1791058481.9833734,46234
E_w1_p3_r2,1791058482.1836066,50196
E_w1_p3_r2,1791058482.3837605,52535
E_w1_p3_r2,1791058482.5841417,56397
E_w1_p3_r2,1791058482.7842813,60000
E_w1_p3_r2,1791058482.9844093,62888
E_w1_p3_r2,1791058483.1845536,66921
E_w1_p3_r2,1791058483.3848681,71306
E_w1_p3_r2,1791058483.5849786,75478
E_w1_p3_r2,1791058483.785341,80000
E_w1_p3_r2,1791058483.98547,86711
E_w1_p3_r2,1791058484.1855946,95550
E_w1_p3_r2,1791058484.3857203,102795
E_w1_p3_r2,1791058484.5859838,111641
E_w1_p3_r2,1791058484.7861264,119880
E_w1_p3_r2,1791058484.9862552,124900
E_w1_p3_r2,1791058485.1863794,130650
E_w1_p3_r2,1791058485.386529,136042
E_w1_p3_r2,1791058485.5866375,141443
E_w1_p3_r2,1791058485.7869651,147137
E_w1_p3_r2,1791058485.987344,150528
E_w1_p3_r2,1791058486.1874766,153828
E_w1_p3_r2,1791058486.3876178,156570
E_w1_p3_r2,1791058486.5877104,161170
E_w1_p3_r2,1791058486.7878003,167512
E_w1_p3_r2,1791058486.9880931,170000
E_w1_p3_r2,1791058487.1882205,170000
E_w1_p3_r2,1791058487.3883393,174231
E_w1_p3_r2,1791058487.588648,180000
E_w1_p3_r2,1791058487.7890246,182737
E_w1_p3_r2,1791058487.9893541,189761
E_w1_p3_r2,1791058488.189558,189761
E_w1_p3_r2,1791058488.3896646,189761
E_w1_p3_r2,1791058488.5898325,199026
E_w1_p3_r2,1791058488.7899797,199841
E_w1_p3_r2,1791058488.990076,199841
E_w1_p3_r2,1791058489.190201,199841
E_w1_p3_r2,1791058489.3905756,199841
E_w1_p3_r2,1791058489.5906775,199841
E_w1_p3_r2,1791058489.7907832,199841
E_w1_p3_r2,1791058489.990892,199841
E_w1_p3_r2,1791058490.1912758,199841
E_w1_p3_r2,1791058490.391419,199841
E_w1_p3_r2,1791058490.5915446,199841
E_w1_p3_r2,1791058490.7919188,199841
E_w1_p3_r2,1791058490.9920964,199841
E_w1_p3_r2,1791058491.1923947,199841
E_w1_p3_r2,1791058491.3925648,199841
E_w1_p3_r2,1791058491.5926843,199841
E_w1_p3_r2,1791058491.7929373,199841
E_w1_p3_r2,1791058491.9931362,199841
E_w1_p3_r2,1791058492.193224,199841
E_w1_p3_r2,1791058492.3933265,199841
E_w1_p3_r2,1791058492.593596,199841
E_w1_p3_r2,1791058492.7937193,199841
E_w1_p3_r2,1791058492.993821,199841
E_w1_p3_r2,1791058493.1939144,199841
E_w1_p3_r2,1791058493.3940718,199841
E_w1_p3_r2,1791058493.5942087,199841
E_w1_p3_r2,1791058493.7943556,199841
E_w1_p3_r2,1791058493.9944565,204948
E_w1_p3_r2,1791058494.1945665,224797
E_w1_p3_r2,1791058494.3946774,237074
E_w1_p3_r2,1791058494.594867,249841
E_w1_p3_r2,1791058494.7949727,259369
E_w1_p3_r2,1791058494.9950764,259841
E_w1_p3_r2,1791058495.1951802,269841
E_w1_p3_r2,1791058495.3952985,269841
E_w1_p3_r2,1791058495.595424,279418
E_w1_p3_r2,1791058495.7955306,279841
E_w1_p3_r2,1791058495.99563,289841
E_w1_p3_r2,1791058496.1957178,289841
E_w1_p3_r2,1791058496.3958056,293350
E_w1_p3_r2,1791058496.5959,300000
E_w1_p3_r3,1791058559.7361786,0
E_w1_p3_r3,1791058559.936273,0
E_w1_p3_r3,1791058560.1363811,0
E_w1_p3_r3,1791058560.3364704,0
E_w1_p3_r3,1791058560.5366023,0
E_w1_p3_r3,1791058560.736692,0
E_w1_p3_r3,1791058560.9368255,0
E_w1_p3_r3,1791058561.1369152,0
E_w1_p3_r3,1791058561.3370526,0
E_w1_p3_r3,1791058561.53719,0
E_w1_p3_r3,1791058561.7372954,0
E_w1_p3_r3,1791058561.937397,0
E_w1_p3_r3,1791058562.1375499,0
E_w1_p3_r3,1791058562.3376875,0
E_w1_p3_r3,1791058562.5377781,0
E_w1_p3_r3,1791058562.7378805,0
E_w1_p3_r3,1791058562.9380114,0
E_w1_p3_r3,1791058563.138105,0
E_w1_p3_r3,1791058563.3382242,0
E_w1_p3_r3,1791058563.5383492,0
E_w1_p3_r3,1791058563.7384531,0
E_w1_p3_r3,1791058563.938573,0
E_w1_p3_r3,1791058564.1386902,0
E_w1_p3_r3,1791058564.3388054,0
E_w1_p3_r3,1791058564.5389018,0
E_w1_p3_r3,1791058564.7390096,0
E_w1_p3_r3,1791058564.9391038,0
E_w1_p3_r3,1791058565.139237,0
E_w1_p3_r3,1791058565.3393824,0
E_w1_p3_r3,1791058565.5395317,0
E_w1_p3_r3,1791058565.739621,0
E_w1_p3_r3,1791058565.939716,0
E_w1_p3_r3,1791058566.139817,0
E_w1_p3_r3,1791058566.339918,0
E_w1_p3_r3,1791058566.5400171,0
E_w1_p3_r3,1791058566.7401328,0
E_w1_p3_r3,1791058566.940231,0
E_w1_p3_r3,1791058567.1403506,0
E_w1_p3_r3,1791058567.3404503,0
E_w1_p3_r3,1791058567.5405655,0
E_w1_p3_r3,1791058567.7406616,0
E_w1_p3_r3,1791058567.9407601,0
E_w1_p3_r3,1791058568.140872,0
E_w1_p3_r3,1791058568.3409758,0
E_w1_p3_r3,1791058568.541082,0
E_w1_p3_r3,1791058568.7411866,0
E_w1_p3_r3,1791058568.9412897,0
E_w1_p3_r3,1791058569.1413913,0
E_w1_p3_r3,1791058569.3414943,0
E_w1_p3_r3,1791058569.5416126,0
E_w1_p3_r3,1791058569.7417111,0
E_w1_p3_r3,1791058569.9418468,0
E_w1_p3_r3,1791058570.1419437,0
E_w1_p3_r3,1791058570.3420458,0
E_w1_p3_r3,1791058570.5421836,0
E_w1_p3_r3,1791058570.742292,0
E_w1_p3_r3,1791058570.9446018,0
E_w1_p3_r3,1791058571.1446948,0
E_w1_p3_r3,1791058571.344797,0
E_w1_p3_r3,1791058571.5449052,0
E_w1_p3_r3,1791058571.7450051,0
E_w1_p3_r3,1791058571.9450994,0
E_w1_p3_r3,1791058572.1451929,0
E_w1_p3_r3,1791058572.345286,0
E_w1_p3_r3,1791058572.5453768,0
E_w1_p3_r3,1791058572.7455306,0
E_w1_p3_r3,1791058572.945661,0
E_w1_p3_r3,1791058573.145771,0
E_w1_p3_r3,1791058573.3459003,0
E_w1_p3_r3,1791058573.5463848,0
E_w1_p3_r3,1791058573.7465441,0
E_w1_p3_r3,1791058573.9468477,0
E_w1_p3_r3,1791058574.1469524,0
E_w1_p3_r3,1791058574.3470871,0
E_w1_p3_r3,1791058574.5472023,0
E_w1_p3_r3,1791058574.7472968,0
E_w1_p3_r3,1791058574.947392,0
E_w1_p3_r3,1791058575.147489,0
E_w1_p3_r3,1791058575.3476,0
E_w1_p3_r3,1791058575.5476956,0
E_w1_p3_r3,1791058575.7478287,0
E_w1_p3_r3,1791058575.9481363,0
E_w1_p3_r3,1791058576.1482272,0
E_w1_p3_r3,1791058576.348341,0
E_w1_p3_r3,1791058576.5484307,0
E_w1_p3_r3,1791058576.7485442,0
E_w1_p3_r3,1791058576.9486415,0
E_w1_p3_r3,1791058577.1487494,0
E_w1_p3_r3,1791058577.3488488,0
E_w1_p3_r3,1791058577.5489438,0
E_w1_p3_r3,1791058577.749042,0
E_w1_p3_r3,1791058577.9491584,0
E_w1_p3_r3,1791058578.149292,0
E_w1_p3_r3,1791058578.349428,0
E_w1_p3_r3,1791058578.5495648,0
E_w1_p3_r3,1791058578.7498782,0
E_w1_p3_r3,1791058578.950021,0
E_w1_p3_r3,1791058579.1501455,0
E_w1_p3_r3,1791058579.3502483,0
E_w1_p3_r3,1791058579.5504057,0
E_w1_p3_r3,1791058579.7505467,0
E_w1_p3_r3,1791058579.9506488,0
E_w1_p3_r3,1791058580.1507535,0
E_w1_p3_r3,1791058580.350845,0
E_w1_p3_r3,1791058580.5509863,0
E_w1_p3_r3,1791058580.7512038,0
E_w1_p3_r3,1791058580.9513426,0
E_w1_p3_r3,1791058581.1514778,0
E_w1_p3_r3,1791058581.3515754,0
E_w1_p3_r3,1791058581.5516808,0
E_w1_p3_r3,1791058581.751793,0
E_w1_p3_r3,1791058581.9519043,0
E_w1_p3_r3,1791058582.1520216,0
E_w1_p3_r3,1791058582.3521202,0
E_w1_p3_r3,1791058582.5522273,0
E_w1_p3_r3,1791058582.7523386,0
E_w1_p3_r3,1791058582.9524522,0
E_w1_p3_r3,1791058583.1525638,0
E_w1_p3_r3,1791058583.3526766,0
E_w1_p3_r3,1791058583.5527744,0
E_w1_p3_r3,1791058583.7529073,0
E_w1_p3_r3,1791058583.9529765,0
E_w1_p3_r3,1791058584.153073,0
E_w1_p3_r3,1791058584.3531747,0
E_w1_p3_r3,1791058584.5532877,0
E_w1_p3_r3,1791058584.7533908,0
E_w1_p3_r3,1791058584.953553,0
E_w1_p3_r3,1791058585.1536455,0
E_w1_p3_r3,1791058585.3537614,0
E_w1_p3_r3,1791058585.5538707,0
E_w1_p3_r3,1791058585.7539945,0
E_w1_p3_r3,1791058585.9540849,0
E_w1_p3_r3,1791058586.1542192,0
E_w1_p3_r3,1791058586.3543136,0
E_w1_p3_r3,1791058586.554437,0
E_w1_p3_r3,1791058586.7545536,0
E_w1_p3_r3,1791058586.9546707,0
E_w1_p3_r3,1791058587.1547832,0
E_w1_p3_r3,1791058587.3548884,0
E_w1_p3_r3,1791058587.5550199,0
E_w1_p3_r3,1791058587.7551315,0
E_w1_p3_r3,1791058587.9552624,0
E_w1_p3_r3,1791058588.1553698,0
E_w1_p3_r3,1791058588.3554995,0
E_w1_p3_r3,1791058588.5556045,0
E_w1_p3_r3,1791058588.755723,0
E_w1_p3_r3,1791058588.9558353,0
E_w1_p3_r3,1791058589.1559424,0
E_w1_p3_r3,1791058589.3560452,0
E_w1_p3_r3,1791058589.5561512,0
E_w1_p3_r3,1791058589.7562625,0
E_w1_p3_r3,1791058589.9563859,0
E_w1_p3_r3,1791058590.1564841,0
E_w1_p3_r3,1791058590.3565423,0
E_w1_p3_r3,1791058590.556648,0
E_w1_p3_r3,1791058590.7567701,0
E_w1_p3_r3,1791058590.9568768,0
E_w1_p3_r3,1791058591.1570163,0
E_w1_p3_r3,1791058591.3571095,0
E_w1_p3_r3,1791058591.5574422,0
E_w1_p3_r3,1791058591.7575629,0
E_w1_p3_r3,1791058591.9576814,0
E_w1_p3_r3,1791058592.1577775,0
E_w1_p3_r3,1791058592.3581362,0
E_w1_p3_r3,1791058592.5582395,0
E_w1_p3_r3,1791058592.758344,0
E_w1_p3_r3,1791058592.9584413,0
E_w1_p3_r3,1791058593.15855,0
E_w1_p3_r3,1791058593.3586545,0
E_w1_p3_r3,1791058593.558757,0
E_w1_p3_r3,1791058593.7588513,0
E_w1_p3_r3,1791058593.9589417,0
E_w1_p3_r3,1791058594.1590402,0
E_w1_p3_r3,1791058594.3591385,0
E_w1_p3_r3,1791058594.5592759,0
E_w1_p3_r3,1791058594.759431,0
E_w1_p3_r3,1791058594.9595525,0
E_w1_p3_r3,1791058595.1596477,0
E_w1_p3_r3,1791058595.3598235,0
E_w1_p3_r3,1791058595.5601687,0
E_w1_p3_r3,1791058595.7602615,0
E_w1_p3_r3,1791058595.9603684,0
E_w1_p3_r3,1791058596.160466,0
E_w1_p3_r3,1791058596.360563,0
E_w1_p3_r3,1791058596.5606499,0
E_w1_p3_r3,1791058596.7607424,0
E_w1_p3_r3,1791058596.9608366,0
E_w1_p3_r3,1791058597.1609337,0
E_w1_p3_r3,1791058597.361031,0
E_w1_p3_r3,1791058597.5611334,0
E_w1_p3_r3,1791058597.7612853,0
E_w1_p3_r3,1791058597.9614177,0
E_w1_p3_r3,1791058598.1616364,0
E_w1_p3_r3,1791058598.3617272,0
E_w1_p3_r3,1791058598.5618327,0
E_w1_p3_r3,1791058598.7619371,0
E_w1_p3_r3,1791058598.9620306,0
E_w1_p3_r3,1791058599.1621308,0
E_w1_p3_r3,1791058599.362245,0
E_w1_p3_r3,1791058599.5623472,0
E_w1_p3_r3,1791058599.7624469,150
E_w1_p3_r3,1791058599.9625554,576
E_w1_p3_r3,1791058600.1626506,1058
E_w1_p3_r3,1791058600.3629873,2870
E_w1_p3_r3,1791058600.5631006,4326
E_w1_p3_r3,1791058600.7631948,6416
E_w1_p3_r3,1791058600.9633017,8862
E_w1_p3_r3,1791058601.1633632,10000
E_w1_p3_r3,1791058601.3634844,10000
E_w1_p3_r3,1791058601.5635543,10000
E_w1_p3_r3,1791058601.7636485,10000
E_w1_p3_r3,1791058601.963744,10000
E_w1_p3_r3,1791058602.1638482,10000
E_w1_p3_r3,1791058602.3639624,10000
E_w1_p3_r3,1791058602.564075,17287
E_w1_p3_r3,1791058602.7642121,23171
E_w1_p3_r3,1791058602.9643495,28201
E_w1_p3_r3,1791058603.1644666,34384
E_w1_p3_r3,1791058603.3645978,40611
E_w1_p3_r3,1791058603.5646985,44467
E_w1_p3_r3,1791058603.7652483,49280
E_w1_p3_r3,1791058603.9656763,52753
E_w1_p3_r3,1791058604.165783,57531
E_w1_p3_r3,1791058604.366123,63951
E_w1_p3_r3,1791058604.5664241,70293
E_w1_p3_r3,1791058604.7665682,76480
E_w1_p3_r3,1791058604.9667082,82434
E_w1_p3_r3,1791058605.1668272,89772
E_w1_p3_r3,1791058605.3669772,96590
E_w1_p3_r3,1791058605.5673406,104113
E_w1_p3_r3,1791058605.7676792,109204
E_w1_p3_r3,1791058605.9680235,112203
E_w1_p3_r3,1791058606.168153,116929
E_w1_p3_r3,1791058606.3682873,120000
E_w1_p3_r3,1791058606.5683908,122472
E_w1_p3_r3,1791058606.7687254,128286
E_w1_p3_r3,1791058606.9690526,135271
E_w1_p3_r3,1791058607.1691637,140000
E_w1_p3_r3,1791058607.3692594,140000
E_w1_p3_r3,1791058607.5693476,140000
E_w1_p3_r3,1791058607.7696826,142983
E_w1_p3_r3,1791058607.9700289,149192
E_w1_p3_r3,1791058608.170159,155322
E_w1_p3_r3,1791058608.3703008,160000
E_w1_p3_r3,1791058608.5704417,160000
E_w1_p3_r3,1791058608.770578,160000
E_w1_p3_r3,1791058608.9707801,165271
E_w1_p3_r3,1791058609.1708648,174796
E_w1_p3_r3,1791058609.3709602,180000
E_w1_p3_r3,1791058609.5710616,180629
E_w1_p3_r3,1791058609.7713995,180629
E_w1_p3_r3,1791058609.9715526,180629
E_w1_p3_r3,1791058610.17164,185472
E_w1_p3_r3,1791058610.3717773,190629
E_w1_p3_r3,1791058610.5721056,190629
E_w1_p3_r3,1791058610.7724261,190629
E_w1_p3_r3,1791058610.972535,191662
E_w1_p3_r3,1791058611.1726704,199042
E_w1_p3_r3,1791058611.3727784,199991
E_w1_p3_r3,1791058611.5728743,199991
E_w1_p3_r3,1791058611.7731764,199991
E_w1_p3_r3,1791058611.9732718,199991
E_w1_p3_r3,1791058612.1733778,199991
E_w1_p3_r3,1791058612.373545,199991
E_w1_p3_r3,1791058612.5736425,199991
E_w1_p3_r3,1791058612.7737508,199991
E_w1_p3_r3,1791058612.973846,199991
E_w1_p3_r3,1791058613.1739464,199991
E_w1_p3_r3,1791058613.3740835,199991
E_w1_p3_r3,1791058613.5741966,199991
E_w1_p3_r3,1791058613.7743163,199991
E_w1_p3_r3,1791058613.9744177,199991
E_w1_p3_r3,1791058614.17452,199991
E_w1_p3_r3,1791058614.3746552,199991
E_w1_p3_r3,1791058614.574759,199991
E_w1_p3_r3,1791058614.7748618,199991
E_w1_p3_r3,1791058614.974958,199991
E_w1_p3_r3,1791058615.1750956,199991
E_w1_p3_r3,1791058615.3751972,199991
E_w1_p3_r3,1791058615.5752954,199991
E_w1_p3_r3,1791058615.7753975,199991
E_w1_p3_r3,1791058615.975492,199991
E_w1_p3_r3,1791058616.1755817,199991
E_w1_p3_r3,1791058616.3756928,199991
E_w1_p3_r3,1791058616.5757895,199991
E_w1_p3_r3,1791058616.7758927,218520
E_w1_p3_r3,1791058616.975984,231017
E_w1_p3_r3,1791058617.1760788,241714
E_w1_p3_r3,1791058617.3761652,249991
E_w1_p3_r3,1791058617.57626,249991
E_w1_p3_r3,1791058617.7763474,259991
E_w1_p3_r3,1791058617.9764545,264322
E_w1_p3_r3,1791058618.1765647,269991
E_w1_p3_r3,1791058618.3766556,279991
E_w1_p3_r3,1791058618.576752,279991
E_w1_p3_r3,1791058618.7768955,289991
E_w1_p3_r3,1791058618.976989,289991
E_w1_p3_r3,1791058619.1771016,300000
E_w1_p6_r1,1791058680.9984732,0
E_w1_p6_r1,1791058681.1995444,0
E_w1_p6_r1,1791058681.3996537,0
E_w1_p6_r1,1791058681.5997465,0
E_w1_p6_r1,1791058681.799843,0
E_w1_p6_r1,1791058681.9999378,0
E_w1_p6_r1,1791058682.2000382,0
E_w1_p6_r1,1791058682.4001465,0
E_w1_p6_r1,1791058682.6002576,0
E_w1_p6_r1,1791058682.8003657,0
E_w1_p6_r1,1791058683.0004892,0
E_w1_p6_r1,1791058683.200569,0
E_w1_p6_r1,1791058683.400701,0
E_w1_p6_r1,1791058683.6008296,0
E_w1_p6_r1,1791058683.8009233,0
E_w1_p6_r1,1791058684.0010142,0
E_w1_p6_r1,1791058684.2011213,0
E_w1_p6_r1,1791058684.4012778,0
E_w1_p6_r1,1791058684.6014268,0
E_w1_p6_r1,1791058684.8015358,0
E_w1_p6_r1,1791058685.001636,0
E_w1_p6_r1,1791058685.2017324,0
E_w1_p6_r1,1791058685.4018383,0
E_w1_p6_r1,1791058685.6019418,0
E_w1_p6_r1,1791058685.8020358,0
E_w1_p6_r1,1791058686.002145,0
E_w1_p6_r1,1791058686.202572,0
E_w1_p6_r1,1791058686.402689,0
E_w1_p6_r1,1791058686.6028166,0
E_w1_p6_r1,1791058686.8029144,0
E_w1_p6_r1,1791058687.0030203,0
E_w1_p6_r1,1791058687.203118,0
E_w1_p6_r1,1791058687.4032187,0
E_w1_p6_r1,1791058687.6033244,0
E_w1_p6_r1,1791058687.8034244,0
E_w1_p6_r1,1791058688.0035512,0
E_w1_p6_r1,1791058688.2036655,0
E_w1_p6_r1,1791058688.403809,0
E_w1_p6_r1,1791058688.603905,0
E_w1_p6_r1,1791058688.8042326,0
E_w1_p6_r1,1791058689.0043461,0
E_w1_p6_r1,1791058689.204543,0
E_w1_p6_r1,1791058689.40466,0
E_w1_p6_r1,1791058689.6047697,0
E_w1_p6_r1,1791058689.8048694,0
E_w1_p6_r1,1791058690.0049708,0
E_w1_p6_r1,1791058690.2050726,0
E_w1_p6_r1,1791058690.4051838,0
E_w1_p6_r1,1791058690.6052845,0
E_w1_p6_r1,1791058690.805388,0
E_w1_p6_r1,1791058691.0054815,0
E_w1_p6_r1,1791058691.2055552,0
E_w1_p6_r1,1791058691.405649,0
E_w1_p6_r1,1791058691.605959,0
E_w1_p6_r1,1791058691.8060644,0
E_w1_p6_r1,1791058692.0061607,0
E_w1_p6_r1,1791058692.206249,0
E_w1_p6_r1,1791058692.406388,0
E_w1_p6_r1,1791058692.6064875,0
E_w1_p6_r1,1791058692.8065503,0
E_w1_p6_r1,1791058693.0066478,0
E_w1_p6_r1,1791058693.2067447,0
E_w1_p6_r1,1791058693.4068425,0
E_w1_p6_r1,1791058693.6069753,0
E_w1_p6_r1,1791058693.8070772,0
E_w1_p6_r1,1791058694.0072246,0
E_w1_p6_r1,1791058694.2073367,0
E_w1_p6_r1,1791058694.4074233,0
E_w1_p6_r1,1791058694.60773,0
E_w1_p6_r1,1791058694.807828,0
E_w1_p6_r1,1791058695.0079122,0
E_w1_p6_r1,1791058695.208006,0
E_w1_p6_r1,1791058695.408134,0
E_w1_p6_r1,1791058695.6082492,0
E_w1_p6_r1,1791058695.8083396,0
E_w1_p6_r1,1791058696.0084379,0
E_w1_p6_r1,1791058696.2085397,0
E_w1_p6_r1,1791058696.4086573,0
E_w1_p6_r1,1791058696.6087525,0
E_w1_p6_r1,1791058696.808852,0
E_w1_p6_r1,1791058697.0089464,0
E_w1_p6_r1,1791058697.2090404,0
E_w1_p6_r1,1791058697.4091244,0
E_w1_p6_r1,1791058697.6095817,0
E_w1_p6_r1,1791058697.8096676,0
E_w1_p6_r1,1791058698.0098052,0
E_w1_p6_r1,1791058698.2098947,0
E_w1_p6_r1,1791058698.4100034,0
E_w1_p6_r1,1791058698.610101,0
E_w1_p6_r1,1791058698.810217,0
E_w1_p6_r1,1791058699.010306,0
E_w1_p6_r1,1791058699.2104003,0
E_w1_p6_r1,1791058699.4105344,0
E_w1_p6_r1,1791058699.6106317,0
E_w1_p6_r1,1791058699.8107622,0
E_w1_p6_r1,1791058700.0108705,0
E_w1_p6_r1,1791058700.2109582,0
E_w1_p6_r1,1791058700.4113748,0
E_w1_p6_r1,1791058700.6114905,0
E_w1_p6_r1,1791058700.8115895,0
E_w1_p6_r1,1791058701.0116904,0
E_w1_p6_r1,1791058701.2117898,0
E_w1_p6_r1,1791058701.4119108,0
E_w1_p6_r1,1791058701.6120167,0
E_w1_p6_r1,1791058701.8121126,0
E_w1_p6_r1,1791058702.0122173,0
E_w1_p6_r1,1791058702.2122881,0
E_w1_p6_r1,1791058702.412386,0
E_w1_p6_r1,1791058702.612484,0
E_w1_p6_r1,1791058702.8130307,0
E_w1_p6_r1,1791058703.0131502,0
E_w1_p6_r1,1791058703.213263,0
E_w1_p6_r1,1791058703.4133797,0
E_w1_p6_r1,1791058703.6135416,0
E_w1_p6_r1,1791058703.8139863,0
E_w1_p6_r1,1791058704.01433,0
E_w1_p6_r1,1791058704.2146533,0
E_w1_p6_r1,1791058704.4151132,0
E_w1_p6_r1,1791058704.615594,0
E_w1_p6_r1,1791058704.8156958,0
E_w1_p6_r1,1791058705.0158062,0
E_w1_p6_r1,1791058705.215934,0
E_w1_p6_r1,1791058705.416283,0
E_w1_p6_r1,1791058705.616392,0
E_w1_p6_r1,1791058705.8167562,0
E_w1_p6_r1,1791058706.0169098,0
E_w1_p6_r1,1791058706.2170112,0
E_w1_p6_r1,1791058706.4171314,0
E_w1_p6_r1,1791058706.617478,0
E_w1_p6_r1,1791058706.8175592,0
E_w1_p6_r1,1791058707.0176606,0
E_w1_p6_r1,1791058707.2177598,0
E_w1_p6_r1,1791058707.4178603,0
E_w1_p6_r1,1791058707.617966,0
E_w1_p6_r1,1791058707.818061,0
E_w1_p6_r1,1791058708.0183759,0
E_w1_p6_r1,1791058708.218748,0
E_w1_p6_r1,1791058708.4191034,0
E_w1_p6_r1,1791058708.6194334,0
E_w1_p6_r1,1791058708.8198006,0
E_w1_p6_r1,1791058709.0201848,0
E_w1_p6_r1,1791058709.2203321,0
E_w1_p6_r1,1791058709.4207613,0
E_w1_p6_r1,1791058709.6208806,0
E_w1_p6_r1,1791058709.8210409,0
E_w1_p6_r1,1791058710.0211515,0
E_w1_p6_r1,1791058710.2212665,0
E_w1_p6_r1,1791058710.4214272,0
E_w1_p6_r1,1791058710.6218097,0
E_w1_p6_r1,1791058710.821923,0
E_w1_p6_r1,1791058711.022297,0
E_w1_p6_r1,1791058711.2224207,0
E_w1_p6_r1,1791058711.422545,0
E_w1_p6_r1,1791058711.6229575,0
E_w1_p6_r1,1791058711.8250015,0
E_w1_p6_r1,1791058712.0251188,0
E_w1_p6_r1,1791058712.22525,0
E_w1_p6_r1,1791058712.4253685,0
E_w1_p6_r1,1791058712.6256053,0
E_w1_p6_r1,1791058712.8257258,0
E_w1_p6_r1,1791058713.0258782,0
E_w1_p6_r1,1791058713.2259943,0
E_w1_p6_r1,1791058713.4261055,0
E_w1_p6_r1,1791058713.6262925,0
E_w1_p6_r1,1791058713.8264234,0
E_w1_p6_r1,1791058714.0265574,0
E_w1_p6_r1,1791058714.2266831,0
E_w1_p6_r1,1791058714.426802,0
E_w1_p6_r1,1791058714.628496,0
E_w1_p6_r1,1791058714.8285706,0
E_w1_p6_r1,1791058715.0286922,0
E_w1_p6_r1,1791058715.228824,0
E_w1_p6_r1,1791058715.4295592,0
E_w1_p6_r1,1791058715.6296802,0
E_w1_p6_r1,1791058715.8297946,0
E_w1_p6_r1,1791058716.0315406,0
E_w1_p6_r1,1791058716.2316427,0
E_w1_p6_r1,1791058716.4317968,0
E_w1_p6_r1,1791058716.6320598,0
E_w1_p6_r1,1791058716.8323104,0
E_w1_p6_r1,1791058717.0343158,0
E_w1_p6_r1,1791058717.2350044,0
E_w1_p6_r1,1791058717.4351068,0
E_w1_p6_r1,1791058717.6352532,0
E_w1_p6_r1,1791058717.8353508,0
E_w1_p6_r1,1791058718.035474,0
E_w1_p6_r1,1791058718.2355785,0
E_w1_p6_r1,1791058718.4359248,0
E_w1_p6_r1,1791058718.6360345,0
E_w1_p6_r1,1791058718.8361452,0
E_w1_p6_r1,1791058719.0362575,0
E_w1_p6_r1,1791058719.2363627,0
E_w1_p6_r1,1791058719.4364781,0
E_w1_p6_r1,1791058719.636575,472
E_w1_p6_r1,1791058719.8366745,1851
E_w1_p6_r1,1791058720.0368242,3502
E_w1_p6_r1,1791058720.2369838,6313
E_w1_p6_r1,1791058720.437396,9774
E_w1_p6_r1,1791058720.6374977,13947
E_w1_p6_r1,1791058720.83856,18023
E_w1_p6_r1,1791058721.038669,21922
E_w1_p6_r1,1791058721.2388892,25410
E_w1_p6_r1,1791058721.4389904,28717
E_w1_p6_r1,1791058721.6395621,32596
E_w1_p6_r1,1791058721.8401895,36672
E_w1_p6_r1,1791058722.0405583,40475
E_w1_p6_r1,1791058722.240671,45021
E_w1_p6_r1,1791058722.4407833,49170
E_w1_p6_r1,1791058722.640912,54498
E_w1_p6_r1,1791058722.8411653,59640
E_w1_p6_r1,1791058723.0412867,65134
E_w1_p6_r1,1791058723.2414062,71526
E_w1_p6_r1,1791058723.441515,80400
E_w1_p6_r1,1791058723.6416173,90272
E_w1_p6_r1,1791058723.8417375,99811
E_w1_p6_r1,1791058724.0418646,100155
E_w1_p6_r1,1791058724.2419674,100155
E_w1_p6_r1,1791058724.4421175,100155
E_w1_p6_r1,1791058724.6422276,100155
E_w1_p6_r1,1791058724.8423252,100155
E_w1_p6_r1,1791058725.042457,100155
E_w1_p6_r1,1791058725.2427247,100155
E_w1_p6_r1,1791058725.4429643,100155
E_w1_p6_r1,1791058725.6430643,100155
E_w1_p6_r1,1791058725.8437274,100155
E_w1_p6_r1,1791058726.0438416,100155
E_w1_p6_r1,1791058726.2440224,100155
E_w1_p6_r1,1791058726.4441724,100155
E_w1_p6_r1,1791058726.644275,100155
E_w1_p6_r1,1791058726.8443837,100155
E_w1_p6_r1,1791058727.0445478,100155
E_w1_p6_r1,1791058727.2446632,100155
E_w1_p6_r1,1791058727.445715,100155
E_w1_p6_r1,1791058727.6458223,100155
E_w1_p6_r1,1791058727.845988,100155
E_w1_p6_r1,1791058728.0472245,100155
E_w1_p6_r1,1791058728.247329,100155
E_w1_p6_r1,1791058728.4474373,100155
E_w1_p6_r1,1791058728.647551,100155
E_w1_p6_r1,1791058728.848091,100155
E_w1_p6_r1,1791058729.048197,100155
E_w1_p6_r1,1791058729.24856,100155
E_w1_p6_r1,1791058729.4486618,100155
E_w1_p6_r1,1791058729.6487653,100155
E_w1_p6_r1,1791058729.848873,100155
E_w1_p6_r1,1791058730.0489776,100155
E_w1_p6_r1,1791058730.2490745,100155
E_w1_p6_r1,1791058730.4491794,100155
E_w1_p6_r1,1791058730.6493013,100155
E_w1_p6_r1,1791058730.8494108,100155
E_w1_p6_r1,1791058731.0495524,100155
E_w1_p6_r1,1791058731.2496583,100155
E_w1_p6_r1,1791058731.4497697,100155
E_w1_p6_r1,1791058731.649864,100155
E_w1_p6_r1,1791058731.8499773,104776
E_w1_p6_r1,1791058732.0504947,113063
E_w1_p6_r1,1791058732.2505755,121245
E_w1_p6_r1,1791058732.450674,128296
E_w1_p6_r1,1791058732.6507764,136732
E_w1_p6_r1,1791058732.850888,144346
E_w1_p6_r1,1791058733.0509872,149403
E_w1_p6_r1,1791058733.251113,156432
E_w1_p6_r1,1791058733.4512243,166419
E_w1_p6_r1,1791058733.651329,176702
E_w1_p6_r1,1791058733.8515506,186853
E_w1_p6_r1,1791058734.0516582,196718
E_w1_p6_r1,1791058734.2517543,200427
E_w1_p6_r1,1791058734.4518523,200427
E_w1_p6_r1,1791058734.651951,200427
E_w1_p6_r1,1791058734.852049,200427
E_w1_p6_r1,1791058735.0521638,200427
E_w1_p6_r1,1791058735.2522583,200427
E_w1_p6_r1,1791058735.4523585,200427
E_w1_p6_r1,1791058735.6524584,200427
E_w1_p6_r1,1791058735.8525534,200427
E_w1_p6_r1,1791058736.0526886,200427
E_w1_p6_r1,1791058736.2527802,200427
E_w1_p6_r1,1791058736.4528813,200427
E_w1_p6_r1,1791058736.652981,200427
E_w1_p6_r1,1791058736.8530755,200427
E_w1_p6_r1,1791058737.0531821,200427
E_w1_p6_r1,1791058737.253274,200427
E_w1_p6_r1,1791058737.4533806,200427
E_w1_p6_r1,1791058737.6534815,200427
E_w1_p6_r1,1791058737.8535562,200427
E_w1_p6_r1,1791058738.0536597,200427
E_w1_p6_r1,1791058738.2537618,200427
E_w1_p6_r1,1791058738.4538827,200427
E_w1_p6_r1,1791058738.6539824,200427
E_w1_p6_r1,1791058738.8540876,200427
E_w1_p6_r1,1791058739.0541942,200427
E_w1_p6_r1,1791058739.254286,200427
E_w1_p6_r1,1791058739.4543746,200427
E_w1_p6_r1,1791058739.6544685,200427
E_w1_p6_r1,1791058739.8546972,200427
E_w1_p6_r1,1791058740.0548341,200427
E_w1_p6_r1,1791058740.2549446,200427
E_w1_p6_r1,1791058740.455047,200427
E_w1_p6_r1,1791058740.6551552,200427
E_w1_p6_r1,1791058740.8552608,200427
E_w1_p6_r1,1791058741.0553706,200427
E_w1_p6_r1,1791058741.2554657,200427
E_w1_p6_r1,1791058741.4555705,200427
E_w1_p6_r1,1791058741.6556764,200427
E_w1_p6_r1,1791058741.8557832,210704
E_w1_p6_r1,1791058742.0558949,223881
E_w1_p6_r1,1791058742.255986,239391
E_w1_p6_r1,1791058742.456083,254410
E_w1_p6_r1,1791058742.6561756,267174
E_w1_p6_r1,1791058742.856289,276174
E_w1_p6_r1,1791058743.0563924,280427
E_w1_p6_r1,1791058743.2566056,281562
E_w1_p6_r1,1791058743.4567132,293718
E_w1_p6_r1,1791058743.656825,300000
E_w1_p6_r2,1791058805.336425,0
E_w1_p6_r2,1791058805.5365746,0
E_w1_p6_r2,1791058805.7367122,0
E_w1_p6_r2,1791058805.9368002,0
E_w1_p6_r2,1791058806.136902,0
E_w1_p6_r2,1791058806.3370028,0
E_w1_p6_r2,1791058806.5372288,0
E_w1_p6_r2,1791058806.737365,0
E_w1_p6_r2,1791058806.937498,0
E_w1_p6_r2,1791058807.1376355,0
E_w1_p6_r2,1791058807.3377755,0
E_w1_p6_r2,1791058807.537865,0
E_w1_p6_r2,1791058807.7379634,0
E_w1_p6_r2,1791058807.938056,0
E_w1_p6_r2,1791058808.1381552,0
E_w1_p6_r2,1791058808.3382444,0
E_w1_p6_r2,1791058808.538346,0
E_w1_p6_r2,1791058808.738437,0
E_w1_p6_r2,1791058808.9385505,0
E_w1_p6_r2,1791058809.138692,0
E_w1_p6_r2,1791058809.3389387,0
E_w1_p6_r2,1791058809.539038,0
E_w1_p6_r2,1791058809.7391403,0
E_w1_p6_r2,1791058809.9392416,0
E_w1_p6_r2,1791058810.1393516,0
E_w1_p6_r2,1791058810.3394449,0
E_w1_p6_r2,1791058810.5395615,0
E_w1_p6_r2,1791058810.7397084,0
E_w1_p6_r2,1791058810.939813,0
E_w1_p6_r2,1791058811.1399345,0
E_w1_p6_r2,1791058811.3400445,0
E_w1_p6_r2,1791058811.5401392,0
E_w1_p6_r2,1791058811.7402396,0
E_w1_p6_r2,1791058811.9403415,0
E_w1_p6_r2,1791058812.140448,0
E_w1_p6_r2,1791058812.3405578,0
E_w1_p6_r2,1791058812.5406625,0
E_w1_p6_r2,1791058812.7407758,0
E_w1_p6_r2,1791058812.9408836,0
E_w1_p6_r2,1791058813.1409895,0
E_w1_p6_r2,1791058813.3410914,0
E_w1_p6_r2,1791058813.5411916,0
E_w1_p6_r2,1791058813.7413125,0
E_w1_p6_r2,1791058813.9414344,0
E_w1_p6_r2,1791058814.1415505,0
E_w1_p6_r2,1791058814.3416605,0
E_w1_p6_r2,1791058814.5417824,0
E_w1_p6_r2,1791058814.7418966,0
E_w1_p6_r2,1791058814.9419944,0
E_w1_p6_r2,1791058815.1420953,0
E_w1_p6_r2,1791058815.3421962,0
E_w1_p6_r2,1791058815.5423307,0
E_w1_p6_r2,1791058815.7424803,0
E_w1_p6_r2,1791058815.9425814,0
E_w1_p6_r2,1791058816.1426792,0
E_w1_p6_r2,1791058816.3428204,0
E_w1_p6_r2,1791058816.5429323,0
E_w1_p6_r2,1791058816.743025,0
E_w1_p6_r2,1791058816.9431267,0
E_w1_p6_r2,1791058817.1432512,0
E_w1_p6_r2,1791058817.343377,0
E_w1_p6_r2,1791058817.5435476,0
E_w1_p6_r2,1791058817.743655,0
E_w1_p6_r2,1791058817.943795,0
E_w1_p6_r2,1791058818.1439137,0
E_w1_p6_r2,1791058818.3440182,0
E_w1_p6_r2,1791058818.5441573,0
E_w1_p6_r2,1791058818.7442582,0
E_w1_p6_r2,1791058818.9443922,0
E_w1_p6_r2,1791058819.1445398,0
E_w1_p6_r2,1791058819.3446498,0
E_w1_p6_r2,1791058819.5447547,0
E_w1_p6_r2,1791058819.7448678,0
E_w1_p6_r2,1791058819.9449615,0
E_w1_p6_r2,1791058820.145061,0
E_w1_p6_r2,1791058820.3451781,0
E_w1_p6_r2,1791058820.5452878,0
E_w1_p6_r2,1791058820.745432,0
E_w1_p6_r2,1791058820.9455485,0
E_w1_p6_r2,1791058821.145635,0
E_w1_p6_r2,1791058821.3457346,0
E_w1_p6_r2,1791058821.5458345,0
E_w1_p6_r2,1791058821.7459311,0
E_w1_p6_r2,1791058821.9460754,0
E_w1_p6_r2,1791058822.1462178,0
E_w1_p6_r2,1791058822.3463216,0
E_w1_p6_r2,1791058822.5464258,0
E_w1_p6_r2,1791058822.7465525,0
E_w1_p6_r2,1791058822.9466622,0
E_w1_p6_r2,1791058823.1467574,0
E_w1_p6_r2,1791058823.346869,0
E_w1_p6_r2,1791058823.5470216,0
E_w1_p6_r2,1791058823.7471323,0
E_w1_p6_r2,1791058823.9472344,0
E_w1_p6_r2,1791058824.1473508,0
E_w1_p6_r2,1791058824.3474762,0
E_w1_p6_r2,1791058824.5475738,0
E_w1_p6_r2,1791058824.7476785,0
E_w1_p6_r2,1791058824.9477737,0
E_w1_p6_r2,1791058825.1479082,0
E_w1_p6_r2,1791058825.3480065,0
E_w1_p6_r2,1791058825.5481503,0
E_w1_p6_r2,1791058825.7482865,0
E_w1_p6_r2,1791058825.94839,0
E_w1_p6_r2,1791058826.1485643,0
E_w1_p6_r2,1791058826.3486876,0
E_w1_p6_r2,1791058826.5488234,0
E_w1_p6_r2,1791058826.748967,0
E_w1_p6_r2,1791058826.9490652,0
E_w1_p6_r2,1791058827.1491868,0
E_w1_p6_r2,1791058827.3492994,0
E_w1_p6_r2,1791058827.549412,0
E_w1_p6_r2,1791058827.7495306,0
E_w1_p6_r2,1791058827.949631,0
E_w1_p6_r2,1791058828.1497512,0
E_w1_p6_r2,1791058828.3498628,0
E_w1_p6_r2,1791058828.5499737,0
E_w1_p6_r2,1791058828.750094,0
E_w1_p6_r2,1791058828.9501898,0
E_w1_p6_r2,1791058829.1503372,0
E_w1_p6_r2,1791058829.3504467,0
E_w1_p6_r2,1791058829.5505593,0
E_w1_p6_r2,1791058829.7506595,0
E_w1_p6_r2,1791058829.950751,0
E_w1_p6_r2,1791058830.1508512,0
E_w1_p6_r2,1791058830.3509805,0
E_w1_p6_r2,1791058830.55111,0
E_w1_p6_r2,1791058830.7512271,0
E_w1_p6_r2,1791058830.9513466,0
E_w1_p6_r2,1791058831.1514742,0
E_w1_p6_r2,1791058831.3515778,0
E_w1_p6_r2,1791058831.5516808,0
E_w1_p6_r2,1791058831.7518027,0
E_w1_p6_r2,1791058831.9519198,0
E_w1_p6_r2,1791058832.152111,0
E_w1_p6_r2,1791058832.3522139,0
E_w1_p6_r2,1791058832.5523226,0
E_w1_p6_r2,1791058832.7524366,0
E_w1_p6_r2,1791058832.9525578,0
E_w1_p6_r2,1791058833.152659,0
E_w1_p6_r2,1791058833.3527722,0
E_w1_p6_r2,1791058833.5528862,0
E_w1_p6_r2,1791058833.7529895,0
E_w1_p6_r2,1791058833.953094,0
E_w1_p6_r2,1791058834.1531892,0
E_w1_p6_r2,1791058834.3532925,0
E_w1_p6_r2,1791058834.5533931,0
E_w1_p6_r2,1791058834.7535632,0
E_w1_p6_r2,1791058834.953682,0
E_w1_p6_r2,1791058835.153787,0
E_w1_p6_r2,1791058835.353886,0
E_w1_p6_r2,1791058835.5540352,0
E_w1_p6_r2,1791058835.7541437,0
E_w1_p6_r2,1791058835.9544485,0
E_w1_p6_r2,1791058836.1545925,0
E_w1_p6_r2,1791058836.3546863,0
E_w1_p6_r2,1791058836.554788,0
E_w1_p6_r2,1791058836.7548926,0
E_w1_p6_r2,1791058836.9549932,0
E_w1_p6_r2,1791058837.155091,0
E_w1_p6_r2,1791058837.3552415,0
E_w1_p6_r2,1791058837.5553334,0
E_w1_p6_r2,1791058837.755482,0
E_w1_p6_r2,1791058837.9555647,0
E_w1_p6_r2,1791058838.155661,0
E_w1_p6_r2,1791058838.3557682,0
E_w1_p6_r2,1791058838.5558686,0
E_w1_p6_r2,1791058838.7562017,0
E_w1_p6_r2,1791058838.9563005,0
E_w1_p6_r2,1791058839.156402,0
E_w1_p6_r2,1791058839.3565242,0
E_w1_p6_r2,1791058839.5568686,0
E_w1_p6_r2,1791058839.7569637,0
E_w1_p6_r2,1791058839.9571006,0
E_w1_p6_r2,1791058840.1572096,0
E_w1_p6_r2,1791058840.3573105,0
E_w1_p6_r2,1791058840.5576618,0
E_w1_p6_r2,1791058840.7577531,0
E_w1_p6_r2,1791058840.9578843,0
E_w1_p6_r2,1791058841.1579773,0
E_w1_p6_r2,1791058841.3581183,0
E_w1_p6_r2,1791058841.5582411,0
E_w1_p6_r2,1791058841.7586045,0
E_w1_p6_r2,1791058841.9587114,0
E_w1_p6_r2,1791058842.1588044,0
E_w1_p6_r2,1791058842.3589368,0
E_w1_p6_r2,1791058842.5590534,0
E_w1_p6_r2,1791058842.7591882,0
E_w1_p6_r2,1791058842.9592748,0
E_w1_p6_r2,1791058843.159407,222
E_w1_p6_r2,1791058843.3595304,1023
E_w1_p6_r2,1791058843.5596304,2158
E_w1_p6_r2,1791058843.7597368,3492
E_w1_p6_r2,1791058843.9598284,5999
E_w1_p6_r2,1791058844.1599145,8601
E_w1_p6_r2,1791058844.3602543,10944
E_w1_p6_r2,1791058844.5605707,13707
E_w1_p6_r2,1791058844.7606866,15545
E_w1_p6_r2,1791058844.9610188,18264
E_w1_p6_r2,1791058845.1613524,20892
E_w1_p6_r2,1791058845.3614535,24281
E_w1_p6_r2,1791058845.561575,27875
E_w1_p6_r2,1791058845.7616773,31976
E_w1_p6_r2,1791058845.9617836,37404
E_w1_p6_r2,1791058846.1618693,44002
E_w1_p6_r2,1791058846.3619614,50886
E_w1_p6_r2,1791058846.562054,58624
E_w1_p6_r2,1791058846.7621458,67284
E_w1_p6_r2,1791058846.9622447,76256
E_w1_p6_r2,1791058847.1623325,85015
E_w1_p6_r2,1791058847.362432,95642
E_w1_p6_r2,1791058847.564581,100270
E_w1_p6_r2,1791058847.7646854,100270
E_w1_p6_r2,1791058847.9648004,100270
E_w1_p6_r2,1791058848.1648915,100270
E_w1_p6_r2,1791058848.3649955,100270
E_w1_p6_r2,1791058848.5650988,100270
E_w1_p6_r2,1791058848.765235,100270
E_w1_p6_r2,1791058848.9653542,100270
E_w1_p6_r2,1791058849.1654866,100270
E_w1_p6_r2,1791058849.365563,100270
E_w1_p6_r2,1791058849.5658238,100270
E_w1_p6_r2,1791058849.7659338,100270
E_w1_p6_r2,1791058849.9660366,100270
E_w1_p6_r2,1791058850.16614,100270
E_w1_p6_r2,1791058850.3662903,100270
E_w1_p6_r2,1791058850.5663917,100270
E_w1_p6_r2,1791058850.76655,100270
E_w1_p6_r2,1791058850.966894,100270
E_w1_p6_r2,1791058851.1669872,100270
E_w1_p6_r2,1791058851.3671515,100270
E_w1_p6_r2,1791058851.5672836,100270
E_w1_p6_r2,1791058851.767624,100270
E_w1_p6_r2,1791058851.967736,100270
E_w1_p6_r2,1791058852.1678662,100270
E_w1_p6_r2,1791058852.3679597,100270
E_w1_p6_r2,1791058852.5680695,100270
E_w1_p6_r2,1791058852.7681634,100270
E_w1_p6_r2,1791058852.9686227,100270
E_w1_p6_r2,1791058853.168731,100270
E_w1_p6_r2,1791058853.3688264,100270
E_w1_p6_r2,1791058853.5691574,100270
E_w1_p6_r2,1791058853.769543,100270
E_w1_p6_r2,1791058853.9696298,100270
E_w1_p6_r2,1791058854.1697319,100270
E_w1_p6_r2,1791058854.3699305,100270
E_w1_p6_r2,1791058854.5700836,100270
E_w1_p6_r2,1791058854.7702239,100270
E_w1_p6_r2,1791058854.9703274,100270
E_w1_p6_r2,1791058855.1704206,100270
E_w1_p6_r2,1791058855.3707664,100270
E_w1_p6_r2,1791058855.5708709,100270
E_w1_p6_r2,1791058855.7709641,100270
E_w1_p6_r2,1791058855.9710999,100270
E_w1_p6_r2,1791058856.1712132,100270
E_w1_p6_r2,1791058856.3713195,110840
E_w1_p6_r2,1791058856.5714161,118430
E_w1_p6_r2,1791058856.7715364,125039
E_w1_p6_r2,1791058856.9716234,132309
E_w1_p6_r2,1791058857.1718245,139254
E_w1_p6_r2,1791058857.3721452,149019
E_w1_p6_r2,1791058857.572265,157470
E_w1_p6_r2,1791058857.7723875,166129
E_w1_p6_r2,1791058857.9724982,174970
E_w1_p6_r2,1791058858.1725643,181827
E_w1_p6_r2,1791058858.3726788,187616
E_w1_p6_r2,1791058858.5729551,193848
E_w1_p6_r2,1791058858.7730472,199192
E_w1_p6_r2,1791058858.9731402,200168
E_w1_p6_r2,1791058859.1732433,200168
E_w1_p6_r2,1791058859.373379,200168
E_w1_p6_r2,1791058859.573537,200168
E_w1_p6_r2,1791058859.7736287,200168
E_w1_p6_r2,1791058859.9737396,200168
E_w1_p6_r2,1791058860.1741126,200168
E_w1_p6_r2,1791058860.3742387,200168
E_w1_p6_r2,1791058860.5743318,200168
E_w1_p6_r2,1791058860.7744384,200168
E_w1_p6_r2,1791058860.9745672,200168
E_w1_p6_r2,1791058861.1747096,200168
E_w1_p6_r2,1791058861.3750782,200168
E_w1_p6_r2,1791058861.575417,200168
E_w1_p6_r2,1791058861.7755182,200168
E_w1_p6_r2,1791058861.9756207,200168
E_w1_p6_r2,1791058862.1757123,200168
E_w1_p6_r2,1791058862.376073,200168
E_w1_p6_r2,1791058862.5761635,200168
E_w1_p6_r2,1791058862.7762656,200168
E_w1_p6_r2,1791058862.9763699,200168
E_w1_p6_r2,1791058863.176711,200168
E_w1_p6_r2,1791058863.3768187,200168
E_w1_p6_r2,1791058863.5769272,200168
E_w1_p6_r2,1791058863.777021,200168
E_w1_p6_r2,1791058863.9771235,200168
E_w1_p6_r2,1791058864.1774528,200168
E_w1_p6_r2,1791058864.3778057,200168
E_w1_p6_r2,1791058864.5779138,200168
E_w1_p6_r2,1791058864.7780027,200168
E_w1_p6_r2,1791058864.9781048,200168
E_w1_p6_r2,1791058865.1781964,200168
E_w1_p6_r2,1791058865.3782995,200168
E_w1_p6_r2,1791058865.5784185,200168
E_w1_p6_r2,1791058865.7785354,200168
E_w1_p6_r2,1791058865.9786518,200168
E_w1_p6_r2,1791058866.179217,200168
E_w1_p6_r2,1791058866.3793333,200168
E_w1_p6_r2,1791058866.5794713,200168
E_w1_p6_r2,1791058866.7795577,200168
E_w1_p6_r2,1791058866.9796581,203335
E_w1_p6_r2,1791058867.180071,222375
E_w1_p6_r2,1791058867.380555,244164
E_w1_p6_r2,1791058867.580692,263660
E_w1_p6_r2,1791058867.7810261,278166
E_w1_p6_r2,1791058867.9813867,286847
E_w1_p6_r2,1791058868.1814935,290454
E_w1_p6_r2,1791058868.3816319,300000
E_w1_p6_r3,1791063782.2179737,0
E_w1_p6_r3,1791063782.418065,0
E_w1_p6_r3,1791063782.6181836,0
E_w1_p6_r3,1791063782.8182878,0
E_w1_p6_r3,1791063783.0183947,0
E_w1_p6_r3,1791063783.2185223,0
E_w1_p6_r3,1791063783.4186337,0
E_w1_p6_r3,1791063783.6187499,0
E_w1_p6_r3,1791063783.818865,0
E_w1_p6_r3,1791063784.018959,0
E_w1_p6_r3,1791063784.2190616,0
E_w1_p6_r3,1791063784.4191642,0
E_w1_p6_r3,1791063784.6192732,0
E_w1_p6_r3,1791063784.8194005,0
E_w1_p6_r3,1791063785.019547,0
E_w1_p6_r3,1791063785.2196555,0
E_w1_p6_r3,1791063785.419754,0
E_w1_p6_r3,1791063785.6198695,0
E_w1_p6_r3,1791063785.8199668,0
E_w1_p6_r3,1791063786.020056,0
E_w1_p6_r3,1791063786.2201567,0
E_w1_p6_r3,1791063786.4202404,0
E_w1_p6_r3,1791063786.6205637,0
E_w1_p6_r3,1791063786.8206615,0
E_w1_p6_r3,1791063787.0207577,0
E_w1_p6_r3,1791063787.2208586,0
E_w1_p6_r3,1791063787.4209487,0
E_w1_p6_r3,1791063787.6210625,0
E_w1_p6_r3,1791063787.8211606,0
E_w1_p6_r3,1791063788.0212967,0
E_w1_p6_r3,1791063788.2213938,0
E_w1_p6_r3,1791063788.4215384,0
E_w1_p6_r3,1791063788.6216388,0
E_w1_p6_r3,1791063788.8217402,0
E_w1_p6_r3,1791063789.0218527,0
E_w1_p6_r3,1791063789.221954,0
E_w1_p6_r3,1791063789.422061,0
E_w1_p6_r3,1791063789.6221602,0
E_w1_p6_r3,1791063789.8223073,0
E_w1_p6_r3,1791063790.022396,0
E_w1_p6_r3,1791063790.2225244,0
E_w1_p6_r3,1791063790.42264,0
E_w1_p6_r3,1791063790.6227264,0
E_w1_p6_r3,1791063790.82283,0
E_w1_p6_r3,1791063791.0229645,0
E_w1_p6_r3,1791063791.223072,0
E_w1_p6_r3,1791063791.423182,0
E_w1_p6_r3,1791063791.6233213,0
E_w1_p6_r3,1791063791.8234324,0
E_w1_p6_r3,1791063792.0235431,0
E_w1_p6_r3,1791063792.22364,0
E_w1_p6_r3,1791063792.4237752,0
E_w1_p6_r3,1791063792.6238806,0
E_w1_p6_r3,1791063792.8239977,0
E_w1_p6_r3,1791063793.024095,0
E_w1_p6_r3,1791063793.2242138,0
E_w1_p6_r3,1791063793.4243028,0
E_w1_p6_r3,1791063793.6244059,0
E_w1_p6_r3,1791063793.824499,0
E_w1_p6_r3,1791063794.02454,0
E_w1_p6_r3,1791063794.2246408,0
E_w1_p6_r3,1791063794.4247508,0
E_w1_p6_r3,1791063794.6248407,0
E_w1_p6_r3,1791063794.82498,0
E_w1_p6_r3,1791063795.0250697,0
E_w1_p6_r3,1791063795.2251937,0
E_w1_p6_r3,1791063795.425314,0
E_w1_p6_r3,1791063795.6254547,0
E_w1_p6_r3,1791063795.8255932,0
E_w1_p6_r3,1791063796.025731,0
E_w1_p6_r3,1791063796.2260315,0
E_w1_p6_r3,1791063796.426133,0
E_w1_p6_r3,1791063796.6262722,0
E_w1_p6_r3,1791063796.8263721,0
E_w1_p6_r3,1791063797.0264623,0
E_w1_p6_r3,1791063797.2265491,0
E_w1_p6_r3,1791063797.4266734,0
E_w1_p6_r3,1791063797.62698,0
E_w1_p6_r3,1791063797.8270767,0
E_w1_p6_r3,1791063798.0271885,0
E_w1_p6_r3,1791063798.227299,0
E_w1_p6_r3,1791063798.4274333,0
E_w1_p6_r3,1791063798.6275885,0
E_w1_p6_r3,1791063798.8276882,0
E_w1_p6_r3,1791063799.027804,0
E_w1_p6_r3,1791063799.2279387,0
E_w1_p6_r3,1791063799.4280574,0
E_w1_p6_r3,1791063799.6281729,0
E_w1_p6_r3,1791063799.828278,0
E_w1_p6_r3,1791063800.0283809,0
E_w1_p6_r3,1791063800.2284772,0
E_w1_p6_r3,1791063800.4285815,0
E_w1_p6_r3,1791063800.6286914,0
E_w1_p6_r3,1791063800.82881,0
E_w1_p6_r3,1791063801.0289214,0
E_w1_p6_r3,1791063801.2290204,0
E_w1_p6_r3,1791063801.429141,0
E_w1_p6_r3,1791063801.6292818,0
E_w1_p6_r3,1791063801.8293848,0
E_w1_p6_r3,1791063802.0295193,0
E_w1_p6_r3,1791063802.2296453,0
E_w1_p6_r3,1791063802.4297423,0
E_w1_p6_r3,1791063802.6298404,0
E_w1_p6_r3,1791063802.8299766,0
E_w1_p6_r3,1791063803.0300767,0
E_w1_p6_r3,1791063803.2301686,0
E_w1_p6_r3,1791063803.4303095,0
E_w1_p6_r3,1791063803.6304338,0
E_w1_p6_r3,1791063803.8305302,0
E_w1_p6_r3,1791063804.0306299,0
E_w1_p6_r3,1791063804.2307284,0
E_w1_p6_r3,1791063804.430843,0
E_w1_p6_r3,1791063804.6309779,0
E_w1_p6_r3,1791063804.831087,0
E_w1_p6_r3,1791063805.0312004,0
E_w1_p6_r3,1791063805.231309,0
E_w1_p6_r3,1791063805.4314644,0
E_w1_p6_r3,1791063805.6315656,0
E_w1_p6_r3,1791063805.8316727,0
E_w1_p6_r3,1791063806.0317714,0
E_w1_p6_r3,1791063806.2318754,0
E_w1_p6_r3,1791063806.4319923,0
E_w1_p6_r3,1791063806.6321099,0
E_w1_p6_r3,1791063806.832229,0
E_w1_p6_r3,1791063807.0323367,0
E_w1_p6_r3,1791063807.2324493,0
E_w1_p6_r3,1791063807.432564,0
E_w1_p6_r3,1791063807.632671,0
E_w1_p6_r3,1791063807.8327777,0
E_w1_p6_r3,1791063808.0328987,0
E_w1_p6_r3,1791063808.2330027,0
E_w1_p6_r3,1791063808.4331405,0
E_w1_p6_r3,1791063808.633257,0
E_w1_p6_r3,1791063808.8333585,0
E_w1_p6_r3,1791063809.0334756,0
E_w1_p6_r3,1791063809.233661,0
E_w1_p6_r3,1791063809.4337864,0
E_w1_p6_r3,1791063809.6339104,0
E_w1_p6_r3,1791063809.8340168,0
E_w1_p6_r3,1791063810.0341475,0
E_w1_p6_r3,1791063810.2342477,0
E_w1_p6_r3,1791063810.434383,0
E_w1_p6_r3,1791063810.6345537,0
E_w1_p6_r3,1791063810.834702,0
E_w1_p6_r3,1791063811.0348055,0
E_w1_p6_r3,1791063811.234913,0
E_w1_p6_r3,1791063811.435033,0
E_w1_p6_r3,1791063811.6351497,0
E_w1_p6_r3,1791063811.835266,0
E_w1_p6_r3,1791063812.035362,0
E_w1_p6_r3,1791063812.2354546,0
E_w1_p6_r3,1791063812.4355829,0
E_w1_p6_r3,1791063812.636222,0
E_w1_p6_r3,1791063812.836557,0
E_w1_p6_r3,1791063813.036673,0
E_w1_p6_r3,1791063813.2367334,0
E_w1_p6_r3,1791063813.436845,0
E_w1_p6_r3,1791063813.6369567,0
E_w1_p6_r3,1791063813.8370664,0
E_w1_p6_r3,1791063814.037726,0
E_w1_p6_r3,1791063814.238586,0
E_w1_p6_r3,1791063814.438686,0
E_w1_p6_r3,1791063814.6388092,0
E_w1_p6_r3,1791063814.838908,0
E_w1_p6_r3,1791063815.039014,0
E_w1_p6_r3,1791063815.2391307,0
E_w1_p6_r3,1791063815.439237,0
E_w1_p6_r3,1791063815.6393533,0
E_w1_p6_r3,1791063815.8394697,0
E_w1_p6_r3,1791063816.0397446,0
E_w1_p6_r3,1791063816.2398553,0
E_w1_p6_r3,1791063816.4399667,0
E_w1_p6_r3,1791063816.6405735,0
E_w1_p6_r3,1791063816.8407183,0
E_w1_p6_r3,1791063817.0414329,0
E_w1_p6_r3,1791063817.24155,0
E_w1_p6_r3,1791063817.44166,0
E_w1_p6_r3,1791063817.641965,0
E_w1_p6_r3,1791063817.8420632,0
E_w1_p6_r3,1791063818.0421603,0
E_w1_p6_r3,1791063818.2422385,0
E_w1_p6_r3,1791063818.4423492,0
E_w1_p6_r3,1791063818.6424634,0
E_w1_p6_r3,1791063818.8425717,0
E_w1_p6_r3,1791063819.0426939,0
E_w1_p6_r3,1791063819.2428176,0
E_w1_p6_r3,1791063819.442928,0
E_w1_p6_r3,1791063819.6433973,0
E_w1_p6_r3,1791063819.843536,0
E_w1_p6_r3,1791063820.043635,0
E_w1_p6_r3,1791063820.2437236,0
E_w1_p6_r3,1791063820.4438322,0
E_w1_p6_r3,1791063820.6439617,0
E_w1_p6_r3,1791063820.8458755,651
E_w1_p6_r3,1791063821.0459783,1756
E_w1_p6_r3,1791063821.2460954,3098
E_w1_p6_r3,1791063821.446213,5352
E_w1_p6_r3,1791063821.6463115,8467
E_w1_p6_r3,1791063821.8464181,11865
E_w1_p6_r3,1791063822.04654,14944
E_w1_p6_r3,1791063822.246644,19092
E_w1_p6_r3,1791063822.4467442,22778
E_w1_p6_r3,1791063822.646857,25657
E_w1_p6_r3,1791063822.846959,29192
E_w1_p6_r3,1791063823.0470836,33598
E_w1_p6_r3,1791063823.2472615,39849
E_w1_p6_r3,1791063823.4473934,45406
E_w1_p6_r3,1791063823.6475804,52090
E_w1_p6_r3,1791063823.8476856,59532
E_w1_p6_r3,1791063824.047787,67958
E_w1_p6_r3,1791063824.2478912,77046
E_w1_p6_r3,1791063824.4480014,87107
E_w1_p6_r3,1791063824.6481237,97403
E_w1_p6_r3,1791063824.8482335,100120
E_w1_p6_r3,1791063825.048347,100120
E_w1_p6_r3,1791063825.2484996,100120
E_w1_p6_r3,1791063825.4485936,100120
E_w1_p6_r3,1791063825.6487384,100120
E_w1_p6_r3,1791063825.8488338,100120
E_w1_p6_r3,1791063826.0489383,100120
E_w1_p6_r3,1791063826.2495925,100120
E_w1_p6_r3,1791063826.449708,100120
E_w1_p6_r3,1791063826.6498172,100120
E_w1_p6_r3,1791063826.8499374,100120
E_w1_p6_r3,1791063827.0500278,100120
E_w1_p6_r3,1791063827.2501373,100120
E_w1_p6_r3,1791063827.4502769,100120
E_w1_p6_r3,1791063827.6503825,100120
E_w1_p6_r3,1791063827.850499,100120
E_w1_p6_r3,1791063828.0505874,100120
E_w1_p6_r3,1791063828.2506812,100120
E_w1_p6_r3,1791063828.4507802,100120
E_w1_p6_r3,1791063828.6508782,100120
E_w1_p6_r3,1791063828.8509808,100120
E_w1_p6_r3,1791063829.0511005,100120
E_w1_p6_r3,1791063829.2511933,100120
E_w1_p6_r3,1791063829.4512885,100120
E_w1_p6_r3,1791063829.651402,100120
E_w1_p6_r3,1791063829.851499,100120
E_w1_p6_r3,1791063830.0515957,100120
E_w1_p6_r3,1791063830.2516954,100120
E_w1_p6_r3,1791063830.451797,100120
E_w1_p6_r3,1791063830.651899,100120
E_w1_p6_r3,1791063830.8519886,100120
E_w1_p6_r3,1791063831.0520957,100120
E_w1_p6_r3,1791063831.2522118,100120
E_w1_p6_r3,1791063831.4523256,100120
E_w1_p6_r3,1791063831.6524227,100120
E_w1_p6_r3,1791063831.852635,100120
E_w1_p6_r3,1791063832.0527325,100120
E_w1_p6_r3,1791063832.2528286,100120
E_w1_p6_r3,1791063832.452932,100120
E_w1_p6_r3,1791063832.6530256,100120
E_w1_p6_r3,1791063832.8531308,100120
E_w1_p6_r3,1791063833.0532322,100556
E_w1_p6_r3,1791063833.2533982,112083
E_w1_p6_r3,1791063833.453492,121688
E_w1_p6_r3,1791063833.6535583,130947
E_w1_p6_r3,1791063833.8536556,139139
E_w1_p6_r3,1791063834.0537546,149040
E_w1_p6_r3,1791063834.2538478,160619
E_w1_p6_r3,1791063834.453941,170496
E_w1_p6_r3,1791063834.6540468,176879
E_w1_p6_r3,1791063834.85416,186716
E_w1_p6_r3,1791063835.0542564,199532
E_w1_p6_r3,1791063835.2543993,200100
E_w1_p6_r3,1791063835.4545374,200100
E_w1_p6_r3,1791063835.6546447,200100
E_w1_p6_r3,1791063835.8547359,200100
E_w1_p6_r3,1791063836.0548384,200100
E_w1_p6_r3,1791063836.254943,200100
E_w1_p6_r3,1791063836.4550395,200100
E_w1_p6_r3,1791063836.6551278,200100
E_w1_p6_r3,1791063836.8552306,200100
E_w1_p6_r3,1791063837.055321,200100
E_w1_p6_r3,1791063837.2554183,200100
E_w1_p6_r3,1791063837.4555519,200100
E_w1_p6_r3,1791063837.6556401,200100
E_w1_p6_r3,1791063837.8557477,200100
E_w1_p6_r3,1791063838.0558395,200100
E_w1_p6_r3,1791063838.2559345,200100
E_w1_p6_r3,1791063838.4560318,200100
E_w1_p6_r3,1791063838.6561491,200100
E_w1_p6_r3,1791063838.8562527,200100
E_w1_p6_r3,1791063839.056584,200100
E_w1_p6_r3,1791063839.256692,200100
E_w1_p6_r3,1791063839.4567797,200100
E_w1_p6_r3,1791063839.6568658,200100
E_w1_p6_r3,1791063839.8572314,200100
E_w1_p6_r3,1791063840.057327,200100
E_w1_p6_r3,1791063840.257434,200100
E_w1_p6_r3,1791063840.4575558,200100
E_w1_p6_r3,1791063840.6580396,200100
E_w1_p6_r3,1791063840.8581479,200100
E_w1_p6_r3,1791063841.0584793,200100
E_w1_p6_r3,1791063841.2585547,200100
E_w1_p6_r3,1791063841.458894,200100
E_w1_p6_r3,1791063841.6596146,200100
E_w1_p6_r3,1791063841.859707,200100
E_w1_p6_r3,1791063842.059801,200100
E_w1_p6_r3,1791063842.2606194,202531
E_w1_p6_r3,1791063842.4609175,218835
E_w1_p6_r3,1791063842.6610248,233358
E_w1_p6_r3,1791063842.8611333,251339
E_w1_p6_r3,1791063843.0616124,268430
E_w1_p6_r3,1791063843.261972,277759
E_w1_p6_r3,1791063843.4620576,280100
E_w1_p6_r3,1791063843.6621494,290027
E_w1_p6_r3,1791063843.8625584,299610
E_w1_p6_r3,1791063844.0626552,299904
E_w1_p6_r3,1791063844.2628064,300000
E_w2_p1_r1,1791063915.278902,0
E_w2_p1_r1,1791063915.4795392,0
E_w2_p1_r1,1791063915.6796253,0
E_w2_p1_r1,1791063915.8797302,0
E_w2_p1_r1,1791063916.0798163,0
E_w2_p1_r1,1791063916.2799056,0
E_w2_p1_r1,1791063916.4799955,0
E_w2_p1_r1,1791063916.68054,0
E_w2_p1_r1,1791063916.880629,0
E_w2_p1_r1,1791063917.0807326,0
E_w2_p1_r1,1791063917.2808437,0
E_w2_p1_r1,1791063917.4809518,0
E_w2_p1_r1,1791063917.6810682,0
E_w2_p1_r1,1791063917.8812196,0
E_w2_p1_r1,1791063918.0813177,0
E_w2_p1_r1,1791063918.28142,0
E_w2_p1_r1,1791063918.4815507,0
E_w2_p1_r1,1791063918.6816602,0
E_w2_p1_r1,1791063918.8817732,0
E_w2_p1_r1,1791063919.081882,0
E_w2_p1_r1,1791063919.2819908,0
E_w2_p1_r1,1791063919.4821005,0
E_w2_p1_r1,1791063919.6821976,0
E_w2_p1_r1,1791063919.8823063,0
E_w2_p1_r1,1791063920.082436,0
E_w2_p1_r1,1791063920.2825565,0
E_w2_p1_r1,1791063920.4826686,0
E_w2_p1_r1,1791063920.6827877,0
E_w2_p1_r1,1791063920.8828816,0
E_w2_p1_r1,1791063921.0830119,0
E_w2_p1_r1,1791063921.2831254,0
E_w2_p1_r1,1791063921.483243,0
E_w2_p1_r1,1791063921.6833408,0
E_w2_p1_r1,1791063921.883444,0
E_w2_p1_r1,1791063922.0835629,0
E_w2_p1_r1,1791063922.283683,0
E_w2_p1_r1,1791063922.4837787,0
E_w2_p1_r1,1791063922.683885,0
E_w2_p1_r1,1791063922.8840115,0
E_w2_p1_r1,1791063923.0845585,0
E_w2_p1_r1,1791063923.2846687,0
E_w2_p1_r1,1791063923.484771,0
E_w2_p1_r1,1791063923.6848843,0
E_w2_p1_r1,1791063923.8850522,0
E_w2_p1_r1,1791063924.0851707,0
E_w2_p1_r1,1791063924.2852736,0
E_w2_p1_r1,1791063924.485386,0
E_w2_p1_r1,1791063924.686058,0
E_w2_p1_r1,1791063924.886186,0
E_w2_p1_r1,1791063925.0862973,0
E_w2_p1_r1,1791063925.2864392,0
E_w2_p1_r1,1791063925.486563,0
E_w2_p1_r1,1791063925.6866632,0
E_w2_p1_r1,1791063925.8867629,0
E_w2_p1_r1,1791063926.0868714,0
E_w2_p1_r1,1791063926.2870395,0
E_w2_p1_r1,1791063926.4871378,0
E_w2_p1_r1,1791063926.6872487,0
E_w2_p1_r1,1791063926.8873415,0
E_w2_p1_r1,1791063927.0874531,0
E_w2_p1_r1,1791063927.287552,0
E_w2_p1_r1,1791063927.4876492,0
E_w2_p1_r1,1791063927.687763,0
E_w2_p1_r1,1791063927.8878622,0
E_w2_p1_r1,1791063928.0879655,0
E_w2_p1_r1,1791063928.2883487,0
E_w2_p1_r1,1791063928.4884582,0
E_w2_p1_r1,1791063928.6885502,0
E_w2_p1_r1,1791063928.8886497,0
E_w2_p1_r1,1791063929.0887496,0
E_w2_p1_r1,1791063929.2888463,0
E_w2_p1_r1,1791063929.4889488,0
E_w2_p1_r1,1791063929.6890612,0
E_w2_p1_r1,1791063929.8891654,0
E_w2_p1_r1,1791063930.089277,0
E_w2_p1_r1,1791063930.2893832,0
E_w2_p1_r1,1791063930.4894993,0
E_w2_p1_r1,1791063930.6895626,0
E_w2_p1_r1,1791063930.8896594,0
E_w2_p1_r1,1791063931.0897667,0
E_w2_p1_r1,1791063931.2898636,0
E_w2_p1_r1,1791063931.489958,0
E_w2_p1_r1,1791063931.6900759,0
E_w2_p1_r1,1791063931.890196,0
E_w2_p1_r1,1791063932.0903325,0
E_w2_p1_r1,1791063932.2904441,0
E_w2_p1_r1,1791063932.4905884,0
E_w2_p1_r1,1791063932.6906736,0
E_w2_p1_r1,1791063932.890811,0
E_w2_p1_r1,1791063933.09091,0
E_w2_p1_r1,1791063933.2910223,0
E_w2_p1_r1,1791063933.491131,0
E_w2_p1_r1,1791063933.6912427,0
E_w2_p1_r1,1791063933.8913593,0
E_w2_p1_r1,1791063934.0914624,0
E_w2_p1_r1,1791063934.2915668,0
E_w2_p1_r1,1791063934.49168,0
E_w2_p1_r1,1791063934.6917803,0
E_w2_p1_r1,1791063934.8918846,0
E_w2_p1_r1,1791063935.0919824,0
E_w2_p1_r1,1791063935.2920887,0
E_w2_p1_r1,1791063935.4921923,0
E_w2_p1_r1,1791063935.6923027,0
E_w2_p1_r1,1791063935.8924103,0
E_w2_p1_r1,1791063936.0925407,0
E_w2_p1_r1,1791063936.2926977,0
E_w2_p1_r1,1791063936.4928427,0
E_w2_p1_r1,1791063936.6929612,0
E_w2_p1_r1,1791063936.893058,0
E_w2_p1_r1,1791063937.0931582,0
E_w2_p1_r1,1791063937.2934313,0
E_w2_p1_r1,1791063937.4935503,0
E_w2_p1_r1,1791063937.6936789,0
E_w2_p1_r1,1791063937.8937838,0
E_w2_p1_r1,1791063938.0939207,0
E_w2_p1_r1,1791063938.2940173,0
E_w2_p1_r1,1791063938.494158,0
E_w2_p1_r1,1791063938.6942632,0
E_w2_p1_r1,1791063938.894361,0
E_w2_p1_r1,1791063939.0944674,0
E_w2_p1_r1,1791063939.2945538,0
E_w2_p1_r1,1791063939.4946606,0
E_w2_p1_r1,1791063939.6947987,0
E_w2_p1_r1,1791063939.894937,0
E_w2_p1_r1,1791063940.0950508,0
E_w2_p1_r1,1791063940.2951872,0
E_w2_p1_r1,1791063940.4952903,0
E_w2_p1_r1,1791063940.6953938,0
E_w2_p1_r1,1791063940.8955266,0
E_w2_p1_r1,1791063941.0956197,0
E_w2_p1_r1,1791063941.2957537,0
E_w2_p1_r1,1791063941.495854,0
E_w2_p1_r1,1791063941.6959693,0
E_w2_p1_r1,1791063941.8960807,0
E_w2_p1_r1,1791063942.0961952,0
E_w2_p1_r1,1791063942.2962983,0
E_w2_p1_r1,1791063942.4964168,0
E_w2_p1_r1,1791063942.696549,0
E_w2_p1_r1,1791063942.8966575,0
E_w2_p1_r1,1791063943.0967515,0
E_w2_p1_r1,1791063943.2968478,0
E_w2_p1_r1,1791063943.4969714,0
E_w2_p1_r1,1791063943.6970708,0
E_w2_p1_r1,1791063943.8971677,0
E_w2_p1_r1,1791063944.0972812,0
E_w2_p1_r1,1791063944.2973795,0
E_w2_p1_r1,1791063944.4974773,0
E_w2_p1_r1,1791063944.6975906,0
E_w2_p1_r1,1791063944.8976908,0
E_w2_p1_r1,1791063945.0977902,0
E_w2_p1_r1,1791063945.2978926,0
E_w2_p1_r1,1791063945.497989,0
E_w2_p1_r1,1791063945.698096,0
E_w2_p1_r1,1791063945.8982067,0
E_w2_p1_r1,1791063946.098344,0
E_w2_p1_r1,1791063946.298459,0
E_w2_p1_r1,1791063946.4985719,0
E_w2_p1_r1,1791063946.6986864,0
E_w2_p1_r1,1791063946.8987808,0
E_w2_p1_r1,1791063947.0988793,0
E_w2_p1_r1,1791063947.2989862,0
E_w2_p1_r1,1791063947.4990773,0
E_w2_p1_r1,1791063947.69917,0
E_w2_p1_r1,1791063947.899282,0
E_w2_p1_r1,1791063948.0994186,0
E_w2_p1_r1,1791063948.2995431,0
E_w2_p1_r1,1791063948.4996428,1073
E_w2_p1_r1,1791063948.6997411,3751
E_w2_p1_r1,1791063948.8998382,8445
E_w2_p1_r1,1791063949.0999372,10000
E_w2_p1_r1,1791063949.3000376,10000
E_w2_p1_r1,1791063949.500142,10000
E_w2_p1_r1,1791063949.7002428,10000
E_w2_p1_r1,1791063949.9003346,10000
E_w2_p1_r1,1791063950.1004367,10000
E_w2_p1_r1,1791063950.300546,10000
E_w2_p1_r1,1791063950.5006483,10000
E_w2_p1_r1,1791063950.700747,10000
E_w2_p1_r1,1791063950.9008439,10000
E_w2_p1_r1,1791063951.1009479,19235
E_w2_p1_r1,1791063951.3010523,26837
E_w2_p1_r1,1791063951.5011528,30000
E_w2_p1_r1,1791063951.7012622,30000
E_w2_p1_r1,1791063951.9013443,30000
E_w2_p1_r1,1791063952.1014438,30000
E_w2_p1_r1,1791063952.301553,42271
E_w2_p1_r1,1791063952.5016556,50000
E_w2_p1_r1,1791063952.7017574,50000
E_w2_p1_r1,1791063952.9018734,50000
E_w2_p1_r1,1791063953.1019766,50000
E_w2_p1_r1,1791063953.3020766,50000
E_w2_p1_r1,1791063953.5021837,50000
E_w2_p1_r1,1791063953.7023022,50000
E_w2_p1_r1,1791063953.9024067,64688
E_w2_p1_r1,1791063954.1025572,70000
E_w2_p1_r1,1791063954.3026502,70000
E_w2_p1_r1,1791063954.5027502,70000
E_w2_p1_r1,1791063954.7028892,70000
E_w2_p1_r1,1791063954.9029927,70000
E_w2_p1_r1,1791063955.1030958,70000
E_w2_p1_r1,1791063955.303194,70000
E_w2_p1_r1,1791063955.5034757,85294
E_w2_p1_r1,1791063955.7035494,90000
E_w2_p1_r1,1791063955.903661,90000
E_w2_p1_r1,1791063956.1037803,90000
E_w2_p1_r1,1791063956.303883,90000
E_w2_p1_r1,1791063956.503993,90000
E_w2_p1_r1,1791063956.7041075,90000
E_w2_p1_r1,1791063956.9042273,109860
E_w2_p1_r1,1791063957.1043239,110000
E_w2_p1_r1,1791063957.3044183,110000
E_w2_p1_r1,1791063957.5045443,110000
E_w2_p1_r1,1791063957.7046478,110000
E_w2_p1_r1,1791063957.9047477,110000
E_w2_p1_r1,1791063958.104847,113287
E_w2_p1_r1,1791063958.3049061,130000
E_w2_p1_r1,1791063958.5050225,130000
E_w2_p1_r1,1791063958.7051232,130000
E_w2_p1_r1,1791063958.905218,130000
E_w2_p1_r1,1791063959.1053197,130000
E_w2_p1_r1,1791063959.3054535,130000
E_w2_p1_r1,1791063959.5055544,150000
E_w2_p1_r1,1791063959.7056484,150000
E_w2_p1_r1,1791063959.9057446,150000
E_w2_p1_r1,1791063960.1058526,150000
E_w2_p1_r1,1791063960.3059654,150000
E_w2_p1_r1,1791063960.5060623,159682
E_w2_p1_r1,1791063960.7061586,170000
E_w2_p1_r1,1791063960.906254,170000
E_w2_p1_r1,1791063961.1063635,170000
E_w2_p1_r1,1791063961.3064656,170000
E_w2_p1_r1,1791063961.5065606,170000
E_w2_p1_r1,1791063961.7066593,170000
E_w2_p1_r1,1791063961.906757,189892
E_w2_p1_r1,1791063962.106847,190000
E_w2_p1_r1,1791063962.3069603,190000
E_w2_p1_r1,1791063962.507068,190000
E_w2_p1_r1,1791063962.7071857,190000
E_w2_p1_r1,1791063962.907329,190000
E_w2_p1_r1,1791063963.1074286,210000
E_w2_p1_r1,1791063963.30755,210000
E_w2_p1_r1,1791063963.5076659,210000
E_w2_p1_r1,1791063963.7077603,210000
E_w2_p1_r1,1791063963.9078822,210000
E_w2_p1_r1,1791063964.1079779,227432
E_w2_p1_r1,1791063964.3081129,230000
E_w2_p1_r1,1791063964.508253,230000
E_w2_p1_r1,1791063964.7083433,230000
E_w2_p1_r1,1791063964.9084358,230000
E_w2_p1_r1,1791063965.108571,230000
E_w2_p1_r1,1791063965.3087237,230000
E_w2_p1_r1,1791063965.5088258,255341
E_w2_p1_r1,1791063965.7093418,270092
E_w2_p1_r1,1791063965.9094403,280000
E_w2_p1_r1,1791063966.1095476,290000
E_w2_p1_r1,1791063966.3096817,290000
E_w2_p1_r1,1791063966.50982,300000
E_w2_p1_r2,1791064032.2841666,0
E_w2_p1_r2,1791064032.4842715,0
E_w2_p1_r2,1791064032.6843731,0
E_w2_p1_r2,1791064032.8845599,0
E_w2_p1_r2,1791064033.0847688,0
E_w2_p1_r2,1791064033.2848704,0
E_w2_p1_r2,1791064033.4850035,0
E_w2_p1_r2,1791064033.6851413,0
E_w2_p1_r2,1791064033.8852448,0
E_w2_p1_r2,1791064034.0853996,0
E_w2_p1_r2,1791064034.2854993,0
E_w2_p1_r2,1791064034.4856367,0
E_w2_p1_r2,1791064034.6857314,0
E_w2_p1_r2,1791064034.8858466,0
E_w2_p1_r2,1791064035.0859447,0
E_w2_p1_r2,1791064035.2860534,0
E_w2_p1_r2,1791064035.4861784,0
E_w2_p1_r2,1791064035.6862917,0
E_w2_p1_r2,1791064035.8864017,0
E_w2_p1_r2,1791064036.0865364,0
E_w2_p1_r2,1791064036.28665,0
E_w2_p1_r2,1791064036.4867547,0
E_w2_p1_r2,1791064036.6868565,0
E_w2_p1_r2,1791064036.886971,0
E_w2_p1_r2,1791064037.0870802,0
E_w2_p1_r2,1791064037.2871711,0
E_w2_p1_r2,1791064037.487283,0
E_w2_p1_r2,1791064037.687381,0
E_w2_p1_r2,1791064037.8874989,0
E_w2_p1_r2,1791064038.0876112,0
E_w2_p1_r2,1791064038.2878234,0
E_w2_p1_r2,1791064038.4879456,0
E_w2_p1_r2,1791064038.6881127,0
E_w2_p1_r2,1791064038.888227,0
E_w2_p1_r2,1791064039.0883656,0
E_w2_p1_r2,1791064039.2884762,0
E_w2_p1_r2,1791064039.4885964,0
E_w2_p1_r2,1791064039.6886978,0
E_w2_p1_r2,1791064039.8888063,0
E_w2_p1_r2,1791064040.0889044,0
E_w2_p1_r2,1791064040.2889986,0
E_w2_p1_r2,1791064040.4891036,0
E_w2_p1_r2,1791064040.6892493,0
E_w2_p1_r2,1791064040.8893902,0
E_w2_p1_r2,1791064041.0895212,0
E_w2_p1_r2,1791064041.2897756,0
E_w2_p1_r2,1791064041.4898832,0
E_w2_p1_r2,1791064041.6899908,0
E_w2_p1_r2,1791064041.8900993,0
E_w2_p1_r2,1791064042.0902479,0
E_w2_p1_r2,1791064042.2903636,0
E_w2_p1_r2,1791064042.4904833,0
E_w2_p1_r2,1791064042.6905735,0
E_w2_p1_r2,1791064042.8906746,0
E_w2_p1_r2,1791064043.0908022,0
E_w2_p1_r2,1791064043.29091,0
E_w2_p1_r2,1791064043.491026,0
E_w2_p1_r2,1791064043.6920023,0
E_w2_p1_r2,1791064043.8920987,0
E_w2_p1_r2,1791064044.0921946,0
E_w2_p1_r2,1791064044.2922904,0
E_w2_p1_r2,1791064044.4923987,0
E_w2_p1_r2,1791064044.69249,0
E_w2_p1_r2,1791064044.8925414,0
E_w2_p1_r2,1791064045.0926623,0
E_w2_p1_r2,1791064045.2927625,0
E_w2_p1_r2,1791064045.4928613,0
E_w2_p1_r2,1791064045.6929772,0
E_w2_p1_r2,1791064045.8934295,0
E_w2_p1_r2,1791064046.0935662,0
E_w2_p1_r2,1791064046.2936985,0
E_w2_p1_r2,1791064046.4938056,0
E_w2_p1_r2,1791064046.69392,0
E_w2_p1_r2,1791064046.8940334,0
E_w2_p1_r2,1791064047.0941389,0
E_w2_p1_r2,1791064047.2942386,0
E_w2_p1_r2,1791064047.4943538,0
E_w2_p1_r2,1791064047.6944523,0
E_w2_p1_r2,1791064047.8945851,0
E_w2_p1_r2,1791064048.0947204,0
E_w2_p1_r2,1791064048.2948198,0
E_w2_p1_r2,1791064048.4949307,0
E_w2_p1_r2,1791064048.6950665,0
E_w2_p1_r2,1791064048.8952084,0
E_w2_p1_r2,1791064049.095355,0
E_w2_p1_r2,1791064049.295489,0
E_w2_p1_r2,1791064049.495625,0
E_w2_p1_r2,1791064049.6957605,0
E_w2_p1_r2,1791064049.8958545,0
E_w2_p1_r2,1791064050.0959816,0
E_w2_p1_r2,1791064050.2963183,0
E_w2_p1_r2,1791064050.4964237,0
E_w2_p1_r2,1791064050.6965475,0
E_w2_p1_r2,1791064050.8966556,0
E_w2_p1_r2,1791064051.096746,0
E_w2_p1_r2,1791064051.2968426,0
E_w2_p1_r2,1791064051.4969542,0
E_w2_p1_r2,1791064051.697075,0
E_w2_p1_r2,1791064051.8971705,0
E_w2_p1_r2,1791064052.097274,0
E_w2_p1_r2,1791064052.2973742,0
E_w2_p1_r2,1791064052.4974754,0
E_w2_p1_r2,1791064052.6975768,0
E_w2_p1_r2,1791064052.8976793,0
E_w2_p1_r2,1791064053.0977764,0
E_w2_p1_r2,1791064053.2981005,0
E_w2_p1_r2,1791064053.4982126,0
E_w2_p1_r2,1791064053.698322,0
E_w2_p1_r2,1791064053.898458,0
E_w2_p1_r2,1791064054.0987554,0
E_w2_p1_r2,1791064054.2990656,0
E_w2_p1_r2,1791064054.4991674,0
E_w2_p1_r2,1791064054.6992846,0
E_w2_p1_r2,1791064054.8994007,0
E_w2_p1_r2,1791064055.099491,0
E_w2_p1_r2,1791064055.2995722,0
E_w2_p1_r2,1791064055.499673,0
E_w2_p1_r2,1791064055.6997738,0
E_w2_p1_r2,1791064055.8998728,0
E_w2_p1_r2,1791064056.099973,0
E_w2_p1_r2,1791064056.3000755,0
E_w2_p1_r2,1791064056.5001757,0
E_w2_p1_r2,1791064056.7003071,0
E_w2_p1_r2,1791064056.9004104,0
E_w2_p1_r2,1791064057.1005287,0
E_w2_p1_r2,1791064057.3006349,0
E_w2_p1_r2,1791064057.5007524,0
E_w2_p1_r2,1791064057.7008705,0
E_w2_p1_r2,1791064057.9009857,0
E_w2_p1_r2,1791064058.1010962,0
E_w2_p1_r2,1791064058.3011866,0
E_w2_p1_r2,1791064058.501288,0
E_w2_p1_r2,1791064058.7013805,0
E_w2_p1_r2,1791064058.9014707,0
E_w2_p1_r2,1791064059.101553,0
E_w2_p1_r2,1791064059.3016496,0
E_w2_p1_r2,1791064059.5017598,0
E_w2_p1_r2,1791064059.7018564,0
E_w2_p1_r2,1791064059.9020143,0
E_w2_p1_r2,1791064060.1021323,0
E_w2_p1_r2,1791064060.3022451,0
E_w2_p1_r2,1791064060.502349,0
E_w2_p1_r2,1791064060.7024457,0
E_w2_p1_r2,1791064060.902557,0
E_w2_p1_r2,1791064061.1026778,0
E_w2_p1_r2,1791064061.3027744,0
E_w2_p1_r2,1791064061.5028672,0
E_w2_p1_r2,1791064061.7029822,0
E_w2_p1_r2,1791064061.9030886,0
E_w2_p1_r2,1791064062.1031938,0
E_w2_p1_r2,1791064062.3032925,0
E_w2_p1_r2,1791064062.503388,0
E_w2_p1_r2,1791064062.7034938,0
E_w2_p1_r2,1791064062.9035847,0
E_w2_p1_r2,1791064063.1037016,0
E_w2_p1_r2,1791064063.303846,0
E_w2_p1_r2,1791064063.5039556,0
E_w2_p1_r2,1791064063.7040756,0
E_w2_p1_r2,1791064063.9041715,0
E_w2_p1_r2,1791064064.1042712,0
E_w2_p1_r2,1791064064.3043725,0
E_w2_p1_r2,1791064064.504482,314
E_w2_p1_r2,1791064064.7045643,1015
E_w2_p1_r2,1791064064.9049664,2336
E_w2_p1_r2,1791064065.1050725,5297
E_w2_p1_r2,1791064065.3051708,8976
E_w2_p1_r2,1791064065.5052686,10000
E_w2_p1_r2,1791064065.7053647,10000
E_w2_p1_r2,1791064065.9054694,10000
E_w2_p1_r2,1791064066.1055586,10000
E_w2_p1_r2,1791064066.3056622,10000
E_w2_p1_r2,1791064066.5057983,10000
E_w2_p1_r2,1791064066.705907,10000
E_w2_p1_r2,1791064066.9060028,17285
E_w2_p1_r2,1791064067.106101,25194
E_w2_p1_r2,1791064067.306213,30000
E_w2_p1_r2,1791064067.5063198,30000
E_w2_p1_r2,1791064067.7064428,30000
E_w2_p1_r2,1791064067.9065614,30000
E_w2_p1_r2,1791064068.1066701,30000
E_w2_p1_r2,1791064068.3067727,30000
E_w2_p1_r2,1791064068.506875,30000
E_w2_p1_r2,1791064068.7069817,30000
E_w2_p1_r2,1791064068.9070904,30000
E_w2_p1_r2,1791064069.1071906,34575
E_w2_p1_r2,1791064069.3072867,45556
E_w2_p1_r2,1791064069.507386,50000
E_w2_p1_r2,1791064069.7074778,50000
E_w2_p1_r2,1791064069.9075577,50000
E_w2_p1_r2,1791064070.1076534,50000
E_w2_p1_r2,1791064070.3079956,50000
E_w2_p1_r2,1791064070.508096,50000
E_w2_p1_r2,1791064070.7085629,50000
E_w2_p1_r2,1791064070.9086676,50000
E_w2_p1_r2,1791064071.1087687,50000
E_w2_p1_r2,1791064071.308871,60106
E_w2_p1_r2,1791064071.5089781,70000
E_w2_p1_r2,1791064071.7090788,70000
E_w2_p1_r2,1791064071.9091763,70000
E_w2_p1_r2,1791064072.1092696,70000
E_w2_p1_r2,1791064072.3093855,70000
E_w2_p1_r2,1791064072.509499,70000
E_w2_p1_r2,1791064072.7096148,70000
E_w2_p1_r2,1791064072.909726,70000
E_w2_p1_r2,1791064073.1098204,70000
E_w2_p1_r2,1791064073.3099294,85551
E_w2_p1_r2,1791064073.5100465,90000
E_w2_p1_r2,1791064073.710142,90000
E_w2_p1_r2,1791064073.910239,90000
E_w2_p1_r2,1791064074.11036,90000
E_w2_p1_r2,1791064074.3104844,90000
E_w2_p1_r2,1791064074.5105824,90000
E_w2_p1_r2,1791064074.7106767,90000
E_w2_p1_r2,1791064074.9107862,99580
E_w2_p1_r2,1791064075.110886,110000
E_w2_p1_r2,1791064075.3109877,110000
E_w2_p1_r2,1791064075.5110931,110000
E_w2_p1_r2,1791064075.711182,110000
E_w2_p1_r2,1791064075.9112875,110000
E_w2_p1_r2,1791064076.1113875,110000
E_w2_p1_r2,1791064076.3114767,110000
E_w2_p1_r2,1791064076.5116096,110000
E_w2_p1_r2,1791064076.7117126,128828
E_w2_p1_r2,1791064076.911824,130000
E_w2_p1_r2,1791064077.1119192,130000
E_w2_p1_r2,1791064077.3120153,130000
E_w2_p1_r2,1791064077.5121107,130000
E_w2_p1_r2,1791064077.7122061,130000
E_w2_p1_r2,1791064077.9123025,130000
E_w2_p1_r2,1791064078.1124055,130000
E_w2_p1_r2,1791064078.3125374,141425
E_w2_p1_r2,1791064078.5126398,150000
E_w2_p1_r2,1791064078.7127306,150000
E_w2_p1_r2,1791064078.9128351,150000
E_w2_p1_r2,1791064079.1129303,150000
E_w2_p1_r2,1791064079.3130326,150000
E_w2_p1_r2,1791064079.513129,150000
E_w2_p1_r2,1791064079.7132668,150000
E_w2_p1_r2,1791064079.91337,150000
E_w2_p1_r2,1791064080.1134763,170000
E_w2_p1_r2,1791064080.3135593,170000
E_w2_p1_r2,1791064080.513667,170000
E_w2_p1_r2,1791064080.7137594,170000
E_w2_p1_r2,1791064080.9138815,170000
E_w2_p1_r2,1791064081.1139882,170000
E_w2_p1_r2,1791064081.31409,170000
E_w2_p1_r2,1791064081.5141907,170000
E_w2_p1_r2,1791064081.714328,170000
E_w2_p1_r2,1791064081.9144416,187402
E_w2_p1_r2,1791064082.1145685,190000
E_w2_p1_r2,1791064082.3146632,190000
E_w2_p1_r2,1791064082.5147579,190000
E_w2_p1_r2,1791064082.7148616,190000
E_w2_p1_r2,1791064082.9149592,190000
E_w2_p1_r2,1791064083.1150644,190000
E_w2_p1_r2,1791064083.3151653,190000
E_w2_p1_r2,1791064083.515267,210000
E_w2_p1_r2,1791064083.715365,210000
E_w2_p1_r2,1791064083.9154632,210000
E_w2_p1_r2,1791064084.1155546,210000
E_w2_p1_r2,1791064084.3156524,210000
E_w2_p1_r2,1791064084.516022,210000
E_w2_p1_r2,1791064084.7163608,210000
E_w2_p1_r2,1791064084.9166906,210000
E_w2_p1_r2,1791064085.1167943,235995
E_w2_p1_r2,1791064085.3168995,251514
E_w2_p1_r2,1791064085.5169988,260000
E_w2_p1_r2,1791064085.7171135,270000
E_w2_p1_r2,1791064085.9172125,270000
E_w2_p1_r2,1791064086.1173034,280000
E_w2_p1_r2,1791064086.3174016,280000
E_w2_p1_r2,1791064086.5175383,290000
E_w2_p1_r2,1791064086.7176497,300000
E_w2_p1_r3,1791064152.8863387,0
E_w2_p1_r3,1791064153.0864303,0
E_w2_p1_r3,1791064153.2865536,0
E_w2_p1_r3,1791064153.486691,0
E_w2_p1_r3,1791064153.6868343,0
E_w2_p1_r3,1791064153.88697,0
E_w2_p1_r3,1791064154.087273,0
E_w2_p1_r3,1791064154.2874074,0
E_w2_p1_r3,1791064154.48755,0
E_w2_p1_r3,1791064154.6876483,0
E_w2_p1_r3,1791064154.8877492,0
E_w2_p1_r3,1791064155.0878358,0
E_w2_p1_r3,1791064155.287941,0
E_w2_p1_r3,1791064155.48806,0
E_w2_p1_r3,1791064155.6881542,0
E_w2_p1_r3,1791064155.8882325,0
E_w2_p1_r3,1791064156.08837,0
E_w2_p1_r3,1791064156.2884662,0
E_w2_p1_r3,1791064156.4885585,0
E_w2_p1_r3,1791064156.6886694,0
E_w2_p1_r3,1791064156.8887799,0
E_w2_p1_r3,1791064157.0889013,0
E_w2_p1_r3,1791064157.2890153,0
E_w2_p1_r3,1791064157.489126,0
E_w2_p1_r3,1791064157.6892333,0
E_w2_p1_r3,1791064157.8893557,0
E_w2_p1_r3,1791064158.0894532,0
E_w2_p1_r3,1791064158.289563,0
E_w2_p1_r3,1791064158.4896624,0
E_w2_p1_r3,1791064158.6897666,0
E_w2_p1_r3,1791064158.889912,0
E_w2_p1_r3,1791064159.0900102,0
E_w2_p1_r3,1791064159.2901096,0
E_w2_p1_r3,1791064159.490246,0
E_w2_p1_r3,1791064159.6904192,0
E_w2_p1_r3,1791064159.8905563,0
E_w2_p1_r3,1791064160.0906801,0
E_w2_p1_r3,1791064160.290792,0
E_w2_p1_r3,1791064160.4908884,0
E_w2_p1_r3,1791064160.6910498,0
E_w2_p1_r3,1791064160.891176,0
E_w2_p1_r3,1791064161.091282,0
E_w2_p1_r3,1791064161.2913895,0
E_w2_p1_r3,1791064161.4915466,0
E_w2_p1_r3,1791064161.691652,0
E_w2_p1_r3,1791064161.8917794,0
E_w2_p1_r3,1791064162.0918825,0
E_w2_p1_r3,1791064162.2920153,0
E_w2_p1_r3,1791064162.4921207,0
E_w2_p1_r3,1791064162.692237,0
E_w2_p1_r3,1791064162.8923466,0
E_w2_p1_r3,1791064163.0924475,0
E_w2_p1_r3,1791064163.292567,0
E_w2_p1_r3,1791064163.4926755,0
E_w2_p1_r3,1791064163.692783,0
E_w2_p1_r3,1791064163.892887,0
E_w2_p1_r3,1791064164.092996,0
E_w2_p1_r3,1791064164.2930987,0
E_w2_p1_r3,1791064164.4932058,0
E_w2_p1_r3,1791064164.6933146,0
E_w2_p1_r3,1791064164.8934124,0
E_w2_p1_r3,1791064165.0935428,0
E_w2_p1_r3,1791064165.2936842,0
E_w2_p1_r3,1791064165.4937932,0
E_w2_p1_r3,1791064165.6939056,0
E_w2_p1_r3,1791064165.8942254,0
E_w2_p1_r3,1791064166.0943327,0
E_w2_p1_r3,1791064166.2944736,0
E_w2_p1_r3,1791064166.494562,0
E_w2_p1_r3,1791064166.6946797,0
E_w2_p1_r3,1791064166.8947792,0
E_w2_p1_r3,1791064167.0950804,0
E_w2_p1_r3,1791064167.2951696,0
E_w2_p1_r3,1791064167.495317,0
E_w2_p1_r3,1791064167.6954188,0
E_w2_p1_r3,1791064167.8955605,0
E_w2_p1_r3,1791064168.0958745,0
E_w2_p1_r3,1791064168.2959774,0
E_w2_p1_r3,1791064168.4961169,0
E_w2_p1_r3,1791064168.6962528,0
E_w2_p1_r3,1791064168.8963554,0
E_w2_p1_r3,1791064169.096461,0
E_w2_p1_r3,1791064169.296554,0
E_w2_p1_r3,1791064169.4966915,0
E_w2_p1_r3,1791064169.6967838,0
E_w2_p1_r3,1791064169.8969185,0
E_w2_p1_r3,1791064170.0970547,0
E_w2_p1_r3,1791064170.2971516,0
E_w2_p1_r3,1791064170.4972866,0
E_w2_p1_r3,1791064170.6974232,0
E_w2_p1_r3,1791064170.8975472,0
E_w2_p1_r3,1791064171.0976512,0
E_w2_p1_r3,1791064171.2977672,0
E_w2_p1_r3,1791064171.4978971,0
E_w2_p1_r3,1791064171.6979969,0
E_w2_p1_r3,1791064171.8980951,0
E_w2_p1_r3,1791064172.09819,0
E_w2_p1_r3,1791064172.298334,0
E_w2_p1_r3,1791064172.4984698,0
E_w2_p1_r3,1791064172.698554,0
E_w2_p1_r3,1791064172.8986566,0
E_w2_p1_r3,1791064173.0987551,0
E_w2_p1_r3,1791064173.2988455,0
E_w2_p1_r3,1791064173.498949,0
E_w2_p1_r3,1791064173.6990514,0
E_w2_p1_r3,1791064173.899149,0
E_w2_p1_r3,1791064174.0992663,0
E_w2_p1_r3,1791064174.2993834,0
E_w2_p1_r3,1791064174.4994884,0
E_w2_p1_r3,1791064174.6995554,0
E_w2_p1_r3,1791064174.899661,0
E_w2_p1_r3,1791064175.0997646,0
E_w2_p1_r3,1791064175.2999048,0
E_w2_p1_r3,1791064175.5000067,0
E_w2_p1_r3,1791064175.700115,0
E_w2_p1_r3,1791064175.900228,0
E_w2_p1_r3,1791064176.100343,0
E_w2_p1_r3,1791064176.3004556,0
E_w2_p1_r3,1791064176.5005722,0
E_w2_p1_r3,1791064176.7006776,0
E_w2_p1_r3,1791064176.9007754,0
E_w2_p1_r3,1791064177.1008706,0
E_w2_p1_r3,1791064177.3009853,0
E_w2_p1_r3,1791064177.5010839,0
E_w2_p1_r3,1791064177.7012024,0
E_w2_p1_r3,1791064177.9013038,0
E_w2_p1_r3,1791064178.1014295,0
E_w2_p1_r3,1791064178.301537,0
E_w2_p1_r3,1791064178.5016692,0
E_w2_p1_r3,1791064178.7017894,0
E_w2_p1_r3,1791064178.9019022,0
E_w2_p1_r3,1791064179.1020184,0
E_w2_p1_r3,1791064179.3021352,0
E_w2_p1_r3,1791064179.5022368,0
E_w2_p1_r3,1791064179.7023265,0
E_w2_p1_r3,1791064179.9024334,0
E_w2_p1_r3,1791064180.1027572,0
E_w2_p1_r3,1791064180.3028886,0
E_w2_p1_r3,1791064180.5029814,0
E_w2_p1_r3,1791064180.7030778,0
E_w2_p1_r3,1791064180.903173,0
E_w2_p1_r3,1791064181.1032789,0
E_w2_p1_r3,1791064181.3033967,0
E_w2_p1_r3,1791064181.5035248,0
E_w2_p1_r3,1791064181.703629,0
E_w2_p1_r3,1791064181.9037275,0
E_w2_p1_r3,1791064182.1038265,0
E_w2_p1_r3,1791064182.3039224,0
E_w2_p1_r3,1791064182.5040212,0
E_w2_p1_r3,1791064182.7041116,0
E_w2_p1_r3,1791064182.9042194,0
E_w2_p1_r3,1791064183.1043177,0
E_w2_p1_r3,1791064183.3044205,0
E_w2_p1_r3,1791064183.5045443,0
E_w2_p1_r3,1791064183.7046375,0
E_w2_p1_r3,1791064183.9047394,0
E_w2_p1_r3,1791064184.104842,0
E_w2_p1_r3,1791064184.3049786,0
E_w2_p1_r3,1791064184.5050757,0
E_w2_p1_r3,1791064184.705199,127
E_w2_p1_r3,1791064184.9053054,852
E_w2_p1_r3,1791064185.1054137,2634
E_w2_p1_r3,1791064185.3055434,5346
E_w2_p1_r3,1791064185.5056546,9068
E_w2_p1_r3,1791064185.7057498,10000
E_w2_p1_r3,1791064185.905846,10000
E_w2_p1_r3,1791064186.1059425,10000
E_w2_p1_r3,1791064186.3060548,10000
E_w2_p1_r3,1791064186.5061543,10000
E_w2_p1_r3,1791064186.7062538,10000
E_w2_p1_r3,1791064186.906349,10000
E_w2_p1_r3,1791064187.106455,10000
E_w2_p1_r3,1791064187.3065445,10000
E_w2_p1_r3,1791064187.5066485,10000
E_w2_p1_r3,1791064187.7067459,10000
E_w2_p1_r3,1791064187.906845,10000
E_w2_p1_r3,1791064188.1069481,10000
E_w2_p1_r3,1791064188.307045,10000
E_w2_p1_r3,1791064188.5073624,10000
E_w2_p1_r3,1791064188.7074614,10000
E_w2_p1_r3,1791064188.9075544,10000
E_w2_p1_r3,1791064189.1076546,10000
E_w2_p1_r3,1791064189.3077664,10000
E_w2_p1_r3,1791064189.5078738,10000
E_w2_p1_r3,1791064189.7079654,10000
E_w2_p1_r3,1791064189.9080594,10000
E_w2_p1_r3,1791064190.1081553,10000
E_w2_p1_r3,1791064190.308265,10829
E_w2_p1_r3,1791064190.5083706,18632
E_w2_p1_r3,1791064190.7084773,25221
E_w2_p1_r3,1791064190.9085753,30000
E_w2_p1_r3,1791064191.1086764,30000
E_w2_p1_r3,1791064191.308809,30000
E_w2_p1_r3,1791064191.5089128,30000
E_w2_p1_r3,1791064191.7090263,30000
E_w2_p1_r3,1791064191.9091284,30000
E_w2_p1_r3,1791064192.1092234,30000
E_w2_p1_r3,1791064192.309328,34957
E_w2_p1_r3,1791064192.5094306,45077
E_w2_p1_r3,1791064192.7095406,50000
E_w2_p1_r3,1791064192.909648,50000
E_w2_p1_r3,1791064193.1097493,50000
E_w2_p1_r3,1791064193.3098516,50000
E_w2_p1_r3,1791064193.509961,50000
E_w2_p1_r3,1791064193.7100573,50000
E_w2_p1_r3,1791064193.9101605,50000
E_w2_p1_r3,1791064194.1102583,50000
E_w2_p1_r3,1791064194.3103588,57548
E_w2_p1_r3,1791064194.510461,69712
E_w2_p1_r3,1791064194.7105622,70000
E_w2_p1_r3,1791064194.9106638,70000
E_w2_p1_r3,1791064195.1107767,70000
E_w2_p1_r3,1791064195.3108702,70000
E_w2_p1_r3,1791064195.5109751,70000
E_w2_p1_r3,1791064195.7110722,70000
E_w2_p1_r3,1791064195.9111674,70000
E_w2_p1_r3,1791064196.1113112,70000
E_w2_p1_r3,1791064196.3114197,88742
E_w2_p1_r3,1791064196.5115368,90000
E_w2_p1_r3,1791064196.7116306,90000
E_w2_p1_r3,1791064196.9117332,90000
E_w2_p1_r3,1791064197.111827,90000
E_w2_p1_r3,1791064197.3119228,90000
E_w2_p1_r3,1791064197.5120218,90000
E_w2_p1_r3,1791064197.7121677,90000
E_w2_p1_r3,1791064197.912284,98277
E_w2_p1_r3,1791064198.1123805,110000
E_w2_p1_r3,1791064198.3124828,110000
E_w2_p1_r3,1791064198.5125744,110000
E_w2_p1_r3,1791064198.7126706,110000
E_w2_p1_r3,1791064198.912768,110000
E_w2_p1_r3,1791064199.1128838,110000
E_w2_p1_r3,1791064199.312988,110000
E_w2_p1_r3,1791064199.5130854,120093
E_w2_p1_r3,1791064199.7131784,130000
E_w2_p1_r3,1791064199.9132848,130000
E_w2_p1_r3,1791064200.113388,130000
E_w2_p1_r3,1791064200.313492,130000
E_w2_p1_r3,1791064200.513555,130000
E_w2_p1_r3,1791064200.7136464,130000
E_w2_p1_r3,1791064200.9137385,130000
E_w2_p1_r3,1791064201.1138434,144502
E_w2_p1_r3,1791064201.3139338,150000
E_w2_p1_r3,1791064201.5140328,150000
E_w2_p1_r3,1791064201.7141514,150000
E_w2_p1_r3,1791064201.9142475,150000
E_w2_p1_r3,1791064202.1143596,150000
E_w2_p1_r3,1791064202.3144596,150000
E_w2_p1_r3,1791064202.514541,150000
E_w2_p1_r3,1791064202.714641,161646
E_w2_p1_r3,1791064202.9147415,170000
E_w2_p1_r3,1791064203.114853,170000
E_w2_p1_r3,1791064203.3149576,170000
E_w2_p1_r3,1791064203.5150502,170000
E_w2_p1_r3,1791064203.7151508,170000
E_w2_p1_r3,1791064203.9154782,170000
E_w2_p1_r3,1791064204.115591,170000
E_w2_p1_r3,1791064204.3157334,193258
E_w2_p1_r3,1791064204.515835,207049
E_w2_p1_r3,1791064204.7159357,220475
E_w2_p1_r3,1791064204.9160404,235209
E_w2_p1_r3,1791064205.116152,249025
E_w2_p1_r3,1791064205.3162415,259725
E_w2_p1_r3,1791064205.5163465,273550
E_w2_p1_r3,1791064205.7164485,280000
E_w2_p1_r3,1791064205.9165497,290000
E_w2_p1_r3,1791064206.1166806,290000
E_w2_p1_r3,1791064206.31679,300000
E_w2_p3_r1,1791064269.3299298,0
E_w2_p3_r1,1791064269.5300596,0
E_w2_p3_r1,1791064269.7302117,0
E_w2_p3_r1,1791064269.9303017,0
E_w2_p3_r1,1791064270.1304197,0
E_w2_p3_r1,1791064270.3307388,0
E_w2_p3_r1,1791064270.5308714,0
E_w2_p3_r1,1791064270.7309885,0
E_w2_p3_r1,1791064270.9310946,0
E_w2_p3_r1,1791064271.1312058,0
E_w2_p3_r1,1791064271.3313153,0
E_w2_p3_r1,1791064271.5314162,0
E_w2_p3_r1,1791064271.731549,0
E_w2_p3_r1,1791064271.9316862,0
E_w2_p3_r1,1791064272.131803,0
E_w2_p3_r1,1791064272.3319042,0
E_w2_p3_r1,1791064272.531994,0
E_w2_p3_r1,1791064272.7320893,0
E_w2_p3_r1,1791064272.9321783,0
E_w2_p3_r1,1791064273.1322925,0
E_w2_p3_r1,1791064273.3323896,0
E_w2_p3_r1,1791064273.5324862,0
E_w2_p3_r1,1791064273.732608,0
E_w2_p3_r1,1791064273.9327211,0
E_w2_p3_r1,1791064274.132856,0
E_w2_p3_r1,1791064274.3329592,0
E_w2_p3_r1,1791064274.533062,0
E_w2_p3_r1,1791064274.7331614,0
E_w2_p3_r1,1791064274.9332945,0
E_w2_p3_r1,1791064275.1333992,0
E_w2_p3_r1,1791064275.3334863,0
E_w2_p3_r1,1791064275.5335524,0
E_w2_p3_r1,1791064275.7336395,0
E_w2_p3_r1,1791064275.9337285,0
E_w2_p3_r1,1791064276.1338184,0
E_w2_p3_r1,1791064276.3339279,0
E_w2_p3_r1,1791064276.5340497,0
E_w2_p3_r1,1791064276.734158,0
E_w2_p3_r1,1791064276.934255,0
E_w2_p3_r1,1791064277.1343486,0
E_w2_p3_r1,1791064277.334448,0
E_w2_p3_r1,1791064277.5345626,0
E_w2_p3_r1,1791064277.7346594,0
E_w2_p3_r1,1791064277.934779,0
E_w2_p3_r1,1791064278.1348796,0
E_w2_p3_r1,1791064278.3349984,0
E_w2_p3_r1,1791064278.535576,0
E_w2_p3_r1,1791064278.7365634,0
E_w2_p3_r1,1791064278.936672,0
E_w2_p3_r1,1791064279.1367826,0
E_w2_p3_r1,1791064279.336865,0
E_w2_p3_r1,1791064279.5369818,0
E_w2_p3_r1,1791064279.7370772,0
E_w2_p3_r1,1791064279.9371753,0
E_w2_p3_r1,1791064280.137273,0
E_w2_p3_r1,1791064280.3373847,0
E_w2_p3_r1,1791064280.5374959,0
E_w2_p3_r1,1791064280.7375748,0
E_w2_p3_r1,1791064280.9377007,0
E_w2_p3_r1,1791064281.137809,0
E_w2_p3_r1,1791064281.3379078,0
E_w2_p3_r1,1791064281.538013,0
E_w2_p3_r1,1791064281.738158,0
E_w2_p3_r1,1791064281.938568,0
E_w2_p3_r1,1791064282.1386814,0
E_w2_p3_r1,1791064282.3387926,0
E_w2_p3_r1,1791064282.5389752,0
E_w2_p3_r1,1791064282.7390845,0
E_w2_p3_r1,1791064282.9397159,0
E_w2_p3_r1,1791064283.1398165,0
E_w2_p3_r1,1791064283.3399155,0
E_w2_p3_r1,1791064283.5400355,0
E_w2_p3_r1,1791064283.740155,0
E_w2_p3_r1,1791064283.9402688,0
E_w2_p3_r1,1791064284.1404402,0
E_w2_p3_r1,1791064284.340559,0
E_w2_p3_r1,1791064284.540649,0
E_w2_p3_r1,1791064284.740742,0
E_w2_p3_r1,1791064284.9408336,0
E_w2_p3_r1,1791064285.14094,0
E_w2_p3_r1,1791064285.3410432,0
E_w2_p3_r1,1791064285.5411544,0
E_w2_p3_r1,1791064285.741297,0
E_w2_p3_r1,1791064285.9413936,0
E_w2_p3_r1,1791064286.1414814,0
E_w2_p3_r1,1791064286.341546,0
E_w2_p3_r1,1791064286.5416415,0
E_w2_p3_r1,1791064286.7417495,0
E_w2_p3_r1,1791064286.9420664,0
E_w2_p3_r1,1791064287.1421854,0
E_w2_p3_r1,1791064287.3422806,0
E_w2_p3_r1,1791064287.5423765,0
E_w2_p3_r1,1791064287.742497,0
E_w2_p3_r1,1791064287.9425445,0
E_w2_p3_r1,1791064288.1426387,0
E_w2_p3_r1,1791064288.3429399,0
E_w2_p3_r1,1791064288.5430288,0
E_w2_p3_r1,1791064288.7431324,0
E_w2_p3_r1,1791064288.9434292,0
E_w2_p3_r1,1791064289.1435728,0
E_w2_p3_r1,1791064289.3438225,0
E_w2_p3_r1,1791064289.5439146,0
E_w2_p3_r1,1791064289.7440522,0
E_w2_p3_r1,1791064289.944186,0
E_w2_p3_r1,1791064290.1442826,0
E_w2_p3_r1,1791064290.3443828,0
E_w2_p3_r1,1791064290.544496,0
E_w2_p3_r1,1791064290.7445884,0
E_w2_p3_r1,1791064290.9447134,0
E_w2_p3_r1,1791064291.1448195,0
E_w2_p3_r1,1791064291.3451262,0
E_w2_p3_r1,1791064291.545236,0
E_w2_p3_r1,1791064291.7453477,0
E_w2_p3_r1,1791064291.9454618,0
E_w2_p3_r1,1791064292.1455863,0
E_w2_p3_r1,1791064292.345685,0
E_w2_p3_r1,1791064292.5457962,0
E_w2_p3_r1,1791064292.745896,0
E_w2_p3_r1,1791064292.9462502,0
E_w2_p3_r1,1791064293.146368,0
E_w2_p3_r1,1791064293.3464665,0
E_w2_p3_r1,1791064293.5465791,0
E_w2_p3_r1,1791064293.7466955,0
E_w2_p3_r1,1791064293.9467967,0
E_w2_p3_r1,1791064294.1469042,0
E_w2_p3_r1,1791064294.3470204,0
E_w2_p3_r1,1791064294.5471966,0
E_w2_p3_r1,1791064294.7473195,0
E_w2_p3_r1,1791064294.9474216,0
E_w2_p3_r1,1791064295.14753,0
E_w2_p3_r1,1791064295.3476398,0
E_w2_p3_r1,1791064295.5477545,0
E_w2_p3_r1,1791064295.7478614,0
E_w2_p3_r1,1791064295.9479575,0
E_w2_p3_r1,1791064296.1480978,0
E_w2_p3_r1,1791064296.3482044,0
E_w2_p3_r1,1791064296.5483131,0
E_w2_p3_r1,1791064296.7484276,0
E_w2_p3_r1,1791064296.9485369,0
E_w2_p3_r1,1791064297.1486313,0
E_w2_p3_r1,1791064297.348771,0
E_w2_p3_r1,1791064297.5488658,0
E_w2_p3_r1,1791064297.7489684,0
E_w2_p3_r1,1791064297.9490705,0
E_w2_p3_r1,1791064298.1491828,0
E_w2_p3_r1,1791064298.3493273,0
E_w2_p3_r1,1791064298.5494235,0
E_w2_p3_r1,1791064298.7495358,0
E_w2_p3_r1,1791064298.9496331,0
E_w2_p3_r1,1791064299.149733,0
E_w2_p3_r1,1791064299.349852,0
E_w2_p3_r1,1791064299.5499685,0
E_w2_p3_r1,1791064299.7500806,0
E_w2_p3_r1,1791064299.9501781,0
E_w2_p3_r1,1791064300.150295,0
E_w2_p3_r1,1791064300.3504045,0
E_w2_p3_r1,1791064300.550515,0
E_w2_p3_r1,1791064300.750621,0
E_w2_p3_r1,1791064300.9507623,0
E_w2_p3_r1,1791064301.1508613,0
E_w2_p3_r1,1791064301.3510003,0
E_w2_p3_r1,1791064301.551115,0
E_w2_p3_r1,1791064301.7512558,0
E_w2_p3_r1,1791064301.9513638,0
E_w2_p3_r1,1791064302.1514556,0
E_w2_p3_r1,1791064302.3515627,0
E_w2_p3_r1,1791064302.551687,0
E_w2_p3_r1,1791064302.7517865,0
E_w2_p3_r1,1791064302.9518943,0
E_w2_p3_r1,1791064303.1520123,0
E_w2_p3_r1,1791064303.3521178,0
E_w2_p3_r1,1791064303.5522165,0
E_w2_p3_r1,1791064303.7523298,0
E_w2_p3_r1,1791064303.9524188,0
E_w2_p3_r1,1791064304.1525402,0
E_w2_p3_r1,1791064304.3526537,356
E_w2_p3_r1,1791064304.5527675,1224
E_w2_p3_r1,1791064304.7528355,3284
E_w2_p3_r1,1791064304.9529529,6612
E_w2_p3_r1,1791064305.1530516,10000
E_w2_p3_r1,1791064305.3531556,10000
E_w2_p3_r1,1791064305.5532596,10000
E_w2_p3_r1,1791064305.7533002,10000
E_w2_p3_r1,1791064305.9533687,10000
E_w2_p3_r1,1791064306.1534796,10000
E_w2_p3_r1,1791064306.3535576,15754
E_w2_p3_r1,1791064306.5536592,24503
E_w2_p3_r1,1791064306.7537766,30000
E_w2_p3_r1,1791064306.9538758,30000
E_w2_p3_r1,1791064307.1539776,30000
E_w2_p3_r1,1791064307.3540795,30000
E_w2_p3_r1,1791064307.5541773,30000
E_w2_p3_r1,1791064307.7545369,30000
E_w2_p3_r1,1791064307.9546654,30000
E_w2_p3_r1,1791064308.1548102,42447
E_w2_p3_r1,1791064308.3549135,52853
E_w2_p3_r1,1791064308.5550187,62387
E_w2_p3_r1,1791064308.7551186,73820
E_w2_p3_r1,1791064308.9552252,80000
E_w2_p3_r1,1791064309.1553292,90000
E_w2_p3_r1,1791064309.3554251,90000
E_w2_p3_r1,1791064309.555553,90178
E_w2_p3_r1,1791064309.7556462,100000
E_w2_p3_r1,1791064309.955784,100178
E_w2_p3_r1,1791064310.1561308,100178
E_w2_p3_r1,1791064310.3564706,100178
E_w2_p3_r1,1791064310.5568552,100178
E_w2_p3_r1,1791064310.756995,100178
E_w2_p3_r1,1791064310.9571004,100178
E_w2_p3_r1,1791064311.1571934,100178
E_w2_p3_r1,1791064311.3575606,100178
E_w2_p3_r1,1791064311.5576973,100178
E_w2_p3_r1,1791064311.7578628,100178
E_w2_p3_r1,1791064311.957966,100178
E_w2_p3_r1,1791064312.1583135,100480
E_w2_p3_r1,1791064312.3586884,100994
E_w2_p3_r1,1791064312.5588005,101679
E_w2_p3_r1,1791064312.7589612,102791
E_w2_p3_r1,1791064312.9593008,104390
E_w2_p3_r1,1791064313.159678,107824
E_w2_p3_r1,1791064313.359828,111269
E_w2_p3_r1,1791064313.5599475,115386
E_w2_p3_r1,1791064313.760054,118401
E_w2_p3_r1,1791064313.9601617,120178
E_w2_p3_r1,1791064314.1604953,120178
E_w2_p3_r1,1791064314.360628,120178
E_w2_p3_r1,1791064314.5607874,120178
E_w2_p3_r1,1791064314.7611666,120178
E_w2_p3_r1,1791064314.961284,120178
E_w2_p3_r1,1791064315.1616807,120178
E_w2_p3_r1,1791064315.3620594,120178
E_w2_p3_r1,1791064315.562205,120178
E_w2_p3_r1,1791064315.7623248,120178
E_w2_p3_r1,1791064315.9624736,120178
E_w2_p3_r1,1791064316.162616,122375
E_w2_p3_r1,1791064316.362736,126274
E_w2_p3_r1,1791064316.5628521,132691
E_w2_p3_r1,1791064316.7629967,138205
E_w2_p3_r1,1791064316.9631357,142106
E_w2_p3_r1,1791064317.1635668,147452
E_w2_p3_r1,1791064317.3637557,152397
E_w2_p3_r1,1791064317.564094,156198
E_w2_p3_r1,1791064317.7642326,159775
E_w2_p3_r1,1791064317.9643748,161652
E_w2_p3_r1,1791064318.164482,164935
E_w2_p3_r1,1791064318.3646367,168862
E_w2_p3_r1,1791064318.565019,172888
E_w2_p3_r1,1791064318.7655659,176704
E_w2_p3_r1,1791064318.9657254,181097
E_w2_p3_r1,1791064319.1660311,184892
E_w2_p3_r1,1791064319.3661742,192811
E_w2_p3_r1,1791064319.5662785,201968
E_w2_p3_r1,1791064319.7663698,209568
E_w2_p3_r1,1791064319.9664764,219204
E_w2_p3_r1,1791064320.166576,223787
E_w2_p3_r1,1791064320.3667238,229354
E_w2_p3_r1,1791064320.5668428,233968
E_w2_p3_r1,1791064320.7669475,238622
E_w2_p3_r1,1791064320.9670482,244647
E_w2_p3_r1,1791064321.1671677,250178
E_w2_p3_r1,1791064321.367271,256942
E_w2_p3_r1,1791064321.5674207,260178
E_w2_p3_r1,1791064321.7675402,264510
E_w2_p3_r1,1791064321.9679017,270178
E_w2_p3_r1,1791064322.168296,270178
E_w2_p3_r1,1791064322.3684382,274238
E_w2_p3_r1,1791064322.5689893,280178
E_w2_p3_r1,1791064322.7690942,280178
E_w2_p3_r1,1791064322.9693081,290178
E_w2_p3_r1,1791064323.1694255,290178
E_w2_p3_r1,1791064323.3697677,291816
E_w2_p3_r1,1791064323.5698717,300000
E_w2_p3_r2,1791064386.8628125,0
E_w2_p3_r2,1791064387.0633595,0
E_w2_p3_r2,1791064387.263461,0
E_w2_p3_r2,1791064387.46357,0
E_w2_p3_r2,1791064387.6636713,0
E_w2_p3_r2,1791064387.863761,0
E_w2_p3_r2,1791064388.0638611,0
E_w2_p3_r2,1791064388.2639506,0
E_w2_p3_r2,1791064388.4645374,0
E_w2_p3_r2,1791064388.6648498,0
E_w2_p3_r2,1791064388.8649504,0
E_w2_p3_r2,1791064389.0650866,0
E_w2_p3_r2,1791064389.265221,0
E_w2_p3_r2,1791064389.4653604,0
E_w2_p3_r2,1791064389.6654634,0
E_w2_p3_r2,1791064389.8655446,0
E_w2_p3_r2,1791064390.0656443,0
E_w2_p3_r2,1791064390.2657464,0
E_w2_p3_r2,1791064390.4658463,0
E_w2_p3_r2,1791064390.6659644,0
E_w2_p3_r2,1791064390.8661005,0
E_w2_p3_r2,1791064391.0662029,0
E_w2_p3_r2,1791064391.266302,0
E_w2_p3_r2,1791064391.4664059,0
E_w2_p3_r2,1791064391.6665306,0
E_w2_p3_r2,1791064391.8666391,0
E_w2_p3_r2,1791064392.0669293,0
E_w2_p3_r2,1791064392.2670357,0
E_w2_p3_r2,1791064392.467134,0
E_w2_p3_r2,1791064392.6672606,0
E_w2_p3_r2,1791064392.8673768,0
E_w2_p3_r2,1791064393.0674834,0
E_w2_p3_r2,1791064393.2675545,0
E_w2_p3_r2,1791064393.4676898,0
E_w2_p3_r2,1791064393.6678016,0
E_w2_p3_r2,1791064393.8679109,0
E_w2_p3_r2,1791064394.0680509,0
E_w2_p3_r2,1791064394.2681587,0
E_w2_p3_r2,1791064394.468252,0
E_w2_p3_r2,1791064394.6683884,0
E_w2_p3_r2,1791064394.8684762,0
E_w2_p3_r2,1791064395.0686064,0
E_w2_p3_r2,1791064395.2696095,0
E_w2_p3_r2,1791064395.469715,0
E_w2_p3_r2,1791064395.6698163,0
E_w2_p3_r2,1791064395.8699179,0
E_w2_p3_r2,1791064396.0700152,0
E_w2_p3_r2,1791064396.2701414,0
E_w2_p3_r2,1791064396.4705615,0
E_w2_p3_r2,1791064396.670673,0
E_w2_p3_r2,1791064396.8707852,0
E_w2_p3_r2,1791064397.0708804,0
E_w2_p3_r2,1791064397.2709894,0
E_w2_p3_r2,1791064397.4711065,0
E_w2_p3_r2,1791064397.6712189,0
E_w2_p3_r2,1791064397.8713374,0
E_w2_p3_r2,1791064398.0714405,0
E_w2_p3_r2,1791064398.2715318,0
E_w2_p3_r2,1791064398.4716327,0
E_w2_p3_r2,1791064398.6717253,0
E_w2_p3_r2,1791064398.871864,0
E_w2_p3_r2,1791064399.0719695,0
E_w2_p3_r2,1791064399.2720819,0
E_w2_p3_r2,1791064399.4721785,0
E_w2_p3_r2,1791064399.6722918,0
E_w2_p3_r2,1791064399.8723853,0
E_w2_p3_r2,1791064400.0724795,0
E_w2_p3_r2,1791064400.2725847,0
E_w2_p3_r2,1791064400.4727128,0
E_w2_p3_r2,1791064400.6728005,0
E_w2_p3_r2,1791064400.8729134,0
E_w2_p3_r2,1791064401.0730588,0
E_w2_p3_r2,1791064401.273188,0
E_w2_p3_r2,1791064401.4732976,0
E_w2_p3_r2,1791064401.6736066,0
E_w2_p3_r2,1791064401.8737526,0
E_w2_p3_r2,1791064402.0738478,0
E_w2_p3_r2,1791064402.2739887,0
E_w2_p3_r2,1791064402.4741318,0
E_w2_p3_r2,1791064402.6742547,0
E_w2_p3_r2,1791064402.8743548,0
E_w2_p3_r2,1791064403.0744538,0
E_w2_p3_r2,1791064403.2745905,0
E_w2_p3_r2,1791064403.4747007,0
E_w2_p3_r2,1791064403.6748104,0
E_w2_p3_r2,1791064403.8749197,0
E_w2_p3_r2,1791064404.0750082,0
E_w2_p3_r2,1791064404.2751415,0
E_w2_p3_r2,1791064404.4752824,0
E_w2_p3_r2,1791064404.6754012,0
E_w2_p3_r2,1791064404.8755445,0
E_w2_p3_r2,1791064405.0756567,0
E_w2_p3_r2,1791064405.2757437,0
E_w2_p3_r2,1791064405.4758453,0
E_w2_p3_r2,1791064405.6759777,0
E_w2_p3_r2,1791064405.876081,0
E_w2_p3_r2,1791064406.0764246,0
E_w2_p3_r2,1791064406.2766314,0
E_w2_p3_r2,1791064406.4767292,0
E_w2_p3_r2,1791064406.6768286,0
E_w2_p3_r2,1791064406.8771434,0
E_w2_p3_r2,1791064407.0772433,0
E_w2_p3_r2,1791064407.277339,0
E_w2_p3_r2,1791064407.477471,0
E_w2_p3_r2,1791064407.677605,0
E_w2_p3_r2,1791064407.8777459,0
E_w2_p3_r2,1791064408.0778453,0
E_w2_p3_r2,1791064408.2779605,0
E_w2_p3_r2,1791064408.4781013,0
E_w2_p3_r2,1791064408.6782246,0
E_w2_p3_r2,1791064408.8783214,0
E_w2_p3_r2,1791064409.078459,0
E_w2_p3_r2,1791064409.2785773,0
E_w2_p3_r2,1791064409.4787035,0
E_w2_p3_r2,1791064409.6788082,0
E_w2_p3_r2,1791064409.8789296,0
E_w2_p3_r2,1791064410.0790405,0
E_w2_p3_r2,1791064410.2791486,0
E_w2_p3_r2,1791064410.4792612,0
E_w2_p3_r2,1791064410.6793687,0
E_w2_p3_r2,1791064410.8794847,0
E_w2_p3_r2,1791064411.0795896,0
E_w2_p3_r2,1791064411.2797046,0
E_w2_p3_r2,1791064411.4798121,0
E_w2_p3_r2,1791064411.6799068,0
E_w2_p3_r2,1791064411.880017,0
E_w2_p3_r2,1791064412.080149,0
E_w2_p3_r2,1791064412.280285,0
E_w2_p3_r2,1791064412.4803956,0
E_w2_p3_r2,1791064412.6805227,0
E_w2_p3_r2,1791064412.8806295,0
E_w2_p3_r2,1791064413.0807464,0
E_w2_p3_r2,1791064413.2808485,0
E_w2_p3_r2,1791064413.4809492,0
E_w2_p3_r2,1791064413.6810727,0
E_w2_p3_r2,1791064413.881197,0
E_w2_p3_r2,1791064414.0813277,0
E_w2_p3_r2,1791064414.281457,0
E_w2_p3_r2,1791064414.4824688,0
E_w2_p3_r2,1791064414.6825476,0
E_w2_p3_r2,1791064414.8826594,0
E_w2_p3_r2,1791064415.0827582,0
E_w2_p3_r2,1791064415.2828698,0
E_w2_p3_r2,1791064415.482978,0
E_w2_p3_r2,1791064415.6831183,0
E_w2_p3_r2,1791064415.8832262,0
E_w2_p3_r2,1791064416.0833495,0
E_w2_p3_r2,1791064416.2834682,0
E_w2_p3_r2,1791064416.4835784,0
E_w2_p3_r2,1791064416.683694,0
E_w2_p3_r2,1791064416.8837926,0
E_w2_p3_r2,1791064417.0845907,0
E_w2_p3_r2,1791064417.284697,0
E_w2_p3_r2,1791064417.4848132,0
E_w2_p3_r2,1791064417.6849256,0
E_w2_p3_r2,1791064417.885046,0
E_w2_p3_r2,1791064418.0851498,0
E_w2_p3_r2,1791064418.2875674,0
E_w2_p3_r2,1791064418.4876754,0
E_w2_p3_r2,1791064418.687789,0
E_w2_p3_r2,1791064418.8879385,0
E_w2_p3_r2,1791064419.088082,0
E_w2_p3_r2,1791064419.288748,0
E_w2_p3_r2,1791064419.4889996,0
E_w2_p3_r2,1791064419.6891038,0
E_w2_p3_r2,1791064419.8892174,0
E_w2_p3_r2,1791064420.089344,0
E_w2_p3_r2,1791064420.2894425,0
E_w2_p3_r2,1791064420.4895804,0
E_w2_p3_r2,1791064420.6896904,0
E_w2_p3_r2,1791064420.8899543,0
E_w2_p3_r2,1791064421.0900755,0
E_w2_p3_r2,1791064421.290556,0
E_w2_p3_r2,1791064421.4906595,0
E_w2_p3_r2,1791064421.6907666,426
E_w2_p3_r2,1791064421.8908849,1562
E_w2_p3_r2,1791064422.0909915,4763
E_w2_p3_r2,1791064422.2911096,9325
E_w2_p3_r2,1791064422.4912145,10000
E_w2_p3_r2,1791064422.6924188,10000
E_w2_p3_r2,1791064422.8925529,10000
E_w2_p3_r2,1791064423.0934303,10000
E_w2_p3_r2,1791064423.2935553,10000
E_w2_p3_r2,1791064423.4936588,13427
E_w2_p3_r2,1791064423.693761,21097
E_w2_p3_r2,1791064423.893861,27434
E_w2_p3_r2,1791064424.0939677,30000
E_w2_p3_r2,1791064424.2940872,30000
E_w2_p3_r2,1791064424.4941955,30000
E_w2_p3_r2,1791064424.6946394,30000
E_w2_p3_r2,1791064424.8947845,30000
E_w2_p3_r2,1791064425.0948906,30000
E_w2_p3_r2,1791064425.2950094,30000
E_w2_p3_r2,1791064425.4951274,42150
E_w2_p3_r2,1791064425.6952279,50646
E_w2_p3_r2,1791064425.89558,59133
E_w2_p3_r2,1791064426.0973487,68818
E_w2_p3_r2,1791064426.2986135,77803
E_w2_p3_r2,1791064426.4987192,83057
E_w2_p3_r2,1791064426.6988144,90000
E_w2_p3_r2,1791064426.898925,90000
E_w2_p3_r2,1791064427.09902,96270
E_w2_p3_r2,1791064427.2991319,99733
E_w2_p3_r2,1791064427.4992495,99733
E_w2_p3_r2,1791064427.699352,99733
E_w2_p3_r2,1791064427.8994443,99733
E_w2_p3_r2,1791064428.0995955,99733
E_w2_p3_r2,1791064428.2996879,99733
E_w2_p3_r2,1791064428.499795,99733
E_w2_p3_r2,1791064428.6999416,99733
E_w2_p3_r2,1791064428.900042,99733
E_w2_p3_r2,1791064429.1001613,99733
E_w2_p3_r2,1791064429.300259,99733
E_w2_p3_r2,1791064429.500388,99829
E_w2_p3_r2,1791064429.700494,100428
E_w2_p3_r2,1791064429.902021,101208
E_w2_p3_r2,1791064430.1023648,102192
E_w2_p3_r2,1791064430.302464,103427
E_w2_p3_r2,1791064430.5025558,105521
E_w2_p3_r2,1791064430.702657,108875
E_w2_p3_r2,1791064430.902775,112803
E_w2_p3_r2,1791064431.1028867,117902
E_w2_p3_r2,1791064431.3030012,119733
E_w2_p3_r2,1791064431.5030944,119733
E_w2_p3_r2,1791064431.7032113,119733
E_w2_p3_r2,1791064431.9033332,119733
E_w2_p3_r2,1791064432.103433,119733
E_w2_p3_r2,1791064432.303743,119733
E_w2_p3_r2,1791064432.503844,119733
E_w2_p3_r2,1791064432.7039413,122220
E_w2_p3_r2,1791064432.904056,127255
E_w2_p3_r2,1791064433.1041682,131710
E_w2_p3_r2,1791064433.3042822,135606
E_w2_p3_r2,1791064433.5043964,139733
E_w2_p3_r2,1791064433.7045,139733
E_w2_p3_r2,1791064433.904618,139733
E_w2_p3_r2,1791064434.1047173,139733
E_w2_p3_r2,1791064434.304841,143101
E_w2_p3_r2,1791064434.5049534,148578
E_w2_p3_r2,1791064434.7050583,154537
E_w2_p3_r2,1791064434.9051564,159380
E_w2_p3_r2,1791064435.105259,166617
E_w2_p3_r2,1791064435.3053532,174489
E_w2_p3_r2,1791064435.5054548,183817
E_w2_p3_r2,1791064435.7055671,194637
E_w2_p3_r2,1791064435.9056814,203184
E_w2_p3_r2,1791064436.1057813,211787
E_w2_p3_r2,1791064436.3061094,219748
E_w2_p3_r2,1791064436.5062325,226008
E_w2_p3_r2,1791064436.706358,236111
E_w2_p3_r2,1791064436.9065936,248094
E_w2_p3_r2,1791064437.1067045,249733
E_w2_p3_r2,1791064437.3068075,249733
E_w2_p3_r2,1791064437.506875,259428
E_w2_p3_r2,1791064437.7069714,259733
E_w2_p3_r2,1791064437.9070828,263899
E_w2_p3_r2,1791064438.1071982,269733
E_w2_p3_r2,1791064438.307297,269733
E_w2_p3_r2,1791064438.5073955,278409
E_w2_p3_r2,1791064438.7074962,279733
E_w2_p3_r2,1791064438.907567,282493
E_w2_p3_r2,1791064439.107671,290084
E_w2_p3_r2,1791064439.3077593,290084
E_w2_p3_r2,1791064439.507862,298488
E_w2_p3_r2,1791064439.7079585,300000
E_w2_p3_r3,1791064503.2010934,0
E_w2_p3_r3,1791064503.4012163,0
E_w2_p3_r3,1791064503.6013305,0
E_w2_p3_r3,1791064503.8014207,0
E_w2_p3_r3,1791064504.0015655,0
E_w2_p3_r3,1791064504.2018716,0
E_w2_p3_r3,1791064504.4019666,0
E_w2_p3_r3,1791064504.6021054,0
E_w2_p3_r3,1791064504.802199,0
E_w2_p3_r3,1791064505.0023143,0
E_w2_p3_r3,1791064505.2024055,0
E_w2_p3_r3,1791064505.4024968,0
E_w2_p3_r3,1791064505.6025674,0
E_w2_p3_r3,1791064505.8026607,0
E_w2_p3_r3,1791064506.0027661,0
E_w2_p3_r3,1791064506.202879,0
E_w2_p3_r3,1791064506.4029877,0
E_w2_p3_r3,1791064506.6030896,0
E_w2_p3_r3,1791064506.803183,0
E_w2_p3_r3,1791064507.003319,0
E_w2_p3_r3,1791064507.2034326,0
E_w2_p3_r3,1791064507.4035397,0
E_w2_p3_r3,1791064507.6036365,0
E_w2_p3_r3,1791064507.8037326,0
E_w2_p3_r3,1791064508.0038292,0
E_w2_p3_r3,1791064508.203911,0
E_w2_p3_r3,1791064508.404018,0
E_w2_p3_r3,1791064508.6041286,0
E_w2_p3_r3,1791064508.804228,0
E_w2_p3_r3,1791064509.004335,0
E_w2_p3_r3,1791064509.2044783,0
E_w2_p3_r3,1791064509.4045918,0
E_w2_p3_r3,1791064509.6046927,0
E_w2_p3_r3,1791064509.8050168,0
E_w2_p3_r3,1791064510.0051184,0
E_w2_p3_r3,1791064510.2052324,0
E_w2_p3_r3,1791064510.4053326,0
E_w2_p3_r3,1791064510.6054342,0
E_w2_p3_r3,1791064510.8055398,0
E_w2_p3_r3,1791064511.0056527,0
E_w2_p3_r3,1791064511.2057714,0
E_w2_p3_r3,1791064511.4059126,0
E_w2_p3_r3,1791064511.606058,0
E_w2_p3_r3,1791064511.8061583,0
E_w2_p3_r3,1791064512.0063376,0
E_w2_p3_r3,1791064512.2064428,0
E_w2_p3_r3,1791064512.406568,0
E_w2_p3_r3,1791064512.6066868,0
E_w2_p3_r3,1791064512.8074882,0
E_w2_p3_r3,1791064513.0075586,0
E_w2_p3_r3,1791064513.207659,0
E_w2_p3_r3,1791064513.4077787,0
E_w2_p3_r3,1791064513.607889,0
E_w2_p3_r3,1791064513.8079836,0
E_w2_p3_r3,1791064514.0081344,0
E_w2_p3_r3,1791064514.208273,0
E_w2_p3_r3,1791064514.4083693,0
E_w2_p3_r3,1791064514.6084738,0
E_w2_p3_r3,1791064514.8085613,0
E_w2_p3_r3,1791064515.008633,0
E_w2_p3_r3,1791064515.2087524,0
E_w2_p3_r3,1791064515.4088523,0
E_w2_p3_r3,1791064515.6089735,0
E_w2_p3_r3,1791064515.8094068,0
E_w2_p3_r3,1791064516.0095317,0
E_w2_p3_r3,1791064516.209651,0
E_w2_p3_r3,1791064516.4097612,0
E_w2_p3_r3,1791064516.6098619,0
E_w2_p3_r3,1791064516.8099537,0
E_w2_p3_r3,1791064517.010046,0
E_w2_p3_r3,1791064517.210133,0
E_w2_p3_r3,1791064517.4102361,0
E_w2_p3_r3,1791064517.610407,0
E_w2_p3_r3,1791064517.8105,0
E_w2_p3_r3,1791064518.010553,0
E_w2_p3_r3,1791064518.2106411,0
E_w2_p3_r3,1791064518.41076,0
E_w2_p3_r3,1791064518.6108491,0
E_w2_p3_r3,1791064518.8109474,0
E_w2_p3_r3,1791064519.0110836,0
E_w2_p3_r3,1791064519.2112231,0
E_w2_p3_r3,1791064519.4113367,0
E_w2_p3_r3,1791064519.6114757,0
E_w2_p3_r3,1791064519.8115525,0
E_w2_p3_r3,1791064520.0116873,0
E_w2_p3_r3,1791064520.2118082,0
E_w2_p3_r3,1791064520.4119048,0
E_w2_p3_r3,1791064520.6120107,0
E_w2_p3_r3,1791064520.8121154,0
E_w2_p3_r3,1791064521.0122237,0
E_w2_p3_r3,1791064521.212549,0
E_w2_p3_r3,1791064521.4126453,0
E_w2_p3_r3,1791064521.6127374,0
E_w2_p3_r3,1791064521.8128245,0
E_w2_p3_r3,1791064522.0129309,0
E_w2_p3_r3,1791064522.2130668,0
E_w2_p3_r3,1791064522.4131784,0
E_w2_p3_r3,1791064522.6133153,0
E_w2_p3_r3,1791064522.8134127,0
E_w2_p3_r3,1791064523.0135453,0
E_w2_p3_r3,1791064523.2136467,0
E_w2_p3_r3,1791064523.4137437,0
E_w2_p3_r3,1791064523.6140954,0
E_w2_p3_r3,1791064523.8141959,0
E_w2_p3_r3,1791064524.014315,0
E_w2_p3_r3,1791064524.2144399,0
E_w2_p3_r3,1791064524.414562,0
E_w2_p3_r3,1791064524.614686,0
E_w2_p3_r3,1791064524.814782,0
E_w2_p3_r3,1791064525.0149174,0
E_w2_p3_r3,1791064525.2150507,0
E_w2_p3_r3,1791064525.4151394,0
E_w2_p3_r3,1791064525.6152492,0
E_w2_p3_r3,1791064525.8153768,0
E_w2_p3_r3,1791064526.0154917,0
E_w2_p3_r3,1791064526.215795,0
E_w2_p3_r3,1791064526.4158947,0
E_w2_p3_r3,1791064526.6160023,0
E_w2_p3_r3,1791064526.8161182,0
E_w2_p3_r3,1791064527.0162265,0
E_w2_p3_r3,1791064527.216335,0
E_w2_p3_r3,1791064527.4164393,0
E_w2_p3_r3,1791064527.6165655,0
E_w2_p3_r3,1791064527.8166673,0
E_w2_p3_r3,1791064528.016777,0
E_w2_p3_r3,1791064528.216906,0
E_w2_p3_r3,1791064528.4170074,0
E_w2_p3_r3,1791064528.6171076,0
E_w2_p3_r3,1791064528.8172448,0
E_w2_p3_r3,1791064529.0173461,0
E_w2_p3_r3,1791064529.217455,0
E_w2_p3_r3,1791064529.4175987,0
E_w2_p3_r3,1791064529.6177013,0
E_w2_p3_r3,1791064529.8178,0
E_w2_p3_r3,1791064530.0179074,0
E_w2_p3_r3,1791064530.218015,0
E_w2_p3_r3,1791064530.4181168,0
E_w2_p3_r3,1791064530.6182323,0
E_w2_p3_r3,1791064530.8183472,0
E_w2_p3_r3,1791064531.0184653,0
E_w2_p3_r3,1791064531.218561,0
E_w2_p3_r3,1791064531.4186673,0
E_w2_p3_r3,1791064531.6191313,0
E_w2_p3_r3,1791064531.81925,0
E_w2_p3_r3,1791064532.0195577,0
E_w2_p3_r3,1791064532.21965,0
E_w2_p3_r3,1791064532.4197881,0
E_w2_p3_r3,1791064532.6198921,0
E_w2_p3_r3,1791064532.8200135,0
E_w2_p3_r3,1791064533.0204227,0
E_w2_p3_r3,1791064533.2209158,0
E_w2_p3_r3,1791064533.421006,0
E_w2_p3_r3,1791064533.6211166,0
E_w2_p3_r3,1791064533.8212118,0
E_w2_p3_r3,1791064534.0215812,0
E_w2_p3_r3,1791064534.2216723,0
E_w2_p3_r3,1791064534.4218102,0
E_w2_p3_r3,1791064534.621909,0
E_w2_p3_r3,1791064534.822018,0
E_w2_p3_r3,1791064535.0221236,0
E_w2_p3_r3,1791064535.2223222,0
E_w2_p3_r3,1791064535.422442,0
E_w2_p3_r3,1791064535.6225634,0
E_w2_p3_r3,1791064535.82267,0
E_w2_p3_r3,1791064536.0227723,0
E_w2_p3_r3,1791064536.2235677,0
E_w2_p3_r3,1791064536.423652,0
E_w2_p3_r3,1791064536.6237524,0
E_w2_p3_r3,1791064536.823872,97
E_w2_p3_r3,1791064537.0239725,858
E_w2_p3_r3,1791064537.2240765,2592
E_w2_p3_r3,1791064537.4241796,6306
E_w2_p3_r3,1791064537.6242802,10000
E_w2_p3_r3,1791064537.8243928,10000
E_w2_p3_r3,1791064538.024498,10000
E_w2_p3_r3,1791064538.2245758,10000
E_w2_p3_r3,1791064538.4246888,10000
E_w2_p3_r3,1791064538.6247938,10000
E_w2_p3_r3,1791064538.8248875,11943
E_w2_p3_r3,1791064539.0249949,20683
E_w2_p3_r3,1791064539.2250962,28039
E_w2_p3_r3,1791064539.4251883,30000
E_w2_p3_r3,1791064539.6253052,30000
E_w2_p3_r3,1791064539.8254256,30000
E_w2_p3_r3,1791064540.02573,30000
E_w2_p3_r3,1791064540.2258406,30000
E_w2_p3_r3,1791064540.4259546,30000
E_w2_p3_r3,1791064540.626066,32760
E_w2_p3_r3,1791064540.8261726,43088
E_w2_p3_r3,1791064541.0262845,50011
E_w2_p3_r3,1791064541.2263808,58979
E_w2_p3_r3,1791064541.426488,68407
E_w2_p3_r3,1791064541.6265771,76967
E_w2_p3_r3,1791064541.8266742,85098
E_w2_p3_r3,1791064542.0267644,90000
E_w2_p3_r3,1791064542.2268572,90000
E_w2_p3_r3,1791064542.4269547,100000
E_w2_p3_r3,1791064542.6271083,100119
E_w2_p3_r3,1791064542.827208,100119
E_w2_p3_r3,1791064543.0273407,100119
E_w2_p3_r3,1791064543.2274406,100119
E_w2_p3_r3,1791064543.4275482,100119
E_w2_p3_r3,1791064543.627646,100119
E_w2_p3_r3,1791064543.8277555,100119
E_w2_p3_r3,1791064544.0278754,100119
E_w2_p3_r3,1791064544.2279766,100119
E_w2_p3_r3,1791064544.428085,100119
E_w2_p3_r3,1791064544.6281846,100119
E_w2_p3_r3,1791064544.8282914,100119
E_w2_p3_r3,1791064545.0285013,100119
E_w2_p3_r3,1791064545.2288396,100397
E_w2_p3_r3,1791064545.4289434,100795
E_w2_p3_r3,1791064545.6290812,101697
E_w2_p3_r3,1791064545.8292234,103073
E_w2_p3_r3,1791064546.0293357,104454
E_w2_p3_r3,1791064546.2294743,105808
E_w2_p3_r3,1791064546.4296083,108868
E_w2_p3_r3,1791064546.630207,112556
E_w2_p3_r3,1791064546.8303006,116748
E_w2_p3_r3,1791064547.0306392,118966
E_w2_p3_r3,1791064547.2307305,120119
E_w2_p3_r3,1791064547.4308324,120119
E_w2_p3_r3,1791064547.6312373,120119
E_w2_p3_r3,1791064547.8313587,120119
E_w2_p3_r3,1791064548.0314927,120119
E_w2_p3_r3,1791064548.2315652,120119
E_w2_p3_r3,1791064548.4319096,120119
E_w2_p3_r3,1791064548.6320572,120119
E_w2_p3_r3,1791064548.8324022,120119
E_w2_p3_r3,1791064549.0325465,120119
E_w2_p3_r3,1791064549.2326858,120119
E_w2_p3_r3,1791064549.4328187,120119
E_w2_p3_r3,1791064549.6329112,128078
E_w2_p3_r3,1791064549.8332489,134335
E_w2_p3_r3,1791064550.0336242,139476
E_w2_p3_r3,1791064550.2342346,144392
E_w2_p3_r3,1791064550.4343257,147068
E_w2_p3_r3,1791064550.634491,150909
E_w2_p3_r3,1791064550.8348002,154159
E_w2_p3_r3,1791064551.0351715,157077
E_w2_p3_r3,1791064551.2352655,160454
E_w2_p3_r3,1791064551.4353666,163866
E_w2_p3_r3,1791064551.635708,167593
E_w2_p3_r3,1791064551.835846,170711
E_w2_p3_r3,1791064552.0361795,173405
E_w2_p3_r3,1791064552.236541,176743
E_w2_p3_r3,1791064552.43663,182664
E_w2_p3_r3,1791064552.6367369,188628
E_w2_p3_r3,1791064552.837099,194158
E_w2_p3_r3,1791064553.0372162,198492
E_w2_p3_r3,1791064553.2373075,204149
E_w2_p3_r3,1791064553.4374106,210485
E_w2_p3_r3,1791064553.6377578,216497
E_w2_p3_r3,1791064553.8378997,221530
E_w2_p3_r3,1791064554.038051,225193
E_w2_p3_r3,1791064554.2382045,228623
E_w2_p3_r3,1791064554.4383905,232479
E_w2_p3_r3,1791064554.6387029,236579
E_w2_p3_r3,1791064554.8391514,242452
E_w2_p3_r3,1791064555.0394785,247891
E_w2_p3_r3,1791064555.2396333,253651
E_w2_p3_r3,1791064555.4397762,259123
E_w2_p3_r3,1791064555.639931,264075
E_w2_p3_r3,1791064555.8401701,268428
E_w2_p3_r3,1791064556.0404825,270119
E_w2_p3_r3,1791064556.2406642,272702
E_w2_p3_r3,1791064556.440793,278606
E_w2_p3_r3,1791064556.640909,280119
E_w2_p3_r3,1791064556.8412492,285204
E_w2_p3_r3,1791064557.0414057,290119
E_w2_p3_r3,1791064557.2417223,290410
E_w2_p3_r3,1791064557.4422584,295978
E_w2_p3_r3,1791064557.6423588,300000
E_w2_p6_r1,1791064619.3878574,0
E_w2_p6_r1,1791064619.5880585,0
E_w2_p6_r1,1791064619.788241,0
E_w2_p6_r1,1791064619.9883811,0
E_w2_p6_r1,1791064620.1884913,0
E_w2_p6_r1,1791064620.3885808,0
E_w2_p6_r1,1791064620.5886688,0
E_w2_p6_r1,1791064620.7887595,0
E_w2_p6_r1,1791064620.9888618,0
E_w2_p6_r1,1791064621.188957,0
E_w2_p6_r1,1791064621.3890543,0
E_w2_p6_r1,1791064621.589198,0
E_w2_p6_r1,1791064621.789412,0
E_w2_p6_r1,1791064621.9895308,0
E_w2_p6_r1,1791064622.1896179,0
E_w2_p6_r1,1791064622.389719,0
E_w2_p6_r1,1791064622.5898209,0
E_w2_p6_r1,1791064622.789957,0
E_w2_p6_r1,1791064622.9900475,0
E_w2_p6_r1,1791064623.1901786,0
E_w2_p6_r1,1791064623.3902905,0
E_w2_p6_r1,1791064623.5903928,0
E_w2_p6_r1,1791064623.7904828,0
E_w2_p6_r1,1791064623.990547,0
E_w2_p6_r1,1791064624.1906505,0
E_w2_p6_r1,1791064624.3907566,0
E_w2_p6_r1,1791064624.5908904,0
E_w2_p6_r1,1791064624.7909937,0
E_w2_p6_r1,1791064624.9911096,0
E_w2_p6_r1,1791064625.1912045,0
E_w2_p6_r1,1791064625.391329,0
E_w2_p6_r1,1791064625.5914433,0
E_w2_p6_r1,1791064625.7915387,0
E_w2_p6_r1,1791064625.991639,0
E_w2_p6_r1,1791064626.1917398,0
E_w2_p6_r1,1791064626.3918378,0
E_w2_p6_r1,1791064626.5919423,0
E_w2_p6_r1,1791064626.7920592,0
E_w2_p6_r1,1791064626.9921787,0
E_w2_p6_r1,1791064627.192298,0
E_w2_p6_r1,1791064627.3924093,0
E_w2_p6_r1,1791064627.5925329,0
E_w2_p6_r1,1791064627.7926466,0
E_w2_p6_r1,1791064627.992756,0
E_w2_p6_r1,1791064628.1928883,0
E_w2_p6_r1,1791064628.3929892,0
E_w2_p6_r1,1791064628.5930963,0
E_w2_p6_r1,1791064628.793218,0
E_w2_p6_r1,1791064628.9935691,0
E_w2_p6_r1,1791064629.193671,0
E_w2_p6_r1,1791064629.3937836,0
E_w2_p6_r1,1791064629.5942113,0
E_w2_p6_r1,1791064629.7943444,0
E_w2_p6_r1,1791064629.994558,0
E_w2_p6_r1,1791064630.1946752,0
E_w2_p6_r1,1791064630.3947747,0
E_w2_p6_r1,1791064630.5949004,0
E_w2_p6_r1,1791064630.7950099,0
E_w2_p6_r1,1791064630.9951613,0
E_w2_p6_r1,1791064631.1952982,0
E_w2_p6_r1,1791064631.3954504,0
E_w2_p6_r1,1791064631.595571,0
E_w2_p6_r1,1791064631.7956746,0
E_w2_p6_r1,1791064631.9960012,0
E_w2_p6_r1,1791064632.1961088,0
E_w2_p6_r1,1791064632.3974407,0
E_w2_p6_r1,1791064632.5975568,0
E_w2_p6_r1,1791064632.7976608,0
E_w2_p6_r1,1791064632.9977977,0
E_w2_p6_r1,1791064633.1978977,0
E_w2_p6_r1,1791064633.3979912,0
E_w2_p6_r1,1791064633.598093,0
E_w2_p6_r1,1791064633.7981973,0
E_w2_p6_r1,1791064633.9983318,0
E_w2_p6_r1,1791064634.1984773,0
E_w2_p6_r1,1791064634.398555,0
E_w2_p6_r1,1791064634.5987728,0
E_w2_p6_r1,1791064634.7989001,0
E_w2_p6_r1,1791064634.9990373,0
E_w2_p6_r1,1791064635.1991293,0
E_w2_p6_r1,1791064635.3992412,0
E_w2_p6_r1,1791064635.5993762,0
E_w2_p6_r1,1791064635.7994888,0
E_w2_p6_r1,1791064635.9995525,0
E_w2_p6_r1,1791064636.1996562,0
E_w2_p6_r1,1791064636.3997533,0
E_w2_p6_r1,1791064636.5998487,0
E_w2_p6_r1,1791064636.7999592,0
E_w2_p6_r1,1791064637.0000577,0
E_w2_p6_r1,1791064637.2001476,0
E_w2_p6_r1,1791064637.40028,0
E_w2_p6_r1,1791064637.6003783,0
E_w2_p6_r1,1791064637.8004692,0
E_w2_p6_r1,1791064638.0005538,0
E_w2_p6_r1,1791064638.200652,0
E_w2_p6_r1,1791064638.4007666,0
E_w2_p6_r1,1791064638.6008878,0
E_w2_p6_r1,1791064638.8009796,0
E_w2_p6_r1,1791064639.0010793,0
E_w2_p6_r1,1791064639.2011833,0
E_w2_p6_r1,1791064639.401279,0
E_w2_p6_r1,1791064639.6013868,0
E_w2_p6_r1,1791064639.8015463,0
E_w2_p6_r1,1791064640.001666,0
E_w2_p6_r1,1791064640.2017777,0
E_w2_p6_r1,1791064640.4018776,0
E_w2_p6_r1,1791064640.6019928,0
E_w2_p6_r1,1791064640.8020947,0
E_w2_p6_r1,1791064641.0021915,0
E_w2_p6_r1,1791064641.202294,0
E_w2_p6_r1,1791064641.402392,0
E_w2_p6_r1,1791064641.6024928,0
E_w2_p6_r1,1791064641.8025906,0
E_w2_p6_r1,1791064642.0026982,0
E_w2_p6_r1,1791064642.2028556,0
E_w2_p6_r1,1791064642.4029474,0
E_w2_p6_r1,1791064642.6030853,0
E_w2_p6_r1,1791064642.8031905,0
E_w2_p6_r1,1791064643.0032938,0
E_w2_p6_r1,1791064643.203432,0
E_w2_p6_r1,1791064643.4035766,0
E_w2_p6_r1,1791064643.6036832,0
E_w2_p6_r1,1791064643.8037953,0
E_w2_p6_r1,1791064644.003894,0
E_w2_p6_r1,1791064644.2040138,0
E_w2_p6_r1,1791064644.4041219,0
E_w2_p6_r1,1791064644.604233,0
E_w2_p6_r1,1791064644.8043497,0
E_w2_p6_r1,1791064645.0044398,0
E_w2_p6_r1,1791064645.2045531,0
E_w2_p6_r1,1791064645.4047005,0
E_w2_p6_r1,1791064645.6051054,0
E_w2_p6_r1,1791064645.8051937,0
E_w2_p6_r1,1791064646.005294,0
E_w2_p6_r1,1791064646.205394,0
E_w2_p6_r1,1791064646.405552,0
E_w2_p6_r1,1791064646.6056406,0
E_w2_p6_r1,1791064646.8058975,0
E_w2_p6_r1,1791064647.0060132,0
E_w2_p6_r1,1791064647.2061517,0
E_w2_p6_r1,1791064647.4062855,0
E_w2_p6_r1,1791064647.6063867,0
E_w2_p6_r1,1791064647.8065357,0
E_w2_p6_r1,1791064648.006639,0
E_w2_p6_r1,1791064648.206743,0
E_w2_p6_r1,1791064648.4068637,0
E_w2_p6_r1,1791064648.6069515,0
E_w2_p6_r1,1791064648.807047,0
E_w2_p6_r1,1791064649.0071478,0
E_w2_p6_r1,1791064649.2072525,0
E_w2_p6_r1,1791064649.407372,0
E_w2_p6_r1,1791064649.607481,0
E_w2_p6_r1,1791064649.8075712,0
E_w2_p6_r1,1791064650.007689,0
E_w2_p6_r1,1791064650.208336,0
E_w2_p6_r1,1791064650.408438,0
E_w2_p6_r1,1791064650.6085663,0
E_w2_p6_r1,1791064650.80867,0
E_w2_p6_r1,1791064651.0087707,0
E_w2_p6_r1,1791064651.2088866,0
E_w2_p6_r1,1791064651.409044,0
E_w2_p6_r1,1791064651.6091437,0
E_w2_p6_r1,1791064651.8095682,0
E_w2_p6_r1,1791064652.0096695,0
E_w2_p6_r1,1791064652.2097795,0
E_w2_p6_r1,1791064652.4098668,0
E_w2_p6_r1,1791064652.609957,0
E_w2_p6_r1,1791064652.810261,0
E_w2_p6_r1,1791064653.0103924,0
E_w2_p6_r1,1791064653.2104976,0
E_w2_p6_r1,1791064653.4109523,0
E_w2_p6_r1,1791064653.6110444,0
E_w2_p6_r1,1791064653.8111463,0
E_w2_p6_r1,1791064654.0112503,0
E_w2_p6_r1,1791064654.211387,0
E_w2_p6_r1,1791064654.411572,0
E_w2_p6_r1,1791064654.6116672,0
E_w2_p6_r1,1791064654.8117557,0
E_w2_p6_r1,1791064655.0118868,0
E_w2_p6_r1,1791064655.2119913,0
E_w2_p6_r1,1791064655.4120953,0
E_w2_p6_r1,1791064655.6121893,0
E_w2_p6_r1,1791064655.812279,0
E_w2_p6_r1,1791064656.012381,0
E_w2_p6_r1,1791064656.2124765,0
E_w2_p6_r1,1791064656.412581,0
E_w2_p6_r1,1791064656.6126766,0
E_w2_p6_r1,1791064656.8127747,0
E_w2_p6_r1,1791064657.0128944,0
E_w2_p6_r1,1791064657.2129457,0
E_w2_p6_r1,1791064657.4130385,0
E_w2_p6_r1,1791064657.613138,0
E_w2_p6_r1,1791064657.8135502,0
E_w2_p6_r1,1791064658.013647,0
E_w2_p6_r1,1791064658.2137508,0
E_w2_p6_r1,1791064658.4138625,0
E_w2_p6_r1,1791064658.613968,0
E_w2_p6_r1,1791064658.8140583,0
E_w2_p6_r1,1791064659.014157,48
E_w2_p6_r1,1791064659.2145338,1094
E_w2_p6_r1,1791064659.414633,2967
E_w2_p6_r1,1791064659.6147277,6488
E_w2_p6_r1,1791064659.814832,11431
E_w2_p6_r1,1791064660.0149264,15559
E_w2_p6_r1,1791064660.2150714,21708
E_w2_p6_r1,1791064660.4151764,27795
E_w2_p6_r1,1791064660.6152651,36530
E_w2_p6_r1,1791064660.81536,45704
E_w2_p6_r1,1791064661.0156183,55261
E_w2_p6_r1,1791064661.2157521,67276
E_w2_p6_r1,1791064661.41585,80106
E_w2_p6_r1,1791064661.615943,96776
E_w2_p6_r1,1791064661.8160439,115414
E_w2_p6_r1,1791064662.016146,136266
E_w2_p6_r1,1791064662.216255,159625
E_w2_p6_r1,1791064662.4163601,170749
E_w2_p6_r1,1791064662.6165495,182524
E_w2_p6_r1,1791064662.8175693,195322
E_w2_p6_r1,1791064663.0176694,199804
E_w2_p6_r1,1791064663.217806,199804
E_w2_p6_r1,1791064663.4179075,199804
E_w2_p6_r1,1791064663.6180084,199804
E_w2_p6_r1,1791064663.8181043,199804
E_w2_p6_r1,1791064664.0181975,199804
E_w2_p6_r1,1791064664.218293,199804
E_w2_p6_r1,1791064664.4183948,199804
E_w2_p6_r1,1791064664.6185167,199804
E_w2_p6_r1,1791064664.818615,199804
E_w2_p6_r1,1791064665.0187178,199804
E_w2_p6_r1,1791064665.2188158,199804
E_w2_p6_r1,1791064665.4189115,199804
E_w2_p6_r1,1791064665.6190274,199804
E_w2_p6_r1,1791064665.8191292,199804
E_w2_p6_r1,1791064666.0192382,199804
E_w2_p6_r1,1791064666.2193415,199804
E_w2_p6_r1,1791064666.4194417,202385
E_w2_p6_r1,1791064666.6195955,211210
E_w2_p6_r1,1791064666.8197005,220482
E_w2_p6_r1,1791064667.019793,228598
E_w2_p6_r1,1791064667.2199383,237601
E_w2_p6_r1,1791064667.4200506,254760
E_w2_p6_r1,1791064667.620168,277836
E_w2_p6_r1,1791064667.820267,291317
E_w2_p6_r1,1791064668.020371,300000
E_w2_p6_r2,1791064729.889723,0
E_w2_p6_r2,1791064730.090481,0
E_w2_p6_r2,1791064730.290554,0
E_w2_p6_r2,1791064730.4906585,0
E_w2_p6_r2,1791064730.6907587,0
E_w2_p6_r2,1791064730.8908691,0
E_w2_p6_r2,1791064731.0909805,0
E_w2_p6_r2,1791064731.2910783,0
E_w2_p6_r2,1791064731.4912155,0
E_w2_p6_r2,1791064731.6913521,0
E_w2_p6_r2,1791064731.8914888,0
E_w2_p6_r2,1791064732.0915613,0
E_w2_p6_r2,1791064732.291659,0
E_w2_p6_r2,1791064732.491793,0
E_w2_p6_r2,1791064732.6919217,0
E_w2_p6_r2,1791064732.8920279,0
E_w2_p6_r2,1791064733.0921648,0
E_w2_p6_r2,1791064733.292261,0
E_w2_p6_r2,1791064733.4923644,0
E_w2_p6_r2,1791064733.6924706,0
E_w2_p6_r2,1791064733.8925436,0
E_w2_p6_r2,1791064734.0926404,0
E_w2_p6_r2,1791064734.2927532,0
E_w2_p6_r2,1791064734.4928474,0
E_w2_p6_r2,1791064734.6929362,0
E_w2_p6_r2,1791064734.8930333,0
E_w2_p6_r2,1791064735.0931416,0
E_w2_p6_r2,1791064735.2932348,0
E_w2_p6_r2,1791064735.4933465,0
E_w2_p6_r2,1791064735.693411,0
E_w2_p6_r2,1791064735.893545,0
E_w2_p6_r2,1791064736.0936377,0
E_w2_p6_r2,1791064736.2937324,0
E_w2_p6_r2,1791064736.4938304,0
E_w2_p6_r2,1791064736.6939285,0
E_w2_p6_r2,1791064736.8940244,0
E_w2_p6_r2,1791064737.0941308,0
E_w2_p6_r2,1791064737.2942176,0
E_w2_p6_r2,1791064737.494314,0
E_w2_p6_r2,1791064737.6944056,0
E_w2_p6_r2,1791064737.8945248,0
E_w2_p6_r2,1791064738.0955715,0
E_w2_p6_r2,1791064738.2957377,0
E_w2_p6_r2,1791064738.4958367,0
E_w2_p6_r2,1791064738.6959264,0
E_w2_p6_r2,1791064738.896025,0
E_w2_p6_r2,1791064739.0961473,0
E_w2_p6_r2,1791064739.2962644,0
E_w2_p6_r2,1791064739.4965553,0
E_w2_p6_r2,1791064739.6966596,0
E_w2_p6_r2,1791064739.8967586,0
E_w2_p6_r2,1791064740.0968597,0
E_w2_p6_r2,1791064740.2969604,0
E_w2_p6_r2,1791064740.497059,0
E_w2_p6_r2,1791064740.6971574,0
E_w2_p6_r2,1791064740.8972595,0
E_w2_p6_r2,1791064741.0973513,0
E_w2_p6_r2,1791064741.2974524,0
E_w2_p6_r2,1791064741.497563,0
E_w2_p6_r2,1791064741.6976562,0
E_w2_p6_r2,1791064741.897778,0
E_w2_p6_r2,1791064742.0983765,0
E_w2_p6_r2,1791064742.2984803,0
E_w2_p6_r2,1791064742.4985647,0
E_w2_p6_r2,1791064742.6988547,0
E_w2_p6_r2,1791064742.8989499,0
E_w2_p6_r2,1791064743.0990489,0
E_w2_p6_r2,1791064743.299142,0
E_w2_p6_r2,1791064743.4992368,0
E_w2_p6_r2,1791064743.699334,0
E_w2_p6_r2,1791064743.8994262,0
E_w2_p6_r2,1791064744.099542,0
E_w2_p6_r2,1791064744.2996309,0
E_w2_p6_r2,1791064744.4997373,0
E_w2_p6_r2,1791064744.699834,0
E_w2_p6_r2,1791064744.8999212,0
E_w2_p6_r2,1791064745.1000104,0
E_w2_p6_r2,1791064745.300114,0
E_w2_p6_r2,1791064745.5002532,0
E_w2_p6_r2,1791064745.7003598,0
E_w2_p6_r2,1791064745.9004607,0
E_w2_p6_r2,1791064746.1005707,0
E_w2_p6_r2,1791064746.3007007,0
E_w2_p6_r2,1791064746.5008097,0
E_w2_p6_r2,1791064746.7009232,0
E_w2_p6_r2,1791064746.9010632,0
E_w2_p6_r2,1791064747.101193,0
E_w2_p6_r2,1791064747.3013263,0
E_w2_p6_r2,1791064747.501447,0
E_w2_p6_r2,1791064747.701553,0
E_w2_p6_r2,1791064747.9016638,0
E_w2_p6_r2,1791064748.1017632,0
E_w2_p6_r2,1791064748.3018587,0
E_w2_p6_r2,1791064748.501947,0
E_w2_p6_r2,1791064748.7020493,0
E_w2_p6_r2,1791064748.9021468,0
E_w2_p6_r2,1791064749.1022332,0
E_w2_p6_r2,1791064749.302326,0
E_w2_p6_r2,1791064749.5024114,0
E_w2_p6_r2,1791064749.7025137,0
E_w2_p6_r2,1791064749.9026206,0
E_w2_p6_r2,1791064750.102756,0
E_w2_p6_r2,1791064750.302843,0
E_w2_p6_r2,1791064750.5029478,0
E_w2_p6_r2,1791064750.7030458,0
E_w2_p6_r2,1791064750.9031768,0
E_w2_p6_r2,1791064751.1032703,0
E_w2_p6_r2,1791064751.3035572,0
E_w2_p6_r2,1791064751.5036814,0
E_w2_p6_r2,1791064751.7037797,0
E_w2_p6_r2,1791064751.9038825,0
E_w2_p6_r2,1791064752.1039798,0
E_w2_p6_r2,1791064752.3040864,0
E_w2_p6_r2,1791064752.5041916,0
E_w2_p6_r2,1791064752.7042754,0
E_w2_p6_r2,1791064752.9043896,0
E_w2_p6_r2,1791064753.1045282,0
E_w2_p6_r2,1791064753.304628,0
E_w2_p6_r2,1791064753.5047505,0
E_w2_p6_r2,1791064753.7048683,0
E_w2_p6_r2,1791064753.9049647,0
E_w2_p6_r2,1791064754.1050546,0
E_w2_p6_r2,1791064754.3051443,0
E_w2_p6_r2,1791064754.505243,0
E_w2_p6_r2,1791064754.705348,0
E_w2_p6_r2,1791064754.9054382,0
E_w2_p6_r2,1791064755.1055472,0
E_w2_p6_r2,1791064755.3056383,0
E_w2_p6_r2,1791064755.5057266,0
E_w2_p6_r2,1791064755.7058177,0
E_w2_p6_r2,1791064755.905921,0
E_w2_p6_r2,1791064756.1060164,0
E_w2_p6_r2,1791064756.3061109,0
E_w2_p6_r2,1791064756.5062134,0
E_w2_p6_r2,1791064756.706426,0
E_w2_p6_r2,1791064756.9065382,0
E_w2_p6_r2,1791064757.1066372,0
E_w2_p6_r2,1791064757.3067305,0
E_w2_p6_r2,1791064757.5068386,0
E_w2_p6_r2,1791064757.706936,0
E_w2_p6_r2,1791064757.9070342,0
E_w2_p6_r2,1791064758.1071332,0
E_w2_p6_r2,1791064758.3072433,0
E_w2_p6_r2,1791064758.507352,0
E_w2_p6_r2,1791064758.7074463,0
E_w2_p6_r2,1791064758.9075563,0
E_w2_p6_r2,1791064759.107677,0
E_w2_p6_r2,1791064759.3077717,0
E_w2_p6_r2,1791064759.5078716,0
E_w2_p6_r2,1791064759.707977,0
E_w2_p6_r2,1791064759.9080834,0
E_w2_p6_r2,1791064760.1081843,0
E_w2_p6_r2,1791064760.3082893,0
E_w2_p6_r2,1791064760.5083933,0
E_w2_p6_r2,1791064760.7085195,0
E_w2_p6_r2,1791064760.9086096,0
E_w2_p6_r2,1791064761.108712,0
E_w2_p6_r2,1791064761.3088078,0
E_w2_p6_r2,1791064761.5089316,0
E_w2_p6_r2,1791064761.7090435,0
E_w2_p6_r2,1791064761.909145,0
E_w2_p6_r2,1791064762.10939,0
E_w2_p6_r2,1791064762.3095675,0
E_w2_p6_r2,1791064762.5096734,0
E_w2_p6_r2,1791064762.7097847,0
E_w2_p6_r2,1791064762.9098868,0
E_w2_p6_r2,1791064763.1099892,0
E_w2_p6_r2,1791064763.3105867,0
E_w2_p6_r2,1791064763.5106752,0
E_w2_p6_r2,1791064763.7107725,0
E_w2_p6_r2,1791064763.9108682,0
E_w2_p6_r2,1791064764.1120908,0
E_w2_p6_r2,1791064764.3121843,0
E_w2_p6_r2,1791064764.512277,0
E_w2_p6_r2,1791064764.7123957,0
E_w2_p6_r2,1791064764.9125414,0
E_w2_p6_r2,1791064765.112638,0
E_w2_p6_r2,1791064765.3127372,0
E_w2_p6_r2,1791064765.5128415,0
E_w2_p6_r2,1791064765.7129412,0
E_w2_p6_r2,1791064765.9130435,0
E_w2_p6_r2,1791064766.113349,0
E_w2_p6_r2,1791064766.3134573,0
E_w2_p6_r2,1791064766.5135605,0
E_w2_p6_r2,1791064766.7136598,0
E_w2_p6_r2,1791064766.913766,0
E_w2_p6_r2,1791064767.113868,0
E_w2_p6_r2,1791064767.3139865,0
E_w2_p6_r2,1791064767.514081,0
E_w2_p6_r2,1791064767.714187,0
E_w2_p6_r2,1791064767.9142869,0
E_w2_p6_r2,1791064768.11441,0
E_w2_p6_r2,1791064768.3145,0
E_w2_p6_r2,1791064768.5148695,0
E_w2_p6_r2,1791064768.7149725,0
E_w2_p6_r2,1791064768.915541,0
E_w2_p6_r2,1791064769.1156356,0
E_w2_p6_r2,1791064769.3157802,0
E_w2_p6_r2,1791064769.515875,0
E_w2_p6_r2,1791064769.716039,0
E_w2_p6_r2,1791064769.9161606,0
E_w2_p6_r2,1791064770.1162539,0
E_w2_p6_r2,1791064770.316356,0
E_w2_p6_r2,1791064770.5164702,502
E_w2_p6_r2,1791064770.716557,1383
E_w2_p6_r2,1791064770.9166489,2416
E_w2_p6_r2,1791064771.116753,4165
E_w2_p6_r2,1791064771.3168583,6636
E_w2_p6_r2,1791064771.5171876,11242
E_w2_p6_r2,1791064771.71755,16719
E_w2_p6_r2,1791064771.9176688,23470
E_w2_p6_r2,1791064772.1180358,31901
E_w2_p6_r2,1791064772.3181396,40098
E_w2_p6_r2,1791064772.518469,50194
E_w2_p6_r2,1791064772.718553,59947
E_w2_p6_r2,1791064772.9186995,73526
E_w2_p6_r2,1791064773.118831,89091
E_w2_p6_r2,1791064773.3191643,106362
E_w2_p6_r2,1791064773.5192976,125019
E_w2_p6_r2,1791064773.7198713,144566
E_w2_p6_r2,1791064773.9199672,154845
E_w2_p6_r2,1791064774.1200638,166620
E_w2_p6_r2,1791064774.3201623,180242
E_w2_p6_r2,1791064774.5203326,192486
E_w2_p6_r2,1791064774.7204373,199876
E_w2_p6_r2,1791064774.9205523,199876
E_w2_p6_r2,1791064775.1206903,199876
E_w2_p6_r2,1791064775.3210132,199876
E_w2_p6_r2,1791064775.5211096,199876
E_w2_p6_r2,1791064775.7212129,199876
E_w2_p6_r2,1791064775.9213235,199876
E_w2_p6_r2,1791064776.1214192,199876
E_w2_p6_r2,1791064776.321546,199876
E_w2_p6_r2,1791064776.5216448,199876
E_w2_p6_r2,1791064776.7217517,199876
E_w2_p6_r2,1791064776.921854,199876
E_w2_p6_r2,1791064777.1219478,199876
E_w2_p6_r2,1791064777.3220692,199876
E_w2_p6_r2,1791064777.522188,199876
E_w2_p6_r2,1791064777.7222953,199876
E_w2_p6_r2,1791064777.922402,199876
E_w2_p6_r2,1791064778.122499,199876
E_w2_p6_r2,1791064778.3225932,208005
E_w2_p6_r2,1791064778.5227184,218964
E_w2_p6_r2,1791064778.722829,230198
E_w2_p6_r2,1791064778.9229407,256624
E_w2_p6_r2,1791064779.1230454,274292
E_w2_p6_r2,1791064779.3231902,282968
E_w2_p6_r2,1791064779.5232944,290211
E_w2_p6_r2,1791064779.7234097,300000
E_w2_p6_r3,1791064842.556134,0
E_w2_p6_r3,1791064842.756542,0
E_w2_p6_r3,1791064842.9568386,0
E_w2_p6_r3,1791064843.1569726,0
E_w2_p6_r3,1791064843.3571143,0
E_w2_p6_r3,1791064843.5572462,0
E_w2_p6_r3,1791064843.75754,0
E_w2_p6_r3,1791064843.9576678,0
E_w2_p6_r3,1791064844.1577826,0
E_w2_p6_r3,1791064844.3579211,0
E_w2_p6_r3,1791064844.558037,0
E_w2_p6_r3,1791064844.758344,0
E_w2_p6_r3,1791064844.9584463,0
E_w2_p6_r3,1791064845.1585784,0
E_w2_p6_r3,1791064845.3586688,0
E_w2_p6_r3,1791064845.5587642,0
E_w2_p6_r3,1791064845.758859,0
E_w2_p6_r3,1791064845.95896,0
E_w2_p6_r3,1791064846.1590986,0
E_w2_p6_r3,1791064846.3592477,0
E_w2_p6_r3,1791064846.559316,0
E_w2_p6_r3,1791064846.7594266,0
E_w2_p6_r3,1791064846.9595335,0
E_w2_p6_r3,1791064847.159629,0
E_w2_p6_r3,1791064847.3597229,0
E_w2_p6_r3,1791064847.560028,0
E_w2_p6_r3,1791064847.7601268,0
E_w2_p6_r3,1791064847.9602802,0
E_w2_p6_r3,1791064848.1603959,0
E_w2_p6_r3,1791064848.360539,0
E_w2_p6_r3,1791064848.560642,0
E_w2_p6_r3,1791064848.7607386,0
E_w2_p6_r3,1791064848.960847,0
E_w2_p6_r3,1791064849.1609383,0
E_w2_p6_r3,1791064849.3610392,0
E_w2_p6_r3,1791064849.5611553,0
E_w2_p6_r3,1791064849.7612572,0
E_w2_p6_r3,1791064849.9613526,0
E_w2_p6_r3,1791064850.161562,0
E_w2_p6_r3,1791064850.3616657,0
E_w2_p6_r3,1791064850.561778,0
E_w2_p6_r3,1791064850.7618916,0
E_w2_p6_r3,1791064850.9619823,0
E_w2_p6_r3,1791064851.1621947,0
E_w2_p6_r3,1791064851.3623345,0
E_w2_p6_r3,1791064851.5624464,0
E_w2_p6_r3,1791064851.763092,0
E_w2_p6_r3,1791064851.9632118,0
E_w2_p6_r3,1791064852.1634285,0
E_w2_p6_r3,1791064852.363553,0
E_w2_p6_r3,1791064852.5636535,0
E_w2_p6_r3,1791064852.763755,0
E_w2_p6_r3,1791064852.9638755,0
E_w2_p6_r3,1791064853.1639724,0
E_w2_p6_r3,1791064853.3640711,0
E_w2_p6_r3,1791064853.5641963,0
E_w2_p6_r3,1791064853.76433,0
E_w2_p6_r3,1791064853.9644399,0
E_w2_p6_r3,1791064854.1645842,0
E_w2_p6_r3,1791064854.3646853,0
E_w2_p6_r3,1791064854.564803,0
E_w2_p6_r3,1791064854.764904,0
E_w2_p6_r3,1791064854.9649916,0
E_w2_p6_r3,1791064855.1650867,0
E_w2_p6_r3,1791064855.366452,0
E_w2_p6_r3,1791064855.5665605,0
E_w2_p6_r3,1791064855.766659,0
E_w2_p6_r3,1791064855.9667535,0
E_w2_p6_r3,1791064856.1668491,0
E_w2_p6_r3,1791064856.3669484,0
E_w2_p6_r3,1791064856.5670362,0
E_w2_p6_r3,1791064856.7671487,0
E_w2_p6_r3,1791064856.967207,0
E_w2_p6_r3,1791064857.1672947,0
E_w2_p6_r3,1791064857.36739,0
E_w2_p6_r3,1791064857.567488,0
E_w2_p6_r3,1791064857.7678003,0
E_w2_p6_r3,1791064857.967915,0
E_w2_p6_r3,1791064858.1680024,0
E_w2_p6_r3,1791064858.3682725,0
E_w2_p6_r3,1791064858.568398,0
E_w2_p6_r3,1791064858.7684872,0
E_w2_p6_r3,1791064858.9685507,0
E_w2_p6_r3,1791064859.1686833,0
E_w2_p6_r3,1791064859.368776,0
E_w2_p6_r3,1791064859.5688722,0
E_w2_p6_r3,1791064859.7689886,0
E_w2_p6_r3,1791064859.9690802,0
E_w2_p6_r3,1791064860.1691682,0
E_w2_p6_r3,1791064860.3693047,0
E_w2_p6_r3,1791064860.5697634,0
E_w2_p6_r3,1791064860.7698562,0
E_w2_p6_r3,1791064860.969961,0
E_w2_p6_r3,1791064861.1700728,0
E_w2_p6_r3,1791064861.370208,0
E_w2_p6_r3,1791064861.5703301,0
E_w2_p6_r3,1791064861.7704482,0
E_w2_p6_r3,1791064861.9705517,0
E_w2_p6_r3,1791064862.1706412,0
E_w2_p6_r3,1791064862.370735,0
E_w2_p6_r3,1791064862.570827,0
E_w2_p6_r3,1791064862.7709515,0
E_w2_p6_r3,1791064862.9710681,0
E_w2_p6_r3,1791064863.1711733,0
E_w2_p6_r3,1791064863.371289,0
E_w2_p6_r3,1791064863.571385,0
E_w2_p6_r3,1791064863.7715464,0
E_w2_p6_r3,1791064863.9716613,0
E_w2_p6_r3,1791064864.1717627,0
E_w2_p6_r3,1791064864.3718548,0
E_w2_p6_r3,1791064864.571951,0
E_w2_p6_r3,1791064864.7720554,0
E_w2_p6_r3,1791064864.972156,0
E_w2_p6_r3,1791064865.1722534,0
E_w2_p6_r3,1791064865.3723564,0
E_w2_p6_r3,1791064865.572473,0
E_w2_p6_r3,1791064865.7725775,0
E_w2_p6_r3,1791064865.972674,0
E_w2_p6_r3,1791064866.1727712,0
E_w2_p6_r3,1791064866.3729112,0
E_w2_p6_r3,1791064866.5730085,0
E_w2_p6_r3,1791064866.7733364,0
E_w2_p6_r3,1791064866.9734232,0
E_w2_p6_r3,1791064867.1735313,0
E_w2_p6_r3,1791064867.3736598,0
E_w2_p6_r3,1791064867.5737634,0
E_w2_p6_r3,1791064867.7738762,0
E_w2_p6_r3,1791064867.9740272,0
E_w2_p6_r3,1791064868.174149,0
E_w2_p6_r3,1791064868.3742485,0
E_w2_p6_r3,1791064868.5743606,0
E_w2_p6_r3,1791064868.7744544,0
E_w2_p6_r3,1791064868.974538,0
E_w2_p6_r3,1791064869.1746333,0
E_w2_p6_r3,1791064869.3747227,0
E_w2_p6_r3,1791064869.5750313,0
E_w2_p6_r3,1791064869.7751255,0
E_w2_p6_r3,1791064869.975237,0
E_w2_p6_r3,1791064870.1755743,0
E_w2_p6_r3,1791064870.3756783,0
E_w2_p6_r3,1791064870.5760057,0
E_w2_p6_r3,1791064870.7763073,0
E_w2_p6_r3,1791064870.9764302,0
E_w2_p6_r3,1791064871.1765597,0
E_w2_p6_r3,1791064871.3766553,0
E_w2_p6_r3,1791064871.5767462,0
E_w2_p6_r3,1791064871.7770889,0
E_w2_p6_r3,1791064871.9774325,0
E_w2_p6_r3,1791064872.1777987,0
E_w2_p6_r3,1791064872.3779569,0
E_w2_p6_r3,1791064872.57807,0
E_w2_p6_r3,1791064872.7781656,0
E_w2_p6_r3,1791064872.978315,0
E_w2_p6_r3,1791064873.1786356,0
E_w2_p6_r3,1791064873.37874,0
E_w2_p6_r3,1791064873.578955,0
E_w2_p6_r3,1791064873.7790644,0
E_w2_p6_r3,1791064873.9793797,0
E_w2_p6_r3,1791064874.1794844,0
E_w2_p6_r3,1791064874.379609,0
E_w2_p6_r3,1791064874.5815737,0
E_w2_p6_r3,1791064874.7816787,0
E_w2_p6_r3,1791064874.981798,0
E_w2_p6_r3,1791064875.1826565,0
E_w2_p6_r3,1791064875.3827822,0
E_w2_p6_r3,1791064875.5829036,0
E_w2_p6_r3,1791064875.7830267,0
E_w2_p6_r3,1791064875.9831927,0
E_w2_p6_r3,1791064876.1833088,0
E_w2_p6_r3,1791064876.383438,0
E_w2_p6_r3,1791064876.5835652,0
E_w2_p6_r3,1791064876.7836695,0
E_w2_p6_r3,1791064876.9837775,0
E_w2_p6_r3,1791064877.1838872,0
E_w2_p6_r3,1791064877.3845627,0
E_w2_p6_r3,1791064877.5850496,0
E_w2_p6_r3,1791064877.785571,0
E_w2_p6_r3,1791064877.9858093,0
E_w2_p6_r3,1791064878.1859093,0
E_w2_p6_r3,1791064878.3860195,0
E_w2_p6_r3,1791064878.5861285,0
E_w2_p6_r3,1791064878.7862475,0
E_w2_p6_r3,1791064878.988697,0
E_w2_p6_r3,1791064879.1888845,0
E_w2_p6_r3,1791064879.3892272,0
E_w2_p6_r3,1791064879.5895545,0
E_w2_p6_r3,1791064879.7900243,0
E_w2_p6_r3,1791064879.9901316,0
E_w2_p6_r3,1791064880.1905565,0
E_w2_p6_r3,1791064880.3906534,0
E_w2_p6_r3,1791064880.5908291,0
E_w2_p6_r3,1791064880.7909327,0
E_w2_p6_r3,1791064880.9915287,0
E_w2_p6_r3,1791064881.191626,0
E_w2_p6_r3,1791064881.3917353,0
E_w2_p6_r3,1791064881.5918326,0
E_w2_p6_r3,1791064881.7919338,171
E_w2_p6_r3,1791064881.9920542,790
E_w2_p6_r3,1791064882.19242,1588
E_w2_p6_r3,1791064882.3925438,2712
E_w2_p6_r3,1791064882.5928879,4216
E_w2_p6_r3,1791064882.792964,7214
E_w2_p6_r3,1791064882.9930851,11164
E_w2_p6_r3,1791064883.1931899,16135
E_w2_p6_r3,1791064883.3933072,21543
E_w2_p6_r3,1791064883.5936308,28120
E_w2_p6_r3,1791064883.7939968,36304
E_w2_p6_r3,1791064883.994567,47750
E_w2_p6_r3,1791064884.194675,60462
E_w2_p6_r3,1791064884.3949032,73422
E_w2_p6_r3,1791064884.5950058,91119
E_w2_p6_r3,1791064884.7951074,112759
E_w2_p6_r3,1791064884.9952192,138363
E_w2_p6_r3,1791064885.195338,155742
E_w2_p6_r3,1791064885.3955545,170669
E_w2_p6_r3,1791064885.5956545,185034
E_w2_p6_r3,1791064885.7957711,199387
E_w2_p6_r3,1791064885.9958658,199809
E_w2_p6_r3,1791064886.1959598,199809
E_w2_p6_r3,1791064886.3960712,199809
E_w2_p6_r3,1791064886.596218,199809
E_w2_p6_r3,1791064886.796381,199809
E_w2_p6_r3,1791064886.9965315,199809
E_w2_p6_r3,1791064887.1966364,199809
E_w2_p6_r3,1791064887.396738,199809
E_w2_p6_r3,1791064887.5968382,199809
E_w2_p6_r3,1791064887.7969472,199809
E_w2_p6_r3,1791064887.9970548,199809
E_w2_p6_r3,1791064888.197149,199809
E_w2_p6_r3,1791064888.3972423,199809
E_w2_p6_r3,1791064888.5973394,199809
E_w2_p6_r3,1791064888.797438,199809
E_w2_p6_r3,1791064888.9984808,199809
E_w2_p6_r3,1791064889.198575,199809
E_w2_p6_r3,1791064889.3992038,200012
E_w2_p6_r3,1791064889.5992942,215874
E_w2_p6_r3,1791064889.799432,230425
E_w2_p6_r3,1791064889.9995458,244195
E_w2_p6_r3,1791064890.1996493,262272
E_w2_p6_r3,1791064890.3997512,271921
E_w2_p6_r3,1791064890.599848,281335
E_w2_p6_r3,1791064890.7999408,290012
E_w2_p6_r3,1791064891.0000532,293517
E_w2_p6_r3,1791064891.2001634,300000
E_w3_p1_r1,1791064962.1861074,0
E_w3_p1_r1,1791064962.3861985,0
E_w3_p1_r1,1791064962.5863318,0
E_w3_p1_r1,1791064962.7864683,0
E_w3_p1_r1,1791064962.986606,0
E_w3_p1_r1,1791064963.186736,0
E_w3_p1_r1,1791064963.3868322,0
E_w3_p1_r1,1791064963.586972,0
E_w3_p1_r1,1791064963.7872207,0
E_w3_p1_r1,1791064963.9875903,0
E_w3_p1_r1,1791064964.1878963,0
E_w3_p1_r1,1791064964.3879921,0
E_w3_p1_r1,1791064964.5880904,0
E_w3_p1_r1,1791064964.7881918,0
E_w3_p1_r1,1791064964.988299,0
E_w3_p1_r1,1791064965.1883883,0
E_w3_p1_r1,1791064965.3885453,0
E_w3_p1_r1,1791064965.5886555,0
E_w3_p1_r1,1791064965.7887473,0
E_w3_p1_r1,1791064965.9889786,0
E_w3_p1_r1,1791064966.18909,0
E_w3_p1_r1,1791064966.3891947,0
E_w3_p1_r1,1791064966.5893302,0
E_w3_p1_r1,1791064966.7894428,0
E_w3_p1_r1,1791064966.9895685,0
E_w3_p1_r1,1791064967.1896865,0
E_w3_p1_r1,1791064967.3897867,0
E_w3_p1_r1,1791064967.5898974,0
E_w3_p1_r1,1791064967.7900178,0
E_w3_p1_r1,1791064967.9901373,0
E_w3_p1_r1,1791064968.1902392,0
E_w3_p1_r1,1791064968.390383,0
E_w3_p1_r1,1791064968.5905406,0
E_w3_p1_r1,1791064968.791593,0
E_w3_p1_r1,1791064968.9917283,0
E_w3_p1_r1,1791064969.1918423,0
E_w3_p1_r1,1791064969.3925717,0
E_w3_p1_r1,1791064969.5926733,0
E_w3_p1_r1,1791064969.7927845,0
E_w3_p1_r1,1791064969.9929063,0
E_w3_p1_r1,1791064970.1930268,0
E_w3_p1_r1,1791064970.3931222,0
E_w3_p1_r1,1791064970.5932546,0
E_w3_p1_r1,1791064970.793369,0
E_w3_p1_r1,1791064970.9935362,0
E_w3_p1_r1,1791064971.193652,0
E_w3_p1_r1,1791064971.5330868,0
E_w3_p1_r1,1791064971.7332213,0
E_w3_p1_r1,1791064971.9333382,0
E_w3_p1_r1,1791064972.133438,0
E_w3_p1_r1,1791064972.3335478,0
E_w3_p1_r1,1791064972.5336342,0
E_w3_p1_r1,1791064972.7337325,0
E_w3_p1_r1,1791064972.9338498,0
E_w3_p1_r1,1791064973.1342409,0
E_w3_p1_r1,1791064973.334339,0
E_w3_p1_r1,1791064973.5344484,0
E_w3_p1_r1,1791064973.7345898,0
E_w3_p1_r1,1791064973.9346936,0
E_w3_p1_r1,1791064974.1348066,0
E_w3_p1_r1,1791064974.3349197,0
E_w3_p1_r1,1791064974.5350661,0
E_w3_p1_r1,1791064974.7352014,0
E_w3_p1_r1,1791064974.9353144,0
E_w3_p1_r1,1791064975.135417,0
E_w3_p1_r1,1791064975.3355403,0
E_w3_p1_r1,1791064975.5356545,0
E_w3_p1_r1,1791064975.7357569,0
E_w3_p1_r1,1791064975.9358702,0
E_w3_p1_r1,1791064976.1359737,0
E_w3_p1_r1,1791064976.3360643,0
E_w3_p1_r1,1791064976.536181,0
E_w3_p1_r1,1791064976.736289,0
E_w3_p1_r1,1791064976.9363978,0
E_w3_p1_r1,1791064977.1364982,0
E_w3_p1_r1,1791064977.336605,0
E_w3_p1_r1,1791064977.5367117,0
E_w3_p1_r1,1791064977.73681,0
E_w3_p1_r1,1791064977.9369493,0
E_w3_p1_r1,1791064978.1372414,0
E_w3_p1_r1,1791064978.3373423,0
E_w3_p1_r1,1791064978.5376394,0
E_w3_p1_r1,1791064978.7377887,0
E_w3_p1_r1,1791064978.937883,0
E_w3_p1_r1,1791064979.1379893,0
E_w3_p1_r1,1791064979.3380883,0
E_w3_p1_r1,1791064979.538306,0
E_w3_p1_r1,1791064979.738662,0
E_w3_p1_r1,1791064979.938757,0
E_w3_p1_r1,1791064980.1388254,0
E_w3_p1_r1,1791064980.3389575,0
E_w3_p1_r1,1791064980.5390632,0
E_w3_p1_r1,1791064980.7391727,0
E_w3_p1_r1,1791064980.939269,0
E_w3_p1_r1,1791064981.1393595,0
E_w3_p1_r1,1791064981.3394923,0
E_w3_p1_r1,1791064981.5395453,0
E_w3_p1_r1,1791064981.7396913,0
E_w3_p1_r1,1791064981.9398108,0
E_w3_p1_r1,1791064982.139904,0
E_w3_p1_r1,1791064982.3400037,0
E_w3_p1_r1,1791064982.5401046,0
E_w3_p1_r1,1791064982.740241,0
E_w3_p1_r1,1791064982.94034,0
E_w3_p1_r1,1791064983.1404417,0
E_w3_p1_r1,1791064983.3405666,0
E_w3_p1_r1,1791064983.540676,0
E_w3_p1_r1,1791064983.740983,0
E_w3_p1_r1,1791064983.9410913,0
E_w3_p1_r1,1791064984.1411812,0
E_w3_p1_r1,1791064984.3412807,0
E_w3_p1_r1,1791064984.541375,0
E_w3_p1_r1,1791064984.7414672,0
E_w3_p1_r1,1791064984.9415436,0
E_w3_p1_r1,1791064985.141642,0
E_w3_p1_r1,1791064985.3417451,0
E_w3_p1_r1,1791064985.5418496,0
E_w3_p1_r1,1791064985.7419145,0
E_w3_p1_r1,1791064985.9420652,0
E_w3_p1_r1,1791064986.1421728,0
E_w3_p1_r1,1791064986.3422897,0
E_w3_p1_r1,1791064986.54239,0
E_w3_p1_r1,1791064986.7424815,0
E_w3_p1_r1,1791064986.9425898,0
E_w3_p1_r1,1791064987.14269,0
E_w3_p1_r1,1791064987.3427994,0
E_w3_p1_r1,1791064987.5428996,0
E_w3_p1_r1,1791064987.7429965,0
E_w3_p1_r1,1791064987.9431107,0
E_w3_p1_r1,1791064988.1432242,0
E_w3_p1_r1,1791064988.3433363,0
E_w3_p1_r1,1791064988.5434406,0
E_w3_p1_r1,1791064988.7435632,0
E_w3_p1_r1,1791064988.9436765,0
E_w3_p1_r1,1791064989.143806,0
E_w3_p1_r1,1791064989.3439133,0
E_w3_p1_r1,1791064989.544021,0
E_w3_p1_r1,1791064989.7441247,0
E_w3_p1_r1,1791064989.9442337,0
E_w3_p1_r1,1791064990.1443524,0
E_w3_p1_r1,1791064990.3444538,0
E_w3_p1_r1,1791064990.5445888,0
E_w3_p1_r1,1791064990.744726,0
E_w3_p1_r1,1791064990.9450428,0
E_w3_p1_r1,1791064991.1451507,0
E_w3_p1_r1,1791064991.3452566,0
E_w3_p1_r1,1791064991.54536,0
E_w3_p1_r1,1791064991.7454631,0
E_w3_p1_r1,1791064991.9455795,0
E_w3_p1_r1,1791064992.1456852,0
E_w3_p1_r1,1791064992.3457828,0
E_w3_p1_r1,1791064992.5458887,0
E_w3_p1_r1,1791064992.7459967,0
E_w3_p1_r1,1791064992.9461133,0
E_w3_p1_r1,1791064993.1462216,0
E_w3_p1_r1,1791064993.3463225,0
E_w3_p1_r1,1791064993.5464332,0
E_w3_p1_r1,1791064993.746542,0
E_w3_p1_r1,1791064993.946638,0
E_w3_p1_r1,1791064994.1467454,0
E_w3_p1_r1,1791064994.3468406,0
E_w3_p1_r1,1791064994.546948,0
E_w3_p1_r1,1791064994.7470698,0
E_w3_p1_r1,1791064994.9472094,0
E_w3_p1_r1,1791064995.1473024,0
E_w3_p1_r1,1791064995.3474035,0
E_w3_p1_r1,1791064995.54753,110
E_w3_p1_r1,1791064995.7476346,706
E_w3_p1_r1,1791064995.9477413,1713
E_w3_p1_r1,1791064996.14785,3848
E_w3_p1_r1,1791064996.347965,7577
E_w3_p1_r1,1791064996.548074,10000
E_w3_p1_r1,1791064996.7481754,10000
E_w3_p1_r1,1791064996.9482784,10000
E_w3_p1_r1,1791064997.1483853,10000
E_w3_p1_r1,1791064997.3484902,10000
E_w3_p1_r1,1791064997.548567,14693
E_w3_p1_r1,1791064997.748662,23453
E_w3_p1_r1,1791064997.9487722,29243
E_w3_p1_r1,1791064998.1488726,30000
E_w3_p1_r1,1791064998.3489747,30000
E_w3_p1_r1,1791064998.5490928,30000
E_w3_p1_r1,1791064998.7491956,30000
E_w3_p1_r1,1791064998.949293,30000
E_w3_p1_r1,1791064999.1494143,30000
E_w3_p1_r1,1791064999.3495674,30000
E_w3_p1_r1,1791064999.5496726,32427
E_w3_p1_r1,1791064999.749774,45572
E_w3_p1_r1,1791064999.9498737,50000
E_w3_p1_r1,1791065000.1499753,50000
E_w3_p1_r1,1791065000.3500838,50000
E_w3_p1_r1,1791065000.5501974,50000
E_w3_p1_r1,1791065000.7502966,50000
E_w3_p1_r1,1791065000.9503987,50000
E_w3_p1_r1,1791065001.1505697,50000
E_w3_p1_r1,1791065001.350683,63465
E_w3_p1_r1,1791065001.5507832,70000
E_w3_p1_r1,1791065001.750925,70000
E_w3_p1_r1,1791065001.95103,70000
E_w3_p1_r1,1791065002.1511335,70000
E_w3_p1_r1,1791065002.3512359,70000
E_w3_p1_r1,1791065002.5513453,70000
E_w3_p1_r1,1791065002.751459,75603
E_w3_p1_r1,1791065002.9515948,90000
E_w3_p1_r1,1791065003.1516924,90000
E_w3_p1_r1,1791065003.3517942,90000
E_w3_p1_r1,1791065003.5518916,90000
E_w3_p1_r1,1791065003.751988,90000
E_w3_p1_r1,1791065003.9520988,90000
E_w3_p1_r1,1791065004.1522107,102154
E_w3_p1_r1,1791065004.3523228,110000
E_w3_p1_r1,1791065004.552432,110000
E_w3_p1_r1,1791065004.7525454,110000
E_w3_p1_r1,1791065004.9526544,110000
E_w3_p1_r1,1791065005.1527936,110000
E_w3_p1_r1,1791065005.3528893,110000
E_w3_p1_r1,1791065005.553222,129728
E_w3_p1_r1,1791065005.7533164,130000
E_w3_p1_r1,1791065005.953416,130000
E_w3_p1_r1,1791065006.1535294,130000
E_w3_p1_r1,1791065006.3536296,130000
E_w3_p1_r1,1791065006.553728,130000
E_w3_p1_r1,1791065006.7538283,134687
E_w3_p1_r1,1791065006.9539242,140000
E_w3_p1_r1,1791065007.1540282,140000
E_w3_p1_r1,1791065007.354134,144836
E_w3_p1_r1,1791065007.5542336,150000
E_w3_p1_r1,1791065007.7543306,150000
E_w3_p1_r1,1791065007.9544318,152042
E_w3_p1_r1,1791065008.1545544,170000
E_w3_p1_r1,1791065008.354667,170000
E_w3_p1_r1,1791065008.5547674,170000
E_w3_p1_r1,1791065008.754859,170000
E_w3_p1_r1,1791065008.9549556,170000
E_w3_p1_r1,1791065009.1550467,190000
E_w3_p1_r1,1791065009.355141,190000
E_w3_p1_r1,1791065009.5552397,190000
E_w3_p1_r1,1791065009.7553387,190000
E_w3_p1_r1,1791065009.9554305,190000
E_w3_p1_r1,1791065010.155541,210000
E_w3_p1_r1,1791065010.3556325,210000
E_w3_p1_r1,1791065010.5557425,210000
E_w3_p1_r1,1791065010.7558417,210000
E_w3_p1_r1,1791065010.9559321,210000
E_w3_p1_r1,1791065011.1562765,210000
E_w3_p1_r1,1791065011.3566165,210000
E_w3_p1_r1,1791065011.556709,217632
E_w3_p1_r1,1791065011.7568057,237439
E_w3_p1_r1,1791065011.9569054,251822
E_w3_p1_r1,1791065012.1570017,260000
E_w3_p1_r1,1791065012.3571184,265836
E_w3_p1_r1,1791065012.5572455,270000
E_w3_p1_r1,1791065012.7573411,270000
E_w3_p1_r1,1791065012.957465,280000
E_w3_p1_r1,1791065013.1575465,290000
E_w3_p1_r1,1791065013.3576353,290000
E_w3_p1_r1,1791065013.557728,297034
E_w3_p1_r1,1791065013.7578282,300000
E_w3_p1_r2,1791065079.7963266,0
E_w3_p1_r2,1791065079.9964223,0
E_w3_p1_r2,1791065080.19657,0
E_w3_p1_r2,1791065080.3968663,0
E_w3_p1_r2,1791065080.5970054,0
E_w3_p1_r2,1791065080.7971468,0
E_w3_p1_r2,1791065080.997522,0
E_w3_p1_r2,1791065081.197626,0
E_w3_p1_r2,1791065081.397728,0
E_w3_p1_r2,1791065081.5978656,0
E_w3_p1_r2,1791065081.7979639,0
E_w3_p1_r2,1791065081.9980571,0
E_w3_p1_r2,1791065082.1981678,0
E_w3_p1_r2,1791065082.3982806,0
E_w3_p1_r2,1791065082.5983982,0
E_w3_p1_r2,1791065082.7985384,0
E_w3_p1_r2,1791065082.9986382,0
E_w3_p1_r2,1791065083.1987748,0
E_w3_p1_r2,1791065083.3988762,0
E_w3_p1_r2,1791065083.5989773,0
E_w3_p1_r2,1791065083.7991052,0
E_w3_p1_r2,1791065083.9991932,0
E_w3_p1_r2,1791065084.1993177,0
E_w3_p1_r2,1791065084.3994362,0
E_w3_p1_r2,1791065084.5995877,0
E_w3_p1_r2,1791065084.7996833,0
E_w3_p1_r2,1791065084.9997785,0
E_w3_p1_r2,1791065085.199878,0
E_w3_p1_r2,1791065085.4000125,0
E_w3_p1_r2,1791065085.6001346,0
E_w3_p1_r2,1791065085.8002334,0
E_w3_p1_r2,1791065086.0003517,0
E_w3_p1_r2,1791065086.2004507,0
E_w3_p1_r2,1791065086.4005594,0
E_w3_p1_r2,1791065086.600659,0
E_w3_p1_r2,1791065086.8007524,0
E_w3_p1_r2,1791065087.001004,0
E_w3_p1_r2,1791065087.2011154,0
E_w3_p1_r2,1791065087.4012303,0
E_w3_p1_r2,1791065087.6013434,0
E_w3_p1_r2,1791065087.8014426,0
E_w3_p1_r2,1791065088.0015788,0
E_w3_p1_r2,1791065088.2016888,0
E_w3_p1_r2,1791065088.401804,0
E_w3_p1_r2,1791065088.601938,0
E_w3_p1_r2,1791065088.8020728,0
E_w3_p1_r2,1791065089.002202,0
E_w3_p1_r2,1791065089.2023027,0
E_w3_p1_r2,1791065089.402366,0
E_w3_p1_r2,1791065089.602475,0
E_w3_p1_r2,1791065089.8025753,0
E_w3_p1_r2,1791065090.0026815,0
E_w3_p1_r2,1791065090.2028146,0
E_w3_p1_r2,1791065090.4032948,0
E_w3_p1_r2,1791065090.6034086,0
E_w3_p1_r2,1791065090.803538,0
E_w3_p1_r2,1791065091.0036514,0
E_w3_p1_r2,1791065091.2037535,0
E_w3_p1_r2,1791065091.404561,0
E_w3_p1_r2,1791065091.6046703,0
E_w3_p1_r2,1791065091.8047805,0
E_w3_p1_r2,1791065092.004902,0
E_w3_p1_r2,1791065092.2050128,0
E_w3_p1_r2,1791065092.405164,0
E_w3_p1_r2,1791065092.6052804,0
E_w3_p1_r2,1791065092.8054037,0
E_w3_p1_r2,1791065093.005515,0
E_w3_p1_r2,1791065093.2065446,0
E_w3_p1_r2,1791065093.4066522,0
E_w3_p1_r2,1791065093.6068068,0
E_w3_p1_r2,1791065093.8069034,0
E_w3_p1_r2,1791065094.0070164,0
E_w3_p1_r2,1791065094.2071693,0
E_w3_p1_r2,1791065094.4072595,0
E_w3_p1_r2,1791065094.6073697,0
E_w3_p1_r2,1791065094.807454,0
E_w3_p1_r2,1791065095.0075693,0
E_w3_p1_r2,1791065095.20767,0
E_w3_p1_r2,1791065095.4077775,0
E_w3_p1_r2,1791065095.6078863,0
E_w3_p1_r2,1791065095.8079796,0
E_w3_p1_r2,1791065096.008082,0
E_w3_p1_r2,1791065096.2081835,0
E_w3_p1_r2,1791065096.4083335,0
E_w3_p1_r2,1791065096.6084723,0
E_w3_p1_r2,1791065096.8085415,0
E_w3_p1_r2,1791065097.0086768,0
E_w3_p1_r2,1791065097.2088208,0
E_w3_p1_r2,1791065097.4089544,0
E_w3_p1_r2,1791065097.6105685,0
E_w3_p1_r2,1791065097.8106737,0
E_w3_p1_r2,1791065098.0107744,0
E_w3_p1_r2,1791065098.2108724,0
E_w3_p1_r2,1791065098.410969,0
E_w3_p1_r2,1791065098.6110795,0
E_w3_p1_r2,1791065098.8111708,0
E_w3_p1_r2,1791065099.0112762,0
E_w3_p1_r2,1791065099.2113662,0
E_w3_p1_r2,1791065099.4115207,0
E_w3_p1_r2,1791065099.611639,0
E_w3_p1_r2,1791065099.8117476,0
E_w3_p1_r2,1791065100.0118454,0
E_w3_p1_r2,1791065100.211995,0
E_w3_p1_r2,1791065100.4121408,0
E_w3_p1_r2,1791065100.612236,0
E_w3_p1_r2,1791065100.8123522,0
E_w3_p1_r2,1791065101.012463,0
E_w3_p1_r2,1791065101.2125862,0
E_w3_p1_r2,1791065101.4127178,0
E_w3_p1_r2,1791065101.613019,0
E_w3_p1_r2,1791065101.8131108,0
E_w3_p1_r2,1791065102.0136344,0
E_w3_p1_r2,1791065102.2137809,0
E_w3_p1_r2,1791065102.413919,0
E_w3_p1_r2,1791065102.614052,0
E_w3_p1_r2,1791065102.8141549,0
E_w3_p1_r2,1791065103.014276,0
E_w3_p1_r2,1791065103.2143874,0
E_w3_p1_r2,1791065103.4145439,0
E_w3_p1_r2,1791065103.6146457,0
E_w3_p1_r2,1791065103.8147798,0
E_w3_p1_r2,1791065104.0148706,0
E_w3_p1_r2,1791065104.2151566,0
E_w3_p1_r2,1791065104.4153078,0
E_w3_p1_r2,1791065104.6154683,0
E_w3_p1_r2,1791065104.8155618,0
E_w3_p1_r2,1791065105.0157046,0
E_w3_p1_r2,1791065105.215859,0
E_w3_p1_r2,1791065105.4162366,0
E_w3_p1_r2,1791065105.6165905,0
E_w3_p1_r2,1791065105.8167343,0
E_w3_p1_r2,1791065106.016862,0
E_w3_p1_r2,1791065106.2171712,0
E_w3_p1_r2,1791065106.4175491,0
E_w3_p1_r2,1791065106.617916,0
E_w3_p1_r2,1791065106.8180244,0
E_w3_p1_r2,1791065107.0181339,0
E_w3_p1_r2,1791065107.218473,0
E_w3_p1_r2,1791065107.4188347,0
E_w3_p1_r2,1791065107.6192183,0
E_w3_p1_r2,1791065107.8193455,0
E_w3_p1_r2,1791065108.0197086,0
E_w3_p1_r2,1791065108.2200375,0
E_w3_p1_r2,1791065108.4204082,0
E_w3_p1_r2,1791065108.6205373,0
E_w3_p1_r2,1791065108.8206718,0
E_w3_p1_r2,1791065109.0208116,0
E_w3_p1_r2,1791065109.2209609,0
E_w3_p1_r2,1791065109.421277,0
E_w3_p1_r2,1791065109.6216393,0
E_w3_p1_r2,1791065109.8219857,0
E_w3_p1_r2,1791065110.022113,0
E_w3_p1_r2,1791065110.222299,0
E_w3_p1_r2,1791065110.422477,0
E_w3_p1_r2,1791065110.6226377,0
E_w3_p1_r2,1791065110.8227396,0
E_w3_p1_r2,1791065111.0228727,0
E_w3_p1_r2,1791065111.2230065,0
E_w3_p1_r2,1791065111.4231257,0
E_w3_p1_r2,1791065111.623262,0
E_w3_p1_r2,1791065111.8233702,0
E_w3_p1_r2,1791065112.023537,0
E_w3_p1_r2,1791065112.2236528,0
E_w3_p1_r2,1791065112.4237583,0
E_w3_p1_r2,1791065112.6238644,0
E_w3_p1_r2,1791065112.8239613,0
E_w3_p1_r2,1791065113.0240812,0
E_w3_p1_r2,1791065113.2242997,135
E_w3_p1_r2,1791065113.4244075,742
E_w3_p1_r2,1791065113.624541,1916
E_w3_p1_r2,1791065113.8246505,4660
E_w3_p1_r2,1791065114.024882,8992
E_w3_p1_r2,1791065114.2249925,10000
E_w3_p1_r2,1791065114.4251065,10000
E_w3_p1_r2,1791065114.62522,10000
E_w3_p1_r2,1791065114.825332,10000
E_w3_p1_r2,1791065115.0254416,10000
E_w3_p1_r2,1791065115.2255452,10000
E_w3_p1_r2,1791065115.4256535,15210
E_w3_p1_r2,1791065115.6257713,22395
E_w3_p1_r2,1791065115.825871,28716
E_w3_p1_r2,1791065116.0259914,30000
E_w3_p1_r2,1791065116.2261147,30000
E_w3_p1_r2,1791065116.426234,30000
E_w3_p1_r2,1791065116.6263483,30000
E_w3_p1_r2,1791065116.8264627,30000
E_w3_p1_r2,1791065117.026564,30000
E_w3_p1_r2,1791065117.226659,30000
E_w3_p1_r2,1791065117.4267526,30000
E_w3_p1_r2,1791065117.62685,32318
E_w3_p1_r2,1791065117.826972,40683
E_w3_p1_r2,1791065118.0270832,47746
E_w3_p1_r2,1791065118.2271914,50000
E_w3_p1_r2,1791065118.4273064,50000
E_w3_p1_r2,1791065118.6274087,50000
E_w3_p1_r2,1791065118.8275502,50000
E_w3_p1_r2,1791065119.0276725,50000
E_w3_p1_r2,1791065119.227786,50000
E_w3_p1_r2,1791065119.4278977,50000
E_w3_p1_r2,1791065119.6280107,50000
E_w3_p1_r2,1791065119.828118,57153
E_w3_p1_r2,1791065120.0282576,68146
E_w3_p1_r2,1791065120.2284122,70000
E_w3_p1_r2,1791065120.428547,70000
E_w3_p1_r2,1791065120.62866,70000
E_w3_p1_r2,1791065120.8287718,70000
E_w3_p1_r2,1791065121.0288775,70000
E_w3_p1_r2,1791065121.2289872,70000
E_w3_p1_r2,1791065121.4291177,70000
E_w3_p1_r2,1791065121.6292596,70000
E_w3_p1_r2,1791065121.8293781,79656
E_w3_p1_r2,1791065122.029493,90000
E_w3_p1_r2,1791065122.2295647,90000
E_w3_p1_r2,1791065122.429682,90000
E_w3_p1_r2,1791065122.6297963,90000
E_w3_p1_r2,1791065122.8298986,90000
E_w3_p1_r2,1791065123.0300078,90000
E_w3_p1_r2,1791065123.230126,90000
E_w3_p1_r2,1791065123.430436,90000
E_w3_p1_r2,1791065123.6305802,101110
E_w3_p1_r2,1791065123.8306935,110000
E_w3_p1_r2,1791065124.0308192,110000
E_w3_p1_r2,1791065124.2309349,110000
E_w3_p1_r2,1791065124.431044,110000
E_w3_p1_r2,1791065124.6311471,110000
E_w3_p1_r2,1791065124.831251,110000
E_w3_p1_r2,1791065125.031384,110000
E_w3_p1_r2,1791065125.2315302,110000
E_w3_p1_r2,1791065125.431664,110000
E_w3_p1_r2,1791065125.6317585,110000
E_w3_p1_r2,1791065125.831893,110000
E_w3_p1_r2,1791065126.032014,126474
E_w3_p1_r2,1791065126.232125,130000
E_w3_p1_r2,1791065126.4322393,130000
E_w3_p1_r2,1791065126.6323361,130000
E_w3_p1_r2,1791065126.8324814,130000
E_w3_p1_r2,1791065127.032566,130000
E_w3_p1_r2,1791065127.2326727,130000
E_w3_p1_r2,1791065127.4327826,130000
E_w3_p1_r2,1791065127.632898,133426
E_w3_p1_r2,1791065127.8330047,140000
E_w3_p1_r2,1791065128.0331523,140000
E_w3_p1_r2,1791065128.2332551,140000
E_w3_p1_r2,1791065128.4333825,140000
E_w3_p1_r2,1791065128.6334891,140000
E_w3_p1_r2,1791065128.8335764,140000
E_w3_p1_r2,1791065129.0336797,140000
E_w3_p1_r2,1791065129.2337964,140000
E_w3_p1_r2,1791065129.4339097,140000
E_w3_p1_r2,1791065129.6340115,140000
E_w3_p1_r2,1791065129.834106,140000
E_w3_p1_r2,1791065130.0342078,140000
E_w3_p1_r2,1791065130.234314,140000
E_w3_p1_r2,1791065130.4344263,140000
E_w3_p1_r2,1791065130.634535,140000
E_w3_p1_r2,1791065130.8346426,151499
E_w3_p1_r2,1791065131.034751,170000
E_w3_p1_r2,1791065131.2348628,170000
E_w3_p1_r2,1791065131.4349613,170000
E_w3_p1_r2,1791065131.6350534,170000
E_w3_p1_r2,1791065131.835153,170000
E_w3_p1_r2,1791065132.0352578,183272
E_w3_p1_r2,1791065132.2353647,195980
E_w3_p1_r2,1791065132.43547,210176
E_w3_p1_r2,1791065132.6355605,223830
E_w3_p1_r2,1791065132.8356614,240000
E_w3_p1_r2,1791065133.035775,240000
E_w3_p1_r2,1791065133.2358692,240000
E_w3_p1_r2,1791065133.4359696,240000
E_w3_p1_r2,1791065133.6360717,240000
E_w3_p1_r2,1791065133.836175,240000
E_w3_p1_r2,1791065134.0362732,240000
E_w3_p1_r2,1791065134.2363877,252747
E_w3_p1_r2,1791065134.4364996,266883
E_w3_p1_r2,1791065134.6366076,281671
E_w3_p1_r2,1791065134.836717,290000
E_w3_p1_r2,1791065135.0370321,300000
E_w3_p1_r3,1791065201.254978,0
E_w3_p1_r3,1791065201.4555387,0
E_w3_p1_r3,1791065201.6556737,0
E_w3_p1_r3,1791065201.855783,0
E_w3_p1_r3,1791065202.0558903,0
E_w3_p1_r3,1791065202.2559922,0
E_w3_p1_r3,1791065202.4560816,0
E_w3_p1_r3,1791065202.6561804,0
E_w3_p1_r3,1791065202.8562818,0
E_w3_p1_r3,1791065203.0564406,0
E_w3_p1_r3,1791065203.25656,0
E_w3_p1_r3,1791065203.4566553,0
E_w3_p1_r3,1791065203.6567528,0
E_w3_p1_r3,1791065203.8568563,0
E_w3_p1_r3,1791065204.0569496,0
E_w3_p1_r3,1791065204.2570894,0
E_w3_p1_r3,1791065204.4572203,0
E_w3_p1_r3,1791065204.6573205,0
E_w3_p1_r3,1791065204.8574584,0
E_w3_p1_r3,1791065205.0575833,0
E_w3_p1_r3,1791065205.2576942,0
E_w3_p1_r3,1791065205.457794,0
E_w3_p1_r3,1791065205.6579099,0
E_w3_p1_r3,1791065205.8580103,0
E_w3_p1_r3,1791065206.0581083,0
E_w3_p1_r3,1791065206.258201,0
E_w3_p1_r3,1791065206.4583242,0
E_w3_p1_r3,1791065206.6584792,0
E_w3_p1_r3,1791065206.858569,0
E_w3_p1_r3,1791065207.0586672,0
E_w3_p1_r3,1791065207.2587757,0
E_w3_p1_r3,1791065207.4589012,0
E_w3_p1_r3,1791065207.6590064,0
E_w3_p1_r3,1791065207.8591263,0
E_w3_p1_r3,1791065208.0592186,0
E_w3_p1_r3,1791065208.2593188,0
E_w3_p1_r3,1791065208.459438,0
E_w3_p1_r3,1791065208.6595643,0
E_w3_p1_r3,1791065208.8596754,0
E_w3_p1_r3,1791065209.059783,0
E_w3_p1_r3,1791065209.2598743,0
E_w3_p1_r3,1791065209.4600277,0
E_w3_p1_r3,1791065209.6601403,0
E_w3_p1_r3,1791065209.8605652,0
E_w3_p1_r3,1791065210.0606887,0
E_w3_p1_r3,1791065210.2607982,0
E_w3_p1_r3,1791065210.4609098,0
E_w3_p1_r3,1791065210.661017,0
E_w3_p1_r3,1791065210.8611588,0
E_w3_p1_r3,1791065211.0612583,0
E_w3_p1_r3,1791065211.2613943,0
E_w3_p1_r3,1791065211.4614937,0
E_w3_p1_r3,1791065211.6615913,0
E_w3_p1_r3,1791065211.8617034,0
E_w3_p1_r3,1791065212.0618243,0
E_w3_p1_r3,1791065212.2619562,0
E_w3_p1_r3,1791065212.4620786,0
E_w3_p1_r3,1791065212.6621902,0
E_w3_p1_r3,1791065212.862325,0
E_w3_p1_r3,1791065213.0624516,0
E_w3_p1_r3,1791065213.2625754,0
E_w3_p1_r3,1791065213.4626877,0
E_w3_p1_r3,1791065213.6627998,0
E_w3_p1_r3,1791065213.8629148,0
E_w3_p1_r3,1791065214.0630395,0
E_w3_p1_r3,1791065214.2631493,0
E_w3_p1_r3,1791065214.464767,0
E_w3_p1_r3,1791065214.6648757,0
E_w3_p1_r3,1791065214.865006,0
E_w3_p1_r3,1791065215.065562,0
E_w3_p1_r3,1791065215.2656734,0
E_w3_p1_r3,1791065215.4657786,0
E_w3_p1_r3,1791065215.6658816,0
E_w3_p1_r3,1791065215.865984,0
E_w3_p1_r3,1791065216.0661197,0
E_w3_p1_r3,1791065216.2662454,0
E_w3_p1_r3,1791065216.4663641,0
E_w3_p1_r3,1791065216.6664639,0
E_w3_p1_r3,1791065216.866561,0
E_w3_p1_r3,1791065217.0668063,0
E_w3_p1_r3,1791065217.2669418,0
E_w3_p1_r3,1791065217.4670792,0
E_w3_p1_r3,1791065217.667219,0
E_w3_p1_r3,1791065217.8673558,0
E_w3_p1_r3,1791065218.067499,0
E_w3_p1_r3,1791065218.2676342,0
E_w3_p1_r3,1791065218.4677284,0
E_w3_p1_r3,1791065218.667843,0
E_w3_p1_r3,1791065218.8679447,0
E_w3_p1_r3,1791065219.0680664,0
E_w3_p1_r3,1791065219.2681656,0
E_w3_p1_r3,1791065219.4682658,0
E_w3_p1_r3,1791065219.6683986,0
E_w3_p1_r3,1791065219.868491,0
E_w3_p1_r3,1791065220.068543,0
E_w3_p1_r3,1791065220.2686794,0
E_w3_p1_r3,1791065220.468777,0
E_w3_p1_r3,1791065220.668912,0
E_w3_p1_r3,1791065220.8690276,0
E_w3_p1_r3,1791065221.0691597,0
E_w3_p1_r3,1791065221.2692842,0
E_w3_p1_r3,1791065221.46938,0
E_w3_p1_r3,1791065221.6695487,0
E_w3_p1_r3,1791065221.869655,0
E_w3_p1_r3,1791065222.0697846,0
E_w3_p1_r3,1791065222.2699242,0
E_w3_p1_r3,1791065222.4700582,0
E_w3_p1_r3,1791065222.6701593,0
E_w3_p1_r3,1791065222.870249,0
E_w3_p1_r3,1791065223.07039,0
E_w3_p1_r3,1791065223.270551,0
E_w3_p1_r3,1791065223.4706526,0
E_w3_p1_r3,1791065223.6707647,0
E_w3_p1_r3,1791065223.8708787,0
E_w3_p1_r3,1791065224.07098,0
E_w3_p1_r3,1791065224.2710972,0
E_w3_p1_r3,1791065224.471206,0
E_w3_p1_r3,1791065224.6713123,0
E_w3_p1_r3,1791065224.8714144,0
E_w3_p1_r3,1791065225.071531,0
E_w3_p1_r3,1791065225.2716398,0
E_w3_p1_r3,1791065225.4717474,0
E_w3_p1_r3,1791065225.6718621,0
E_w3_p1_r3,1791065225.871992,0
E_w3_p1_r3,1791065226.0721004,0
E_w3_p1_r3,1791065226.2722137,0
E_w3_p1_r3,1791065226.4723165,0
E_w3_p1_r3,1791065226.6724362,0
E_w3_p1_r3,1791065226.8725405,0
E_w3_p1_r3,1791065227.072673,0
E_w3_p1_r3,1791065227.272806,0
E_w3_p1_r3,1791065227.4728944,0
E_w3_p1_r3,1791065227.6729913,0
E_w3_p1_r3,1791065227.873087,0
E_w3_p1_r3,1791065228.073215,0
E_w3_p1_r3,1791065228.2733178,0
E_w3_p1_r3,1791065228.4734256,0
E_w3_p1_r3,1791065228.6735392,0
E_w3_p1_r3,1791065228.8737922,0
E_w3_p1_r3,1791065229.0738935,0
E_w3_p1_r3,1791065229.274004,0
E_w3_p1_r3,1791065229.4741123,0
E_w3_p1_r3,1791065229.6742136,0
E_w3_p1_r3,1791065229.8743198,0
E_w3_p1_r3,1791065230.0744486,0
E_w3_p1_r3,1791065230.2745442,0
E_w3_p1_r3,1791065230.474632,0
E_w3_p1_r3,1791065230.674737,0
E_w3_p1_r3,1791065230.8748686,0
E_w3_p1_r3,1791065231.0749896,0
E_w3_p1_r3,1791065231.2750816,0
E_w3_p1_r3,1791065231.4751813,0
E_w3_p1_r3,1791065231.6753082,0
E_w3_p1_r3,1791065231.8754196,0
E_w3_p1_r3,1791065232.0755591,0
E_w3_p1_r3,1791065232.2756574,0
E_w3_p1_r3,1791065232.4757879,0
E_w3_p1_r3,1791065232.6758995,0
E_w3_p1_r3,1791065232.876004,0
E_w3_p1_r3,1791065233.0760963,0
E_w3_p1_r3,1791065233.2761967,0
E_w3_p1_r3,1791065233.4763355,0
E_w3_p1_r3,1791065233.6764238,0
E_w3_p1_r3,1791065233.8765714,0
E_w3_p1_r3,1791065234.0766659,0
E_w3_p1_r3,1791065234.276762,695
E_w3_p1_r3,1791065234.476852,2157
E_w3_p1_r3,1791065234.6772165,3820
E_w3_p1_r3,1791065234.8773525,6065
E_w3_p1_r3,1791065235.0774436,8814
E_w3_p1_r3,1791065235.2775426,10000
E_w3_p1_r3,1791065235.47766,10000
E_w3_p1_r3,1791065235.678028,10000
E_w3_p1_r3,1791065235.8781178,10000
E_w3_p1_r3,1791065236.0782204,10000
E_w3_p1_r3,1791065236.2783155,10000
E_w3_p1_r3,1791065236.4784176,12860
E_w3_p1_r3,1791065236.6785467,20000
E_w3_p1_r3,1791065236.879047,26044
E_w3_p1_r3,1791065237.0793817,30000
E_w3_p1_r3,1791065237.2794833,30000
E_w3_p1_r3,1791065237.4795468,30000
E_w3_p1_r3,1791065237.6796472,30000
E_w3_p1_r3,1791065237.8797865,30000
E_w3_p1_r3,1791065238.0798829,30000
E_w3_p1_r3,1791065238.2799845,37973
E_w3_p1_r3,1791065238.4800937,45886
E_w3_p1_r3,1791065238.680188,50000
E_w3_p1_r3,1791065238.8802977,50000
E_w3_p1_r3,1791065239.0803976,50000
E_w3_p1_r3,1791065239.2805157,50000
E_w3_p1_r3,1791065239.4806006,50000
E_w3_p1_r3,1791065239.680689,50000
E_w3_p1_r3,1791065239.8807788,50945
E_w3_p1_r3,1791065240.0812535,59924
E_w3_p1_r3,1791065240.2813609,60000
E_w3_p1_r3,1791065240.4817398,60000
E_w3_p1_r3,1791065240.6818368,60000
E_w3_p1_r3,1791065240.8821886,78515
E_w3_p1_r3,1791065241.0822947,80000
E_w3_p1_r3,1791065241.2823906,80000
E_w3_p1_r3,1791065241.482494,80000
E_w3_p1_r3,1791065241.682546,80000
E_w3_p1_r3,1791065241.8828194,80000
E_w3_p1_r3,1791065242.0829139,80000
E_w3_p1_r3,1791065242.2830198,96544
E_w3_p1_r3,1791065242.4831514,100000
E_w3_p1_r3,1791065242.6832523,100000
E_w3_p1_r3,1791065242.8835871,100000
E_w3_p1_r3,1791065243.083695,100000
E_w3_p1_r3,1791065243.2837892,100000
E_w3_p1_r3,1791065243.4838953,113654
E_w3_p1_r3,1791065243.6840146,120000
E_w3_p1_r3,1791065243.8841126,120000
E_w3_p1_r3,1791065244.084253,120000
E_w3_p1_r3,1791065244.28459,120000
E_w3_p1_r3,1791065244.4846935,120000
E_w3_p1_r3,1791065244.6847844,132589
E_w3_p1_r3,1791065244.8851497,140000
E_w3_p1_r3,1791065245.0854917,140000
E_w3_p1_r3,1791065245.285832,140000
E_w3_p1_r3,1791065245.4859746,140000
E_w3_p1_r3,1791065245.6860728,140000
E_w3_p1_r3,1791065245.8861728,140000
E_w3_p1_r3,1791065246.086542,157443
E_w3_p1_r3,1791065246.2868862,160000
E_w3_p1_r3,1791065246.486991,160000
E_w3_p1_r3,1791065246.6870966,160000
E_w3_p1_r3,1791065246.8871875,160000
E_w3_p1_r3,1791065247.0872884,172288
E_w3_p1_r3,1791065247.2874887,180000
E_w3_p1_r3,1791065247.4875617,180000
E_w3_p1_r3,1791065247.6876493,180000
E_w3_p1_r3,1791065247.8877423,180000
E_w3_p1_r3,1791065248.0878465,194283
E_w3_p1_r3,1791065248.287943,200000
E_w3_p1_r3,1791065248.488057,200000
E_w3_p1_r3,1791065248.6881895,200000
E_w3_p1_r3,1791065248.8883138,210000
E_w3_p1_r3,1791065249.08866,210000
E_w3_p1_r3,1791065249.2887537,210000
E_w3_p1_r3,1791065249.488893,220000
E_w3_p1_r3,1791065249.6890037,220000
E_w3_p1_r3,1791065249.8891149,220000
E_w3_p1_r3,1791065250.0892062,220000
E_w3_p1_r3,1791065250.2893455,220000
E_w3_p1_r3,1791065250.4894931,220000
E_w3_p1_r3,1791065250.6895752,220000
E_w3_p1_r3,1791065250.8896837,241880
E_w3_p1_r3,1791065251.0897672,255143
E_w3_p1_r3,1791065251.2901146,269416
E_w3_p1_r3,1791065251.49021,271991
E_w3_p1_r3,1791065251.690319,280000
E_w3_p1_r3,1791065251.8904135,280000
E_w3_p1_r3,1791065252.0907474,289956
E_w3_p1_r3,1791065252.2908442,290000
E_w3_p1_r3,1791065252.490947,293966
E_w3_p1_r3,1791065252.69108,300000
E_w3_p3_r1,1791065316.9127128,0
E_w3_p3_r1,1791065317.1128073,0
E_w3_p3_r1,1791065317.3129485,0
E_w3_p3_r1,1791065317.513084,0
E_w3_p3_r1,1791065317.7131796,0
E_w3_p3_r1,1791065317.913281,0
E_w3_p3_r1,1791065318.1133766,0
E_w3_p3_r1,1791065318.313483,0
E_w3_p3_r1,1791065318.5136073,0
E_w3_p3_r1,1791065318.7137477,0
E_w3_p3_r1,1791065318.913862,0
E_w3_p3_r1,1791065319.1139562,0
E_w3_p3_r1,1791065319.3140578,0
E_w3_p3_r1,1791065319.5141592,0
E_w3_p3_r1,1791065319.7142818,0
E_w3_p3_r1,1791065319.9143827,0
E_w3_p3_r1,1791065320.1144903,0
E_w3_p3_r1,1791065320.314576,0
E_w3_p3_r1,1791065320.514717,0
E_w3_p3_r1,1791065320.714809,0
E_w3_p3_r1,1791065320.9149067,0
E_w3_p3_r1,1791065321.1150558,0
E_w3_p3_r1,1791065321.3151557,0
E_w3_p3_r1,1791065321.5152857,0
E_w3_p3_r1,1791065321.7153845,0
E_w3_p3_r1,1791065321.9154935,0
E_w3_p3_r1,1791065322.115713,0
E_w3_p3_r1,1791065322.315811,0
E_w3_p3_r1,1791065322.5159197,0
E_w3_p3_r1,1791065322.7160344,0
E_w3_p3_r1,1791065322.916142,0
E_w3_p3_r1,1791065323.1162539,0
E_w3_p3_r1,1791065323.3163512,0
E_w3_p3_r1,1791065323.5164392,0
E_w3_p3_r1,1791065323.7165608,0
E_w3_p3_r1,1791065323.9166873,0
E_w3_p3_r1,1791065324.117562,0
E_w3_p3_r1,1791065324.3179612,0
E_w3_p3_r1,1791065324.5185654,0
E_w3_p3_r1,1791065324.7186737,0
E_w3_p3_r1,1791065324.918778,0
E_w3_p3_r1,1791065325.1188807,0
E_w3_p3_r1,1791065325.3189738,0
E_w3_p3_r1,1791065325.51909,0
E_w3_p3_r1,1791065325.7192447,0
E_w3_p3_r1,1791065325.9193714,0
E_w3_p3_r1,1791065326.1194856,0
E_w3_p3_r1,1791065326.319563,0
E_w3_p3_r1,1791065326.5196548,0
E_w3_p3_r1,1791065326.7197614,0
E_w3_p3_r1,1791065326.9198747,0
E_w3_p3_r1,1791065327.119975,0
E_w3_p3_r1,1791065327.320095,0
E_w3_p3_r1,1791065327.5202093,0
E_w3_p3_r1,1791065327.7205737,0
E_w3_p3_r1,1791065327.9206774,0
E_w3_p3_r1,1791065328.120782,0
E_w3_p3_r1,1791065328.3208797,0
E_w3_p3_r1,1791065328.5209904,0
E_w3_p3_r1,1791065328.721101,0
E_w3_p3_r1,1791065328.9212189,0
E_w3_p3_r1,1791065329.121327,0
E_w3_p3_r1,1791065329.3214393,0
E_w3_p3_r1,1791065329.521569,0
E_w3_p3_r1,1791065329.7216666,0
E_w3_p3_r1,1791065329.921791,0
E_w3_p3_r1,1791065330.1219068,0
E_w3_p3_r1,1791065330.322034,0
E_w3_p3_r1,1791065330.5225685,0
E_w3_p3_r1,1791065330.7226806,0
E_w3_p3_r1,1791065330.9227812,0
E_w3_p3_r1,1791065331.1228867,0
E_w3_p3_r1,1791065331.3229916,0
E_w3_p3_r1,1791065331.52311,0
E_w3_p3_r1,1791065331.7232587,0
E_w3_p3_r1,1791065331.9233565,0
E_w3_p3_r1,1791065332.1234546,0
E_w3_p3_r1,1791065332.3235717,0
E_w3_p3_r1,1791065332.5236807,0
E_w3_p3_r1,1791065332.7239969,0
E_w3_p3_r1,1791065332.9240913,0
E_w3_p3_r1,1791065333.1242337,0
E_w3_p3_r1,1791065333.3243365,0
E_w3_p3_r1,1791065333.5244696,0
E_w3_p3_r1,1791065333.7246048,0
E_w3_p3_r1,1791065333.92474,0
E_w3_p3_r1,1791065334.124846,0
E_w3_p3_r1,1791065334.324942,0
E_w3_p3_r1,1791065334.5250554,0
E_w3_p3_r1,1791065334.7251568,0
E_w3_p3_r1,1791065334.9252717,0
E_w3_p3_r1,1791065335.1253777,0
E_w3_p3_r1,1791065335.325478,0
E_w3_p3_r1,1791065335.525553,0
E_w3_p3_r1,1791065335.7258594,0
E_w3_p3_r1,1791065335.9259973,0
E_w3_p3_r1,1791065336.1262991,0
E_w3_p3_r1,1791065336.3263903,0
E_w3_p3_r1,1791065336.5265386,0
E_w3_p3_r1,1791065336.726676,0
E_w3_p3_r1,1791065336.9267976,0
E_w3_p3_r1,1791065337.1269164,0
E_w3_p3_r1,1791065337.327043,0
E_w3_p3_r1,1791065337.5273442,0
E_w3_p3_r1,1791065337.7274578,0
E_w3_p3_r1,1791065337.9275575,0
E_w3_p3_r1,1791065338.1280196,0
E_w3_p3_r1,1791065338.3281507,0
E_w3_p3_r1,1791065338.528266,0
E_w3_p3_r1,1791065338.7283795,0
E_w3_p3_r1,1791065338.9285557,0
E_w3_p3_r1,1791065339.1286678,0
E_w3_p3_r1,1791065339.3292706,0
E_w3_p3_r1,1791065339.5293827,0
E_w3_p3_r1,1791065339.7294898,0
E_w3_p3_r1,1791065339.9295814,0
E_w3_p3_r1,1791065340.1297197,0
E_w3_p3_r1,1791065340.329862,0
E_w3_p3_r1,1791065340.5299761,0
E_w3_p3_r1,1791065340.730084,0
E_w3_p3_r1,1791065340.9302244,0
E_w3_p3_r1,1791065341.1303189,0
E_w3_p3_r1,1791065341.3304303,0
E_w3_p3_r1,1791065341.5305629,0
E_w3_p3_r1,1791065341.7306752,0
E_w3_p3_r1,1791065341.9307957,0
E_w3_p3_r1,1791065342.1309195,0
E_w3_p3_r1,1791065342.331031,0
E_w3_p3_r1,1791065342.531143,0
E_w3_p3_r1,1791065342.7312667,0
E_w3_p3_r1,1791065342.9313903,0
E_w3_p3_r1,1791065343.1315498,0
E_w3_p3_r1,1791065343.3316557,0
E_w3_p3_r1,1791065343.5317671,0
E_w3_p3_r1,1791065343.732622,0
E_w3_p3_r1,1791065343.9335754,0
E_w3_p3_r1,1791065344.134106,0
E_w3_p3_r1,1791065344.334376,0
E_w3_p3_r1,1791065344.5344894,0
E_w3_p3_r1,1791065344.734576,0
E_w3_p3_r1,1791065344.9346795,0
E_w3_p3_r1,1791065345.1347885,0
E_w3_p3_r1,1791065345.334905,0
E_w3_p3_r1,1791065345.5355787,0
E_w3_p3_r1,1791065345.7364743,0
E_w3_p3_r1,1791065345.9365942,0
E_w3_p3_r1,1791065346.136715,0
E_w3_p3_r1,1791065346.3368194,0
E_w3_p3_r1,1791065346.53757,0
E_w3_p3_r1,1791065346.737672,0
E_w3_p3_r1,1791065346.9377763,0
E_w3_p3_r1,1791065347.1378968,0
E_w3_p3_r1,1791065347.338016,0
E_w3_p3_r1,1791065347.5381436,0
E_w3_p3_r1,1791065347.738254,0
E_w3_p3_r1,1791065347.9383721,0
E_w3_p3_r1,1791065348.138534,0
E_w3_p3_r1,1791065348.3386402,0
E_w3_p3_r1,1791065348.5387475,0
E_w3_p3_r1,1791065348.739773,0
E_w3_p3_r1,1791065348.9398928,0
E_w3_p3_r1,1791065349.1399925,0
E_w3_p3_r1,1791065349.3400886,0
E_w3_p3_r1,1791065349.5402074,0
E_w3_p3_r1,1791065349.740326,0
E_w3_p3_r1,1791065349.9404306,0
E_w3_p3_r1,1791065350.1405582,0
E_w3_p3_r1,1791065350.3406668,0
E_w3_p3_r1,1791065350.5407755,0
E_w3_p3_r1,1791065350.7408867,0
E_w3_p3_r1,1791065350.9409857,0
E_w3_p3_r1,1791065351.1411169,0
E_w3_p3_r1,1791065351.3412256,0
E_w3_p3_r1,1791065351.5413232,0
E_w3_p3_r1,1791065351.7414339,0
E_w3_p3_r1,1791065351.9415493,0
E_w3_p3_r1,1791065352.1416445,0
E_w3_p3_r1,1791065352.341738,0
E_w3_p3_r1,1791065352.5418506,0
E_w3_p3_r1,1791065352.7419405,0
E_w3_p3_r1,1791065352.9420607,0
E_w3_p3_r1,1791065353.1421607,0
E_w3_p3_r1,1791065353.342255,0
E_w3_p3_r1,1791065353.5423594,0
E_w3_p3_r1,1791065353.7425268,0
E_w3_p3_r1,1791065353.94348,0
E_w3_p3_r1,1791065354.1435828,194
E_w3_p3_r1,1791065354.3438458,925
E_w3_p3_r1,1791065354.5439575,3679
E_w3_p3_r1,1791065354.744066,8257
E_w3_p3_r1,1791065354.9441721,13258
E_w3_p3_r1,1791065355.144293,16808
E_w3_p3_r1,1791065355.344398,20000
E_w3_p3_r1,1791065355.5456007,20000
E_w3_p3_r1,1791065355.746561,20000
E_w3_p3_r1,1791065355.946679,20000
E_w3_p3_r1,1791065356.1467874,20024
E_w3_p3_r1,1791065356.347261,20417
E_w3_p3_r1,1791065356.547379,21077
E_w3_p3_r1,1791065356.7474842,24155
E_w3_p3_r1,1791065356.9475622,29082
E_w3_p3_r1,1791065357.1476562,41942
E_w3_p3_r1,1791065357.347763,53253
E_w3_p3_r1,1791065357.5478718,64626
E_w3_p3_r1,1791065357.7487643,77545
E_w3_p3_r1,1791065357.9488752,91585
E_w3_p3_r1,1791065358.1489832,106563
E_w3_p3_r1,1791065358.349329,125177
E_w3_p3_r1,1791065358.549447,147107
E_w3_p3_r1,1791065358.7495823,159786
E_w3_p3_r1,1791065358.9496896,170292
E_w3_p3_r1,1791065359.1498063,184895
E_w3_p3_r1,1791065359.3499312,207387
E_w3_p3_r1,1791065359.5501528,213982
E_w3_p3_r1,1791065359.7502677,222298
E_w3_p3_r1,1791065359.9503763,241138
E_w3_p3_r1,1791065360.15049,259141
E_w3_p3_r1,1791065360.351473,267722
E_w3_p3_r1,1791065360.552185,283540
E_w3_p3_r1,1791065360.752303,299465
E_w3_p3_r1,1791065360.9524117,300000
E_w3_p3_r2,1791065425.7040515,0
E_w3_p3_r2,1791065425.904538,0
E_w3_p3_r2,1791065426.104668,0
E_w3_p3_r2,1791065426.3047976,0
E_w3_p3_r2,1791065426.5048957,0
E_w3_p3_r2,1791065426.705033,0
E_w3_p3_r2,1791065426.9051692,0
E_w3_p3_r2,1791065427.1055377,0
E_w3_p3_r2,1791065427.305676,0
E_w3_p3_r2,1791065427.5058134,0
E_w3_p3_r2,1791065427.7059052,0
E_w3_p3_r2,1791065427.9062073,0
E_w3_p3_r2,1791065428.106532,0
E_w3_p3_r2,1791065428.3066173,0
E_w3_p3_r2,1791065428.506718,0
E_w3_p3_r2,1791065428.7068198,0
E_w3_p3_r2,1791065428.9069118,0
E_w3_p3_r2,1791065429.1070108,0
E_w3_p3_r2,1791065429.3071048,0
E_w3_p3_r2,1791065429.507214,0
E_w3_p3_r2,1791065429.7073128,0
E_w3_p3_r2,1791065429.9074016,0
E_w3_p3_r2,1791065430.107521,0
E_w3_p3_r2,1791065430.307609,0
E_w3_p3_r2,1791065430.5077097,0
E_w3_p3_r2,1791065430.7078118,0
E_w3_p3_r2,1791065430.9079492,0
E_w3_p3_r2,1791065431.108084,0
E_w3_p3_r2,1791065431.3082056,0
E_w3_p3_r2,1791065431.5083163,0
E_w3_p3_r2,1791065431.70843,0
E_w3_p3_r2,1791065431.9085412,0
E_w3_p3_r2,1791065432.1086364,0
E_w3_p3_r2,1791065432.3087316,0
E_w3_p3_r2,1791065432.5088415,0
E_w3_p3_r2,1791065432.70894,0
E_w3_p3_r2,1791065432.909068,0
E_w3_p3_r2,1791065433.109179,0
E_w3_p3_r2,1791065433.3092768,0
E_w3_p3_r2,1791065433.5093741,0
E_w3_p3_r2,1791065433.7095504,0
E_w3_p3_r2,1791065433.909658,0
E_w3_p3_r2,1791065434.1097865,0
E_w3_p3_r2,1791065434.3098962,0
E_w3_p3_r2,1791065434.5100017,0
E_w3_p3_r2,1791065434.7101157,0
E_w3_p3_r2,1791065434.91056,0
E_w3_p3_r2,1791065435.1106727,0
E_w3_p3_r2,1791065435.3107784,0
E_w3_p3_r2,1791065435.5108736,0
E_w3_p3_r2,1791065435.7109904,0
E_w3_p3_r2,1791065435.9110992,0
E_w3_p3_r2,1791065436.1111977,0
E_w3_p3_r2,1791065436.311343,0
E_w3_p3_r2,1791065436.5114756,0
E_w3_p3_r2,1791065436.7115874,0
E_w3_p3_r2,1791065436.911704,0
E_w3_p3_r2,1791065437.112583,0
E_w3_p3_r2,1791065437.313568,0
E_w3_p3_r2,1791065437.5136843,0
E_w3_p3_r2,1791065437.7137856,0
E_w3_p3_r2,1791065437.913889,0
E_w3_p3_r2,1791065438.114009,0
E_w3_p3_r2,1791065438.3141148,0
E_w3_p3_r2,1791065438.5142262,0
E_w3_p3_r2,1791065438.714334,0
E_w3_p3_r2,1791065438.9144602,0
E_w3_p3_r2,1791065439.1145701,0
E_w3_p3_r2,1791065439.3146925,0
E_w3_p3_r2,1791065439.514796,0
E_w3_p3_r2,1791065439.7149186,0
E_w3_p3_r2,1791065439.9150367,0
E_w3_p3_r2,1791065440.1151602,0
E_w3_p3_r2,1791065440.3152719,0
E_w3_p3_r2,1791065440.515373,0
E_w3_p3_r2,1791065440.715484,0
E_w3_p3_r2,1791065440.9158688,0
E_w3_p3_r2,1791065441.1159601,0
E_w3_p3_r2,1791065441.316052,0
E_w3_p3_r2,1791065441.5161467,0
E_w3_p3_r2,1791065441.7162516,0
E_w3_p3_r2,1791065441.9163725,0
E_w3_p3_r2,1791065442.1164856,0
E_w3_p3_r2,1791065442.3165503,0
E_w3_p3_r2,1791065442.5166483,0
E_w3_p3_r2,1791065442.7167485,0
E_w3_p3_r2,1791065442.9168456,0
E_w3_p3_r2,1791065443.1169364,0
E_w3_p3_r2,1791065443.317053,0
E_w3_p3_r2,1791065443.5171452,0
E_w3_p3_r2,1791065443.7172399,0
E_w3_p3_r2,1791065443.9173477,0
E_w3_p3_r2,1791065444.1174476,0
E_w3_p3_r2,1791065444.3175483,0
E_w3_p3_r2,1791065444.5176516,0
E_w3_p3_r2,1791065444.7177598,0
E_w3_p3_r2,1791065444.917892,0
E_w3_p3_r2,1791065445.118011,0
E_w3_p3_r2,1791065445.3181443,0
E_w3_p3_r2,1791065445.5182567,0
E_w3_p3_r2,1791065445.7183557,0
E_w3_p3_r2,1791065445.9184535,0
E_w3_p3_r2,1791065446.1185563,0
E_w3_p3_r2,1791065446.318649,0
E_w3_p3_r2,1791065446.518753,0
E_w3_p3_r2,1791065446.7188556,0
E_w3_p3_r2,1791065446.9189653,0
E_w3_p3_r2,1791065447.1190612,0
E_w3_p3_r2,1791065447.319154,0
E_w3_p3_r2,1791065447.5192554,0
E_w3_p3_r2,1791065447.719344,0
E_w3_p3_r2,1791065447.919468,0
E_w3_p3_r2,1791065448.1196132,0
E_w3_p3_r2,1791065448.3197174,0
E_w3_p3_r2,1791065448.519806,0
E_w3_p3_r2,1791065448.7199137,0
E_w3_p3_r2,1791065448.9200318,0
E_w3_p3_r2,1791065449.1201415,0
E_w3_p3_r2,1791065449.3202558,0
E_w3_p3_r2,1791065449.5203786,0
E_w3_p3_r2,1791065449.7205184,0
E_w3_p3_r2,1791065449.9206483,0
E_w3_p3_r2,1791065450.1207588,0
E_w3_p3_r2,1791065450.3210824,0
E_w3_p3_r2,1791065450.5212524,0
E_w3_p3_r2,1791065450.7213905,0
E_w3_p3_r2,1791065450.9215539,0
E_w3_p3_r2,1791065451.1216624,0
E_w3_p3_r2,1791065451.3217745,0
E_w3_p3_r2,1791065451.5218878,0
E_w3_p3_r2,1791065451.7220128,0
E_w3_p3_r2,1791065451.9221234,0
E_w3_p3_r2,1791065452.1222515,0
E_w3_p3_r2,1791065452.3223584,0
E_w3_p3_r2,1791065452.5224752,0
E_w3_p3_r2,1791065452.7225587,0
E_w3_p3_r2,1791065452.9226615,0
E_w3_p3_r2,1791065453.1227734,0
E_w3_p3_r2,1791065453.3228772,0
E_w3_p3_r2,1791065453.5234513,0
E_w3_p3_r2,1791065453.7235663,0
E_w3_p3_r2,1791065453.9236844,0
E_w3_p3_r2,1791065454.124575,0
E_w3_p3_r2,1791065454.3246832,0
E_w3_p3_r2,1791065454.5247939,0
E_w3_p3_r2,1791065454.7249105,0
E_w3_p3_r2,1791065454.925392,0
E_w3_p3_r2,1791065455.1255567,0
E_w3_p3_r2,1791065455.3256564,0
E_w3_p3_r2,1791065455.5257597,0
E_w3_p3_r2,1791065455.7258322,0
E_w3_p3_r2,1791065455.9259498,0
E_w3_p3_r2,1791065456.1260629,0
E_w3_p3_r2,1791065456.326195,0
E_w3_p3_r2,1791065456.526556,0
E_w3_p3_r2,1791065456.7266686,0
E_w3_p3_r2,1791065456.9284432,0
E_w3_p3_r2,1791065457.129928,0
E_w3_p3_r2,1791065457.3305702,0
E_w3_p3_r2,1791065457.5306692,0
E_w3_p3_r2,1791065457.7307835,0
E_w3_p3_r2,1791065457.9309323,0
E_w3_p3_r2,1791065458.1310441,0
E_w3_p3_r2,1791065458.331159,0
E_w3_p3_r2,1791065458.5312765,0
E_w3_p3_r2,1791065458.7315733,0
E_w3_p3_r2,1791065458.931691,0
E_w3_p3_r2,1791065459.1318064,0
E_w3_p3_r2,1791065459.331914,0
E_w3_p3_r2,1791065459.532023,0
E_w3_p3_r2,1791065459.732146,0
E_w3_p3_r2,1791065459.9322634,0
E_w3_p3_r2,1791065460.1323628,0
E_w3_p3_r2,1791065460.3324873,0
E_w3_p3_r2,1791065460.5325675,0
E_w3_p3_r2,1791065460.7326682,0
E_w3_p3_r2,1791065460.933573,0
E_w3_p3_r2,1791065461.1336732,0
E_w3_p3_r2,1791065461.333789,0
E_w3_p3_r2,1791065461.5339057,0
E_w3_p3_r2,1791065461.734012,0
E_w3_p3_r2,1791065461.93412,0
E_w3_p3_r2,1791065462.1345584,0
E_w3_p3_r2,1791065462.3348281,0
E_w3_p3_r2,1791065462.5352395,0
E_w3_p3_r2,1791065462.7353528,0
E_w3_p3_r2,1791065462.9354815,0
E_w3_p3_r2,1791065463.1355698,0
E_w3_p3_r2,1791065463.3357048,0
E_w3_p3_r2,1791065463.5358117,0
E_w3_p3_r2,1791065463.73646,0
E_w3_p3_r2,1791065463.936566,0
E_w3_p3_r2,1791065464.1366653,0
E_w3_p3_r2,1791065464.3367631,0
E_w3_p3_r2,1791065464.536867,0
E_w3_p3_r2,1791065464.7369637,0
E_w3_p3_r2,1791065464.9370651,0
E_w3_p3_r2,1791065465.1371748,0
E_w3_p3_r2,1791065465.3375585,0
E_w3_p3_r2,1791065465.5376647,558
E_w3_p3_r2,1791065465.7377868,2289
E_w3_p3_r2,1791065465.937889,5100
E_w3_p3_r2,1791065466.1380138,9974
E_w3_p3_r2,1791065466.338113,16282
E_w3_p3_r2,1791065466.5393012,22266
E_w3_p3_r2,1791065466.739413,25228
E_w3_p3_r2,1791065466.9395375,28753
E_w3_p3_r2,1791065467.139641,30000
E_w3_p3_r2,1791065467.3397467,30000
E_w3_p3_r2,1791065467.539851,30000
E_w3_p3_r2,1791065467.739957,31517
E_w3_p3_r2,1791065467.9400818,39501
E_w3_p3_r2,1791065468.1401894,52299
E_w3_p3_r2,1791065468.3402948,61586
E_w3_p3_r2,1791065468.5404134,70000
E_w3_p3_r2,1791065468.7405577,70000
E_w3_p3_r2,1791065468.940662,74732
E_w3_p3_r2,1791065469.140768,83009
E_w3_p3_r2,1791065469.340875,89854
E_w3_p3_r2,1791065469.5409918,90000
E_w3_p3_r2,1791065469.7410831,90000
E_w3_p3_r2,1791065469.94119,99134
E_w3_p3_r2,1791065470.1412969,110685
E_w3_p3_r2,1791065470.3414087,131296
E_w3_p3_r2,1791065470.5415368,148000
E_w3_p3_r2,1791065470.7422442,165490
E_w3_p3_r2,1791065470.9423478,196901
E_w3_p3_r2,1791065471.1424644,210145
E_w3_p3_r2,1791065471.3425725,229981
E_w3_p3_r2,1791065471.5426788,244828
E_w3_p3_r2,1791065471.7427776,254895
E_w3_p3_r2,1791065471.9429271,279591
E_w3_p3_r2,1791065472.143039,286509
E_w3_p3_r2,1791065472.3431742,289591
E_w3_p3_r2,1791065472.543279,289591
E_w3_p3_r2,1791065472.743424,299591
E_w3_p3_r2,1791065472.9435258,300000
E_w3_p3_r3,1791065537.4523194,0
E_w3_p3_r3,1791065537.6524255,0
E_w3_p3_r3,1791065537.8525636,0
E_w3_p3_r3,1791065538.05267,0
E_w3_p3_r3,1791065538.2527614,0
E_w3_p3_r3,1791065538.4528747,0
E_w3_p3_r3,1791065538.6529672,0
E_w3_p3_r3,1791065538.8530943,0
E_w3_p3_r3,1791065539.053544,0
E_w3_p3_r3,1791065539.253637,0
E_w3_p3_r3,1791065539.4537392,0
E_w3_p3_r3,1791065539.6538475,0
E_w3_p3_r3,1791065539.8539636,0
E_w3_p3_r3,1791065540.0540664,0
E_w3_p3_r3,1791065540.2542021,0
E_w3_p3_r3,1791065540.4543047,0
E_w3_p3_r3,1791065540.6544342,0
E_w3_p3_r3,1791065540.854547,0
E_w3_p3_r3,1791065541.0546432,0
E_w3_p3_r3,1791065541.2547486,0
E_w3_p3_r3,1791065541.454845,0
E_w3_p3_r3,1791065541.654934,0
E_w3_p3_r3,1791065541.8550467,0
E_w3_p3_r3,1791065542.0552142,0
E_w3_p3_r3,1791065542.2553325,0
E_w3_p3_r3,1791065542.4554462,0
E_w3_p3_r3,1791065542.6555555,0
E_w3_p3_r3,1791065542.8556595,0
E_w3_p3_r3,1791065543.0557706,0
E_w3_p3_r3,1791065543.2558668,0
E_w3_p3_r3,1791065543.455991,0
E_w3_p3_r3,1791065543.6560886,0
E_w3_p3_r3,1791065543.856192,0
E_w3_p3_r3,1791065544.0563319,0
E_w3_p3_r3,1791065544.2564838,0
E_w3_p3_r3,1791065544.4566178,0
E_w3_p3_r3,1791065544.6567528,0
E_w3_p3_r3,1791065544.8568661,0
E_w3_p3_r3,1791065545.0569544,0
E_w3_p3_r3,1791065545.257054,0
E_w3_p3_r3,1791065545.457164,0
E_w3_p3_r3,1791065545.6572714,0
E_w3_p3_r3,1791065545.8574026,0
E_w3_p3_r3,1791065546.057533,0
E_w3_p3_r3,1791065546.25764,0
E_w3_p3_r3,1791065546.4578507,0
E_w3_p3_r3,1791065546.6579635,0
E_w3_p3_r3,1791065546.8580792,0
E_w3_p3_r3,1791065547.0586684,0
E_w3_p3_r3,1791065547.258774,0
E_w3_p3_r3,1791065547.4588969,0
E_w3_p3_r3,1791065547.659106,0
E_w3_p3_r3,1791065547.8592176,0
E_w3_p3_r3,1791065548.0593219,0
E_w3_p3_r3,1791065548.2595859,0
E_w3_p3_r3,1791065548.4596906,0
E_w3_p3_r3,1791065548.6597989,0
E_w3_p3_r3,1791065548.859916,0
E_w3_p3_r3,1791065549.0600195,0
E_w3_p3_r3,1791065549.2601328,0
E_w3_p3_r3,1791065549.4602334,0
E_w3_p3_r3,1791065549.6603575,0
E_w3_p3_r3,1791065549.8604786,0
E_w3_p3_r3,1791065550.0605733,0
E_w3_p3_r3,1791065550.2606802,0
E_w3_p3_r3,1791065550.4612048,0
E_w3_p3_r3,1791065550.6613185,0
E_w3_p3_r3,1791065550.8614302,0
E_w3_p3_r3,1791065551.0615654,0
E_w3_p3_r3,1791065551.2616682,0
E_w3_p3_r3,1791065551.4617884,0
E_w3_p3_r3,1791065551.6618912,0
E_w3_p3_r3,1791065551.8620105,0
E_w3_p3_r3,1791065552.06212,0
E_w3_p3_r3,1791065552.2622185,0
E_w3_p3_r3,1791065552.462339,0
E_w3_p3_r3,1791065552.6624444,0
E_w3_p3_r3,1791065552.862567,0
E_w3_p3_r3,1791065553.0626688,0
E_w3_p3_r3,1791065553.2627735,0
E_w3_p3_r3,1791065553.4630716,0
E_w3_p3_r3,1791065553.6631699,0
E_w3_p3_r3,1791065553.8632684,0
E_w3_p3_r3,1791065554.063367,0
E_w3_p3_r3,1791065554.2634642,0
E_w3_p3_r3,1791065554.4635422,0
E_w3_p3_r3,1791065554.6636748,0
E_w3_p3_r3,1791065554.8638108,0
E_w3_p3_r3,1791065555.0639453,0
E_w3_p3_r3,1791065555.264079,0
E_w3_p3_r3,1791065555.4642115,0
E_w3_p3_r3,1791065555.6643236,0
E_w3_p3_r3,1791065555.8644223,0
E_w3_p3_r3,1791065556.0647378,0
E_w3_p3_r3,1791065556.2650435,0
E_w3_p3_r3,1791065556.4651537,0
E_w3_p3_r3,1791065556.665307,0
E_w3_p3_r3,1791065556.8655376,0
E_w3_p3_r3,1791065557.0656447,0
E_w3_p3_r3,1791065557.2657452,0
E_w3_p3_r3,1791065557.4658513,0
E_w3_p3_r3,1791065557.665955,0
E_w3_p3_r3,1791065557.86607,0
E_w3_p3_r3,1791065558.0661705,0
E_w3_p3_r3,1791065558.2662706,0
E_w3_p3_r3,1791065558.4663785,0
E_w3_p3_r3,1791065558.6664786,0
E_w3_p3_r3,1791065558.866552,0
E_w3_p3_r3,1791065559.0666535,0
E_w3_p3_r3,1791065559.2667882,0
E_w3_p3_r3,1791065559.4669287,0
E_w3_p3_r3,1791065559.6670654,0
E_w3_p3_r3,1791065559.8671265,0
E_w3_p3_r3,1791065560.0672305,0
E_w3_p3_r3,1791065560.2673423,0
E_w3_p3_r3,1791065560.4674354,0
E_w3_p3_r3,1791065560.6675627,0
E_w3_p3_r3,1791065560.868485,0
E_w3_p3_r3,1791065561.0686393,0
E_w3_p3_r3,1791065561.269564,0
E_w3_p3_r3,1791065561.46967,0
E_w3_p3_r3,1791065561.6697826,0
E_w3_p3_r3,1791065561.8699138,0
E_w3_p3_r3,1791065562.070043,0
E_w3_p3_r3,1791065562.2701619,0
E_w3_p3_r3,1791065562.4703069,0
E_w3_p3_r3,1791065562.6704066,0
E_w3_p3_r3,1791065562.8705497,0
E_w3_p3_r3,1791065563.0706763,0
E_w3_p3_r3,1791065563.2707841,0
E_w3_p3_r3,1791065563.4708943,0
E_w3_p3_r3,1791065563.6709993,0
E_w3_p3_r3,1791065563.871098,0
E_w3_p3_r3,1791065564.0712047,0
E_w3_p3_r3,1791065564.2713223,0
E_w3_p3_r3,1791065564.4714246,0
E_w3_p3_r3,1791065564.671557,0
E_w3_p3_r3,1791065564.8716457,0
E_w3_p3_r3,1791065565.071765,0
E_w3_p3_r3,1791065565.2718763,0
E_w3_p3_r3,1791065565.4719794,0
E_w3_p3_r3,1791065565.6721344,0
E_w3_p3_r3,1791065565.8724205,0
E_w3_p3_r3,1791065566.0725393,0
E_w3_p3_r3,1791065566.2726448,0
E_w3_p3_r3,1791065566.4727547,0
E_w3_p3_r3,1791065566.6728761,0
E_w3_p3_r3,1791065566.8735585,0
E_w3_p3_r3,1791065567.0736973,0
E_w3_p3_r3,1791065567.2738113,0
E_w3_p3_r3,1791065567.473919,0
E_w3_p3_r3,1791065567.6740377,0
E_w3_p3_r3,1791065567.8745701,0
E_w3_p3_r3,1791065568.0746706,0
E_w3_p3_r3,1791065568.2748075,0
E_w3_p3_r3,1791065568.4749103,0
E_w3_p3_r3,1791065568.6750605,0
E_w3_p3_r3,1791065568.8753052,0
E_w3_p3_r3,1791065569.075429,0
E_w3_p3_r3,1791065569.2755482,0
E_w3_p3_r3,1791065569.4756558,0
E_w3_p3_r3,1791065569.67577,0
E_w3_p3_r3,1791065569.875892,0
E_w3_p3_r3,1791065570.0760064,0
E_w3_p3_r3,1791065570.2765613,0
E_w3_p3_r3,1791065570.4782052,0
E_w3_p3_r3,1791065570.678566,0
E_w3_p3_r3,1791065570.878684,0
E_w3_p3_r3,1791065571.0787945,0
E_w3_p3_r3,1791065571.2789161,0
E_w3_p3_r3,1791065571.479022,0
E_w3_p3_r3,1791065571.6791308,0
E_w3_p3_r3,1791065571.879258,0
E_w3_p3_r3,1791065572.0793874,0
E_w3_p3_r3,1791065572.2796233,0
E_w3_p3_r3,1791065572.47973,0
E_w3_p3_r3,1791065572.679838,0
E_w3_p3_r3,1791065572.879939,0
E_w3_p3_r3,1791065573.0800438,0
E_w3_p3_r3,1791065573.2801487,0
E_w3_p3_r3,1791065573.480271,0
E_w3_p3_r3,1791065573.680394,0
E_w3_p3_r3,1791065573.8805428,0
E_w3_p3_r3,1791065574.0807662,0
E_w3_p3_r3,1791065574.2808743,0
E_w3_p3_r3,1791065574.4813623,0
E_w3_p3_r3,1791065574.6819587,0
E_w3_p3_r3,1791065574.882622,0
E_w3_p3_r3,1791065575.0827324,0
E_w3_p3_r3,1791065575.2832325,0
E_w3_p3_r3,1791065575.4833453,0
E_w3_p3_r3,1791065575.683469,0
E_w3_p3_r3,1791065575.8835647,0
E_w3_p3_r3,1791065576.0836673,0
E_w3_p3_r3,1791065576.2837687,0
E_w3_p3_r3,1791065576.4842863,0
E_w3_p3_r3,1791065576.6843936,0
E_w3_p3_r3,1791065576.8845305,0
E_w3_p3_r3,1791065577.0846438,0
E_w3_p3_r3,1791065577.2847593,0
E_w3_p3_r3,1791065577.4848707,0
E_w3_p3_r3,1791065577.6849856,0
E_w3_p3_r3,1791065577.885097,0
E_w3_p3_r3,1791065578.0852227,57
E_w3_p3_r3,1791065578.2853348,645
E_w3_p3_r3,1791065578.48545,1737
E_w3_p3_r3,1791065578.685563,5390
E_w3_p3_r3,1791065578.885673,10666
E_w3_p3_r3,1791065579.0865679,18301
E_w3_p3_r3,1791065579.286669,23618
E_w3_p3_r3,1791065579.4875743,30000
E_w3_p3_r3,1791065579.6876867,30000
E_w3_p3_r3,1791065579.8877974,30000
E_w3_p3_r3,1791065580.0879095,30000
E_w3_p3_r3,1791065580.2880259,36456
E_w3_p3_r3,1791065580.4881384,43503
E_w3_p3_r3,1791065580.688245,49237
E_w3_p3_r3,1791065580.8883514,50000
E_w3_p3_r3,1791065581.088455,50000
E_w3_p3_r3,1791065581.2885666,50000
E_w3_p3_r3,1791065581.488678,54226
E_w3_p3_r3,1791065581.6887922,61658
E_w3_p3_r3,1791065581.889146,70126
E_w3_p3_r3,1791065582.0892656,83575
E_w3_p3_r3,1791065582.289382,103926
E_w3_p3_r3,1791065582.4895194,127431
E_w3_p3_r3,1791065582.6896324,150816
E_w3_p3_r3,1791065582.8897338,178392
E_w3_p3_r3,1791065583.0898452,203461
E_w3_p3_r3,1791065583.2899537,219261
E_w3_p3_r3,1791065583.490067,244702
E_w3_p3_r3,1791065583.690561,252477
E_w3_p3_r3,1791065583.8906758,269556
E_w3_p3_r3,1791065584.0907884,281398
E_w3_p3_r3,1791065584.2908783,289804
E_w3_p3_r3,1791065584.4909966,299811
E_w3_p3_r3,1791065584.6911206,300000
