ts,run_id,transacoes_produzidas,predicoes_publicadas,lag_mensagens
1791020944.625,D_t100_r1,0,0,0
1791020945.625,D_t100_r1,0,0,0
1791020946.625,D_t100_r1,0,0,0
1791020947.625,D_t100_r1,0,0,0
1791020948.625,D_t100_r1,54,5,49
1791020949.625,D_t100_r1,154,63,91
1791020950.625,D_t100_r1,254,145,109
1791020951.626,D_t100_r1,354,268,86
1791020952.626,D_t100_r1,454,367,87
1791020953.626,D_t100_r1,554,480,74
1791020954.626,D_t100_r1,654,583,71
1791020955.626,D_t100_r1,754,656,98
1791020956.626,D_t100_r1,854,732,122
1791020957.626,D_t100_r1,954,830,124
1791020958.626,D_t100_r1,1054,947,107
1791020959.627,D_t100_r1,1154,1013,141
1791020960.627,D_t100_r1,1254,1129,125
1791020961.627,D_t100_r1,1354,1221,133
1791020962.627,D_t100_r1,1454,1293,161
1791020963.627,D_t100_r1,1554,1413,141
1791020964.627,D_t100_r1,1654,1532,122
1791020965.627,D_t100_r1,1754,1670,84
1791020966.628,D_t100_r1,1854,1758,96
1791020967.628,D_t100_r1,1954,1878,76
1791020968.628,D_t100_r1,2054,2004,50
1791020969.628,D_t100_r1,2154,2080,74
1791020970.628,D_t100_r1,2254,2182,72
1791020971.628,D_t100_r1,2354,2257,97
1791020972.628,D_t100_r1,2454,2341,113
1791020973.629,D_t100_r1,2554,2442,112
1791020974.629,D_t100_r1,2654,2541,113
1791020975.629,D_t100_r1,2754,2636,118
1791020976.629,D_t100_r1,2854,2764,90
1791020977.629,D_t100_r1,2954,2862,92
1791020978.629,D_t100_r1,3054,2959,95
1791020979.629,D_t100_r1,3154,3061,93
1791020980.630,D_t100_r1,3254,3156,98
1791020981.630,D_t100_r1,3354,3250,104
1791020982.630,D_t100_r1,3454,3354,100
1791020983.630,D_t100_r1,3554,3453,101
1791020984.630,D_t100_r1,3654,3553,101
1791020985.631,D_t100_r1,3754,3644,110
1791020986.631,D_t100_r1,3854,3731,123
1791020987.631,D_t100_r1,3954,3823,131
1791020988.631,D_t100_r1,4054,3922,132
1791020989.631,D_t100_r1,4155,4025,130
1791020990.631,D_t100_r1,4254,4119,135
1791020991.631,D_t100_r1,4354,4215,139
1791020992.632,D_t100_r1,4455,4350,105
1791020993.632,D_t100_r1,4554,4481,73
1791020994.632,D_t100_r1,4655,4566,89
1791020995.632,D_t100_r1,4755,4678,77
1791020996.632,D_t100_r1,4855,4776,79
1791020997.632,D_t100_r1,4955,4858,97
1791020998.632,D_t100_r1,5055,4942,113
1791020999.632,D_t100_r1,5155,5083,72
1791021000.632,D_t100_r1,5255,5164,91
1791021001.633,D_t100_r1,5355,5289,66
1791021002.633,D_t100_r1,5455,5365,90
1791021003.633,D_t100_r1,5555,5446,109
1791021004.633,D_t100_r1,5655,5536,119
1791021005.633,D_t100_r1,5755,5674,81
1791021006.633,D_t100_r1,5855,5768,87
1791021007.633,D_t100_r1,5955,5867,88
1791021008.633,D_t100_r1,6000,5963,37
1791021009.634,D_t100_r1,6000,5987,13
1791021017.081,D_t100_r2,0,0,0
1791021018.081,D_t100_r2,0,0,0
1791021019.082,D_t100_r2,0,0,0
1791021020.082,D_t100_r2,0,0,0
1791021021.082,D_t100_r2,0,0,0
1791021022.082,D_t100_r2,0,0,0
1791021023.082,D_t100_r2,68,12,56
1791021024.082,D_t100_r2,168,114,54
1791021025.082,D_t100_r2,268,208,60
1791021026.083,D_t100_r2,368,317,51
1791021027.083,D_t100_r2,468,423,45
1791021028.083,D_t100_r2,568,496,72
1791021029.083,D_t100_r2,668,564,104
1791021030.083,D_t100_r2,768,695,73
1791021031.083,D_t100_r2,868,747,121
1791021032.083,D_t100_r2,968,849,119
1791021033.084,D_t100_r2,1068,983,85
1791021034.084,D_t100_r2,1168,1069,99
1791021035.084,D_t100_r2,1268,1186,82
1791021036.084,D_t100_r2,1369,1277,92
1791021037.084,D_t100_r2,1469,1372,97
1791021038.084,D_t100_r2,1568,1466,102
1791021039.084,D_t100_r2,1668,1566,102
1791021040.085,D_t100_r2,1768,1679,89
1791021041.085,D_t100_r2,1868,1785,83
1791021042.085,D_t100_r2,1968,1900,68
1791021043.085,D_t100_r2,2069,1975,94
1791021044.085,D_t100_r2,2169,2089,80
1791021045.085,D_t100_r2,2269,2197,72
1791021046.085,D_t100_r2,2369,2312,57
1791021047.086,D_t100_r2,2469,2421,48
1791021048.086,D_t100_r2,2569,2519,50
1791021049.086,D_t100_r2,2669,2604,65
1791021050.086,D_t100_r2,2768,2700,68
1791021051.086,D_t100_r2,2869,2779,90
1791021052.086,D_t100_r2,2970,2882,88
1791021053.086,D_t100_r2,3069,2956,113
1791021054.086,D_t100_r2,3169,3109,60
1791021055.087,D_t100_r2,3269,3177,92
1791021056.087,D_t100_r2,3369,3297,72
1791021057.087,D_t100_r2,3469,3378,91
1791021058.087,D_t100_r2,3569,3458,111
1791021059.087,D_t100_r2,3669,3583,86
1791021060.087,D_t100_r2,3769,3672,97
1791021061.087,D_t100_r2,3869,3807,62
1791021062.087,D_t100_r2,3969,3896,73
1791021063.088,D_t100_r2,4069,4002,67
1791021064.088,D_t100_r2,4169,4103,66
1791021065.088,D_t100_r2,4269,4210,59
1791021066.088,D_t100_r2,4369,4319,50
1791021067.088,D_t100_r2,4469,4417,52
1791021068.088,D_t100_r2,4569,4516,53
1791021069.088,D_t100_r2,4669,4602,67
1791021070.088,D_t100_r2,4769,4720,49
1791021071.088,D_t100_r2,4869,4820,49
1791021072.089,D_t100_r2,4969,4913,56
1791021073.089,D_t100_r2,5069,5013,56
1791021074.089,D_t100_r2,5169,5123,46
1791021075.089,D_t100_r2,5269,5218,51
1791021076.089,D_t100_r2,5369,5317,52
1791021077.089,D_t100_r2,5469,5410,59
1791021078.089,D_t100_r2,5569,5484,85
1791021079.089,D_t100_r2,5669,5580,89
1791021080.090,D_t100_r2,5769,5657,112
1791021081.090,D_t100_r2,5869,5784,85
1791021082.090,D_t100_r2,5969,5872,97
1791021083.090,D_t100_r2,6000,5958,42
1791021084.090,D_t100_r2,6000,5995,5
1791021091.481,D_t100_r3,0,0,0
1791021092.481,D_t100_r3,0,0,0
1791021093.482,D_t100_r3,0,0,0
1791021094.482,D_t100_r3,0,0,0
1791021095.482,D_t100_r3,0,0,0
1791021096.482,D_t100_r3,0,0,0
1791021097.482,D_t100_r3,38,0,38
1791021098.482,D_t100_r3,137,73,64
1791021099.483,D_t100_r3,238,164,74
1791021100.483,D_t100_r3,337,281,56
1791021101.483,D_t100_r3,438,359,79
1791021102.483,D_t100_r3,538,464,74
1791021103.483,D_t100_r3,638,553,85
1791021104.483,D_t100_r3,738,627,111
1791021105.483,D_t100_r3,838,728,110
1791021106.484,D_t100_r3,938,846,92
1791021107.484,D_t100_r3,1038,955,83
1791021108.484,D_t100_r3,1138,1029,109
1791021109.484,D_t100_r3,1238,1164,74
1791021110.484,D_t100_r3,1338,1251,87
1791021111.484,D_t100_r3,1438,1350,88
1791021112.484,D_t100_r3,1538,1449,89
1791021113.484,D_t100_r3,1638,1529,109
1791021114.485,D_t100_r3,1738,1662,76
1791021115.485,D_t100_r3,1838,1770,68
1791021116.485,D_t100_r3,1938,1842,96
1791021117.485,D_t100_r3,2038,1970,68
1791021118.485,D_t100_r3,2138,2045,93
1791021119.485,D_t100_r3,2238,2156,82
1791021120.486,D_t100_r3,2338,2276,62
1791021121.486,D_t100_r3,2438,2374,64
1791021122.486,D_t100_r3,2538,2488,50
1791021123.486,D_t100_r3,2638,2563,75
1791021124.486,D_t100_r3,2738,2668,70
1791021125.486,D_t100_r3,2838,2775,63
1791021126.486,D_t100_r3,2938,2879,59
1791021127.486,D_t100_r3,3038,2966,72
1791021128.486,D_t100_r3,3138,3024,114
1791021129.487,D_t100_r3,3238,3149,89
1791021130.487,D_t100_r3,3338,3257,81
1791021131.487,D_t100_r3,3438,3352,86
1791021132.487,D_t100_r3,3538,3454,84
1791021133.487,D_t100_r3,3638,3574,64
1791021134.487,D_t100_r3,3738,3662,76
1791021135.487,D_t100_r3,3838,3769,69
1791021136.487,D_t100_r3,3938,3851,87
1791021137.488,D_t100_r3,4038,3955,83
1791021138.488,D_t100_r3,4138,4060,78
1791021139.488,D_t100_r3,4238,4155,83
1791021140.488,D_t100_r3,4338,4240,98
1791021141.488,D_t100_r3,4438,4338,100
1791021142.488,D_t100_r3,4538,4464,74
1791021143.489,D_t100_r3,4638,4559,79
1791021144.489,D_t100_r3,4738,4637,101
1791021145.489,D_t100_r3,4838,4741,97
1791021146.489,D_t100_r3,4938,4847,91
1791021147.489,D_t100_r3,5038,4953,85
1791021148.489,D_t100_r3,5138,5079,59
1791021149.489,D_t100_r3,5238,5149,89
1791021150.489,D_t100_r3,5338,5248,90
1791021151.490,D_t100_r3,5438,5381,57
1791021152.490,D_t100_r3,5538,5458,80
1791021153.490,D_t100_r3,5638,5551,87
1791021154.490,D_t100_r3,5738,5658,80
1791021155.490,D_t100_r3,5838,5736,102
1791021156.490,D_t100_r3,5938,5868,70
1791021157.498,D_t100_r3,6000,5943,57
1791021158.499,D_t100_r3,6000,5969,31
1791021159.499,D_t100_r3,6000,6000,0
1791021167.931,D_t100_r4,0,0,0
1791021168.931,D_t100_r4,0,0,0
1791021169.931,D_t100_r4,0,0,0
1791021170.932,D_t100_r4,0,0,0
1791021171.932,D_t100_r4,0,0,0
1791021172.932,D_t100_r4,0,0,0
1791021173.932,D_t100_r4,46,0,46
1791021174.932,D_t100_r4,146,67,79
1791021175.932,D_t100_r4,246,171,75
1791021176.932,D_t100_r4,346,243,103
1791021177.933,D_t100_r4,446,370,76
1791021178.933,D_t100_r4,546,469,77
1791021179.933,D_t100_r4,646,589,57
1791021180.933,D_t100_r4,746,680,66
1791021181.933,D_t100_r4,846,787,59
1791021182.933,D_t100_r4,946,887,59
1791021183.934,D_t100_r4,1046,984,62
1791021184.934,D_t100_r4,1146,1081,65
1791021185.934,D_t100_r4,1246,1175,71
1791021186.934,D_t100_r4,1346,1288,58
1791021187.934,D_t100_r4,1446,1376,70
1791021188.934,D_t100_r4,1546,1468,78
1791021189.934,D_t100_r4,1646,1555,91
1791021190.935,D_t100_r4,1746,1657,89
1791021191.935,D_t100_r4,1846,1774,72
1791021192.935,D_t100_r4,1946,1869,77
1791021193.935,D_t100_r4,2046,1992,54
1791021194.935,D_t100_r4,2146,2083,63
1791021195.935,D_t100_r4,2246,2193,53
1791021196.935,D_t100_r4,2346,2295,51
1791021197.935,D_t100_r4,2446,2399,47
1791021198.935,D_t100_r4,2546,2491,55
1791021199.936,D_t100_r4,2646,2590,56
1791021200.936,D_t100_r4,2746,2680,66
1791021201.936,D_t100_r4,2846,2782,64
1791021202.936,D_t100_r4,2946,2859,87
1791021203.936,D_t100_r4,3046,2959,87
1791021204.936,D_t100_r4,3146,3058,88
1791021205.936,D_t100_r4,3246,3142,104
1791021206.936,D_t100_r4,3346,3247,99
1791021207.937,D_t100_r4,3446,3355,91
1791021208.937,D_t100_r4,3546,3457,89
1791021209.937,D_t100_r4,3646,3578,68
1791021210.937,D_t100_r4,3746,3659,87
1791021211.937,D_t100_r4,3847,3757,90
1791021212.937,D_t100_r4,3947,3889,58
1791021213.937,D_t100_r4,4046,3986,60
1791021214.938,D_t100_r4,4147,4102,45
1791021215.938,D_t100_r4,4246,4198,48
1791021216.938,D_t100_r4,4347,4292,55
1791021217.938,D_t100_r4,4446,4391,55
1791021218.938,D_t100_r4,4547,4490,57
1791021219.938,D_t100_r4,4647,4598,49
1791021220.938,D_t100_r4,4747,4689,58
1791021221.938,D_t100_r4,4847,4799,48
1791021222.938,D_t100_r4,4947,4899,48
1791021223.939,D_t100_r4,5047,4989,58
1791021224.939,D_t100_r4,5147,5083,64
1791021225.939,D_t100_r4,5246,5181,65
1791021226.939,D_t100_r4,5347,5280,67
1791021227.939,D_t100_r4,5447,5361,86
1791021228.939,D_t100_r4,5547,5483,64
1791021229.939,D_t100_r4,5647,5582,65
1791021230.939,D_t100_r4,5747,5670,77
1791021231.940,D_t100_r4,5847,5732,115
1791021232.940,D_t100_r4,5947,5860,87
1791021233.940,D_t100_r4,6000,5943,57
1791021234.948,D_t100_r4,6000,5967,33
1791021235.948,D_t100_r4,6000,6000,0
1791021244.213,D_t100_r5,0,0,0
1791021245.213,D_t100_r5,0,0,0
1791021246.214,D_t100_r5,0,0,0
1791021247.214,D_t100_r5,0,0,0
1791021248.214,D_t100_r5,0,0,0
1791021249.214,D_t100_r5,0,0,0
1791021250.214,D_t100_r5,40,0,40
1791021251.214,D_t100_r5,140,62,78
1791021252.214,D_t100_r5,240,152,88
1791021253.215,D_t100_r5,340,235,105
1791021254.215,D_t100_r5,440,348,92
1791021255.215,D_t100_r5,540,454,86
1791021256.215,D_t100_r5,640,547,93
1791021257.215,D_t100_r5,740,674,66
1791021258.215,D_t100_r5,840,746,94
1791021259.215,D_t100_r5,940,830,110
1791021260.216,D_t100_r5,1040,941,99
1791021261.216,D_t100_r5,1140,1056,84
1791021262.216,D_t100_r5,1238,1156,82
1791021263.216,D_t100_r5,1340,1253,87
1791021264.216,D_t100_r5,1440,1373,67
1791021265.216,D_t100_r5,1540,1474,66
1791021266.216,D_t100_r5,1640,1559,81
1791021267.217,D_t100_r5,1740,1672,68
1791021268.217,D_t100_r5,1841,1787,54
1791021269.217,D_t100_r5,1940,1883,57
1791021270.217,D_t100_r5,2040,1972,68
1791021271.217,D_t100_r5,2140,2041,99
1791021272.217,D_t100_r5,2240,2169,71
1791021273.217,D_t100_r5,2340,2262,78
1791021274.218,D_t100_r5,2441,2359,82
1791021275.218,D_t100_r5,2540,2476,64
1791021276.218,D_t100_r5,2640,2586,54
1791021277.218,D_t100_r5,2741,2690,51
1791021278.218,D_t100_r5,2841,2793,48
1791021279.218,D_t100_r5,2941,2884,57
1791021280.218,D_t100_r5,3040,2992,48
1791021281.218,D_t100_r5,3140,3086,54
1791021282.219,D_t100_r5,3241,3180,61
1791021283.219,D_t100_r5,3341,3281,60
1791021284.219,D_t100_r5,3441,3378,63
1791021285.219,D_t100_r5,3541,3476,65
1791021286.219,D_t100_r5,3641,3570,71
1791021287.219,D_t100_r5,3741,3652,89
1791021288.219,D_t100_r5,3841,3774,67
1791021289.219,D_t100_r5,3941,3871,70
1791021290.220,D_t100_r5,4041,3944,97
1791021291.220,D_t100_r5,4141,4069,72
1791021292.220,D_t100_r5,4241,4161,80
1791021293.220,D_t100_r5,4341,4285,56
1791021294.220,D_t100_r5,4441,4401,40
1791021295.220,D_t100_r5,4541,4474,67
1791021296.221,D_t100_r5,4641,4593,48
1791021297.221,D_t100_r5,4741,4660,81
1791021298.221,D_t100_r5,4841,4791,50
1791021299.221,D_t100_r5,4941,4899,42
1791021300.221,D_t100_r5,5041,4987,54
1791021301.221,D_t100_r5,5141,5096,45
1791021302.221,D_t100_r5,5241,5194,47
1791021303.221,D_t100_r5,5341,5286,55
1791021304.221,D_t100_r5,5441,5376,65
1791021305.222,D_t100_r5,5541,5486,55
1791021306.222,D_t100_r5,5641,5543,98
1791021307.222,D_t100_r5,5741,5654,87
1791021308.222,D_t100_r5,5841,5746,95
1791021309.222,D_t100_r5,5941,5835,106
1791021310.223,D_t100_r5,6000,5906,94
1791021311.223,D_t100_r5,6000,5988,12
1791021312.223,D_t100_r5,6000,6000,0
1791021320.518,D_t500_r1,0,0,0
1791021321.518,D_t500_r1,0,0,0
1791021322.519,D_t500_r1,0,0,0
1791021323.519,D_t500_r1,0,0,0
1791021324.519,D_t500_r1,0,0,0
1791021325.519,D_t500_r1,0,0,0
1791021326.519,D_t500_r1,0,0,0
1791021327.519,D_t500_r1,137,0,137
1791021328.520,D_t500_r1,639,307,332
1791021329.520,D_t500_r1,1141,821,320
1791021330.520,D_t500_r1,1640,1363,277
1791021331.520,D_t500_r1,2140,1850,290
1791021332.520,D_t500_r1,2640,2360,280
1791021333.520,D_t500_r1,3139,2860,279
1791021334.520,D_t500_r1,3639,3300,339
1791021335.520,D_t500_r1,4140,3851,289
1791021336.521,D_t500_r1,4641,4404,237
1791021337.521,D_t500_r1,5140,4877,263
1791021338.521,D_t500_r1,5638,5413,225
1791021339.521,D_t500_r1,6140,5880,260
1791021340.521,D_t500_r1,6640,6391,249
1791021341.521,D_t500_r1,7138,6912,226
1791021342.521,D_t500_r1,7639,7254,385
1791021343.521,D_t500_r1,8140,7818,322
1791021344.521,D_t500_r1,8641,8314,327
1791021345.522,D_t500_r1,9139,8796,343
1791021346.522,D_t500_r1,9640,9295,345
1791021347.522,D_t500_r1,10139,9771,368
1791021348.522,D_t500_r1,10641,10299,342
1791021349.522,D_t500_r1,11139,10854,285
1791021350.522,D_t500_r1,11638,11429,209
1791021351.522,D_t500_r1,12142,11759,383
1791021352.522,D_t500_r1,12640,12437,203
1791021353.522,D_t500_r1,13141,12897,244
1791021354.523,D_t500_r1,13640,13431,209
1791021355.523,D_t500_r1,14142,13884,258
1791021356.523,D_t500_r1,14639,14433,206
1791021357.523,D_t500_r1,15140,14915,225
1791021358.523,D_t500_r1,15642,15429,213
1791021359.523,D_t500_r1,16142,15911,231
1791021360.523,D_t500_r1,16640,16436,204
1791021361.524,D_t500_r1,17138,16911,227
1791021362.524,D_t500_r1,17640,17440,200
1791021363.524,D_t500_r1,18142,17918,224
1791021364.524,D_t500_r1,18640,18423,217
1791021365.524,D_t500_r1,19141,18905,236
1791021366.524,D_t500_r1,19641,19411,230
1791021367.524,D_t500_r1,20143,19827,316
1791021368.524,D_t500_r1,20641,20288,353
1791021369.524,D_t500_r1,21142,20813,329
1791021370.525,D_t500_r1,21641,21375,266
1791021371.525,D_t500_r1,22142,21852,290
1791021372.525,D_t500_r1,22641,22352,289
1791021373.525,D_t500_r1,23142,22795,347
1791021374.525,D_t500_r1,23640,23448,192
1791021375.525,D_t500_r1,24142,23911,231
1791021376.525,D_t500_r1,24644,24408,236
1791021377.525,D_t500_r1,25144,24793,351
1791021378.526,D_t500_r1,25641,25291,350
1791021379.526,D_t500_r1,26144,25845,299
1791021380.526,D_t500_r1,26644,26317,327
1791021381.526,D_t500_r1,27144,26819,325
1791021382.526,D_t500_r1,27643,27280,363
1791021383.526,D_t500_r1,28143,27925,218
1791021384.526,D_t500_r1,28643,28426,217
1791021385.526,D_t500_r1,29144,28743,401
1791021386.526,D_t500_r1,29643,29354,289
1791021387.527,D_t500_r1,30000,29760,240
1791021388.527,D_t500_r1,30000,29934,66
1791021397.662,D_t500_r2,0,0,0
1791021398.662,D_t500_r2,0,0,0
1791021399.662,D_t500_r2,0,0,0
1791021400.662,D_t500_r2,0,0,0
1791021401.663,D_t500_r2,0,0,0
1791021402.663,D_t500_r2,0,0,0
1791021403.663,D_t500_r2,0,0,0
1791021404.663,D_t500_r2,400,51,349
1791021405.663,D_t500_r2,897,626,271
1791021406.663,D_t500_r2,1401,1107,294
1791021407.663,D_t500_r2,1899,1628,271
1791021408.663,D_t500_r2,2401,2181,220
1791021409.663,D_t500_r2,2900,2663,237
1791021410.664,D_t500_r2,3398,3077,321
1791021411.664,D_t500_r2,3900,3690,210
1791021412.664,D_t500_r2,4401,4092,309
1791021413.664,D_t500_r2,4898,4689,209
1791021414.664,D_t500_r2,5401,5166,235
1791021415.664,D_t500_r2,5900,5666,234
1791021416.664,D_t500_r2,6398,6160,238
1791021417.664,D_t500_r2,6900,6544,356
1791021418.664,D_t500_r2,7400,7100,300
1791021419.665,D_t500_r2,7901,7587,314
1791021420.665,D_t500_r2,8401,8096,305
1791021421.665,D_t500_r2,8901,8594,307
1791021422.665,D_t500_r2,9401,9177,224
1791021423.665,D_t500_r2,9899,9679,220
1791021424.665,D_t500_r2,10402,10171,231
1791021425.665,D_t500_r2,10900,10678,222
1791021426.665,D_t500_r2,11399,11141,258
1791021427.665,D_t500_r2,11899,11629,270
1791021428.666,D_t500_r2,12401,12115,286
1791021429.666,D_t500_r2,12901,12639,262
1791021430.666,D_t500_r2,13402,13139,263
1791021431.666,D_t500_r2,13899,13627,272
1791021432.666,D_t500_r2,14402,14104,298
1791021433.666,D_t500_r2,14900,14603,297
1791021434.666,D_t500_r2,15402,15085,317
1791021435.666,D_t500_r2,15901,15572,329
1791021436.666,D_t500_r2,16400,16046,354
1791021437.667,D_t500_r2,16903,16635,268
1791021438.667,D_t500_r2,17401,17175,226
1791021439.667,D_t500_r2,17901,17668,233
1791021440.667,D_t500_r2,18399,18139,260
1791021441.667,D_t500_r2,18901,18652,249
1791021442.667,D_t500_r2,19402,19140,262
1791021443.667,D_t500_r2,19902,19624,278
1791021444.667,D_t500_r2,20402,20107,295
1791021445.667,D_t500_r2,20900,20633,267
1791021446.668,D_t500_r2,21400,21109,291
1791021447.668,D_t500_r2,21902,21687,215
1791021448.668,D_t500_r2,22402,22155,247
1791021449.668,D_t500_r2,22900,22655,245
1791021450.668,D_t500_r2,23400,23128,272
1791021451.668,D_t500_r2,23903,23604,299
1791021452.668,D_t500_r2,24403,24095,308
1791021453.668,D_t500_r2,24904,24561,343
1791021454.668,D_t500_r2,25401,25197,204
1791021455.669,D_t500_r2,25902,25531,371
1791021456.669,D_t500_r2,26401,26120,281
1791021457.669,D_t500_r2,26901,26696,205
1791021458.669,D_t500_r2,27400,27176,224
1791021459.669,D_t500_r2,27904,27662,242
1791021460.669,D_t500_r2,28404,28154,250
1791021461.669,D_t500_r2,28901,28642,259
1791021462.669,D_t500_r2,29404,29142,262
1791021463.669,D_t500_r2,29903,29614,289
1791021464.670,D_t500_r2,30000,29930,70
1791021465.670,D_t500_r2,30000,30000,0
1791021466.677,D_t500_r2,30000,30000,0
1791021474.780,D_t500_r3,0,0,0
1791021475.780,D_t500_r3,0,0,0
1791021476.780,D_t500_r3,0,0,0
1791021477.780,D_t500_r3,0,0,0
1791021478.780,D_t500_r3,0,0,0
1791021479.781,D_t500_r3,0,0,0
1791021480.781,D_t500_r3,0,0,0
1791021481.781,D_t500_r3,265,25,240
1791021482.781,D_t500_r3,768,530,238
1791021483.781,D_t500_r3,1265,1015,250
1791021484.781,D_t500_r3,1766,1498,268
1791021485.781,D_t500_r3,2264,1998,266
1791021486.781,D_t500_r3,2767,2477,290
1791021487.781,D_t500_r3,3265,2959,306
1791021488.782,D_t500_r3,3765,3443,322
1791021489.782,D_t500_r3,4264,3994,270
1791021490.782,D_t500_r3,4767,4493,274
1791021491.782,D_t500_r3,5266,4977,289
1791021492.782,D_t500_r3,5764,5549,215
1791021493.782,D_t500_r3,6267,6008,259
1791021494.782,D_t500_r3,6768,6504,264
1791021495.782,D_t500_r3,7267,6924,343
1791021496.782,D_t500_r3,7766,7534,232
1791021497.783,D_t500_r3,8265,7959,306
1791021498.783,D_t500_r3,8768,8486,282
1791021499.783,D_t500_r3,9265,8978,287
1791021500.783,D_t500_r3,9766,9488,278
1791021501.783,D_t500_r3,10268,9957,311
1791021502.783,D_t500_r3,10768,10533,235
1791021503.783,D_t500_r3,11269,10940,329
1791021504.783,D_t500_r3,11767,11469,298
1791021505.783,D_t500_r3,12267,12046,221
1791021506.784,D_t500_r3,12767,12374,393
1791021507.784,D_t500_r3,13267,12921,346
1791021508.784,D_t500_r3,13769,13431,338
1791021509.784,D_t500_r3,14266,14061,205
1791021510.784,D_t500_r3,14766,14559,207
1791021511.784,D_t500_r3,15266,15025,241
1791021512.784,D_t500_r3,15766,15523,243
1791021513.784,D_t500_r3,16268,16029,239
1791021514.785,D_t500_r3,16767,16536,231
1791021515.785,D_t500_r3,17265,17012,253
1791021516.785,D_t500_r3,17768,17500,268
1791021517.785,D_t500_r3,18268,18017,251
1791021518.785,D_t500_r3,18767,18537,230
1791021519.785,D_t500_r3,19269,19046,223
1791021520.785,D_t500_r3,19769,19546,223
1791021521.785,D_t500_r3,20267,20046,221
1791021522.786,D_t500_r3,20766,20551,215
1791021523.786,D_t500_r3,21267,21016,251
1791021524.786,D_t500_r3,21768,21504,264
1791021525.786,D_t500_r3,22268,21953,315
1791021526.786,D_t500_r3,22767,22540,227
1791021527.786,D_t500_r3,23269,23027,242
1791021528.786,D_t500_r3,23768,23508,260
1791021529.786,D_t500_r3,24268,24009,259
1791021530.786,D_t500_r3,24767,24508,259
1791021531.786,D_t500_r3,25267,25003,264
1791021532.787,D_t500_r3,25768,25511,257
1791021533.787,D_t500_r3,26267,26001,266
1791021534.787,D_t500_r3,26769,26498,271
1791021535.787,D_t500_r3,27271,27016,255
1791021536.787,D_t500_r3,27770,27489,281
1791021537.787,D_t500_r3,28269,27972,297
1791021538.787,D_t500_r3,28769,28446,323
1791021539.787,D_t500_r3,29269,28929,340
1791021540.787,D_t500_r3,29770,29569,201
1791021541.790,D_t500_r3,30000,29815,185
1791021542.790,D_t500_r3,30000,29958,42
1791021543.790,D_t500_r3,30000,30000,0
1791021551.972,D_t500_r4,0,0,0
1791021552.972,D_t500_r4,0,0,0
1791021553.972,D_t500_r4,0,0,0
1791021554.972,D_t500_r4,0,0,0
1791021555.972,D_t500_r4,0,0,0
1791021556.972,D_t500_r4,0,0,0
1791021557.972,D_t500_r4,0,0,0
1791021558.973,D_t500_r4,320,46,274
1791021559.973,D_t500_r4,820,543,277
1791021560.973,D_t500_r4,1322,1057,265
1791021561.973,D_t500_r4,1820,1547,273
1791021562.973,D_t500_r4,2322,2024,298
1791021563.973,D_t500_r4,2821,2504,317
1791021564.973,D_t500_r4,3319,3061,258
1791021565.973,D_t500_r4,3822,3546,276
1791021566.973,D_t500_r4,4321,4024,297
1791021567.974,D_t500_r4,4820,4517,303
1791021568.974,D_t500_r4,5322,5082,240
1791021569.974,D_t500_r4,5820,5548,272
1791021570.974,D_t500_r4,6320,6034,286
1791021571.974,D_t500_r4,6819,6514,305
1791021572.974,D_t500_r4,7321,7024,297
1791021573.974,D_t500_r4,7819,7539,280
1791021574.974,D_t500_r4,8320,8014,306
1791021575.975,D_t500_r4,8820,8486,334
1791021576.975,D_t500_r4,9323,8958,365
1791021577.975,D_t500_r4,9823,9475,348
1791021578.975,D_t500_r4,10322,9995,327
1791021579.975,D_t500_r4,10820,10515,305
1791021580.975,D_t500_r4,11322,11096,226
1791021581.975,D_t500_r4,11821,11509,312
1791021582.975,D_t500_r4,12321,12035,286
1791021583.975,D_t500_r4,12824,12596,228
1791021584.976,D_t500_r4,13323,13006,317
1791021585.976,D_t500_r4,13821,13531,290
1791021586.976,D_t500_r4,14320,14063,257
1791021587.976,D_t500_r4,14823,14530,293
1791021588.976,D_t500_r4,15323,15085,238
1791021589.976,D_t500_r4,15824,15568,256
1791021590.976,D_t500_r4,16322,15966,356
1791021591.976,D_t500_r4,16821,16491,330
1791021592.976,D_t500_r4,17320,17051,269
1791021593.977,D_t500_r4,17823,17625,198
1791021594.977,D_t500_r4,18324,18090,234
1791021595.977,D_t500_r4,18821,18561,260
1791021596.977,D_t500_r4,19322,18993,329
1791021597.977,D_t500_r4,19821,19611,210
1791021598.977,D_t500_r4,20320,19952,368
1791021599.977,D_t500_r4,20824,20484,340
1791021600.977,D_t500_r4,21322,21096,226
1791021601.978,D_t500_r4,21822,21504,318
1791021602.978,D_t500_r4,22324,22043,281
1791021603.978,D_t500_r4,22821,22599,222
1791021604.978,D_t500_r4,23323,23040,283
1791021605.978,D_t500_r4,23825,23547,278
1791021606.978,D_t500_r4,24322,24101,221
1791021607.978,D_t500_r4,24822,24528,294
1791021608.978,D_t500_r4,25324,25016,308
1791021609.978,D_t500_r4,25823,25449,374
1791021610.979,D_t500_r4,26323,26149,174
1791021611.979,D_t500_r4,26823,26626,197
1791021612.979,D_t500_r4,27322,26934,388
1791021613.979,D_t500_r4,27822,27492,330
1791021614.979,D_t500_r4,28323,28128,195
1791021615.979,D_t500_r4,28825,28593,232
1791021616.979,D_t500_r4,29325,28928,397
1791021617.979,D_t500_r4,29824,29561,263
1791021618.980,D_t500_r4,30000,29868,132
1791021619.981,D_t500_r4,30000,30000,0
1791021620.982,D_t500_r4,30000,30000,0
1791021629.161,D_t500_r5,0,0,0
1791021630.162,D_t500_r5,0,0,0
1791021631.162,D_t500_r5,0,0,0
1791021632.162,D_t500_r5,0,0,0
1791021633.162,D_t500_r5,0,0,0
1791021634.162,D_t500_r5,0,0,0
1791021635.163,D_t500_r5,0,0,0
1791021636.163,D_t500_r5,321,59,262
1791021637.163,D_t500_r5,819,566,253
1791021638.163,D_t500_r5,1318,1044,274
1791021639.163,D_t500_r5,1819,1591,228
1791021640.163,D_t500_r5,2320,2016,304
1791021641.163,D_t500_r5,2818,2571,247
1791021642.163,D_t500_r5,3321,2979,342
1791021643.164,D_t500_r5,3819,3554,265
1791021644.164,D_t500_r5,4321,4127,194
1791021645.164,D_t500_r5,4820,4610,210
1791021646.164,D_t500_r5,5319,5081,238
1791021647.164,D_t500_r5,5820,5570,250
1791021648.164,D_t500_r5,6322,6033,289
1791021649.164,D_t500_r5,6818,6603,215
1791021650.164,D_t500_r5,7321,7063,258
1791021651.164,D_t500_r5,7821,7564,257
1791021652.164,D_t500_r5,8319,8039,280
1791021653.165,D_t500_r5,8819,8518,301
1791021654.165,D_t500_r5,9321,8995,326
1791021655.165,D_t500_r5,9820,9481,339
1791021656.165,D_t500_r5,10321,10111,210
1791021657.165,D_t500_r5,10822,10602,220
1791021658.165,D_t500_r5,11320,11075,245
1791021659.165,D_t500_r5,11823,11551,272
1791021660.165,D_t500_r5,12320,12056,264
1791021661.165,D_t500_r5,12821,12591,230
1791021662.166,D_t500_r5,13322,13052,270
1791021663.167,D_t500_r5,13819,13526,293
1791021664.167,D_t500_r5,14323,14027,296
1791021665.167,D_t500_r5,14821,14502,319
1791021666.167,D_t500_r5,15322,15054,268
1791021667.167,D_t500_r5,15823,15632,191
1791021668.167,D_t500_r5,16322,16044,278
1791021669.168,D_t500_r5,16823,16532,291
1791021670.168,D_t500_r5,17323,17079,244
1791021671.168,D_t500_r5,17823,17602,221
1791021672.168,D_t500_r5,18324,18051,273
1791021673.168,D_t500_r5,18823,18567,256
1791021674.168,D_t500_r5,19321,18998,323
1791021675.168,D_t500_r5,19823,19590,233
1791021676.168,D_t500_r5,20321,19994,327
1791021677.168,D_t500_r5,20821,20518,303
1791021678.169,D_t500_r5,21324,21090,234
1791021679.169,D_t500_r5,21821,21581,240
1791021680.169,D_t500_r5,22324,22061,263
1791021681.169,D_t500_r5,22822,22549,273
1791021682.169,D_t500_r5,23323,23027,296
1791021683.169,D_t500_r5,23823,23520,303
1791021684.169,D_t500_r5,24325,24016,309
1791021685.169,D_t500_r5,24824,24499,325
1791021686.169,D_t500_r5,25325,24996,329
1791021687.170,D_t500_r5,25825,25474,351
1791021688.170,D_t500_r5,26323,26051,272
1791021689.170,D_t500_r5,26825,26457,368
1791021690.170,D_t500_r5,27324,27137,187
1791021691.170,D_t500_r5,27822,27600,222
1791021692.170,D_t500_r5,28322,28066,256
1791021693.170,D_t500_r5,28824,28562,262
1791021694.170,D_t500_r5,29323,29045,278
1791021695.171,D_t500_r5,29825,29604,221
1791021696.171,D_t500_r5,30000,29841,159
1791021697.187,D_t500_r5,30000,30000,0
1791021706.302,D_t1000_r1,0,0,0
1791021707.303,D_t1000_r1,0,0,0
1791021708.303,D_t1000_r1,0,0,0
1791021709.303,D_t1000_r1,0,0,0
1791021710.303,D_t1000_r1,0,0,0
1791021711.303,D_t1000_r1,0,0,0
1791021712.303,D_t1000_r1,0,0,0
1791021713.304,D_t1000_r1,0,0,0
1791021714.304,D_t1000_r1,982,386,596
1791021715.304,D_t1000_r1,1982,1437,545
1791021716.304,D_t1000_r1,2977,2503,474
1791021717.304,D_t1000_r1,3983,3157,826
1791021718.304,D_t1000_r1,4978,4254,724
1791021719.304,D_t1000_r1,5982,5319,663
1791021720.304,D_t1000_r1,6980,6411,569
1791021721.304,D_t1000_r1,7980,7392,588
1791021722.305,D_t1000_r1,8980,8539,441
1791021723.305,D_t1000_r1,9977,9378,599
1791021724.305,D_t1000_r1,10980,10411,569
1791021725.305,D_t1000_r1,11977,11407,570
1791021726.305,D_t1000_r1,12983,12431,552
1791021727.305,D_t1000_r1,13979,13410,569
1791021728.305,D_t1000_r1,14976,14465,511
1791021729.305,D_t1000_r1,15983,15478,505
1791021730.305,D_t1000_r1,16975,16549,426
1791021731.306,D_t1000_r1,17981,17120,861
1791021732.306,D_t1000_r1,18981,18393,588
1791021733.306,D_t1000_r1,19980,19365,615
1791021734.306,D_t1000_r1,20984,20406,578
1791021735.306,D_t1000_r1,21983,21416,567
1791021736.306,D_t1000_r1,22985,22456,529
1791021737.306,D_t1000_r1,23979,23416,563
1791021738.306,D_t1000_r1,24984,24530,454
1791021739.307,D_t1000_r1,25983,25248,735
1791021740.307,D_t1000_r1,26982,26324,658
1791021741.307,D_t1000_r1,27983,27333,650
1791021742.307,D_t1000_r1,28977,28375,602
1791021743.307,D_t1000_r1,29985,29487,498
1791021744.307,D_t1000_r1,30986,30376,610
1791021745.307,D_t1000_r1,31986,31288,698
1791021746.307,D_t1000_r1,32982,32301,681
1791021747.308,D_t1000_r1,33982,33287,695
1791021748.308,D_t1000_r1,34980,34304,676
1791021749.308,D_t1000_r1,35988,35347,641
1791021750.308,D_t1000_r1,36980,36360,620
1791021751.308,D_t1000_r1,37978,37372,606
1791021752.308,D_t1000_r1,38986,38473,513
1791021753.308,D_t1000_r1,39989,39445,544
1791021754.308,D_t1000_r1,40982,40460,522
1791021755.308,D_t1000_r1,41985,41309,676
1791021756.308,D_t1000_r1,42988,42414,574
1791021757.309,D_t1000_r1,43988,43380,608
1791021758.309,D_t1000_r1,44984,44429,555
1791021759.309,D_t1000_r1,45987,45436,551
1791021760.309,D_t1000_r1,46986,46458,528
1791021761.309,D_t1000_r1,47986,47520,466
1791021762.309,D_t1000_r1,48988,48577,411
1791021763.309,D_t1000_r1,49981,49443,538
1791021764.309,D_t1000_r1,50982,50429,553
1791021765.309,D_t1000_r1,51986,51290,696
1791021766.310,D_t1000_r1,52980,52438,542
1791021767.310,D_t1000_r1,53983,53605,378
1791021768.310,D_t1000_r1,54990,54231,759
1791021769.310,D_t1000_r1,55988,55296,692
1791021770.310,D_t1000_r1,56989,56282,707
1791021771.310,D_t1000_r1,57989,57290,699
1791021772.310,D_t1000_r1,58991,58337,654
1791021773.310,D_t1000_r1,59983,59368,615
1791021774.311,D_t1000_r1,60000,59861,139
1791021775.311,D_t1000_r1,60000,60000,0
1791021784.689,D_t1000_r2,0,0,0
1791021785.689,D_t1000_r2,0,0,0
1791021786.690,D_t1000_r2,0,0,0
1791021787.690,D_t1000_r2,0,0,0
1791021788.690,D_t1000_r2,0,0,0
1791021789.690,D_t1000_r2,0,0,0
1791021790.690,D_t1000_r2,0,0,0
1791021791.690,D_t1000_r2,0,0,0
1791021792.690,D_t1000_r2,948,420,528
1791021793.690,D_t1000_r2,1953,1423,530
1791021794.691,D_t1000_r2,2950,2450,500
1791021795.691,D_t1000_r2,3947,3477,470
1791021796.691,D_t1000_r2,4952,4362,590
1791021797.691,D_t1000_r2,5948,5534,414
1791021798.691,D_t1000_r2,6953,6516,437
1791021799.691,D_t1000_r2,7946,7535,411
1791021800.691,D_t1000_r2,8952,8500,452
1791021801.691,D_t1000_r2,9953,9483,470
1791021802.692,D_t1000_r2,10952,10203,749
1791021803.692,D_t1000_r2,11950,11253,697
1791021804.692,D_t1000_r2,12951,12266,685
1791021805.692,D_t1000_r2,13950,13392,558
1791021806.692,D_t1000_r2,14951,14529,422
1791021807.692,D_t1000_r2,15956,15225,731
1791021808.692,D_t1000_r2,16952,16252,700
1791021809.692,D_t1000_r2,17956,17300,656
1791021810.692,D_t1000_r2,18950,18331,619
1791021811.693,D_t1000_r2,19952,19315,637
1791021812.693,D_t1000_r2,20958,20302,656
1791021813.693,D_t1000_r2,21952,21299,653
1791021814.693,D_t1000_r2,22954,22299,655
1791021815.693,D_t1000_r2,23950,23379,571
1791021816.693,D_t1000_r2,24954,24312,642
1791021817.693,D_t1000_r2,25952,25394,558
1791021818.693,D_t1000_r2,26952,26588,364
1791021819.694,D_t1000_r2,27948,27511,437
1791021820.694,D_t1000_r2,28948,28236,712
1791021821.694,D_t1000_r2,29958,29330,628
1791021822.694,D_t1000_r2,30959,30262,697
1791021823.694,D_t1000_r2,31952,31357,595
1791021824.694,D_t1000_r2,32953,32345,608
1791021825.694,D_t1000_r2,33955,33332,623
1791021826.694,D_t1000_r2,34958,34352,606
1791021827.694,D_t1000_r2,35958,35342,616
1791021828.695,D_t1000_r2,36960,36430,530
1791021829.695,D_t1000_r2,37959,37377,582
1791021830.695,D_t1000_r2,38956,38416,540
1791021831.695,D_t1000_r2,39956,39413,543
1791021832.695,D_t1000_r2,40953,40418,535
1791021833.695,D_t1000_r2,41957,41425,532
1791021834.695,D_t1000_r2,42951,42503,448
1791021835.695,D_t1000_r2,43954,43388,566
1791021836.695,D_t1000_r2,44959,44283,676
1791021837.696,D_t1000_r2,45953,45299,654
1791021838.696,D_t1000_r2,46953,46312,641
1791021839.696,D_t1000_r2,47960,47319,641
1791021840.696,D_t1000_r2,48954,48320,634
1791021841.696,D_t1000_r2,49959,49416,543
1791021842.696,D_t1000_r2,50954,50409,545
1791021843.696,D_t1000_r2,51957,51490,467
1791021844.696,D_t1000_r2,52952,52362,590
1791021845.697,D_t1000_r2,53951,53395,556
1791021846.697,D_t1000_r2,54959,54493,466
1791021847.697,D_t1000_r2,55960,55488,472
1791021848.697,D_t1000_r2,56959,56547,412
1791021849.697,D_t1000_r2,57961,57258,703
1791021850.697,D_t1000_r2,58955,58245,710
1791021851.697,D_t1000_r2,59955,59317,638
1791021852.698,D_t1000_r2,60000,59835,165
1791021853.698,D_t1000_r2,60000,60000,0
1791021863.018,D_t1000_r3,0,0,0
1791021864.018,D_t1000_r3,0,0,0
1791021865.018,D_t1000_r3,0,0,0
1791021866.018,D_t1000_r3,0,0,0
1791021867.018,D_t1000_r3,0,0,0
1791021868.018,D_t1000_r3,0,0,0
1791021869.019,D_t1000_r3,0,0,0
1791021870.019,D_t1000_r3,0,0,0
1791021871.019,D_t1000_r3,914,383,531
1791021872.019,D_t1000_r3,1919,1377,542
1791021873.019,D_t1000_r3,2917,2428,489
1791021874.019,D_t1000_r3,3913,3444,469
1791021875.019,D_t1000_r3,4920,4448,472
1791021876.019,D_t1000_r3,5914,5170,744
1791021877.019,D_t1000_r3,6916,6406,510
1791021878.020,D_t1000_r3,7914,7211,703
1791021879.020,D_t1000_r3,8911,8236,675
1791021880.020,D_t1000_r3,9915,9257,658
1791021881.020,D_t1000_r3,10917,10347,570
1791021882.020,D_t1000_r3,11921,11199,722
1791021883.020,D_t1000_r3,12919,12326,593
1791021884.020,D_t1000_r3,13915,13315,600
1791021885.020,D_t1000_r3,14918,14406,512
1791021886.020,D_t1000_r3,15918,15385,533
1791021887.021,D_t1000_r3,16916,16383,533
1791021888.021,D_t1000_r3,17918,17147,771
1791021889.021,D_t1000_r3,18917,18262,655
1791021890.021,D_t1000_r3,19923,19263,660
1791021891.021,D_t1000_r3,20923,20319,604
1791021892.021,D_t1000_r3,21918,21317,601
1791021893.021,D_t1000_r3,22921,22314,607
1791021894.021,D_t1000_r3,23918,23308,610
1791021895.021,D_t1000_r3,24918,24249,669
1791021896.022,D_t1000_r3,25917,25340,577
1791021897.022,D_t1000_r3,26920,26380,540
1791021898.022,D_t1000_r3,27918,27371,547
1791021899.022,D_t1000_r3,28916,28401,515
1791021900.022,D_t1000_r3,29916,29420,496
1791021901.022,D_t1000_r3,30922,30450,472
1791021902.022,D_t1000_r3,31919,31500,419
1791021903.022,D_t1000_r3,32922,32305,617
1791021904.023,D_t1000_r3,33918,33509,409
1791021905.023,D_t1000_r3,34915,34369,546
1791021906.023,D_t1000_r3,35916,35354,562
1791021907.023,D_t1000_r3,36924,36202,722
1791021908.023,D_t1000_r3,37923,37249,674
1791021909.023,D_t1000_r3,38919,38343,576
1791021910.023,D_t1000_r3,39916,39382,534
1791021911.023,D_t1000_r3,40915,40445,470
1791021912.024,D_t1000_r3,41922,41464,458
1791021913.024,D_t1000_r3,42919,42328,591
1791021914.024,D_t1000_r3,43918,43412,506
1791021915.024,D_t1000_r3,44915,44438,477
1791021916.024,D_t1000_r3,45925,45457,468
1791021917.024,D_t1000_r3,46918,46306,612
1791021918.024,D_t1000_r3,47924,47497,427
1791021919.024,D_t1000_r3,48920,48368,552
1791021920.025,D_t1000_r3,49915,49513,402
1791021921.025,D_t1000_r3,50923,50495,428
1791021922.025,D_t1000_r3,51919,51332,587
1791021923.025,D_t1000_r3,52923,52208,715
1791021924.025,D_t1000_r3,53919,53343,576
1791021925.025,D_t1000_r3,54921,54365,556
1791021926.025,D_t1000_r3,55920,55489,431
1791021927.025,D_t1000_r3,56922,56522,400
1791021928.025,D_t1000_r3,57926,57179,747
1791021929.026,D_t1000_r3,58925,58257,668
1791021930.026,D_t1000_r3,59923,59385,538
1791021931.026,D_t1000_r3,60000,59871,129
1791021932.033,D_t1000_r3,60000,60000,0
1791021941.383,D_t1000_r4,0,0,0
1791021942.383,D_t1000_r4,0,0,0
1791021943.384,D_t1000_r4,0,0,0
1791021944.384,D_t1000_r4,0,0,0
1791021945.384,D_t1000_r4,0,0,0
1791021946.384,D_t1000_r4,0,0,0
1791021947.384,D_t1000_r4,0,0,0
1791021948.384,D_t1000_r4,0,0,0
1791021949.385,D_t1000_r4,1039,549,490
1791021950.385,D_t1000_r4,2046,1532,514
1791021951.385,D_t1000_r4,3044,2523,521
1791021952.385,D_t1000_r4,4049,3488,561
1791021953.385,D_t1000_r4,5050,4539,511
1791021954.385,D_t1000_r4,6045,5557,488
1791021955.385,D_t1000_r4,7051,6468,583
1791021956.385,D_t1000_r4,8047,7480,567
1791021957.385,D_t1000_r4,9047,8598,449
1791021958.385,D_t1000_r4,10049,9583,466
1791021959.386,D_t1000_r4,11049,10576,473
1791021960.386,D_t1000_r4,12053,11431,622
1791021961.386,D_t1000_r4,13052,12499,553
1791021962.386,D_t1000_r4,14054,13520,534
1791021963.386,D_t1000_r4,15046,14534,512
1791021964.386,D_t1000_r4,16046,15314,732
1791021965.386,D_t1000_r4,17051,16413,638
1791021966.386,D_t1000_r4,18051,17483,568
1791021967.387,D_t1000_r4,19053,18551,502
1791021968.387,D_t1000_r4,20048,19583,465
1791021969.387,D_t1000_r4,21052,20614,438
1791021970.387,D_t1000_r4,22050,21558,492
1791021971.387,D_t1000_r4,23056,22610,446
1791021972.387,D_t1000_r4,24048,23414,634
1791021973.387,D_t1000_r4,25049,24468,581
1791021974.387,D_t1000_r4,26043,25390,653
1791021975.388,D_t1000_r4,27055,26413,642
1791021976.388,D_t1000_r4,28049,27409,640
1791021977.388,D_t1000_r4,29050,28426,624
1791021978.388,D_t1000_r4,30057,29403,654
1791021979.388,D_t1000_r4,31050,30413,637
1791021980.388,D_t1000_r4,32054,31418,636
1791021981.388,D_t1000_r4,33051,32437,614
1791021982.388,D_t1000_r4,34049,33495,554
1791021983.388,D_t1000_r4,35065,34500,565
1791021984.389,D_t1000_r4,36057,35535,522
1791021985.389,D_t1000_r4,37054,36552,502
1791021986.389,D_t1000_r4,38051,37538,513
1791021987.389,D_t1000_r4,39053,38495,558
1791021988.389,D_t1000_r4,40054,39512,542
1791021989.389,D_t1000_r4,41053,40584,469
1791021990.389,D_t1000_r4,42057,41431,626
1791021991.389,D_t1000_r4,43057,42476,581
1791021992.389,D_t1000_r4,44051,43452,599
1791021993.390,D_t1000_r4,45050,44481,569
1791021994.390,D_t1000_r4,46054,45463,591
1791021995.390,D_t1000_r4,47054,46482,572
1791021996.390,D_t1000_r4,48056,47556,500
1791021997.390,D_t1000_r4,49046,48524,522
1791021998.390,D_t1000_r4,50053,49558,495
1791021999.390,D_t1000_r4,51052,50562,490
1791022000.390,D_t1000_r4,52054,51558,496
1791022001.390,D_t1000_r4,53057,52602,455
1791022002.391,D_t1000_r4,54052,53600,452
1791022003.391,D_t1000_r4,55051,54317,734
1791022004.391,D_t1000_r4,56059,55405,654
1791022005.391,D_t1000_r4,57059,56424,635
1791022006.391,D_t1000_r4,58059,57407,652
1791022007.391,D_t1000_r4,59054,58401,653
1791022008.391,D_t1000_r4,60000,59408,592
1791022009.392,D_t1000_r4,60000,59793,207
1791022010.399,D_t1000_r4,60000,60000,0
1791022019.771,D_t1000_r5,0,0,0
1791022020.771,D_t1000_r5,0,0,0
1791022021.771,D_t1000_r5,0,0,0
1791022022.771,D_t1000_r5,0,0,0
1791022023.771,D_t1000_r5,0,0,0
1791022024.771,D_t1000_r5,0,0,0
1791022025.771,D_t1000_r5,0,0,0
1791022026.772,D_t1000_r5,0,0,0
1791022027.772,D_t1000_r5,936,410,526
1791022028.772,D_t1000_r5,1934,1435,499
1791022029.772,D_t1000_r5,2938,2413,525
1791022030.772,D_t1000_r5,3935,3418,517
1791022031.772,D_t1000_r5,4938,4472,466
1791022032.772,D_t1000_r5,5940,5485,455
1791022033.772,D_t1000_r5,6937,6515,422
1791022034.773,D_t1000_r5,7937,7211,726
1791022035.773,D_t1000_r5,8933,8288,645
1791022036.773,D_t1000_r5,9942,9283,659
1791022037.773,D_t1000_r5,10937,10259,678
1791022038.773,D_t1000_r5,11942,11269,673
1791022039.773,D_t1000_r5,12940,12281,659
1791022040.773,D_t1000_r5,13939,13258,681
1791022041.773,D_t1000_r5,14938,14383,555
1791022042.773,D_t1000_r5,15941,15369,572
1791022043.774,D_t1000_r5,16938,16373,565
1791022044.774,D_t1000_r5,17941,17192,749
1791022045.774,D_t1000_r5,18941,18305,636
1791022046.774,D_t1000_r5,19933,19303,630
1791022047.774,D_t1000_r5,20938,20303,635
1791022048.774,D_t1000_r5,21942,21358,584
1791022049.774,D_t1000_r5,22939,22380,559
1791022050.774,D_t1000_r5,23939,23387,552
1791022051.774,D_t1000_r5,24938,24411,527
1791022052.775,D_t1000_r5,25940,25389,551
1791022053.775,D_t1000_r5,26937,26418,519
1791022054.775,D_t1000_r5,27938,27417,521
1791022055.775,D_t1000_r5,28938,28432,506
1791022056.775,D_t1000_r5,29937,29450,487
1791022057.775,D_t1000_r5,30941,30255,686
1791022058.775,D_t1000_r5,31938,31480,458
1791022059.775,D_t1000_r5,32940,32316,624
1791022060.775,D_t1000_r5,33943,33340,603
1791022061.776,D_t1000_r5,34938,34397,541
1791022062.776,D_t1000_r5,35941,35459,482
1791022063.776,D_t1000_r5,36938,36327,611
1791022064.776,D_t1000_r5,37935,37193,742
1791022065.776,D_t1000_r5,38939,38280,659
1791022066.776,D_t1000_r5,39939,39260,679
1791022067.776,D_t1000_r5,40937,40238,699
1791022068.776,D_t1000_r5,41942,41280,662
1791022069.776,D_t1000_r5,42941,42316,625
1791022070.777,D_t1000_r5,43943,43296,647
1791022071.777,D_t1000_r5,44941,44369,572
1791022072.777,D_t1000_r5,45944,45342,602
1791022073.777,D_t1000_r5,46944,46323,621
1791022074.777,D_t1000_r5,47944,47326,618
1791022075.777,D_t1000_r5,48938,48434,504
1791022076.777,D_t1000_r5,49938,49471,467
1791022077.777,D_t1000_r5,50943,50310,633
1791022078.778,D_t1000_r5,51947,51504,443
1791022079.778,D_t1000_r5,52939,52319,620
1791022080.778,D_t1000_r5,53946,53384,562
1791022081.778,D_t1000_r5,54940,54403,537
1791022082.778,D_t1000_r5,55948,55385,563
1791022083.778,D_t1000_r5,56944,56337,607
1791022084.778,D_t1000_r5,57940,57419,521
1791022085.778,D_t1000_r5,58944,58400,544
1791022086.778,D_t1000_r5,59939,59410,529
1791022087.778,D_t1000_r5,60000,59855,145
1791022088.786,D_t1000_r5,60000,60000,0
1791022098.256,D_t2000_r1_tentativa_falha,0,0,0
1791022099.256,D_t2000_r1_tentativa_falha,0,0,0
1791022100.256,D_t2000_r1_tentativa_falha,0,0,0
1791022101.256,D_t2000_r1_tentativa_falha,0,0,0
1791022102.257,D_t2000_r1_tentativa_falha,0,0,0
1791022103.257,D_t2000_r1_tentativa_falha,0,0,0
1791022104.257,D_t2000_r1_tentativa_falha,0,0,0
1791022105.257,D_t2000_r1_tentativa_falha,0,0,0
1791022106.257,D_t2000_r1_tentativa_falha,0,0,0
1791022107.257,D_t2000_r1_tentativa_falha,0,0,0
1791022108.257,D_t2000_r1_tentativa_falha,2087,1187,900
1791022109.257,D_t2000_r1_tentativa_falha,4080,2877,1203
1791022110.257,D_t2000_r1_tentativa_falha,6055,4932,1123
1791022111.258,D_t2000_r1_tentativa_falha,8082,6500,1582
1791022112.258,D_t2000_r1_tentativa_falha,10088,8650,1438
1791022113.258,D_t2000_r1_tentativa_falha,12091,10790,1301
1791022114.258,D_t2000_r1_tentativa_falha,14060,12899,1161
1791022115.258,D_t2000_r1_tentativa_falha,16083,14697,1386
1791022116.258,D_t2000_r1_tentativa_falha,18054,16311,1743
1791022117.259,D_t2000_r1_tentativa_falha,20059,18373,1686
1791022118.259,D_t2000_r1_tentativa_falha,22064,20255,1809
1791022119.259,D_t2000_r1_tentativa_falha,24083,22823,1260
1791022120.259,D_t2000_r1_tentativa_falha,26085,24956,1129
1791022121.259,D_t2000_r1_tentativa_falha,28066,26531,1535
1791022122.259,D_t2000_r1_tentativa_falha,29704,28463,1241
1791022123.259,D_t2000_r1_tentativa_falha,31947,30027,1920
1791022124.260,D_t2000_r1_tentativa_falha,34070,31947,2123
1791022125.260,D_t2000_r1_tentativa_falha,36086,34778,1308
1791022126.260,D_t2000_r1_tentativa_falha,38082,36685,1397
1791022127.260,D_t2000_r1_tentativa_falha,40056,38624,1432
1791022128.260,D_t2000_r1_tentativa_falha,42077,40625,1452
1791022129.260,D_t2000_r1_tentativa_falha,44074,42359,1715
1791022130.260,D_t2000_r1_tentativa_falha,46080,44728,1352
1791022131.261,D_t2000_r1_tentativa_falha,48086,46178,1908
1791022132.261,D_t2000_r1_tentativa_falha,50078,48863,1215
1791022133.261,D_t2000_r1_tentativa_falha,52075,50141,1934
1791022134.261,D_t2000_r1_tentativa_falha,54076,52612,1464
1791022135.261,D_t2000_r1_tentativa_falha,56080,54438,1642
1791022136.262,D_t2000_r1_tentativa_falha,58076,56618,1458
1791022137.262,D_t2000_r1_tentativa_falha,60077,58564,1513
1791022138.262,D_t2000_r1_tentativa_falha,62077,60798,1279
1791022139.262,D_t2000_r1_tentativa_falha,64066,62649,1417
1791022140.262,D_t2000_r1_tentativa_falha,66078,63889,2189
1791022141.262,D_t2000_r1_tentativa_falha,67953,66418,1535
1791022142.263,D_t2000_r1_tentativa_falha,70089,68386,1703
1791022143.263,D_t2000_r1_tentativa_falha,72066,69841,2225
1791022144.263,D_t2000_r1_tentativa_falha,73493,71457,2036
1791022145.266,D_t2000_r1_tentativa_falha,75944,73835,2109
1791022146.270,D_t2000_r1_tentativa_falha,78108,75887,2221
1791022147.296,D_t2000_r1_tentativa_falha,78259,75887,2372
1791022148.304,D_t2000_r1_tentativa_falha,79684,75887,3797
1791022149.664,D_t2000_r1_tentativa_falha,79741,75887,3854
1791022150.670,D_t2000_r1_tentativa_falha,79855,75887,3968
1791022151.679,D_t2000_r1_tentativa_falha,79874,75887,3987
1791022158.288,D_t2000_r1_tentativa_falha,79912,75887,4025
1791022159.379,D_t2000_r1_tentativa_falha,79969,75887,4082
1791022192.925,D_t2000_r1_tentativa_falha,80026,75887,4139
1791022194.361,D_t2000_r1_tentativa_falha,80083,75887,4196
1791022195.436,D_t2000_r1_tentativa_falha,80140,75887,4253
1791022197.125,D_t2000_r1_tentativa_falha,80140,75887,4253
1791022198.141,D_t2000_r1_tentativa_falha,80140,75887,4253
1791022199.680,D_t2000_r1_tentativa_falha,80140,75887,4253
1791022200.694,D_t2000_r1_tentativa_falha,80140,75887,4253
1791022216.607,D_t2000_r1_tentativa_falha,80197,75887,4310
1791022250.967,D_t2000_r1_tentativa_falha,80254,75887,4367
1791022254.478,D_t2000_r1_tentativa_falha,80368,75887,4481
1791022279.832,D_t2000_r1_tentativa_falha,80368,75887,4481
1791022287.120,D_t2000_r1_tentativa_falha,80387,75887,4500
1791022288.242,D_t2000_r1_tentativa_falha,80425,75887,4538
1791022298.276,D_t2000_r1_tentativa_falha,80425,78432,1993
1791022317.388,D_t2000_r1_tentativa_falha,80425,78432,1993
1791022381.162,D_t2000_r1_tentativa_falha,80425,78432,1993
1791022382.166,D_t2000_r1_tentativa_falha,80425,79601,824
1791022383.166,D_t2000_r1_tentativa_falha,80425,79601,824
1791022385.706,D_t2000_r1_tentativa_falha,80425,79601,824
1791022386.706,D_t2000_r1_tentativa_falha,80425,79741,684
1791022387.706,D_t2000_r1_tentativa_falha,80425,79969,456
1791022388.706,D_t2000_r1_tentativa_falha,80425,80197,228
1791022389.706,D_t2000_r1_tentativa_falha,80425,80197,228
1791022390.707,D_t2000_r1_tentativa_falha,80425,80197,228
1791022391.707,D_t2000_r1_tentativa_falha,80425,80197,228
1791022392.707,D_t2000_r1_tentativa_falha,80425,80425,0
1791022393.707,D_t2000_r1_tentativa_falha,80425,80425,0
1791022394.707,D_t2000_r1_tentativa_falha,80425,80425,0
1791022395.707,D_t2000_r1_tentativa_falha,80425,80425,0
1791022396.708,D_t2000_r1_tentativa_falha,80425,80425,0
1791022397.708,D_t2000_r1_tentativa_falha,80425,80425,0
1791022398.708,D_t2000_r1_tentativa_falha,80425,80425,0
1791022399.708,D_t2000_r1_tentativa_falha,80425,80425,0
1791022400.709,D_t2000_r1_tentativa_falha,80425,80425,0
1791022401.709,D_t2000_r1_tentativa_falha,80425,80425,0
1791022402.709,D_t2000_r1_tentativa_falha,80425,80425,0
1791022403.709,D_t2000_r1_tentativa_falha,80425,80425,0
1791022404.709,D_t2000_r1_tentativa_falha,80425,80425,0
1791022405.709,D_t2000_r1_tentativa_falha,80425,80425,0
1791022406.710,D_t2000_r1_tentativa_falha,80425,80425,0
1791022407.710,D_t2000_r1_tentativa_falha,80425,80425,0
1791022408.710,D_t2000_r1_tentativa_falha,80425,80425,0
1791022409.710,D_t2000_r1_tentativa_falha,80425,80425,0
1791022410.710,D_t2000_r1_tentativa_falha,80425,80425,0
1791022411.710,D_t2000_r1_tentativa_falha,80425,80425,0
1791022412.711,D_t2000_r1_tentativa_falha,80425,80425,0
1791022413.711,D_t2000_r1_tentativa_falha,80425,80425,0
1791022414.711,D_t2000_r1_tentativa_falha,80425,80425,0
1791022415.711,D_t2000_r1_tentativa_falha,80425,80425,0
1791022416.711,D_t2000_r1_tentativa_falha,80425,80425,0
1791022417.712,D_t2000_r1_tentativa_falha,80425,80425,0
1791022418.712,D_t2000_r1_tentativa_falha,80425,80425,0
1791022419.712,D_t2000_r1_tentativa_falha,80425,80425,0
1791022420.712,D_t2000_r1_tentativa_falha,80425,80425,0
1791022421.712,D_t2000_r1_tentativa_falha,80425,80425,0
1791022422.712,D_t2000_r1_tentativa_falha,80425,80425,0
1791022423.712,D_t2000_r1_tentativa_falha,80425,80425,0
1791022424.713,D_t2000_r1_tentativa_falha,80425,80425,0
1791022425.713,D_t2000_r1_tentativa_falha,80425,80425,0
1791022426.713,D_t2000_r1_tentativa_falha,80425,80425,0
1791022427.713,D_t2000_r1_tentativa_falha,80425,80425,0
1791022428.714,D_t2000_r1_tentativa_falha,80425,80425,0
1791022429.714,D_t2000_r1_tentativa_falha,80425,80425,0
1791022430.714,D_t2000_r1_tentativa_falha,80425,80425,0
1791022431.715,D_t2000_r1_tentativa_falha,80425,80425,0
1791022432.715,D_t2000_r1_tentativa_falha,80425,80425,0
1791022433.715,D_t2000_r1_tentativa_falha,80425,80425,0
1791022434.716,D_t2000_r1_tentativa_falha,80425,80425,0
1791022435.716,D_t2000_r1_tentativa_falha,80425,80425,0
1791022436.716,D_t2000_r1_tentativa_falha,80425,80425,0
1791022437.716,D_t2000_r1_tentativa_falha,80425,80425,0
1791022438.716,D_t2000_r1_tentativa_falha,80425,80425,0
1791022439.716,D_t2000_r1_tentativa_falha,80425,80425,0
1791022440.716,D_t2000_r1_tentativa_falha,80425,80425,0
1791022441.717,D_t2000_r1_tentativa_falha,80425,80425,0
1791022442.717,D_t2000_r1_tentativa_falha,80425,80425,0
1791022443.717,D_t2000_r1_tentativa_falha,80425,80425,0
1791035439.880,D_t2000_r1_tentativa_falha,80425,80425,0
1791035440.880,D_t2000_r1_tentativa_falha,80425,80425,0
1791035441.880,D_t2000_r1_tentativa_falha,80425,80425,0
1791035442.880,D_t2000_r1_tentativa_falha,80425,80425,0
1791035443.880,D_t2000_r1_tentativa_falha,80425,80425,0
1791035444.881,D_t2000_r1_tentativa_falha,80425,80425,0
1791035445.881,D_t2000_r1_tentativa_falha,80425,80425,0
1791035446.881,D_t2000_r1_tentativa_falha,80425,80425,0
1791035447.881,D_t2000_r1_tentativa_falha,80425,80425,0
1791035448.881,D_t2000_r1_tentativa_falha,80425,80425,0
1791035449.881,D_t2000_r1_tentativa_falha,80425,80425,0
1791035450.882,D_t2000_r1_tentativa_falha,80425,80425,0
1791035451.882,D_t2000_r1_tentativa_falha,80425,80425,0
1791035452.882,D_t2000_r1_tentativa_falha,80425,80425,0
1791035453.882,D_t2000_r1_tentativa_falha,80425,80425,0
1791035454.882,D_t2000_r1_tentativa_falha,80425,80425,0
1791035455.883,D_t2000_r1_tentativa_falha,80425,80425,0
1791035456.883,D_t2000_r1_tentativa_falha,80425,80425,0
1791035457.883,D_t2000_r1_tentativa_falha,80425,80425,0
1791035458.883,D_t2000_r1_tentativa_falha,80425,80425,0
1791035459.883,D_t2000_r1_tentativa_falha,80425,80425,0
1791035460.884,D_t2000_r1_tentativa_falha,80425,80425,0
1791035461.884,D_t2000_r1_tentativa_falha,80425,80425,0
1791035462.884,D_t2000_r1_tentativa_falha,80425,80425,0
1791035463.884,D_t2000_r1_tentativa_falha,80425,80425,0
1791035464.884,D_t2000_r1_tentativa_falha,80425,80425,0
1791035465.884,D_t2000_r1_tentativa_falha,80425,80425,0
1791035466.885,D_t2000_r1_tentativa_falha,80425,80425,0
1791035467.885,D_t2000_r1_tentativa_falha,80425,80425,0
1791035468.885,D_t2000_r1_tentativa_falha,80425,80425,0
1791035469.885,D_t2000_r1_tentativa_falha,80425,80425,0
1791035470.885,D_t2000_r1_tentativa_falha,80425,80425,0
1791035471.885,D_t2000_r1_tentativa_falha,80425,80425,0
1791035472.886,D_t2000_r1_tentativa_falha,80425,80425,0
1791035473.886,D_t2000_r1_tentativa_falha,80425,80425,0
1791035474.886,D_t2000_r1_tentativa_falha,80425,80425,0
1791035475.886,D_t2000_r1_tentativa_falha,80425,80425,0
1791035476.886,D_t2000_r1_tentativa_falha,80425,80425,0
1791035477.887,D_t2000_r1_tentativa_falha,80425,80425,0
1791035478.887,D_t2000_r1_tentativa_falha,80425,80425,0
1791035616.546,D_t2000_r1,0,0,0
1791035617.546,D_t2000_r1,0,0,0
1791035618.546,D_t2000_r1,0,0,0
1791035619.546,D_t2000_r1,0,0,0
1791035620.547,D_t2000_r1,0,0,0
1791035621.547,D_t2000_r1,0,0,0
1791035622.547,D_t2000_r1,0,0,0
1791035623.547,D_t2000_r1,0,0,0
1791035624.547,D_t2000_r1,0,0,0
1791035625.547,D_t2000_r1,101,0,101
1791035626.548,D_t2000_r1,2273,44,2229
1791035627.548,D_t2000_r1,4274,2097,2177
1791035628.548,D_t2000_r1,6282,3603,2679
1791035629.548,D_t2000_r1,8293,5841,2452
1791035630.548,D_t2000_r1,10271,8103,2168
1791035631.548,D_t2000_r1,12285,10154,2131
1791035632.548,D_t2000_r1,14274,12357,1917
1791035633.549,D_t2000_r1,16277,14277,2000
1791035634.549,D_t2000_r1,18281,15754,2527
1791035635.549,D_t2000_r1,20288,18452,1836
1791035636.550,D_t2000_r1,22275,20412,1863
1791035637.550,D_t2000_r1,24237,22376,1861
1791035638.551,D_t2000_r1,26265,24337,1928
1791035639.551,D_t2000_r1,28299,26347,1952
1791035640.551,D_t2000_r1,30280,28192,2088
1791035641.551,D_t2000_r1,32287,30661,1626
1791035642.551,D_t2000_r1,34286,32389,1897
1791035643.552,D_t2000_r1,36281,33990,2291
1791035644.552,D_t2000_r1,38293,36070,2223
1791035645.552,D_t2000_r1,40276,38222,2054
1791035646.552,D_t2000_r1,42282,40261,2021
1791035647.553,D_t2000_r1,44286,42914,1372
1791035648.553,D_t2000_r1,46285,44502,1783
1791035649.553,D_t2000_r1,48286,46164,2122
1791035650.553,D_t2000_r1,50296,48439,1857
1791035651.553,D_t2000_r1,52296,50058,2238
1791035652.553,D_t2000_r1,54302,52633,1669
1791035653.553,D_t2000_r1,56282,54573,1709
1791035654.554,D_t2000_r1,58295,56215,2080
1791035655.554,D_t2000_r1,60280,58668,1612
1791035656.554,D_t2000_r1,62280,60705,1575
1791035657.554,D_t2000_r1,64293,62151,2142
1791035658.554,D_t2000_r1,66296,64637,1659
1791035659.554,D_t2000_r1,68308,66711,1597
1791035660.554,D_t2000_r1,70210,68190,2020
1791035661.555,D_t2000_r1,72279,70776,1503
1791035662.555,D_t2000_r1,74291,72357,1934
1791035663.555,D_t2000_r1,76285,74512,1773
1791035664.556,D_t2000_r1,78281,76099,2182
1791035665.556,D_t2000_r1,80297,77795,2502
1791035666.556,D_t2000_r1,82299,79652,2647
1791035667.556,D_t2000_r1,84310,82673,1637
1791035668.556,D_t2000_r1,86287,84717,1570
1791035669.556,D_t2000_r1,88294,86427,1867
1791035670.556,D_t2000_r1,90300,87949,2351
1791035671.556,D_t2000_r1,92299,90674,1625
1791035672.557,D_t2000_r1,94283,92368,1915
1791035673.557,D_t2000_r1,96293,94099,2194
1791035674.557,D_t2000_r1,98307,96566,1741
1791035675.557,D_t2000_r1,100270,98307,1963
1791035676.557,D_t2000_r1,102303,100225,2078
1791035677.557,D_t2000_r1,104280,102249,2031
1791035678.557,D_t2000_r1,106295,104017,2278
1791035679.558,D_t2000_r1,108297,106050,2247
1791035680.558,D_t2000_r1,110313,108194,2119
1791035681.558,D_t2000_r1,112291,110076,2215
1791035682.558,D_t2000_r1,114305,112958,1347
1791035683.559,D_t2000_r1,116301,114426,1875
1791035684.559,D_t2000_r1,118306,116732,1574
1791035685.559,D_t2000_r1,120000,118332,1668
1791035686.559,D_t2000_r1,120000,119352,648
1791035687.565,D_t2000_r1,120000,119957,43
1791035688.566,D_t2000_r1,120000,120000,0
1791035689.566,D_t2000_r1,120000,120000,0
1791035690.585,D_t2000_r1,120000,120000,0
1791035691.585,D_t2000_r1,120000,120000,0
1791035692.586,D_t2000_r1,120000,120000,0
1791035693.611,D_t2000_r1,120000,120000,0
1791035694.611,D_t2000_r1,120000,120000,0
1791035695.611,D_t2000_r1,120000,120000,0
1791035696.646,D_t2000_r1,120000,120000,0
1791035697.646,D_t2000_r1,120000,120000,0
1791035698.647,D_t2000_r1,120000,120000,0
1791035699.652,D_t2000_r1,120000,120000,0
1791035700.653,D_t2000_r1,120000,120000,0
1791035701.653,D_t2000_r1,120000,120000,0
1791035702.655,D_t2000_r1,120000,120000,0
1791035703.655,D_t2000_r1,120000,120000,0
1791035704.656,D_t2000_r1,120000,120000,0
1791035705.663,D_t2000_r1,120000,120000,0
1791035706.663,D_t2000_r1,120000,120000,0
1791035707.663,D_t2000_r1,120000,120000,0
1791035708.674,D_t2000_r1,120000,120000,0
1791035709.674,D_t2000_r1,120000,120000,0
1791035710.674,D_t2000_r1,120000,120000,0
1791035711.689,D_t2000_r1,120000,120000,0
1791035712.689,D_t2000_r1,120000,120000,0
1791035713.753,D_t2000_r1,120000,120000,0
1791035714.753,D_t2000_r1,120000,120000,0
1791035715.753,D_t2000_r1,120000,120000,0
1791035716.755,D_t2000_r1,120000,120000,0
1791035717.756,D_t2000_r1,120000,120000,0
1791035718.812,D_t2000_r1,120000,120000,0
1791035719.812,D_t2000_r1,120000,120000,0
1791035720.813,D_t2000_r1,120000,120000,0
1791035721.855,D_t2000_r1,120000,120000,0
1791035722.855,D_t2000_r1,120000,120000,0
1791035723.886,D_t2000_r1,120000,120000,0
1791035724.887,D_t2000_r1,120000,120000,0
1791035725.973,D_t2000_r1,120000,120000,0
1791035739.380,D_t2000_r2,0,0,0
1791035740.380,D_t2000_r2,0,0,0
1791035741.380,D_t2000_r2,0,0,0
1791035742.380,D_t2000_r2,0,0,0
1791035743.380,D_t2000_r2,0,0,0
1791035744.380,D_t2000_r2,0,0,0
1791035745.380,D_t2000_r2,0,0,0
1791035746.380,D_t2000_r2,0,0,0
1791035747.381,D_t2000_r2,0,0,0
1791035748.381,D_t2000_r2,853,0,853
1791035749.381,D_t2000_r2,2852,0,2852
1791035750.381,D_t2000_r2,4843,0,4843
1791035751.381,D_t2000_r2,6836,0,6836
1791035752.381,D_t2000_r2,8833,57,8776
1791035753.381,D_t2000_r2,10830,9385,1445
1791035754.381,D_t2000_r2,12861,11533,1328
1791035755.382,D_t2000_r2,14857,13816,1041
1791035756.382,D_t2000_r2,16823,15466,1357
1791035757.382,D_t2000_r2,18843,16780,2063
1791035758.382,D_t2000_r2,20860,19117,1743
1791035759.382,D_t2000_r2,22832,21186,1646
1791035760.382,D_t2000_r2,24858,22660,2198
1791035761.382,D_t2000_r2,26841,25247,1594
1791035762.382,D_t2000_r2,28851,27445,1406
1791035763.383,D_t2000_r2,30859,28957,1902
1791035764.383,D_t2000_r2,32841,30746,2095
1791035765.383,D_t2000_r2,34826,32318,2508
1791035766.383,D_t2000_r2,36837,35290,1547
1791035767.383,D_t2000_r2,38858,37394,1464
1791035768.383,D_t2000_r2,40834,38806,2028
1791035769.383,D_t2000_r2,42862,41334,1528
1791035770.383,D_t2000_r2,44813,43361,1452
1791035771.383,D_t2000_r2,46841,44813,2028
1791035772.384,D_t2000_r2,48836,47286,1550
1791035773.384,D_t2000_r2,50851,49307,1544
1791035774.384,D_t2000_r2,52841,50788,2053
1791035775.384,D_t2000_r2,54836,53440,1396
1791035776.384,D_t2000_r2,56850,54945,1905
1791035777.384,D_t2000_r2,58841,56998,1843
1791035778.384,D_t2000_r2,60853,58905,1948
1791035779.384,D_t2000_r2,62820,61558,1262
1791035780.384,D_t2000_r2,64860,63524,1336
1791035781.385,D_t2000_r2,66862,64964,1898
1791035782.385,D_t2000_r2,68856,67511,1345
1791035783.385,D_t2000_r2,70852,69433,1419
1791035784.385,D_t2000_r2,72849,70909,1940
1791035785.385,D_t2000_r2,74838,73261,1577
1791035786.385,D_t2000_r2,76870,75182,1688
1791035787.385,D_t2000_r2,78845,77583,1262
1791035788.385,D_t2000_r2,80864,79087,1777
1791035789.386,D_t2000_r2,82836,81054,1782
1791035790.386,D_t2000_r2,84840,82797,2043
1791035791.386,D_t2000_r2,86855,85523,1332
1791035792.386,D_t2000_r2,88852,86890,1962
1791035793.386,D_t2000_r2,90851,89614,1237
1791035794.386,D_t2000_r2,92872,90954,1918
1791035795.387,D_t2000_r2,94868,93500,1368
1791035796.387,D_t2000_r2,96856,95168,1688
1791035797.387,D_t2000_r2,98856,96655,2201
1791035798.387,D_t2000_r2,100861,99091,1770
1791035799.387,D_t2000_r2,102851,101632,1219
1791035800.387,D_t2000_r2,104849,103097,1752
1791035801.387,D_t2000_r2,106867,105311,1556
1791035802.388,D_t2000_r2,108843,106975,1868
1791035803.388,D_t2000_r2,110847,109430,1417
1791035804.388,D_t2000_r2,112872,111455,1417
1791035805.388,D_t2000_r2,114872,112887,1985
1791035806.388,D_t2000_r2,116851,115176,1675
1791035807.388,D_t2000_r2,118854,117102,1752
1791035808.388,D_t2000_r2,120000,118544,1456
1791035809.389,D_t2000_r2,120000,119466,534
1791035810.393,D_t2000_r2,120000,120000,0
1791035811.393,D_t2000_r2,120000,120000,0
1791035812.393,D_t2000_r2,120000,120000,0
1791035813.393,D_t2000_r2,120000,120000,0
1791035814.404,D_t2000_r2,120000,120000,0
1791035815.404,D_t2000_r2,120000,120000,0
1791035816.404,D_t2000_r2,120000,120000,0
1791035817.412,D_t2000_r2,120000,120000,0
1791035818.412,D_t2000_r2,120000,120000,0
1791035819.412,D_t2000_r2,120000,120000,0
1791035820.424,D_t2000_r2,120000,120000,0
1791035821.425,D_t2000_r2,120000,120000,0
1791035822.425,D_t2000_r2,120000,120000,0
1791035823.435,D_t2000_r2,120000,120000,0
1791035824.435,D_t2000_r2,120000,120000,0
1791035825.435,D_t2000_r2,120000,120000,0
1791035826.453,D_t2000_r2,120000,120000,0
1791035827.453,D_t2000_r2,120000,120000,0
1791035828.453,D_t2000_r2,120000,120000,0
1791035829.487,D_t2000_r2,120000,120000,0
1791035830.487,D_t2000_r2,120000,120000,0
1791035831.487,D_t2000_r2,120000,120000,0
1791035832.532,D_t2000_r2,120000,120000,0
1791035833.532,D_t2000_r2,120000,120000,0
1791035834.532,D_t2000_r2,120000,120000,0
1791035835.598,D_t2000_r2,120000,120000,0
1791035836.598,D_t2000_r2,120000,120000,0
1791035837.598,D_t2000_r2,120000,120000,0
1791035838.598,D_t2000_r2,120000,120000,0
1791035839.598,D_t2000_r2,120000,120000,0
1791035840.613,D_t2000_r2,120000,120000,0
1791035841.613,D_t2000_r2,120000,120000,0
1791035842.614,D_t2000_r2,120000,120000,0
1791035843.614,D_t2000_r2,120000,120000,0
1791035844.614,D_t2000_r2,120000,120000,0
1791035845.636,D_t2000_r2,120000,120000,0
1791035846.636,D_t2000_r2,120000,120000,0
1791035847.660,D_t2000_r2,120000,120000,0
1791035848.660,D_t2000_r2,120000,120000,0
1791035849.672,D_t2000_r2,120000,120000,0
1791035861.919,D_t2000_r3,0,0,0
1791035862.919,D_t2000_r3,0,0,0
1791035863.919,D_t2000_r3,0,0,0
1791035864.919,D_t2000_r3,0,0,0
1791035865.919,D_t2000_r3,0,0,0
1791035866.919,D_t2000_r3,0,0,0
1791035867.919,D_t2000_r3,0,0,0
1791035868.919,D_t2000_r3,0,0,0
1791035869.919,D_t2000_r3,0,0,0
1791035870.920,D_t2000_r3,0,0,0
1791035871.920,D_t2000_r3,1034,38,996
1791035872.920,D_t2000_r3,3006,1312,1694
1791035873.920,D_t2000_r3,5038,3819,1219
1791035874.920,D_t2000_r3,7018,5927,1091
1791035875.920,D_t2000_r3,9017,7721,1296
1791035876.920,D_t2000_r3,11043,9114,1929
1791035877.920,D_t2000_r3,13033,11430,1603
1791035878.921,D_t2000_r3,15033,13311,1722
1791035879.921,D_t2000_r3,17033,15694,1339
1791035880.921,D_t2000_r3,19017,17610,1407
1791035881.921,D_t2000_r3,21002,19042,1960
1791035882.921,D_t2000_r3,23009,21508,1501
1791035883.921,D_t2000_r3,25030,23511,1519
1791035884.921,D_t2000_r3,27015,25530,1485
1791035885.921,D_t2000_r3,29027,27701,1326
1791035886.921,D_t2000_r3,31022,29118,1904
1791035887.922,D_t2000_r3,33027,30911,2116
1791035888.922,D_t2000_r3,35024,33544,1480
1791035889.922,D_t2000_r3,37011,35246,1765
1791035890.922,D_t2000_r3,39023,37751,1272
1791035891.922,D_t2000_r3,41043,39855,1188
1791035892.922,D_t2000_r3,43014,41547,1467
1791035893.922,D_t2000_r3,45026,43709,1317
1791035894.922,D_t2000_r3,47000,45408,1592
1791035895.922,D_t2000_r3,49045,47664,1381
1791035896.923,D_t2000_r3,51035,49558,1477
1791035897.923,D_t2000_r3,53020,51705,1315
1791035898.923,D_t2000_r3,55023,53397,1626
1791035899.923,D_t2000_r3,57046,55594,1452
1791035900.923,D_t2000_r3,59037,57274,1763
1791035901.923,D_t2000_r3,61027,59640,1387
1791035902.923,D_t2000_r3,63024,61474,1550
1791035903.923,D_t2000_r3,65037,63660,1377
1791035904.924,D_t2000_r3,67010,65422,1588
1791035905.924,D_t2000_r3,69028,67964,1064
1791035906.924,D_t2000_r3,71047,69944,1103
1791035907.924,D_t2000_r3,73048,71574,1474
1791035908.924,D_t2000_r3,75026,73735,1291
1791035909.924,D_t2000_r3,77019,75455,1564
1791035910.924,D_t2000_r3,79006,77640,1366
1791035911.924,D_t2000_r3,81038,79289,1749
1791035912.925,D_t2000_r3,83026,81415,1611
1791035913.925,D_t2000_r3,85042,83251,1791
1791035914.925,D_t2000_r3,87026,85818,1208
1791035915.925,D_t2000_r3,89017,87906,1111
1791035916.925,D_t2000_r3,91009,89258,1751
1791035917.925,D_t2000_r3,93007,91127,1880
1791035918.925,D_t2000_r3,95037,93739,1298
1791035919.925,D_t2000_r3,97024,95913,1111
1791035920.925,D_t2000_r3,99037,97665,1372
1791035921.926,D_t2000_r3,101039,99708,1331
1791035922.926,D_t2000_r3,103022,101296,1726
1791035923.926,D_t2000_r3,105033,103399,1634
1791035924.926,D_t2000_r3,107041,105442,1599
1791035925.926,D_t2000_r3,109035,107482,1553
1791035926.926,D_t2000_r3,111033,109969,1064
1791035927.926,D_t2000_r3,113032,111641,1391
1791035928.926,D_t2000_r3,115042,113835,1207
1791035929.926,D_t2000_r3,117046,115541,1505
1791035930.927,D_t2000_r3,119027,117624,1403
1791035931.927,D_t2000_r3,120000,118924,1076
1791035932.927,D_t2000_r3,120000,119622,378
1791035933.927,D_t2000_r3,120000,120000,0
1791035934.927,D_t2000_r3,120000,120000,0
1791035935.927,D_t2000_r3,120000,120000,0
1791035936.927,D_t2000_r3,120000,120000,0
1791035937.928,D_t2000_r3,120000,120000,0
1791035938.928,D_t2000_r3,120000,120000,0
1791035939.929,D_t2000_r3,120000,120000,0
1791035940.961,D_t2000_r3,120000,120000,0
1791035941.962,D_t2000_r3,120000,120000,0
1791035942.962,D_t2000_r3,120000,120000,0
1791035943.985,D_t2000_r3,120000,120000,0
1791035944.985,D_t2000_r3,120000,120000,0
1791035945.985,D_t2000_r3,120000,120000,0
1791035947.009,D_t2000_r3,120000,120000,0
1791035948.010,D_t2000_r3,120000,120000,0
1791035949.010,D_t2000_r3,120000,120000,0
1791035950.052,D_t2000_r3,120000,120000,0
1791035951.052,D_t2000_r3,120000,120000,0
1791035952.052,D_t2000_r3,120000,120000,0
1791035953.057,D_t2000_r3,120000,120000,0
1791035954.057,D_t2000_r3,120000,120000,0
1791035955.057,D_t2000_r3,120000,120000,0
1791035956.149,D_t2000_r3,120000,120000,0
1791035957.149,D_t2000_r3,120000,120000,0
1791035958.217,D_t2000_r3,120000,120000,0
1791035959.217,D_t2000_r3,120000,120000,0
1791035960.217,D_t2000_r3,120000,120000,0
1791035961.229,D_t2000_r3,120000,120000,0
1791035962.229,D_t2000_r3,120000,120000,0
1791035963.233,D_t2000_r3,120000,120000,0
1791035964.234,D_t2000_r3,120000,120000,0
1791035965.234,D_t2000_r3,120000,120000,0
1791035966.254,D_t2000_r3,120000,120000,0
1791035967.254,D_t2000_r3,120000,120000,0
1791035968.302,D_t2000_r3,120000,120000,0
1791035969.302,D_t2000_r3,120000,120000,0
1791035970.409,D_t2000_r3,120000,120000,0
1791035984.455,D_t2000_r4,0,0,0
1791035985.456,D_t2000_r4,0,0,0
1791035986.456,D_t2000_r4,0,0,0
1791035987.456,D_t2000_r4,0,0,0
1791035988.456,D_t2000_r4,0,0,0
1791035989.456,D_t2000_r4,0,0,0
1791035990.456,D_t2000_r4,0,0,0
1791035991.456,D_t2000_r4,0,0,0
1791035992.456,D_t2000_r4,0,0,0
1791035993.457,D_t2000_r4,0,0,0
1791035994.457,D_t2000_r4,1275,57,1218
1791035995.457,D_t2000_r4,3255,2091,1164
1791035996.457,D_t2000_r4,5243,3709,1534
1791035997.457,D_t2000_r4,7258,5773,1485
1791035998.457,D_t2000_r4,9251,7459,1792
1791035999.457,D_t2000_r4,11243,9721,1522
1791036000.457,D_t2000_r4,13255,12251,1004
1791036001.458,D_t2000_r4,15252,13829,1423
1791036002.458,D_t2000_r4,17248,15860,1388
1791036003.458,D_t2000_r4,19268,17466,1802
1791036004.458,D_t2000_r4,21275,19740,1535
1791036005.458,D_t2000_r4,23249,21401,1848
1791036006.458,D_t2000_r4,25241,23931,1310
1791036007.458,D_t2000_r4,27251,25225,2026
1791036008.458,D_t2000_r4,29264,28062,1202
1791036009.458,D_t2000_r4,31267,30106,1161
1791036010.459,D_t2000_r4,33269,31712,1557
1791036011.459,D_t2000_r4,35274,33948,1326
1791036012.459,D_t2000_r4,37243,35663,1580
1791036013.459,D_t2000_r4,39263,37934,1329
1791036014.459,D_t2000_r4,41262,39699,1563
1791036015.459,D_t2000_r4,43271,41805,1466
1791036016.459,D_t2000_r4,45265,43601,1664
1791036017.459,D_t2000_r4,47264,46102,1162
1791036018.460,D_t2000_r4,49256,48127,1129
1791036019.460,D_t2000_r4,51264,49868,1396
1791036020.460,D_t2000_r4,53269,51892,1377
1791036021.460,D_t2000_r4,55274,53631,1643
1791036022.460,D_t2000_r4,57251,56107,1144
1791036023.460,D_t2000_r4,59267,58029,1238
1791036024.460,D_t2000_r4,61263,59679,1584
1791036025.461,D_t2000_r4,63273,61942,1331
1791036026.461,D_t2000_r4,65256,63578,1678
1791036027.461,D_t2000_r4,67282,66024,1258
1791036028.461,D_t2000_r4,69275,68158,1117
1791036029.461,D_t2000_r4,71277,69936,1341
1791036030.461,D_t2000_r4,73275,71998,1277
1791036031.461,D_t2000_r4,75259,73715,1544
1791036032.461,D_t2000_r4,77268,76017,1251
1791036033.461,D_t2000_r4,79259,77616,1643
1791036034.462,D_t2000_r4,81265,79855,1410
1791036035.462,D_t2000_r4,83251,81448,1803
1791036036.462,D_t2000_r4,85281,83777,1504
1791036037.462,D_t2000_r4,87251,85501,1750
1791036038.462,D_t2000_r4,89265,88042,1223
1791036039.462,D_t2000_r4,91275,90216,1059
1791036040.462,D_t2000_r4,93258,91848,1410
1791036041.462,D_t2000_r4,95264,93895,1369
1791036042.462,D_t2000_r4,97263,95494,1769
1791036043.463,D_t2000_r4,99257,98083,1174
1791036044.463,D_t2000_r4,101254,100263,991
1791036045.463,D_t2000_r4,103266,101803,1463
1791036046.463,D_t2000_r4,105274,103824,1450
1791036047.463,D_t2000_r4,107276,106217,1059
1791036048.463,D_t2000_r4,109282,107820,1462
1791036049.463,D_t2000_r4,111286,109897,1389
1791036050.463,D_t2000_r4,113268,111578,1690
1791036051.464,D_t2000_r4,115266,113895,1371
1791036052.464,D_t2000_r4,117275,115597,1678
1791036053.464,D_t2000_r4,119255,118053,1202
1791036054.497,D_t2000_r4,120000,119255,745
1791036055.497,D_t2000_r4,120000,120000,0
1791036056.498,D_t2000_r4,120000,120000,0
1791036057.516,D_t2000_r4,120000,120000,0
1791036058.516,D_t2000_r4,120000,120000,0
1791036059.516,D_t2000_r4,120000,120000,0
1791036060.524,D_t2000_r4,120000,120000,0
1791036061.524,D_t2000_r4,120000,120000,0
1791036062.524,D_t2000_r4,120000,120000,0
1791036063.524,D_t2000_r4,120000,120000,0
1791036064.524,D_t2000_r4,120000,120000,0
1791036065.525,D_t2000_r4,120000,120000,0
1791036066.525,D_t2000_r4,120000,120000,0
1791036067.525,D_t2000_r4,120000,120000,0
1791036068.525,D_t2000_r4,120000,120000,0
1791036069.532,D_t2000_r4,120000,120000,0
1791036070.532,D_t2000_r4,120000,120000,0
1791036071.532,D_t2000_r4,120000,120000,0
1791036072.566,D_t2000_r4,120000,120000,0
1791036073.566,D_t2000_r4,120000,120000,0
1791036074.567,D_t2000_r4,120000,120000,0
1791036075.575,D_t2000_r4,120000,120000,0
1791036076.575,D_t2000_r4,120000,120000,0
1791036077.575,D_t2000_r4,120000,120000,0
1791036078.577,D_t2000_r4,120000,120000,0
1791036079.578,D_t2000_r4,120000,120000,0
1791036080.617,D_t2000_r4,120000,120000,0
1791036081.617,D_t2000_r4,120000,120000,0
1791036082.617,D_t2000_r4,120000,120000,0
1791036083.661,D_t2000_r4,120000,120000,0
1791036084.661,D_t2000_r4,120000,120000,0
1791036085.661,D_t2000_r4,120000,120000,0
1791036086.661,D_t2000_r4,120000,120000,0
1791036087.661,D_t2000_r4,120000,120000,0
1791036088.668,D_t2000_r4,120000,120000,0
1791036089.668,D_t2000_r4,120000,120000,0
1791036090.671,D_t2000_r4,120000,120000,0
1791036091.671,D_t2000_r4,120000,120000,0
1791036092.675,D_t2000_r4,120000,120000,0
1791036105.427,D_t2000_r5,0,0,0
1791036106.427,D_t2000_r5,0,0,0
1791036107.427,D_t2000_r5,0,0,0
1791036108.427,D_t2000_r5,0,0,0
1791036109.427,D_t2000_r5,0,0,0
1791036110.428,D_t2000_r5,0,0,0
1791036111.428,D_t2000_r5,0,0,0
1791036112.428,D_t2000_r5,0,0,0
1791036113.428,D_t2000_r5,0,0,0
1791036114.428,D_t2000_r5,688,19,669
1791036115.428,D_t2000_r5,2701,1223,1478
1791036116.428,D_t2000_r5,4694,3587,1107
1791036117.428,D_t2000_r5,6684,5566,1118
1791036118.429,D_t2000_r5,8683,7183,1500
1791036119.429,D_t2000_r5,10689,9604,1085
1791036120.429,D_t2000_r5,12671,11554,1117
1791036121.429,D_t2000_r5,14697,13146,1551
1791036122.429,D_t2000_r5,16701,15096,1605
1791036123.429,D_t2000_r5,18682,16929,1753
1791036124.429,D_t2000_r5,20688,19421,1267
1791036125.429,D_t2000_r5,22702,21536,1166
1791036126.430,D_t2000_r5,24704,23073,1631
1791036127.430,D_t2000_r5,26701,25079,1622
1791036128.430,D_t2000_r5,28691,26646,2045
1791036129.430,D_t2000_r5,30703,28921,1782
1791036130.430,D_t2000_r5,32706,31407,1299
1791036131.430,D_t2000_r5,34700,33234,1466
1791036132.430,D_t2000_r5,36684,35220,1464
1791036133.430,D_t2000_r5,38701,36841,1860
1791036134.430,D_t2000_r5,40714,39363,1351
1791036135.431,D_t2000_r5,42686,41427,1259
1791036136.431,D_t2000_r5,44699,43162,1537
1791036137.431,D_t2000_r5,46687,45577,1110
1791036138.431,D_t2000_r5,48709,46793,1916
1791036139.431,D_t2000_r5,50689,49377,1312
1791036140.431,D_t2000_r5,52699,51360,1339
1791036141.431,D_t2000_r5,54699,53024,1675
1791036142.431,D_t2000_r5,56700,55478,1222
1791036143.431,D_t2000_r5,58698,57534,1164
1791036144.431,D_t2000_r5,60702,59234,1468
1791036145.432,D_t2000_r5,62701,61320,1381
1791036146.432,D_t2000_r5,64693,62966,1727
1791036147.432,D_t2000_r5,66697,65445,1252
1791036148.432,D_t2000_r5,68697,67430,1267
1791036149.432,D_t2000_r5,70710,69028,1682
1791036150.432,D_t2000_r5,72703,71118,1585
1791036151.432,D_t2000_r5,74706,73650,1056
1791036152.432,D_t2000_r5,76694,75262,1432
1791036153.432,D_t2000_r5,78680,77380,1300
1791036154.433,D_t2000_r5,80696,79105,1591
1791036155.433,D_t2000_r5,82714,81581,1133
1791036156.433,D_t2000_r5,84708,83536,1172
1791036157.433,D_t2000_r5,86700,85084,1616
1791036158.433,D_t2000_r5,88710,87558,1152
1791036159.433,D_t2000_r5,90701,88827,1874
1791036160.433,D_t2000_r5,92694,91367,1327
1791036161.433,D_t2000_r5,94687,93437,1250
1791036162.433,D_t2000_r5,96701,95041,1660
1791036163.434,D_t2000_r5,98680,97514,1166
1791036164.434,D_t2000_r5,100701,99566,1135
1791036165.434,D_t2000_r5,102712,101182,1530
1791036166.434,D_t2000_r5,104706,103593,1113
1791036167.434,D_t2000_r5,106697,105588,1109
1791036168.434,D_t2000_r5,108696,107191,1505
1791036169.434,D_t2000_r5,110719,109345,1374
1791036170.434,D_t2000_r5,112707,111052,1655
1791036171.434,D_t2000_r5,114701,113093,1608
1791036172.435,D_t2000_r5,116708,115723,985
1791036173.435,D_t2000_r5,118710,117326,1384
1791036174.435,D_t2000_r5,120000,118741,1259
1791036175.435,D_t2000_r5,120000,119534,466
1791036176.453,D_t2000_r5,120000,120000,0
1791036177.453,D_t2000_r5,120000,120000,0
1791036178.453,D_t2000_r5,120000,120000,0
1791036179.454,D_t2000_r5,120000,120000,0
1791036180.480,D_t2000_r5,120000,120000,0
1791036181.480,D_t2000_r5,120000,120000,0
1791036182.480,D_t2000_r5,120000,120000,0
1791036183.481,D_t2000_r5,120000,120000,0
1791036184.481,D_t2000_r5,120000,120000,0
1791036185.481,D_t2000_r5,120000,120000,0
1791036186.483,D_t2000_r5,120000,120000,0
1791036187.483,D_t2000_r5,120000,120000,0
1791036188.484,D_t2000_r5,120000,120000,0
1791036189.484,D_t2000_r5,120000,120000,0
1791036190.485,D_t2000_r5,120000,120000,0
1791036191.485,D_t2000_r5,120000,120000,0
1791036192.506,D_t2000_r5,120000,120000,0
1791036193.506,D_t2000_r5,120000,120000,0
1791036194.506,D_t2000_r5,120000,120000,0
1791036195.506,D_t2000_r5,120000,120000,0
1791036196.506,D_t2000_r5,120000,120000,0
1791036197.510,D_t2000_r5,120000,120000,0
1791036198.510,D_t2000_r5,120000,120000,0
1791036199.510,D_t2000_r5,120000,120000,0
1791036200.567,D_t2000_r5,120000,120000,0
1791036201.568,D_t2000_r5,120000,120000,0
1791036202.586,D_t2000_r5,120000,120000,0
1791036203.586,D_t2000_r5,120000,120000,0
1791036204.586,D_t2000_r5,120000,120000,0
1791036205.590,D_t2000_r5,120000,120000,0
1791036206.590,D_t2000_r5,120000,120000,0
1791036207.623,D_t2000_r5,120000,120000,0
1791036208.623,D_t2000_r5,120000,120000,0
1791036209.623,D_t2000_r5,120000,120000,0
1791036210.627,D_t2000_r5,120000,120000,0
1791036223.580,D_t5000_r1_produtor_unico,0,0,0
1791036224.581,D_t5000_r1_produtor_unico,0,0,0
1791036225.581,D_t5000_r1_produtor_unico,0,0,0
1791036226.581,D_t5000_r1_produtor_unico,0,0,0
1791036227.581,D_t5000_r1_produtor_unico,0,0,0
1791036228.581,D_t5000_r1_produtor_unico,0,0,0
1791036229.582,D_t5000_r1_produtor_unico,0,0,0
1791036230.582,D_t5000_r1_produtor_unico,0,0,0
1791036231.582,D_t5000_r1_produtor_unico,0,0,0
1791036232.582,D_t5000_r1_produtor_unico,0,0,0
1791036233.582,D_t5000_r1_produtor_unico,0,0,0
1791036234.582,D_t5000_r1_produtor_unico,0,0,0
1791036235.582,D_t5000_r1_produtor_unico,0,0,0
1791036236.582,D_t5000_r1_produtor_unico,0,0,0
1791036237.583,D_t5000_r1_produtor_unico,0,0,0
1791036238.583,D_t5000_r1_produtor_unico,1539,57,1482
1791036239.583,D_t5000_r1_produtor_unico,3705,2166,1539
1791036240.583,D_t5000_r1_produtor_unico,5871,3933,1938
1791036241.583,D_t5000_r1_produtor_unico,7524,6384,1140
1791036242.583,D_t5000_r1_produtor_unico,9462,7638,1824
1791036243.583,D_t5000_r1_produtor_unico,11685,10146,1539
1791036244.583,D_t5000_r1_produtor_unico,13680,12426,1254
1791036245.583,D_t5000_r1_produtor_unico,15846,14250,1596
1791036246.584,D_t5000_r1_produtor_unico,17955,16473,1482
1791036247.584,D_t5000_r1_produtor_unico,20007,18354,1653
1791036248.584,D_t5000_r1_produtor_unico,22229,20500,1729
1791036249.584,D_t5000_r1_produtor_unico,24395,22343,2052
1791036250.584,D_t5000_r1_produtor_unico,26504,24718,1786
1791036251.584,D_t5000_r1_produtor_unico,27928,26561,1367
1791036252.584,D_t5000_r1_produtor_unico,29866,28517,1349
1791036253.584,D_t5000_r1_produtor_unico,31918,30550,1368
1791036254.584,D_t5000_r1_produtor_unico,34027,32754,1273
1791036255.585,D_t5000_r1_produtor_unico,36135,34540,1595
1791036256.585,D_t5000_r1_produtor_unico,38244,35851,2393
1791036257.585,D_t5000_r1_produtor_unico,40353,38643,1710
1791036258.585,D_t5000_r1_produtor_unico,42519,40695,1824
1791036259.585,D_t5000_r1_produtor_unico,44628,42975,1653
1791036260.585,D_t5000_r1_produtor_unico,45882,44799,1083
1791036261.585,D_t5000_r1_produtor_unico,47991,46680,1311
1791036262.585,D_t5000_r1_produtor_unico,49986,48846,1140
1791036263.585,D_t5000_r1_produtor_unico,52038,50556,1482
1791036264.586,D_t5000_r1_produtor_unico,54261,52665,1596
1791036265.586,D_t5000_r1_produtor_unico,56256,54432,1824
1791036266.586,D_t5000_r1_produtor_unico,58422,56731,1691
1791036267.586,D_t5000_r1_produtor_unico,60417,58536,1881
1791036268.586,D_t5000_r1_produtor_unico,62583,61272,1311
1791036269.587,D_t5000_r1_produtor_unico,64236,63552,684
1791036270.587,D_t5000_r1_produtor_unico,65946,64407,1539
1791036271.587,D_t5000_r1_produtor_unico,67941,66554,1387
1791036272.587,D_t5000_r1_produtor_unico,70050,68877,1173
1791036273.588,D_t5000_r1_produtor_unico,72159,70734,1425
1791036274.588,D_t5000_r1_produtor_unico,74154,72976,1178
1791036275.588,D_t5000_r1_produtor_unico,76263,74724,1539
1791036276.588,D_t5000_r1_produtor_unico,78258,76890,1368
1791036277.588,D_t5000_r1_produtor_unico,80367,78543,1824
1791036278.588,D_t5000_r1_produtor_unico,82419,81165,1254
1791036279.588,D_t5000_r1_produtor_unico,83559,82419,1140
1791036280.588,D_t5000_r1_produtor_unico,85611,84395,1216
1791036281.589,D_t5000_r1_produtor_unico,87719,86124,1595
1791036282.589,D_t5000_r1_produtor_unico,89828,88270,1558
1791036283.589,D_t5000_r1_produtor_unico,91766,89999,1767
1791036284.589,D_t5000_r1_produtor_unico,93874,92564,1310
1791036285.589,D_t5000_r1_produtor_unico,95869,94748,1121
1791036286.589,D_t5000_r1_produtor_unico,97920,96325,1595
1791036287.589,D_t5000_r1_produtor_unico,99972,98509,1463
1791036288.590,D_t5000_r1_produtor_unico,100770,100143,627
1791036289.590,D_t5000_r1_produtor_unico,102765,101682,1083
1791036290.590,D_t5000_r1_produtor_unico,104872,103713,1159
1791036291.590,D_t5000_r1_produtor_unico,107033,105442,1591
1791036292.590,D_t5000_r1_produtor_unico,109079,107448,1631
1791036293.590,D_t5000_r1_produtor_unico,111240,110103,1137
1791036294.590,D_t5000_r1_produtor_unico,113284,111865,1419
1791036295.590,D_t5000_r1_produtor_unico,115383,114003,1380
1791036296.590,D_t5000_r1_produtor_unico,117434,116446,988
1791036297.591,D_t5000_r1_produtor_unico,119482,118118,1364
1791036298.591,D_t5000_r1_produtor_unico,122443,120545,1898
1791036299.591,D_t5000_r1_produtor_unico,125624,123012,2612
1791036300.591,D_t5000_r1_produtor_unico,128917,126931,1986
1791036301.592,D_t5000_r1_produtor_unico,131989,130302,1687
1791036302.592,D_t5000_r1_produtor_unico,135342,133013,2329
1791036303.592,D_t5000_r1_produtor_unico,138587,136330,2257
1791036304.592,D_t5000_r1_produtor_unico,141949,139043,2906
1791036305.593,D_t5000_r1_produtor_unico,145082,142537,2545
1791036306.593,D_t5000_r1_produtor_unico,148383,145706,2677
1791036307.593,D_t5000_r1_produtor_unico,151746,149143,2603
1791036308.593,D_t5000_r1_produtor_unico,154995,151974,3021
1791036309.593,D_t5000_r1_produtor_unico,158357,155717,2640
1791036310.593,D_t5000_r1_produtor_unico,161579,159899,1680
1791036311.593,D_t5000_r1_produtor_unico,164843,162484,2359
1791036312.593,D_t5000_r1_produtor_unico,168223,165968,2255
1791036313.593,D_t5000_r1_produtor_unico,171321,168781,2540
1791036314.594,D_t5000_r1_produtor_unico,174653,172527,2126
1791036315.594,D_t5000_r1_produtor_unico,178052,175389,2663
1791036316.594,D_t5000_r1_produtor_unico,181269,178873,2396
1791036317.594,D_t5000_r1_produtor_unico,184556,183029,1527
1791036318.594,D_t5000_r1_produtor_unico,187946,185799,2147
1791036319.594,D_t5000_r1_produtor_unico,191333,189188,2145
1791036320.594,D_t5000_r1_produtor_unico,194620,191957,2663
1791036321.594,D_t5000_r1_produtor_unico,197947,195560,2387
1791036322.595,D_t5000_r1_produtor_unico,201281,199565,1716
1791036323.595,D_t5000_r1_produtor_unico,204507,202129,2378
1791036324.595,D_t5000_r1_produtor_unico,207837,205583,2254
1791036325.595,D_t5000_r1_produtor_unico,211114,208457,2657
1791036326.595,D_t5000_r1_produtor_unico,214463,212421,2042
1791036327.595,D_t5000_r1_produtor_unico,217684,215197,2487
1791036328.595,D_t5000_r1_produtor_unico,220967,218872,2095
1791036329.595,D_t5000_r1_produtor_unico,224361,221081,3280
1791036330.596,D_t5000_r1_produtor_unico,227739,225487,2252
1791036331.596,D_t5000_r1_produtor_unico,231076,229155,1921
1791036332.596,D_t5000_r1_produtor_unico,234356,231228,3128
1791036333.596,D_t5000_r1_produtor_unico,237632,234580,3052
1791036334.596,D_t5000_r1_produtor_unico,240954,238921,2033
1791036335.596,D_t5000_r1_produtor_unico,244212,241066,3146
1791036336.596,D_t5000_r1_produtor_unico,247367,244697,2670
1791036337.596,D_t5000_r1_produtor_unico,250788,248994,1794
1791036338.597,D_t5000_r1_produtor_unico,253874,251631,2243
1791036339.597,D_t5000_r1_produtor_unico,257082,255040,2042
1791036340.597,D_t5000_r1_produtor_unico,260338,257754,2584
1791036341.597,D_t5000_r1_produtor_unico,263560,261319,2241
1791036342.597,D_t5000_r1_produtor_unico,266913,264048,2865
1791036343.597,D_t5000_r1_produtor_unico,270283,267823,2460
1791036344.597,D_t5000_r1_produtor_unico,273546,270566,2980
1791036345.597,D_t5000_r1_produtor_unico,276818,274673,2145
1791036346.597,D_t5000_r1_produtor_unico,280199,276985,3214
1791036347.598,D_t5000_r1_produtor_unico,283522,281384,2138
1791036348.598,D_t5000_r1_produtor_unico,286872,284831,2041
1791036349.598,D_t5000_r1_produtor_unico,290178,287727,2451
1791036350.598,D_t5000_r1_produtor_unico,293484,290037,3447
1791036351.598,D_t5000_r1_produtor_unico,296619,294567,2052
1791036352.598,D_t5000_r1_produtor_unico,299830,297284,2546
1791036353.598,D_t5000_r1_produtor_unico,300000,298623,1377
1791036354.627,D_t5000_r1_produtor_unico,300000,300000,0
1791036355.627,D_t5000_r1_produtor_unico,300000,300000,0
1791036356.650,D_t5000_r1_produtor_unico,300000,300000,0
1791036357.650,D_t5000_r1_produtor_unico,300000,300000,0
1791036358.650,D_t5000_r1_produtor_unico,300000,300000,0
1791036359.696,D_t5000_r1_produtor_unico,300000,300000,0
1791036360.696,D_t5000_r1_produtor_unico,300000,300000,0
1791036361.706,D_t5000_r1_produtor_unico,300000,300000,0
1791036362.706,D_t5000_r1_produtor_unico,300000,300000,0
1791036363.754,D_t5000_r1_produtor_unico,300000,300000,0
1791036364.754,D_t5000_r1_produtor_unico,300000,300000,0
1791036365.800,D_t5000_r1_produtor_unico,300000,300000,0
1791036366.800,D_t5000_r1_produtor_unico,300000,300000,0
1791036367.862,D_t5000_r1_produtor_unico,300000,300000,0
1791036368.862,D_t5000_r1_produtor_unico,300000,300000,0
1791036369.862,D_t5000_r1_produtor_unico,300000,300000,0
1791036370.862,D_t5000_r1_produtor_unico,300000,300000,0
1791036371.862,D_t5000_r1_produtor_unico,300000,300000,0
1791036372.877,D_t5000_r1_produtor_unico,300000,300000,0
1791036373.877,D_t5000_r1_produtor_unico,300000,300000,0
1791036374.900,D_t5000_r1_produtor_unico,300000,300000,0
1791036375.900,D_t5000_r1_produtor_unico,300000,300000,0
1791036376.946,D_t5000_r1_produtor_unico,300000,300000,0
1791036377.946,D_t5000_r1_produtor_unico,300000,300000,0
1791036378.948,D_t5000_r1_produtor_unico,300000,300000,0
1791036379.948,D_t5000_r1_produtor_unico,300000,300000,0
1791036380.948,D_t5000_r1_produtor_unico,300000,300000,0
1791036381.948,D_t5000_r1_produtor_unico,300000,300000,0
1791036382.954,D_t5000_r1_produtor_unico,300000,300000,0
1791036383.954,D_t5000_r1_produtor_unico,300000,300000,0
1791036384.981,D_t5000_r1_produtor_unico,300000,300000,0
1791036385.981,D_t5000_r1_produtor_unico,300000,300000,0
1791036387.036,D_t5000_r1_produtor_unico,300000,300000,0
1791036388.036,D_t5000_r1_produtor_unico,300000,300000,0
1791036389.081,D_t5000_r1_produtor_unico,300000,300000,0
1791036390.081,D_t5000_r1_produtor_unico,300000,300000,0
1791036391.105,D_t5000_r1_produtor_unico,300000,300000,0
1791036392.105,D_t5000_r1_produtor_unico,300000,300000,0
1791036393.143,D_t5000_r1_produtor_unico,300000,300000,0
1791036394.147,D_t5000_r1_produtor_unico,300000,300000,0
1791036395.147,D_t5000_r1_produtor_unico,300000,300000,0
1791036396.178,D_t5000_r1_produtor_unico,300000,300000,0
1791036397.178,D_t5000_r1_produtor_unico,300000,300000,0
1791036398.220,D_t5000_r1_produtor_unico,300000,300000,0
1791036399.221,D_t5000_r1_produtor_unico,300000,300000,0
1791036400.284,D_t5000_r1_produtor_unico,300000,300000,0
1791036401.284,D_t5000_r1_produtor_unico,300000,300000,0
1791036402.378,D_t5000_r1_produtor_unico,300000,300000,0
1791036403.378,D_t5000_r1_produtor_unico,300000,300000,0
1791036404.464,D_t5000_r1_produtor_unico,300000,300000,0
1791036405.464,D_t5000_r1_produtor_unico,300000,300000,0
1791036406.470,D_t5000_r1_produtor_unico,300000,300000,0
1791036407.470,D_t5000_r1_produtor_unico,300000,300000,0
1791036408.498,D_t5000_r1_produtor_unico,300000,300000,0
1791036409.498,D_t5000_r1_produtor_unico,300000,300000,0
1791036410.498,D_t5000_r1_produtor_unico,300000,300000,0
1791036411.594,D_t5000_r1_produtor_unico,300000,300000,0
1791036412.595,D_t5000_r1_produtor_unico,300000,300000,0
1791036413.638,D_t5000_r1_produtor_unico,300000,300000,0
1791036414.638,D_t5000_r1_produtor_unico,300000,300000,0
1791036415.749,D_t5000_r1_produtor_unico,300000,300000,0
1791036416.749,D_t5000_r1_produtor_unico,300000,300000,0
1791036417.779,D_t5000_r1_produtor_unico,300000,300000,0
1791036418.779,D_t5000_r1_produtor_unico,300000,300000,0
1791036419.813,D_t5000_r1_produtor_unico,300000,300000,0
1791036420.858,D_t5000_r1_produtor_unico,300000,300000,0
1791036421.858,D_t5000_r1_produtor_unico,300000,300000,0
1791036422.930,D_t5000_r1_produtor_unico,300000,300000,0
1791036423.930,D_t5000_r1_produtor_unico,300000,300000,0
1791036424.935,D_t5000_r1_produtor_unico,300000,300000,0
1791036425.935,D_t5000_r1_produtor_unico,300000,300000,0
1791036426.937,D_t5000_r1_produtor_unico,300000,300000,0
1791036427.994,D_t5000_r1_produtor_unico,300000,300000,0
1791036428.994,D_t5000_r1_produtor_unico,300000,300000,0
1791036430.084,D_t5000_r1_produtor_unico,300000,300000,0
1791036431.084,D_t5000_r1_produtor_unico,300000,300000,0
1791036432.129,D_t5000_r1_produtor_unico,300000,300000,0
1791036433.129,D_t5000_r1_produtor_unico,300000,300000,0
1791036434.129,D_t5000_r1_produtor_unico,300000,300000,0
1791036435.233,D_t5000_r1_produtor_unico,300000,300000,0
1791036436.233,D_t5000_r1_produtor_unico,300000,300000,0
1791036437.359,D_t5000_r1_produtor_unico,300000,300000,0
1791036438.359,D_t5000_r1_produtor_unico,300000,300000,0
1791036439.359,D_t5000_r1_produtor_unico,300000,300000,0
1791036440.432,D_t5000_r1_produtor_unico,300000,300000,0
1791036441.432,D_t5000_r1_produtor_unico,300000,300000,0
1791036442.438,D_t5000_r1_produtor_unico,300000,300000,0
1791036443.438,D_t5000_r1_produtor_unico,300000,300000,0
1791036444.438,D_t5000_r1_produtor_unico,300000,300000,0
1791036445.546,D_t5000_r1_produtor_unico,300000,300000,0
1791036446.546,D_t5000_r1_produtor_unico,300000,300000,0
1791036447.553,D_t5000_r1_produtor_unico,300000,300000,0
1791036448.553,D_t5000_r1_produtor_unico,300000,300000,0
1791036449.553,D_t5000_r1_produtor_unico,300000,300000,0
1791036450.716,D_t5000_r1_produtor_unico,300000,300000,0
1791036451.716,D_t5000_r1_produtor_unico,300000,300000,0
1791036452.756,D_t5000_r1_produtor_unico,300000,300000,0
1791036453.757,D_t5000_r1_produtor_unico,300000,300000,0
1791036454.766,D_t5000_r1_produtor_unico,300000,300000,0
1791036455.773,D_t5000_r1_produtor_unico,300000,300000,0
1791036456.773,D_t5000_r1_produtor_unico,300000,300000,0
1791036457.784,D_t5000_r1_produtor_unico,300000,300000,0
1791036458.784,D_t5000_r1_produtor_unico,300000,300000,0
1791036459.784,D_t5000_r1_produtor_unico,300000,300000,0
1791036460.831,D_t5000_r1_produtor_unico,300000,300000,0
1791036461.831,D_t5000_r1_produtor_unico,300000,300000,0
1791036462.877,D_t5000_r1_produtor_unico,300000,300000,0
1791036463.966,D_t5000_r1_produtor_unico,300000,300000,0
1791036464.966,D_t5000_r1_produtor_unico,300000,300000,0
1791036466.072,D_t5000_r1_produtor_unico,300000,300000,0
1791036467.072,D_t5000_r1_produtor_unico,300000,300000,0
1791036468.075,D_t5000_r1_produtor_unico,300000,300000,0
1791036469.104,D_t5000_r1_produtor_unico,300000,300000,0
1791036470.105,D_t5000_r1_produtor_unico,300000,300000,0
1791036471.155,D_t5000_r1_produtor_unico,300000,300000,0
1791036472.175,D_t5000_r1_produtor_unico,300000,300000,0
1791036473.175,D_t5000_r1_produtor_unico,300000,300000,0
1791036474.199,D_t5000_r1_produtor_unico,300000,300000,0
1791036475.341,D_t5000_r1_produtor_unico,300000,300000,0
1791036495.458,D_t5000_r2_interrompida,0,0,0
1791036496.458,D_t5000_r2_interrompida,0,0,0
1791036497.458,D_t5000_r2_interrompida,0,0,0
1791036498.458,D_t5000_r2_interrompida,0,0,0
1791036499.458,D_t5000_r2_interrompida,0,0,0
1791036500.458,D_t5000_r2_interrompida,0,0,0
1791036501.459,D_t5000_r2_interrompida,0,0,0
1791036502.459,D_t5000_r2_interrompida,0,0,0
1791036503.459,D_t5000_r2_interrompida,0,0,0
1791036504.459,D_t5000_r2_interrompida,0,0,0
1791036505.459,D_t5000_r2_interrompida,0,0,0
1791036506.459,D_t5000_r2_interrompida,0,0,0
1791036507.459,D_t5000_r2_interrompida,0,0,0
1791036508.459,D_t5000_r2_interrompida,0,0,0
1791036509.460,D_t5000_r2_interrompida,1938,0,1938
1791036510.460,D_t5000_r2_interrompida,4104,0,4104
1791036511.460,D_t5000_r2_interrompida,6384,0,6384
1791036512.460,D_t5000_r2_interrompida,8265,38,8227
1791036513.460,D_t5000_r2_interrompida,10488,5947,4541
1791036514.460,D_t5000_r2_interrompida,12483,10830,1653
1791036515.460,D_t5000_r2_interrompida,14649,13262,1387
1791036516.461,D_t5000_r2_interrompida,16701,15105,1596
1791036630.298,D_t5000_r1,0,0,0
1791036631.298,D_t5000_r1,0,0,0
1791036632.299,D_t5000_r1,0,0,0
1791036633.299,D_t5000_r1,0,0,0
1791036634.299,D_t5000_r1,0,0,0
1791036635.299,D_t5000_r1,0,0,0
1791036636.299,D_t5000_r1,0,0,0
1791036637.299,D_t5000_r1,0,0,0
1791036638.299,D_t5000_r1,3979,37,3942
1791036639.299,D_t5000_r1,8974,56,8918
1791036640.300,D_t5000_r1,13962,5365,8597
1791036641.300,D_t5000_r1,18985,5365,13620
1791036642.300,D_t5000_r1,23971,11316,12655
1791036643.300,D_t5000_r1,28925,14222,14703
1791036644.300,D_t5000_r1,33968,21812,12156
1791036645.300,D_t5000_r1,38937,25661,13276
1791036646.300,D_t5000_r1,43966,32947,11019
1791036647.301,D_t5000_r1,48945,36752,12193
1791036648.301,D_t5000_r1,53958,43930,10028
1791036649.301,D_t5000_r1,58959,47379,11580
1791036650.301,D_t5000_r1,63976,56629,7347
1791036651.301,D_t5000_r1,68954,61347,7607
1791036652.302,D_t5000_r1,73968,64012,9956
1791036653.302,D_t5000_r1,78945,70608,8337
1791036654.302,D_t5000_r1,83990,76944,7046
1791036655.302,D_t5000_r1,88953,81787,7166
1791036656.303,D_t5000_r1,93995,84105,9890
1791036657.303,D_t5000_r1,98944,91384,7560
1791036658.303,D_t5000_r1,103883,95469,8414
1791036659.303,D_t5000_r1,108986,98487,10499
1791036660.303,D_t5000_r1,113979,104812,9167
1791036661.303,D_t5000_r1,118990,110298,8692
1791036662.303,D_t5000_r1,123979,117185,6794
1791036663.304,D_t5000_r1,128995,119571,9424
1791036664.304,D_t5000_r1,133986,124563,9423
1791036665.304,D_t5000_r1,138998,127042,11956
1791036666.304,D_t5000_r1,143997,136168,7829
1791036667.304,D_t5000_r1,149004,141203,7801
1791036668.304,D_t5000_r1,153986,143743,10243
1791036669.305,D_t5000_r1,158961,150569,8392
1791036670.305,D_t5000_r1,163993,157262,6731
1791036671.305,D_t5000_r1,169006,162223,6783
1791036672.305,D_t5000_r1,173974,165561,8413
1791036673.305,D_t5000_r1,179002,170716,8286
1791036674.305,D_t5000_r1,183994,177154,6840
1791036675.305,D_t5000_r1,188989,183306,5683
1791036676.306,D_t5000_r1,194011,187411,6600
1791036677.306,D_t5000_r1,198984,189363,9621
1791036678.306,D_t5000_r1,203991,195462,8529
1791036679.307,D_t5000_r1,209009,202354,6655
1791036680.307,D_t5000_r1,213998,206389,7609
1791036681.307,D_t5000_r1,218937,212053,6884
1791036682.307,D_t5000_r1,223978,215402,8576
1791036683.307,D_t5000_r1,229012,221883,7129
1791036684.307,D_t5000_r1,234017,226062,7955
1791036685.307,D_t5000_r1,239008,232838,6170
1791036686.308,D_t5000_r1,243991,235183,8808
1791036687.308,D_t5000_r1,249001,241524,7477
1791036688.308,D_t5000_r1,254019,245898,8121
1791036689.310,D_t5000_r1,258981,251172,7809
1791036690.310,D_t5000_r1,264019,255147,8872
1791036691.310,D_t5000_r1,269020,262390,6630
1791036692.310,D_t5000_r1,274031,266840,7191
1791036693.311,D_t5000_r1,279020,268819,10201
1791036694.311,D_t5000_r1,284037,275401,8636
1791036695.311,D_t5000_r1,289032,280215,8817
1791036696.311,D_t5000_r1,294032,287305,6727
1791036697.311,D_t5000_r1,299013,289799,9214
1791036698.311,D_t5000_r1,300000,296525,3475
1791036699.312,D_t5000_r1,300000,298815,1185
1791036700.312,D_t5000_r1,300000,300000,0
1791036701.322,D_t5000_r1,300000,300000,0
1791036702.322,D_t5000_r1,300000,300000,0
1791036703.323,D_t5000_r1,300000,300000,0
1791036704.323,D_t5000_r1,300000,300000,0
1791036705.353,D_t5000_r1,300000,300000,0
1791036706.354,D_t5000_r1,300000,300000,0
1791036707.354,D_t5000_r1,300000,300000,0
1791036708.369,D_t5000_r1,300000,300000,0
1791036709.369,D_t5000_r1,300000,300000,0
1791036710.369,D_t5000_r1,300000,300000,0
1791036711.369,D_t5000_r1,300000,300000,0
1791036712.369,D_t5000_r1,300000,300000,0
1791036713.369,D_t5000_r1,300000,300000,0
1791036714.370,D_t5000_r1,300000,300000,0
1791036715.377,D_t5000_r1,300000,300000,0
1791036716.377,D_t5000_r1,300000,300000,0
1791036717.377,D_t5000_r1,300000,300000,0
1791036718.387,D_t5000_r1,300000,300000,0
1791036719.387,D_t5000_r1,300000,300000,0
1791036720.387,D_t5000_r1,300000,300000,0
1791036721.398,D_t5000_r1,300000,300000,0
1791036722.398,D_t5000_r1,300000,300000,0
1791036723.399,D_t5000_r1,300000,300000,0
1791036724.429,D_t5000_r1,300000,300000,0
1791036725.429,D_t5000_r1,300000,300000,0
1791036726.429,D_t5000_r1,300000,300000,0
1791036727.446,D_t5000_r1,300000,300000,0
1791036728.446,D_t5000_r1,300000,300000,0
1791036729.487,D_t5000_r1,300000,300000,0
1791036730.487,D_t5000_r1,300000,300000,0
1791036731.487,D_t5000_r1,300000,300000,0
1791036732.529,D_t5000_r1,300000,300000,0
1791036733.530,D_t5000_r1,300000,300000,0
1791036734.530,D_t5000_r1,300000,300000,0
1791036735.581,D_t5000_r1,300000,300000,0
1791036736.581,D_t5000_r1,300000,300000,0
1791036737.615,D_t5000_r1,300000,300000,0
1791036738.615,D_t5000_r1,300000,300000,0
1791036739.615,D_t5000_r1,300000,300000,0
1791036740.631,D_t5000_r1,300000,300000,0
1791036741.631,D_t5000_r1,300000,300000,0
1791036742.676,D_t5000_r1,300000,300000,0
1791036743.676,D_t5000_r1,300000,300000,0
1791036744.676,D_t5000_r1,300000,300000,0
1791036745.677,D_t5000_r1,300000,300000,0
1791036746.677,D_t5000_r1,300000,300000,0
1791036747.684,D_t5000_r1,300000,300000,0
1791036748.684,D_t5000_r1,300000,300000,0
1791036749.689,D_t5000_r1,300000,300000,0
1791036750.689,D_t5000_r1,300000,300000,0
1791036751.702,D_t5000_r1,300000,300000,0
1791036752.702,D_t5000_r1,300000,300000,0
1791036753.702,D_t5000_r1,300000,300000,0
1791036754.717,D_t5000_r1,300000,300000,0
1791036755.718,D_t5000_r1,300000,300000,0
1791036756.775,D_t5000_r1,300000,300000,0
1791036757.776,D_t5000_r1,300000,300000,0
1791036758.831,D_t5000_r1,300000,300000,0
1791036759.831,D_t5000_r1,300000,300000,0
1791036760.871,D_t5000_r1,300000,300000,0
1791036761.871,D_t5000_r1,300000,300000,0
1791036762.871,D_t5000_r1,300000,300000,0
1791036763.953,D_t5000_r1,300000,300000,0
1791036764.954,D_t5000_r1,300000,300000,0
1791036765.955,D_t5000_r1,300000,300000,0
1791036766.955,D_t5000_r1,300000,300000,0
1791036768.038,D_t5000_r1,300000,300000,0
1791036769.038,D_t5000_r1,300000,300000,0
1791036770.056,D_t5000_r1,300000,300000,0
1791036771.056,D_t5000_r1,300000,300000,0
1791036772.080,D_t5000_r1,300000,300000,0
1791036773.080,D_t5000_r1,300000,300000,0
1791036774.135,D_t5000_r1,300000,300000,0
1791036775.135,D_t5000_r1,300000,300000,0
1791036776.153,D_t5000_r1,300000,300000,0
1791036777.154,D_t5000_r1,300000,300000,0
1791036778.243,D_t5000_r1,300000,300000,0
1791036779.243,D_t5000_r1,300000,300000,0
1791036780.244,D_t5000_r1,300000,300000,0
1791036781.244,D_t5000_r1,300000,300000,0
1791036782.262,D_t5000_r1,300000,300000,0
1791036783.262,D_t5000_r1,300000,300000,0
1791036784.310,D_t5000_r1,300000,300000,0
1791036785.311,D_t5000_r1,300000,300000,0
1791036786.358,D_t5000_r1,300000,300000,0
1791036787.358,D_t5000_r1,300000,300000,0
1791036788.409,D_t5000_r1,300000,300000,0
1791036789.410,D_t5000_r1,300000,300000,0
1791036790.501,D_t5000_r1,300000,300000,0
1791036791.501,D_t5000_r1,300000,300000,0
1791036792.630,D_t5000_r1,300000,300000,0
1791036793.630,D_t5000_r1,300000,300000,0
1791036794.654,D_t5000_r1,300000,300000,0
1791036795.654,D_t5000_r1,300000,300000,0
1791036796.707,D_t5000_r1,300000,300000,0
1791036797.707,D_t5000_r1,300000,300000,0
1791036798.774,D_t5000_r1,300000,300000,0
1791036799.774,D_t5000_r1,300000,300000,0
1791036800.842,D_t5000_r1,300000,300000,0
1791036801.842,D_t5000_r1,300000,300000,0
1791036802.859,D_t5000_r1,300000,300000,0
1791036803.859,D_t5000_r1,300000,300000,0
1791036804.869,D_t5000_r1,300000,300000,0
1791036805.869,D_t5000_r1,300000,300000,0
1791036806.870,D_t5000_r1,300000,300000,0
1791036807.871,D_t5000_r1,300000,300000,0
1791036808.871,D_t5000_r1,300000,300000,0
1791036809.951,D_t5000_r1,300000,300000,0
1791036810.952,D_t5000_r1,300000,300000,0
1791036811.995,D_t5000_r1,300000,300000,0
1791036812.995,D_t5000_r1,300000,300000,0
1791036814.141,D_t5000_r1,300000,300000,0
1791036815.141,D_t5000_r1,300000,300000,0
1791036816.157,D_t5000_r1,300000,300000,0
1791036817.157,D_t5000_r1,300000,300000,0
1791036818.200,D_t5000_r1,300000,300000,0
1791036819.270,D_t5000_r1,300000,300000,0
1791036820.270,D_t5000_r1,300000,300000,0
1791036821.349,D_t5000_r1,300000,300000,0
1791036822.349,D_t5000_r1,300000,300000,0
1791036823.382,D_t5000_r1,300000,300000,0
1791036824.382,D_t5000_r1,300000,300000,0
1791036825.409,D_t5000_r1,300000,300000,0
1791036826.441,D_t5000_r1,300000,300000,0
1791036827.441,D_t5000_r1,300000,300000,0
1791036828.478,D_t5000_r1,300000,300000,0
1791036829.478,D_t5000_r1,300000,300000,0
1791036830.484,D_t5000_r1,300000,300000,0
1791036831.484,D_t5000_r1,300000,300000,0
1791036832.492,D_t5000_r1,300000,300000,0
1791036833.522,D_t5000_r1,300000,300000,0
1791036834.522,D_t5000_r1,300000,300000,0
1791036835.646,D_t5000_r1,300000,300000,0
1791036836.646,D_t5000_r1,300000,300000,0
1791036837.647,D_t5000_r1,300000,300000,0
1791036838.702,D_t5000_r1,300000,300000,0
1791036839.702,D_t5000_r1,300000,300000,0
1791036840.702,D_t5000_r1,300000,300000,0
1791036841.702,D_t5000_r1,300000,300000,0
1791036842.702,D_t5000_r1,300000,300000,0
1791036843.745,D_t5000_r1,300000,300000,0
1791036844.745,D_t5000_r1,300000,300000,0
1791036845.776,D_t5000_r1,300000,300000,0
1791036846.776,D_t5000_r1,300000,300000,0
1791036847.777,D_t5000_r1,300000,300000,0
1791036848.847,D_t5000_r1,300000,300000,0
1791036849.847,D_t5000_r1,300000,300000,0
1791036850.885,D_t5000_r1,300000,300000,0
1791036851.885,D_t5000_r1,300000,300000,0
1791036852.914,D_t5000_r1,300000,300000,0
1791036853.958,D_t5000_r1,300000,300000,0
1791036854.958,D_t5000_r1,300000,300000,0
1791036855.964,D_t5000_r1,300000,300000,0
1791036856.982,D_t5000_r1,300000,300000,0
1791036857.982,D_t5000_r1,300000,300000,0
1791036859.089,D_t5000_r1,300000,300000,0
1791036860.089,D_t5000_r1,300000,300000,0
1791036861.095,D_t5000_r1,300000,300000,0
1791036862.184,D_t5000_r1,300000,300000,0
1791036863.184,D_t5000_r1,300000,300000,0
1791036864.270,D_t5000_r1,300000,300000,0
1791036865.270,D_t5000_r1,300000,300000,0
1791036866.304,D_t5000_r1,300000,300000,0
1791036867.360,D_t5000_r1,300000,300000,0
1791036868.360,D_t5000_r1,300000,300000,0
1791036869.367,D_t5000_r1,300000,300000,0
1791036870.411,D_t5000_r1,300000,300000,0
1791036871.411,D_t5000_r1,300000,300000,0
1791036872.435,D_t5000_r1,300000,300000,0
1791036873.435,D_t5000_r1,300000,300000,0
1791036874.461,D_t5000_r1,300000,300000,0
1791036875.808,D_t5000_r1,300000,300000,0
1791036876.950,D_t5000_r1,300000,300000,0
1791036897.281,D_t5000_r2,0,0,0
1791036898.282,D_t5000_r2,0,0,0
1791036899.282,D_t5000_r2,0,0,0
1791036900.282,D_t5000_r2,0,0,0
1791036901.282,D_t5000_r2,0,0,0
1791036902.282,D_t5000_r2,0,0,0
1791036903.282,D_t5000_r2,0,0,0
1791036904.282,D_t5000_r2,4138,0,4138
1791036905.283,D_t5000_r2,9129,0,9129
1791036906.283,D_t5000_r2,14140,0,14140
1791036907.283,D_t5000_r2,19118,0,19118
1791036908.284,D_t5000_r2,24065,38,24027
1791036909.284,D_t5000_r2,29111,114,28997
1791036910.284,D_t5000_r2,34113,10704,23409
1791036911.284,D_t5000_r2,39073,26951,12122
1791036912.284,D_t5000_r2,44096,26951,17145
1791036913.284,D_t5000_r2,49135,39574,9561
1791036914.284,D_t5000_r2,53962,45611,8351
1791036915.285,D_t5000_r2,59139,48793,10346
1791036916.285,D_t5000_r2,64109,56991,7118
1791036917.285,D_t5000_r2,69136,63051,6085
1791036918.285,D_t5000_r2,74067,67483,6584
1791036919.287,D_t5000_r2,79139,71775,7364
1791036920.287,D_t5000_r2,84146,76002,8144
1791036921.287,D_t5000_r2,89157,82140,7017
1791036922.287,D_t5000_r2,94165,88303,5862
1791036923.287,D_t5000_r2,99151,92468,6683
1791036924.288,D_t5000_r2,104106,96551,7555
1791036925.288,D_t5000_r2,109123,100945,8178
1791036926.289,D_t5000_r2,114134,107357,6777
1791036927.289,D_t5000_r2,119154,111949,7205
1791036928.289,D_t5000_r2,124122,114762,9360
1791036929.289,D_t5000_r2,129129,120439,8690
1791036930.289,D_t5000_r2,134065,127582,6483
1791036931.289,D_t5000_r2,139128,132371,6757
1791036932.289,D_t5000_r2,144149,134784,9365
1791036933.289,D_t5000_r2,149131,141756,7375
1791036934.290,D_t5000_r2,154146,146624,7522
1791036935.290,D_t5000_r2,159117,149080,10037
1791036936.290,D_t5000_r2,164164,156168,7996
1791036937.290,D_t5000_r2,169161,161255,7906
1791036938.290,D_t5000_r2,174118,168425,5693
1791036939.290,D_t5000_r2,179164,170707,8457
1791036940.290,D_t5000_r2,184168,177042,7126
1791036941.290,D_t5000_r2,189174,181264,7910
1791036942.291,D_t5000_r2,194114,187787,6327
1791036943.291,D_t5000_r2,199021,190048,8973
1791036944.292,D_t5000_r2,204101,196443,7658
1791036945.292,D_t5000_r2,209159,201008,8151
1791036946.292,D_t5000_r2,214107,207834,6273
1791036947.292,D_t5000_r2,219149,210268,8881
1791036948.292,D_t5000_r2,224158,216768,7390
1791036949.292,D_t5000_r2,229115,223257,5858
1791036950.292,D_t5000_r2,234178,227400,6778
1791036951.293,D_t5000_r2,239175,230624,8551
1791036952.293,D_t5000_r2,244169,236146,8023
1791036953.293,D_t5000_r2,249162,242402,6760
1791036954.297,D_t5000_r2,254144,247655,6489
1791036955.297,D_t5000_r2,259189,249709,9480
1791036956.297,D_t5000_r2,264191,256459,7732
1791036957.298,D_t5000_r2,269187,262820,6367
1791036958.303,D_t5000_r2,274172,268474,5698
1791036959.303,D_t5000_r2,279242,272484,6758
1791036960.303,D_t5000_r2,284238,278405,5833
1791036961.303,D_t5000_r2,289225,280253,8972
1791036962.303,D_t5000_r2,294201,286812,7389
1791036963.304,D_t5000_r2,299221,292989,6232
1791036964.316,D_t5000_r2,300000,292989,7011
1791036965.316,D_t5000_r2,300000,299819,181
1791036966.316,D_t5000_r2,300000,300000,0
1791036967.316,D_t5000_r2,300000,300000,0
1791036968.330,D_t5000_r2,300000,300000,0
1791036969.330,D_t5000_r2,300000,300000,0
1791036970.330,D_t5000_r2,300000,300000,0
1791036971.330,D_t5000_r2,300000,300000,0
1791036972.342,D_t5000_r2,300000,300000,0
1791036973.342,D_t5000_r2,300000,300000,0
1791036974.342,D_t5000_r2,300000,300000,0
1791036975.366,D_t5000_r2,300000,300000,0
1791036976.366,D_t5000_r2,300000,300000,0
1791036977.366,D_t5000_r2,300000,300000,0
1791036978.366,D_t5000_r2,300000,300000,0
1791036979.374,D_t5000_r2,300000,300000,0
1791036980.374,D_t5000_r2,300000,300000,0
1791036981.374,D_t5000_r2,300000,300000,0
1791036982.379,D_t5000_r2,300000,300000,0
1791036983.379,D_t5000_r2,300000,300000,0
1791036984.379,D_t5000_r2,300000,300000,0
1791036985.427,D_t5000_r2,300000,300000,0
1791036986.427,D_t5000_r2,300000,300000,0
1791036987.427,D_t5000_r2,300000,300000,0
1791036988.441,D_t5000_r2,300000,300000,0
1791036989.441,D_t5000_r2,300000,300000,0
1791036990.441,D_t5000_r2,300000,300000,0
1791036991.471,D_t5000_r2,300000,300000,0
1791036992.472,D_t5000_r2,300000,300000,0
1791036993.472,D_t5000_r2,300000,300000,0
1791036994.487,D_t5000_r2,300000,300000,0
1791036995.488,D_t5000_r2,300000,300000,0
1791036996.488,D_t5000_r2,300000,300000,0
1791036997.527,D_t5000_r2,300000,300000,0
1791036998.527,D_t5000_r2,300000,300000,0
1791036999.527,D_t5000_r2,300000,300000,0
1791037000.571,D_t5000_r2,300000,300000,0
1791037001.571,D_t5000_r2,300000,300000,0
1791037002.571,D_t5000_r2,300000,300000,0
1791037003.572,D_t5000_r2,300000,300000,0
1791037004.572,D_t5000_r2,300000,300000,0
1791037005.607,D_t5000_r2,300000,300000,0
1791037006.607,D_t5000_r2,300000,300000,0
1791037007.607,D_t5000_r2,300000,300000,0
1791037008.695,D_t5000_r2,300000,300000,0
1791037009.695,D_t5000_r2,300000,300000,0
1791037010.727,D_t5000_r2,300000,300000,0
1791037011.727,D_t5000_r2,300000,300000,0
1791037012.727,D_t5000_r2,300000,300000,0
1791037013.728,D_t5000_r2,300000,300000,0
1791037014.728,D_t5000_r2,300000,300000,0
1791037015.811,D_t5000_r2,300000,300000,0
1791037016.811,D_t5000_r2,300000,300000,0
1791037017.822,D_t5000_r2,300000,300000,0
1791037018.822,D_t5000_r2,300000,300000,0
1791037019.823,D_t5000_r2,300000,300000,0
1791037020.825,D_t5000_r2,300000,300000,0
1791037021.825,D_t5000_r2,300000,300000,0
1791037022.838,D_t5000_r2,300000,300000,0
1791037023.838,D_t5000_r2,300000,300000,0
1791037024.847,D_t5000_r2,300000,300000,0
1791037025.847,D_t5000_r2,300000,300000,0
1791037026.898,D_t5000_r2,300000,300000,0
1791037027.898,D_t5000_r2,300000,300000,0
1791037028.898,D_t5000_r2,300000,300000,0
1791037029.937,D_t5000_r2,300000,300000,0
1791037030.937,D_t5000_r2,300000,300000,0
1791037031.944,D_t5000_r2,300000,300000,0
1791037032.944,D_t5000_r2,300000,300000,0
1791037034.050,D_t5000_r2,300000,300000,0
1791037035.050,D_t5000_r2,300000,300000,0
1791037036.054,D_t5000_r2,300000,300000,0
1791037037.054,D_t5000_r2,300000,300000,0
1791037038.120,D_t5000_r2,300000,300000,0
1791037039.120,D_t5000_r2,300000,300000,0
1791037040.159,D_t5000_r2,300000,300000,0
1791037041.159,D_t5000_r2,300000,300000,0
1791037042.169,D_t5000_r2,300000,300000,0
1791037043.169,D_t5000_r2,300000,300000,0
1791037044.169,D_t5000_r2,300000,300000,0
1791037045.170,D_t5000_r2,300000,300000,0
1791037046.170,D_t5000_r2,300000,300000,0
1791037047.170,D_t5000_r2,300000,300000,0
1791037048.170,D_t5000_r2,300000,300000,0
1791037049.170,D_t5000_r2,300000,300000,0
1791037050.170,D_t5000_r2,300000,300000,0
1791037051.170,D_t5000_r2,300000,300000,0
1791037052.185,D_t5000_r2,300000,300000,0
1791037053.185,D_t5000_r2,300000,300000,0
1791037054.230,D_t5000_r2,300000,300000,0
1791037055.230,D_t5000_r2,300000,300000,0
1791037056.303,D_t5000_r2,300000,300000,0
1791037057.303,D_t5000_r2,300000,300000,0
1791037058.319,D_t5000_r2,300000,300000,0
1791037059.319,D_t5000_r2,300000,300000,0
1791037060.424,D_t5000_r2,300000,300000,0
1791037061.424,D_t5000_r2,300000,300000,0
1791037062.448,D_t5000_r2,300000,300000,0
1791037063.448,D_t5000_r2,300000,300000,0
1791037064.495,D_t5000_r2,300000,300000,0
1791037065.496,D_t5000_r2,300000,300000,0
1791037066.550,D_t5000_r2,300000,300000,0
1791037067.550,D_t5000_r2,300000,300000,0
1791037068.621,D_t5000_r2,300000,300000,0
1791037069.621,D_t5000_r2,300000,300000,0
1791037070.633,D_t5000_r2,300000,300000,0
1791037071.633,D_t5000_r2,300000,300000,0
1791037072.633,D_t5000_r2,300000,300000,0
1791037073.633,D_t5000_r2,300000,300000,0
1791037074.643,D_t5000_r2,300000,300000,0
1791037075.697,D_t5000_r2,300000,300000,0
1791037076.697,D_t5000_r2,300000,300000,0
1791037077.827,D_t5000_r2,300000,300000,0
1791037078.827,D_t5000_r2,300000,300000,0
1791037079.841,D_t5000_r2,300000,300000,0
1791037080.841,D_t5000_r2,300000,300000,0
1791037081.928,D_t5000_r2,300000,300000,0
1791037082.928,D_t5000_r2,300000,300000,0
1791037083.955,D_t5000_r2,300000,300000,0
1791037084.955,D_t5000_r2,300000,300000,0
1791037086.018,D_t5000_r2,300000,300000,0
1791037087.092,D_t5000_r2,300000,300000,0
1791037088.092,D_t5000_r2,300000,300000,0
1791037089.160,D_t5000_r2,300000,300000,0
1791037090.160,D_t5000_r2,300000,300000,0
1791037091.162,D_t5000_r2,300000,300000,0
1791037092.163,D_t5000_r2,300000,300000,0
1791037093.215,D_t5000_r2,300000,300000,0
1791037094.216,D_t5000_r2,300000,300000,0
1791037095.216,D_t5000_r2,300000,300000,0
1791037096.354,D_t5000_r2,300000,300000,0
1791037097.354,D_t5000_r2,300000,300000,0
1791037098.467,D_t5000_r2,300000,300000,0
1791037099.467,D_t5000_r2,300000,300000,0
1791037100.467,D_t5000_r2,300000,300000,0
1791037101.564,D_t5000_r2,300000,300000,0
1791037102.564,D_t5000_r2,300000,300000,0
1791037103.644,D_t5000_r2,300000,300000,0
1791037104.645,D_t5000_r2,300000,300000,0
1791037105.651,D_t5000_r2,300000,300000,0
1791037106.651,D_t5000_r2,300000,300000,0
1791037107.652,D_t5000_r2,300000,300000,0
1791037108.688,D_t5000_r2,300000,300000,0
1791037109.688,D_t5000_r2,300000,300000,0
1791037110.692,D_t5000_r2,300000,300000,0
1791037111.710,D_t5000_r2,300000,300000,0
1791037112.710,D_t5000_r2,300000,300000,0
1791037113.823,D_t5000_r2,300000,300000,0
1791037114.823,D_t5000_r2,300000,300000,0
1791037115.833,D_t5000_r2,300000,300000,0
1791037116.846,D_t5000_r2,300000,300000,0
1791037117.846,D_t5000_r2,300000,300000,0
1791037118.882,D_t5000_r2,300000,300000,0
1791037119.882,D_t5000_r2,300000,300000,0
1791037120.942,D_t5000_r2,300000,300000,0
1791037122.030,D_t5000_r2,300000,300000,0
1791037123.030,D_t5000_r2,300000,300000,0
1791037124.105,D_t5000_r2,300000,300000,0
1791037125.105,D_t5000_r2,300000,300000,0
1791037126.113,D_t5000_r2,300000,300000,0
1791037127.188,D_t5000_r2,300000,300000,0
1791037128.188,D_t5000_r2,300000,300000,0
1791037129.300,D_t5000_r2,300000,300000,0
1791037130.300,D_t5000_r2,300000,300000,0
1791037131.323,D_t5000_r2,300000,300000,0
1791037132.380,D_t5000_r2,300000,300000,0
1791037133.380,D_t5000_r2,300000,300000,0
1791037134.384,D_t5000_r2,300000,300000,0
1791037135.433,D_t5000_r2,300000,300000,0
1791037136.433,D_t5000_r2,300000,300000,0
1791037137.446,D_t5000_r2,300000,300000,0
1791037138.446,D_t5000_r2,300000,300000,0
1791037139.449,D_t5000_r2,300000,300000,0
1791037140.481,D_t5000_r2,300000,300000,0
1791037141.481,D_t5000_r2,300000,300000,0
1791037142.481,D_t5000_r2,300000,300000,0
1791037143.519,D_t5000_r2,300000,300000,0
1791037144.645,D_t5000_r2,300000,300000,0
1791037163.744,D_t5000_r3,0,0,0
1791037164.744,D_t5000_r3,0,0,0
1791037165.744,D_t5000_r3,0,0,0
1791037166.744,D_t5000_r3,0,0,0
1791037167.744,D_t5000_r3,0,0,0
1791037168.744,D_t5000_r3,0,0,0
1791037169.745,D_t5000_r3,0,0,0
1791037170.745,D_t5000_r3,4212,0,4212
1791037171.745,D_t5000_r3,9228,0,9228
1791037172.745,D_t5000_r3,14214,0,14214
1791037173.745,D_t5000_r3,19221,0,19221
1791037174.746,D_t5000_r3,24222,57,24165
1791037175.747,D_t5000_r3,29210,57,29153
1791037176.747,D_t5000_r3,34199,20878,13321
1791037177.747,D_t5000_r3,39238,31056,8182
1791037178.747,D_t5000_r3,44238,34695,9543
1791037179.747,D_t5000_r3,49236,41883,7353
1791037180.747,D_t5000_r3,54225,46448,7777
1791037181.747,D_t5000_r3,59241,52785,6456
1791037182.748,D_t5000_r3,64219,58646,5573
1791037183.749,D_t5000_r3,69240,64033,5207
1791037184.750,D_t5000_r3,74207,67419,6788
1791037185.750,D_t5000_r3,79227,74834,4393
1791037186.751,D_t5000_r3,84179,79461,4718
1791037187.751,D_t5000_r3,89244,81586,7658
1791037188.752,D_t5000_r3,94248,87198,7050
1791037189.753,D_t5000_r3,98977,91957,7020
1791037190.753,D_t5000_r3,104235,97065,7170
1791037191.753,D_t5000_r3,109258,102273,6985
1791037192.753,D_t5000_r3,114258,106937,7321
1791037193.753,D_t5000_r3,119255,112857,6398
1791037194.753,D_t5000_r3,124272,118873,5399
1791037195.753,D_t5000_r3,129251,123966,5285
1791037196.753,D_t5000_r3,134212,127968,6244
1791037197.754,D_t5000_r3,139251,130157,9094
1791037198.754,D_t5000_r3,144268,137210,7058
1791037199.754,D_t5000_r3,149260,142330,6930
1791037200.754,D_t5000_r3,154245,147123,7122
1791037201.755,D_t5000_r3,159264,153211,6053
1791037202.755,D_t5000_r3,164242,158374,5868
1791037203.755,D_t5000_r3,169284,163195,6089
1791037204.755,D_t5000_r3,174271,168852,5419
1791037205.755,D_t5000_r3,179219,173630,5589
1791037206.758,D_t5000_r3,184271,178289,5982
1791037207.758,D_t5000_r3,189282,183633,5649
1791037208.758,D_t5000_r3,194258,188582,5676
1791037209.758,D_t5000_r3,199268,193176,6092
1791037210.758,D_t5000_r3,204252,198713,5539
1791037211.758,D_t5000_r3,209269,204208,5061
1791037212.758,D_t5000_r3,214283,207891,6392
1791037213.760,D_t5000_r3,219271,213284,5987
1791037214.760,D_t5000_r3,224274,215165,9109
1791037215.760,D_t5000_r3,229280,221630,7650
1791037216.760,D_t5000_r3,234286,227664,6622
1791037217.760,D_t5000_r3,239257,231690,7567
1791037218.760,D_t5000_r3,244275,238466,5809
1791037219.761,D_t5000_r3,249298,240825,8473
1791037220.761,D_t5000_r3,254290,244999,9291
1791037221.761,D_t5000_r3,259294,247123,12171
1791037222.761,D_t5000_r3,264283,255655,8628
1791037223.761,D_t5000_r3,269299,261040,8259
1791037224.762,D_t5000_r3,274299,268094,6205
1791037225.764,D_t5000_r3,279288,274089,5199
1791037226.764,D_t5000_r3,284240,275991,8249
1791037227.764,D_t5000_r3,289286,282190,7096
1791037228.764,D_t5000_r3,294297,287166,7131
1791037229.765,D_t5000_r3,299331,293635,5696
1791037230.773,D_t5000_r3,300000,295649,4351
1791037231.774,D_t5000_r3,300000,298526,1474
1791037232.774,D_t5000_r3,300000,300000,0
1791037233.774,D_t5000_r3,300000,300000,0
1791037234.786,D_t5000_r3,300000,300000,0
1791037235.786,D_t5000_r3,300000,300000,0
1791037236.786,D_t5000_r3,300000,300000,0
1791037237.790,D_t5000_r3,300000,300000,0
1791037238.790,D_t5000_r3,300000,300000,0
1791037239.790,D_t5000_r3,300000,300000,0
1791037240.791,D_t5000_r3,300000,300000,0
1791037241.798,D_t5000_r3,300000,300000,0
1791037242.798,D_t5000_r3,300000,300000,0
1791037243.798,D_t5000_r3,300000,300000,0
1791037244.800,D_t5000_r3,300000,300000,0
1791037245.800,D_t5000_r3,300000,300000,0
1791037246.801,D_t5000_r3,300000,300000,0
1791037247.801,D_t5000_r3,300000,300000,0
1791037248.801,D_t5000_r3,300000,300000,0
1791037249.801,D_t5000_r3,300000,300000,0
1791037250.801,D_t5000_r3,300000,300000,0
1791037251.811,D_t5000_r3,300000,300000,0
1791037252.811,D_t5000_r3,300000,300000,0
1791037253.811,D_t5000_r3,300000,300000,0
1791037254.837,D_t5000_r3,300000,300000,0
1791037255.837,D_t5000_r3,300000,300000,0
1791037256.837,D_t5000_r3,300000,300000,0
1791037257.845,D_t5000_r3,300000,300000,0
1791037258.846,D_t5000_r3,300000,300000,0
1791037259.846,D_t5000_r3,300000,300000,0
1791037260.846,D_t5000_r3,300000,300000,0
1791037261.846,D_t5000_r3,300000,300000,0
1791037262.896,D_t5000_r3,300000,300000,0
1791037263.896,D_t5000_r3,300000,300000,0
1791037264.896,D_t5000_r3,300000,300000,0
1791037265.906,D_t5000_r3,300000,300000,0
1791037266.906,D_t5000_r3,300000,300000,0
1791037267.906,D_t5000_r3,300000,300000,0
1791037268.906,D_t5000_r3,300000,300000,0
1791037269.906,D_t5000_r3,300000,300000,0
1791037270.958,D_t5000_r3,300000,300000,0
1791037271.958,D_t5000_r3,300000,300000,0
1791037272.958,D_t5000_r3,300000,300000,0
1791037273.958,D_t5000_r3,300000,300000,0
1791037274.959,D_t5000_r3,300000,300000,0
1791037276.026,D_t5000_r3,300000,300000,0
1791037277.026,D_t5000_r3,300000,300000,0
1791037278.061,D_t5000_r3,300000,300000,0
1791037279.061,D_t5000_r3,300000,300000,0
1791037280.061,D_t5000_r3,300000,300000,0
1791037281.098,D_t5000_r3,300000,300000,0
1791037282.098,D_t5000_r3,300000,300000,0
1791037283.162,D_t5000_r3,300000,300000,0
1791037284.163,D_t5000_r3,300000,300000,0
1791037285.171,D_t5000_r3,300000,300000,0
1791037286.171,D_t5000_r3,300000,300000,0
1791037287.171,D_t5000_r3,300000,300000,0
1791037288.224,D_t5000_r3,300000,300000,0
1791037289.224,D_t5000_r3,300000,300000,0
1791037290.270,D_t5000_r3,300000,300000,0
1791037291.270,D_t5000_r3,300000,300000,0
1791037292.318,D_t5000_r3,300000,300000,0
1791037293.319,D_t5000_r3,300000,300000,0
1791037294.319,D_t5000_r3,300000,300000,0
1791037295.319,D_t5000_r3,300000,300000,0
1791037296.319,D_t5000_r3,300000,300000,0
1791037297.349,D_t5000_r3,300000,300000,0
1791037298.349,D_t5000_r3,300000,300000,0
1791037299.360,D_t5000_r3,300000,300000,0
1791037300.360,D_t5000_r3,300000,300000,0
1791037301.429,D_t5000_r3,300000,300000,0
1791037302.430,D_t5000_r3,300000,300000,0
1791037303.448,D_t5000_r3,300000,300000,0
1791037304.448,D_t5000_r3,300000,300000,0
1791037305.482,D_t5000_r3,300000,300000,0
1791037306.482,D_t5000_r3,300000,300000,0
1791037307.536,D_t5000_r3,300000,300000,0
1791037308.536,D_t5000_r3,300000,300000,0
1791037309.637,D_t5000_r3,300000,300000,0
1791037310.637,D_t5000_r3,300000,300000,0
1791037311.649,D_t5000_r3,300000,300000,0
1791037312.649,D_t5000_r3,300000,300000,0
1791037313.670,D_t5000_r3,300000,300000,0
1791037314.670,D_t5000_r3,300000,300000,0
1791037315.693,D_t5000_r3,300000,300000,0
1791037316.693,D_t5000_r3,300000,300000,0
1791037317.755,D_t5000_r3,300000,300000,0
1791037318.755,D_t5000_r3,300000,300000,0
1791037319.819,D_t5000_r3,300000,300000,0
1791037320.819,D_t5000_r3,300000,300000,0
1791037321.919,D_t5000_r3,300000,300000,0
1791037322.919,D_t5000_r3,300000,300000,0
1791037324.013,D_t5000_r3,300000,300000,0
1791037325.013,D_t5000_r3,300000,300000,0
1791037326.027,D_t5000_r3,300000,300000,0
1791037327.027,D_t5000_r3,300000,300000,0
1791037328.084,D_t5000_r3,300000,300000,0
1791037329.084,D_t5000_r3,300000,300000,0
1791037330.156,D_t5000_r3,300000,300000,0
1791037331.156,D_t5000_r3,300000,300000,0
1791037332.244,D_t5000_r3,300000,300000,0
1791037333.244,D_t5000_r3,300000,300000,0
1791037334.251,D_t5000_r3,300000,300000,0
1791037335.251,D_t5000_r3,300000,300000,0
1791037336.253,D_t5000_r3,300000,300000,0
1791037337.253,D_t5000_r3,300000,300000,0
1791037338.254,D_t5000_r3,300000,300000,0
1791037339.343,D_t5000_r3,300000,300000,0
1791037340.343,D_t5000_r3,300000,300000,0
1791037341.460,D_t5000_r3,300000,300000,0
1791037342.460,D_t5000_r3,300000,300000,0
1791037343.557,D_t5000_r3,300000,300000,0
1791037344.557,D_t5000_r3,300000,300000,0
1791037345.606,D_t5000_r3,300000,300000,0
1791037346.606,D_t5000_r3,300000,300000,0
1791037347.627,D_t5000_r3,300000,300000,0
1791037348.627,D_t5000_r3,300000,300000,0
1791037349.677,D_t5000_r3,300000,300000,0
1791037350.677,D_t5000_r3,300000,300000,0
1791037351.677,D_t5000_r3,300000,300000,0
1791037352.761,D_t5000_r3,300000,300000,0
1791037353.761,D_t5000_r3,300000,300000,0
1791037354.797,D_t5000_r3,300000,300000,0
1791037355.797,D_t5000_r3,300000,300000,0
1791037356.824,D_t5000_r3,300000,300000,0
1791037357.824,D_t5000_r3,300000,300000,0
1791037358.824,D_t5000_r3,300000,300000,0
1791037359.862,D_t5000_r3,300000,300000,0
1791037360.862,D_t5000_r3,300000,300000,0
1791037361.981,D_t5000_r3,300000,300000,0
1791037362.981,D_t5000_r3,300000,300000,0
1791037364.017,D_t5000_r3,300000,300000,0
1791037365.045,D_t5000_r3,300000,300000,0
1791037366.045,D_t5000_r3,300000,300000,0
1791037367.153,D_t5000_r3,300000,300000,0
1791037368.153,D_t5000_r3,300000,300000,0
1791037369.155,D_t5000_r3,300000,300000,0
1791037370.155,D_t5000_r3,300000,300000,0
1791037371.155,D_t5000_r3,300000,300000,0
1791037372.171,D_t5000_r3,300000,300000,0
1791037373.171,D_t5000_r3,300000,300000,0
1791037374.176,D_t5000_r3,300000,300000,0
1791037375.176,D_t5000_r3,300000,300000,0
1791037376.177,D_t5000_r3,300000,300000,0
1791037377.257,D_t5000_r3,300000,300000,0
1791037378.257,D_t5000_r3,300000,300000,0
1791037379.258,D_t5000_r3,300000,300000,0
1791037380.269,D_t5000_r3,300000,300000,0
1791037381.269,D_t5000_r3,300000,300000,0
1791037382.274,D_t5000_r3,300000,300000,0
1791037383.274,D_t5000_r3,300000,300000,0
1791037384.310,D_t5000_r3,300000,300000,0
1791037385.405,D_t5000_r3,300000,300000,0
1791037386.406,D_t5000_r3,300000,300000,0
1791037387.474,D_t5000_r3,300000,300000,0
1791037388.474,D_t5000_r3,300000,300000,0
1791037389.481,D_t5000_r3,300000,300000,0
1791037390.543,D_t5000_r3,300000,300000,0
1791037391.544,D_t5000_r3,300000,300000,0
1791037392.636,D_t5000_r3,300000,300000,0
1791037393.636,D_t5000_r3,300000,300000,0
1791037394.686,D_t5000_r3,300000,300000,0
1791037395.748,D_t5000_r3,300000,300000,0
1791037396.748,D_t5000_r3,300000,300000,0
1791037397.749,D_t5000_r3,300000,300000,0
1791037398.793,D_t5000_r3,300000,300000,0
1791037399.793,D_t5000_r3,300000,300000,0
1791037400.917,D_t5000_r3,300000,300000,0
1791037401.918,D_t5000_r3,300000,300000,0
1791037402.918,D_t5000_r3,300000,300000,0
1791037403.969,D_t5000_r3,300000,300000,0
1791037404.969,D_t5000_r3,300000,300000,0
1791037406.041,D_t5000_r3,300000,300000,0
1791037407.115,D_t5000_r3,300000,300000,0
1791037408.344,D_t5000_r3,300000,300000,0
1791037428.490,D_t5000_r4,0,0,0
1791037429.490,D_t5000_r4,0,0,0
1791037430.491,D_t5000_r4,0,0,0
1791037431.491,D_t5000_r4,0,0,0
1791037432.491,D_t5000_r4,0,0,0
1791037433.491,D_t5000_r4,0,0,0
1791037434.491,D_t5000_r4,0,0,0
1791037435.491,D_t5000_r4,4817,0,4817
1791037436.491,D_t5000_r4,9827,0,9827
1791037437.491,D_t5000_r4,14819,0,14819
1791037438.492,D_t5000_r4,19824,0,19824
1791037439.492,D_t5000_r4,24798,0,24798
1791037440.492,D_t5000_r4,29805,57,29748
1791037441.495,D_t5000_r4,34817,18036,16781
1791037442.495,D_t5000_r4,39800,27222,12578
1791037443.495,D_t5000_r4,44832,34871,9961
1791037444.495,D_t5000_r4,49832,43194,6638
1791037445.495,D_t5000_r4,54829,49115,5714
1791037446.496,D_t5000_r4,59821,54457,5364
1791037447.496,D_t5000_r4,64827,59449,5378
1791037448.496,D_t5000_r4,69832,64818,5014
1791037449.497,D_t5000_r4,74840,70086,4754
1791037450.497,D_t5000_r4,79844,74910,4934
1791037451.497,D_t5000_r4,84758,79607,5151
1791037452.497,D_t5000_r4,89822,84791,5031
1791037453.497,D_t5000_r4,94767,89925,4842
1791037454.497,D_t5000_r4,99807,94706,5101
1791037455.498,D_t5000_r4,104843,99921,4922
1791037456.499,D_t5000_r4,109841,104806,5035
1791037457.499,D_t5000_r4,114857,109640,5217
1791037458.499,D_t5000_r4,119848,114528,5320
1791037459.499,D_t5000_r4,124859,119544,5315
1791037460.500,D_t5000_r4,129875,124542,5333
1791037461.500,D_t5000_r4,134853,129224,5629
1791037462.500,D_t5000_r4,139825,134186,5639
1791037463.500,D_t5000_r4,144866,139623,5243
1791037464.501,D_t5000_r4,149833,144661,5172
1791037465.501,D_t5000_r4,154862,149703,5159
1791037466.501,D_t5000_r4,159860,154551,5309
1791037467.501,D_t5000_r4,164873,159609,5264
1791037468.501,D_t5000_r4,169864,164507,5357
1791037469.502,D_t5000_r4,174837,169685,5152
1791037470.503,D_t5000_r4,179847,174930,4917
1791037471.503,D_t5000_r4,184871,176763,8108
1791037472.504,D_t5000_r4,189865,181648,8217
1791037473.504,D_t5000_r4,194860,188097,6763
1791037474.504,D_t5000_r4,199864,193711,6153
1791037475.504,D_t5000_r4,204859,198983,5876
1791037476.504,D_t5000_r4,209847,203705,6142
1791037477.505,D_t5000_r4,214878,208881,5997
1791037478.506,D_t5000_r4,219869,214472,5397
1791037479.506,D_t5000_r4,224869,219779,5090
1791037480.506,D_t5000_r4,229895,223190,6705
1791037481.507,D_t5000_r4,234885,228620,6265
1791037482.507,D_t5000_r4,239891,234185,5706
1791037483.507,D_t5000_r4,244884,239883,5001
1791037484.509,D_t5000_r4,249849,245188,4661
1791037485.509,D_t5000_r4,254899,250221,4678
1791037486.509,D_t5000_r4,259852,255229,4623
1791037487.509,D_t5000_r4,264899,256942,7957
1791037488.510,D_t5000_r4,269887,262424,7463
1791037489.510,D_t5000_r4,274858,268128,6730
1791037490.510,D_t5000_r4,279915,273832,6083
1791037491.511,D_t5000_r4,284903,279385,5518
1791037492.511,D_t5000_r4,289869,284093,5776
1791037493.512,D_t5000_r4,294887,288872,6015
1791037494.512,D_t5000_r4,299884,294531,5353
1791037495.512,D_t5000_r4,300000,295795,4205
1791037496.512,D_t5000_r4,300000,298344,1656
1791037497.512,D_t5000_r4,300000,300000,0
1791037498.512,D_t5000_r4,300000,300000,0
1791037499.529,D_t5000_r4,300000,300000,0
1791037500.529,D_t5000_r4,300000,300000,0
1791037501.529,D_t5000_r4,300000,300000,0
1791037502.537,D_t5000_r4,300000,300000,0
1791037503.537,D_t5000_r4,300000,300000,0
1791037504.537,D_t5000_r4,300000,300000,0
1791037505.538,D_t5000_r4,300000,300000,0
1791037506.568,D_t5000_r4,300000,300000,0
1791037507.568,D_t5000_r4,300000,300000,0
1791037508.569,D_t5000_r4,300000,300000,0
1791037509.571,D_t5000_r4,300000,300000,0
1791037510.572,D_t5000_r4,300000,300000,0
1791037511.572,D_t5000_r4,300000,300000,0
1791037512.572,D_t5000_r4,300000,300000,0
1791037513.573,D_t5000_r4,300000,300000,0
1791037514.573,D_t5000_r4,300000,300000,0
1791037515.573,D_t5000_r4,300000,300000,0
1791037516.574,D_t5000_r4,300000,300000,0
1791037517.574,D_t5000_r4,300000,300000,0
1791037518.574,D_t5000_r4,300000,300000,0
1791037519.577,D_t5000_r4,300000,300000,0
1791037520.577,D_t5000_r4,300000,300000,0
1791037521.577,D_t5000_r4,300000,300000,0
1791037522.580,D_t5000_r4,300000,300000,0
1791037523.580,D_t5000_r4,300000,300000,0
1791037524.580,D_t5000_r4,300000,300000,0
1791037525.580,D_t5000_r4,300000,300000,0
1791037526.580,D_t5000_r4,300000,300000,0
1791037527.612,D_t5000_r4,300000,300000,0
1791037528.612,D_t5000_r4,300000,300000,0
1791037529.612,D_t5000_r4,300000,300000,0
1791037530.648,D_t5000_r4,300000,300000,0
1791037531.648,D_t5000_r4,300000,300000,0
1791037532.648,D_t5000_r4,300000,300000,0
1791037533.673,D_t5000_r4,300000,300000,0
1791037534.673,D_t5000_r4,300000,300000,0
1791037535.709,D_t5000_r4,300000,300000,0
1791037536.709,D_t5000_r4,300000,300000,0
1791037537.709,D_t5000_r4,300000,300000,0
1791037538.715,D_t5000_r4,300000,300000,0
1791037539.715,D_t5000_r4,300000,300000,0
1791037540.745,D_t5000_r4,300000,300000,0
1791037541.745,D_t5000_r4,300000,300000,0
1791037542.746,D_t5000_r4,300000,300000,0
1791037543.746,D_t5000_r4,300000,300000,0
1791037544.746,D_t5000_r4,300000,300000,0
1791037545.837,D_t5000_r4,300000,300000,0
1791037546.837,D_t5000_r4,300000,300000,0
1791037547.880,D_t5000_r4,300000,300000,0
1791037548.880,D_t5000_r4,300000,300000,0
1791037549.880,D_t5000_r4,300000,300000,0
1791037550.948,D_t5000_r4,300000,300000,0
1791037551.948,D_t5000_r4,300000,300000,0
1791037552.998,D_t5000_r4,300000,300000,0
1791037553.998,D_t5000_r4,300000,300000,0
1791037555.027,D_t5000_r4,300000,300000,0
1791037556.027,D_t5000_r4,300000,300000,0
1791037557.032,D_t5000_r4,300000,300000,0
1791037558.032,D_t5000_r4,300000,300000,0
1791037559.032,D_t5000_r4,300000,300000,0
1791037560.069,D_t5000_r4,300000,300000,0
1791037561.069,D_t5000_r4,300000,300000,0
1791037562.071,D_t5000_r4,300000,300000,0
1791037563.071,D_t5000_r4,300000,300000,0
1791037564.139,D_t5000_r4,300000,300000,0
1791037565.139,D_t5000_r4,300000,300000,0
1791037566.147,D_t5000_r4,300000,300000,0
1791037567.147,D_t5000_r4,300000,300000,0
1791037568.186,D_t5000_r4,300000,300000,0
1791037569.186,D_t5000_r4,300000,300000,0
1791037570.218,D_t5000_r4,300000,300000,0
1791037571.218,D_t5000_r4,300000,300000,0
1791037572.304,D_t5000_r4,300000,300000,0
1791037573.304,D_t5000_r4,300000,300000,0
1791037574.358,D_t5000_r4,300000,300000,0
1791037575.358,D_t5000_r4,300000,300000,0
1791037576.372,D_t5000_r4,300000,300000,0
1791037577.372,D_t5000_r4,300000,300000,0
1791037578.373,D_t5000_r4,300000,300000,0
1791037579.373,D_t5000_r4,300000,300000,0
1791037580.387,D_t5000_r4,300000,300000,0
1791037581.387,D_t5000_r4,300000,300000,0
1791037582.419,D_t5000_r4,300000,300000,0
1791037583.419,D_t5000_r4,300000,300000,0
1791037584.473,D_t5000_r4,300000,300000,0
1791037585.473,D_t5000_r4,300000,300000,0
1791037586.560,D_t5000_r4,300000,300000,0
1791037587.560,D_t5000_r4,300000,300000,0
1791037588.598,D_t5000_r4,300000,300000,0
1791037589.598,D_t5000_r4,300000,300000,0
1791037590.605,D_t5000_r4,300000,300000,0
1791037591.605,D_t5000_r4,300000,300000,0
1791037592.633,D_t5000_r4,300000,300000,0
1791037593.633,D_t5000_r4,300000,300000,0
1791037594.716,D_t5000_r4,300000,300000,0
1791037595.716,D_t5000_r4,300000,300000,0
1791037596.801,D_t5000_r4,300000,300000,0
1791037597.801,D_t5000_r4,300000,300000,0
1791037598.808,D_t5000_r4,300000,300000,0
1791037599.808,D_t5000_r4,300000,300000,0
1791037600.817,D_t5000_r4,300000,300000,0
1791037601.817,D_t5000_r4,300000,300000,0
1791037602.817,D_t5000_r4,300000,300000,0
1791037603.832,D_t5000_r4,300000,300000,0
1791037604.832,D_t5000_r4,300000,300000,0
1791037605.926,D_t5000_r4,300000,300000,0
1791037606.926,D_t5000_r4,300000,300000,0
1791037607.982,D_t5000_r4,300000,300000,0
1791037608.982,D_t5000_r4,300000,300000,0
1791037610.133,D_t5000_r4,300000,300000,0
1791037611.133,D_t5000_r4,300000,300000,0
1791037612.141,D_t5000_r4,300000,300000,0
1791037613.141,D_t5000_r4,300000,300000,0
1791037614.158,D_t5000_r4,300000,300000,0
1791037615.223,D_t5000_r4,300000,300000,0
1791037616.223,D_t5000_r4,300000,300000,0
1791037617.305,D_t5000_r4,300000,300000,0
1791037618.306,D_t5000_r4,300000,300000,0
1791037619.446,D_t5000_r4,300000,300000,0
1791037620.446,D_t5000_r4,300000,300000,0
1791037621.473,D_t5000_r4,300000,300000,0
1791037622.473,D_t5000_r4,300000,300000,0
1791037623.474,D_t5000_r4,300000,300000,0
1791037624.554,D_t5000_r4,300000,300000,0
1791037625.554,D_t5000_r4,300000,300000,0
1791037626.668,D_t5000_r4,300000,300000,0
1791037627.668,D_t5000_r4,300000,300000,0
1791037628.668,D_t5000_r4,300000,300000,0
1791037629.748,D_t5000_r4,300000,300000,0
1791037630.748,D_t5000_r4,300000,300000,0
1791037631.835,D_t5000_r4,300000,300000,0
1791037632.835,D_t5000_r4,300000,300000,0
1791037633.842,D_t5000_r4,300000,300000,0
1791037634.842,D_t5000_r4,300000,300000,0
1791037635.880,D_t5000_r4,300000,300000,0
1791037636.937,D_t5000_r4,300000,300000,0
1791037637.937,D_t5000_r4,300000,300000,0
1791037638.950,D_t5000_r4,300000,300000,0
1791037639.951,D_t5000_r4,300000,300000,0
1791037640.959,D_t5000_r4,300000,300000,0
1791037642.071,D_t5000_r4,300000,300000,0
1791037643.071,D_t5000_r4,300000,300000,0
1791037644.076,D_t5000_r4,300000,300000,0
1791037645.076,D_t5000_r4,300000,300000,0
1791037646.110,D_t5000_r4,300000,300000,0
1791037647.234,D_t5000_r4,300000,300000,0
1791037648.234,D_t5000_r4,300000,300000,0
1791037649.249,D_t5000_r4,300000,300000,0
1791037650.249,D_t5000_r4,300000,300000,0
1791037651.249,D_t5000_r4,300000,300000,0
1791037652.256,D_t5000_r4,300000,300000,0
1791037653.256,D_t5000_r4,300000,300000,0
1791037654.273,D_t5000_r4,300000,300000,0
1791037655.348,D_t5000_r4,300000,300000,0
1791037656.348,D_t5000_r4,300000,300000,0
1791037657.451,D_t5000_r4,300000,300000,0
1791037658.451,D_t5000_r4,300000,300000,0
1791037659.497,D_t5000_r4,300000,300000,0
1791037660.554,D_t5000_r4,300000,300000,0
1791037661.555,D_t5000_r4,300000,300000,0
1791037662.563,D_t5000_r4,300000,300000,0
1791037663.596,D_t5000_r4,300000,300000,0
1791037664.597,D_t5000_r4,300000,300000,0
1791037665.739,D_t5000_r4,300000,300000,0
1791037666.739,D_t5000_r4,300000,300000,0
1791037667.739,D_t5000_r4,300000,300000,0
1791037668.821,D_t5000_r4,300000,300000,0
1791037669.822,D_t5000_r4,300000,300000,0
1791037670.831,D_t5000_r4,300000,300000,0
1791037671.868,D_t5000_r4,300000,300000,0
1791037672.868,D_t5000_r4,300000,300000,0
1791037673.887,D_t5000_r4,300000,300000,0
1791037675.113,D_t5000_r4,300000,300000,0
1791037676.118,D_t5000_r4,300000,300000,0
1791037697.375,D_t5000_r5,0,0,0
1791037698.375,D_t5000_r5,0,0,0
1791037699.375,D_t5000_r5,0,0,0
1791037700.375,D_t5000_r5,0,0,0
1791037701.376,D_t5000_r5,0,0,0
1791037702.376,D_t5000_r5,0,0,0
1791037703.376,D_t5000_r5,0,0,0
1791037704.376,D_t5000_r5,1647,0,1647
1791037705.377,D_t5000_r5,6638,0,6638
1791037706.377,D_t5000_r5,11643,0,11643
1791037707.377,D_t5000_r5,16640,0,16640
1791037708.377,D_t5000_r5,21538,0,21538
1791037709.377,D_t5000_r5,26635,57,26578
1791037710.378,D_t5000_r5,31629,57,31572
1791037711.378,D_t5000_r5,36647,18017,18630
1791037712.379,D_t5000_r5,41646,26837,14809
1791037713.379,D_t5000_r5,46629,38203,8426
1791037714.379,D_t5000_r5,51648,45105,6543
1791037715.380,D_t5000_r5,56628,49905,6723
1791037716.380,D_t5000_r5,61665,54917,6748
1791037717.381,D_t5000_r5,66646,61578,5068
1791037718.381,D_t5000_r5,71660,64838,6822
1791037719.381,D_t5000_r5,76661,69393,7268
1791037720.381,D_t5000_r5,81654,75225,6429
1791037721.381,D_t5000_r5,86638,82418,4220
1791037722.383,D_t5000_r5,91638,86806,4832
1791037723.383,D_t5000_r5,96522,91491,5031
1791037724.383,D_t5000_r5,101559,96765,4794
1791037725.383,D_t5000_r5,106658,98583,8075
1791037726.383,D_t5000_r5,111660,103867,7793
1791037727.383,D_t5000_r5,116659,110040,6619
1791037728.383,D_t5000_r5,121641,115499,6142
1791037729.384,D_t5000_r5,126650,120416,6234
1791037730.384,D_t5000_r5,131669,125480,6189
1791037731.384,D_t5000_r5,136662,131040,5622
1791037732.384,D_t5000_r5,141656,135936,5720
1791037733.384,D_t5000_r5,146655,140718,5937
1791037734.384,D_t5000_r5,151666,145240,6426
1791037735.384,D_t5000_r5,156672,149943,6729
1791037736.384,D_t5000_r5,161664,157599,4065
1791037737.386,D_t5000_r5,166685,158995,7690
1791037738.387,D_t5000_r5,171678,164799,6879
1791037739.388,D_t5000_r5,176684,172356,4328
1791037740.388,D_t5000_r5,181682,175501,6181
1791037741.388,D_t5000_r5,186679,178500,8179
1791037742.388,D_t5000_r5,191693,187688,4005
1791037743.388,D_t5000_r5,196653,192133,4520
1791037744.388,D_t5000_r5,201687,196974,4713
1791037745.389,D_t5000_r5,206655,201490,5165
1791037746.389,D_t5000_r5,211659,207407,4252
1791037747.389,D_t5000_r5,216652,212171,4481
1791037748.390,D_t5000_r5,221665,217294,4371
1791037749.390,D_t5000_r5,226688,222022,4666
1791037750.391,D_t5000_r5,231691,226673,5018
1791037751.391,D_t5000_r5,236689,230019,6670
1791037752.393,D_t5000_r5,241698,237225,4473
1791037753.393,D_t5000_r5,246688,241865,4823
1791037754.394,D_t5000_r5,251690,246817,4873
1791037755.394,D_t5000_r5,256658,251834,4824
1791037756.394,D_t5000_r5,261688,256803,4885
1791037757.394,D_t5000_r5,266701,261696,5005
1791037758.394,D_t5000_r5,271719,266545,5174
1791037759.394,D_t5000_r5,276713,271380,5333
1791037760.395,D_t5000_r5,281709,276453,5256
1791037761.396,D_t5000_r5,286680,281542,5138
1791037762.396,D_t5000_r5,291712,286946,4766
1791037763.396,D_t5000_r5,296721,291926,4795
1791037764.396,D_t5000_r5,300000,296844,3156
1791037765.396,D_t5000_r5,300000,298379,1621
1791037766.402,D_t5000_r5,300000,300000,0
1791037767.403,D_t5000_r5,300000,300000,0
1791037768.403,D_t5000_r5,300000,300000,0
1791037769.403,D_t5000_r5,300000,300000,0
1791037770.403,D_t5000_r5,300000,300000,0
1791037771.403,D_t5000_r5,300000,300000,0
1791037772.403,D_t5000_r5,300000,300000,0
1791037773.404,D_t5000_r5,300000,300000,0
1791037774.404,D_t5000_r5,300000,300000,0
1791037775.405,D_t5000_r5,300000,300000,0
1791037776.405,D_t5000_r5,300000,300000,0
1791037777.405,D_t5000_r5,300000,300000,0
1791037778.405,D_t5000_r5,300000,300000,0
1791037779.406,D_t5000_r5,300000,300000,0
1791037780.431,D_t5000_r5,300000,300000,0
1791037781.431,D_t5000_r5,300000,300000,0
1791037782.431,D_t5000_r5,300000,300000,0
1791037783.451,D_t5000_r5,300000,300000,0
1791037784.451,D_t5000_r5,300000,300000,0
1791037785.451,D_t5000_r5,300000,300000,0
1791037786.473,D_t5000_r5,300000,300000,0
1791037787.473,D_t5000_r5,300000,300000,0
1791037788.473,D_t5000_r5,300000,300000,0
1791037789.493,D_t5000_r5,300000,300000,0
1791037790.494,D_t5000_r5,300000,300000,0
1791037791.494,D_t5000_r5,300000,300000,0
1791037792.522,D_t5000_r5,300000,300000,0
1791037793.522,D_t5000_r5,300000,300000,0
1791037794.522,D_t5000_r5,300000,300000,0
1791037795.528,D_t5000_r5,300000,300000,0
1791037796.528,D_t5000_r5,300000,300000,0
1791037797.528,D_t5000_r5,300000,300000,0
1791037798.596,D_t5000_r5,300000,300000,0
1791037799.596,D_t5000_r5,300000,300000,0
1791037800.596,D_t5000_r5,300000,300000,0
1791037801.598,D_t5000_r5,300000,300000,0
1791037802.598,D_t5000_r5,300000,300000,0
1791037803.628,D_t5000_r5,300000,300000,0
1791037804.628,D_t5000_r5,300000,300000,0
1791037805.628,D_t5000_r5,300000,300000,0
1791037806.629,D_t5000_r5,300000,300000,0
1791037807.629,D_t5000_r5,300000,300000,0
1791037808.703,D_t5000_r5,300000,300000,0
1791037809.703,D_t5000_r5,300000,300000,0
1791037810.711,D_t5000_r5,300000,300000,0
1791037811.711,D_t5000_r5,300000,300000,0
1791037812.711,D_t5000_r5,300000,300000,0
1791037813.712,D_t5000_r5,300000,300000,0
1791037814.713,D_t5000_r5,300000,300000,0
1791037815.767,D_t5000_r5,300000,300000,0
1791037816.767,D_t5000_r5,300000,300000,0
1791037817.810,D_t5000_r5,300000,300000,0
1791037818.810,D_t5000_r5,300000,300000,0
1791037819.811,D_t5000_r5,300000,300000,0
1791037820.821,D_t5000_r5,300000,300000,0
1791037821.821,D_t5000_r5,300000,300000,0
1791037822.906,D_t5000_r5,300000,300000,0
1791037823.906,D_t5000_r5,300000,300000,0
1791037824.966,D_t5000_r5,300000,300000,0
1791037825.966,D_t5000_r5,300000,300000,0
1791037826.995,D_t5000_r5,300000,300000,0
1791037827.995,D_t5000_r5,300000,300000,0
1791037828.995,D_t5000_r5,300000,300000,0
1791037830.002,D_t5000_r5,300000,300000,0
1791037831.002,D_t5000_r5,300000,300000,0
1791037832.016,D_t5000_r5,300000,300000,0
1791037833.016,D_t5000_r5,300000,300000,0
1791037834.028,D_t5000_r5,300000,300000,0
1791037835.028,D_t5000_r5,300000,300000,0
1791037836.057,D_t5000_r5,300000,300000,0
1791037837.058,D_t5000_r5,300000,300000,0
1791037838.083,D_t5000_r5,300000,300000,0
1791037839.083,D_t5000_r5,300000,300000,0
1791037840.113,D_t5000_r5,300000,300000,0
1791037841.113,D_t5000_r5,300000,300000,0
1791037842.165,D_t5000_r5,300000,300000,0
1791037843.165,D_t5000_r5,300000,300000,0
1791037844.256,D_t5000_r5,300000,300000,0
1791037845.256,D_t5000_r5,300000,300000,0
1791037846.266,D_t5000_r5,300000,300000,0
1791037847.266,D_t5000_r5,300000,300000,0
1791037848.281,D_t5000_r5,300000,300000,0
1791037849.281,D_t5000_r5,300000,300000,0
1791037850.315,D_t5000_r5,300000,300000,0
1791037851.315,D_t5000_r5,300000,300000,0
1791037852.354,D_t5000_r5,300000,300000,0
1791037853.354,D_t5000_r5,300000,300000,0
1791037854.411,D_t5000_r5,300000,300000,0
1791037855.411,D_t5000_r5,300000,300000,0
1791037856.415,D_t5000_r5,300000,300000,0
1791037857.416,D_t5000_r5,300000,300000,0
1791037858.451,D_t5000_r5,300000,300000,0
1791037859.451,D_t5000_r5,300000,300000,0
1791037860.491,D_t5000_r5,300000,300000,0
1791037861.491,D_t5000_r5,300000,300000,0
1791037862.554,D_t5000_r5,300000,300000,0
1791037863.554,D_t5000_r5,300000,300000,0
1791037864.564,D_t5000_r5,300000,300000,0
1791037865.564,D_t5000_r5,300000,300000,0
1791037866.564,D_t5000_r5,300000,300000,0
1791037867.564,D_t5000_r5,300000,300000,0
1791037868.624,D_t5000_r5,300000,300000,0
1791037869.628,D_t5000_r5,300000,300000,0
1791037870.628,D_t5000_r5,300000,300000,0
1791037871.707,D_t5000_r5,300000,300000,0
1791037872.707,D_t5000_r5,300000,300000,0
1791037873.722,D_t5000_r5,300000,300000,0
1791037874.722,D_t5000_r5,300000,300000,0
1791037875.795,D_t5000_r5,300000,300000,0
1791037876.795,D_t5000_r5,300000,300000,0
1791037877.811,D_t5000_r5,300000,300000,0
1791037878.812,D_t5000_r5,300000,300000,0
1791037879.842,D_t5000_r5,300000,300000,0
1791037880.913,D_t5000_r5,300000,300000,0
1791037881.914,D_t5000_r5,300000,300000,0
1791037882.970,D_t5000_r5,300000,300000,0
1791037883.970,D_t5000_r5,300000,300000,0
1791037885.078,D_t5000_r5,300000,300000,0
1791037886.078,D_t5000_r5,300000,300000,0
1791037887.081,D_t5000_r5,300000,300000,0
1791037888.081,D_t5000_r5,300000,300000,0
1791037889.130,D_t5000_r5,300000,300000,0
1791037890.144,D_t5000_r5,300000,300000,0
1791037891.144,D_t5000_r5,300000,300000,0
1791037892.213,D_t5000_r5,300000,300000,0
1791037893.213,D_t5000_r5,300000,300000,0
1791037894.248,D_t5000_r5,300000,300000,0
1791037895.249,D_t5000_r5,300000,300000,0
1791037896.249,D_t5000_r5,300000,300000,0
1791037897.342,D_t5000_r5,300000,300000,0
1791037898.342,D_t5000_r5,300000,300000,0
1791037899.356,D_t5000_r5,300000,300000,0
1791037900.356,D_t5000_r5,300000,300000,0
1791037901.364,D_t5000_r5,300000,300000,0
1791037902.421,D_t5000_r5,300000,300000,0
1791037903.421,D_t5000_r5,300000,300000,0
1791037904.578,D_t5000_r5,300000,300000,0
1791037905.579,D_t5000_r5,300000,300000,0
1791037906.579,D_t5000_r5,300000,300000,0
1791037907.642,D_t5000_r5,300000,300000,0
1791037908.642,D_t5000_r5,300000,300000,0
1791037909.684,D_t5000_r5,300000,300000,0
1791037910.684,D_t5000_r5,300000,300000,0
1791037911.684,D_t5000_r5,300000,300000,0
1791037912.813,D_t5000_r5,300000,300000,0
1791037913.813,D_t5000_r5,300000,300000,0
1791037914.885,D_t5000_r5,300000,300000,0
1791037915.885,D_t5000_r5,300000,300000,0
1791037916.885,D_t5000_r5,300000,300000,0
1791037918.035,D_t5000_r5,300000,300000,0
1791037919.036,D_t5000_r5,300000,300000,0
1791037920.100,D_t5000_r5,300000,300000,0
1791037921.100,D_t5000_r5,300000,300000,0
1791037922.124,D_t5000_r5,300000,300000,0
1791037923.192,D_t5000_r5,300000,300000,0
1791037924.192,D_t5000_r5,300000,300000,0
1791037925.202,D_t5000_r5,300000,300000,0
1791037926.219,D_t5000_r5,300000,300000,0
1791037927.219,D_t5000_r5,300000,300000,0
1791037928.287,D_t5000_r5,300000,300000,0
1791037929.287,D_t5000_r5,300000,300000,0
1791037930.323,D_t5000_r5,300000,300000,0
1791037931.475,D_t5000_r5,300000,300000,0
1791037932.476,D_t5000_r5,300000,300000,0
1791037933.613,D_t5000_r5,300000,300000,0
1791037934.613,D_t5000_r5,300000,300000,0
1791037935.614,D_t5000_r5,300000,300000,0
1791037936.651,D_t5000_r5,300000,300000,0
1791037937.651,D_t5000_r5,300000,300000,0
1791037938.709,D_t5000_r5,300000,300000,0
1791037939.738,D_t5000_r5,300000,300000,0
1791037940.738,D_t5000_r5,300000,300000,0
1791037941.768,D_t5000_r5,300000,300000,0
1791037942.990,D_t5000_r5,300000,300000,0
1791037943.997,D_t5000_r5,300000,300000,0
