run_id,ts,batchId,numInputRows,inputRowsPerSecond,processedRowsPerSecond,triggerExecution_ms
D_t100_r1,1791020948.203,4,12,857.1,23.5,510
D_t100_r1,1791020948.714,5,51,99.8,61.9,824
D_t100_r1,1791020949.539,6,82,99.4,101.7,806
D_t100_r1,1791020950.346,7,81,100.4,114.6,707
D_t100_r1,1791020951.054,8,71,100.3,102.2,695
D_t100_r1,1791020951.75,9,70,100.6,97.6,717
D_t100_r1,1791020952.468,10,71,98.9,95.8,740
D_t100_r1,1791020953.21,11,75,101.1,106.4,704
D_t100_r1,1791020953.915,12,70,99.3,96.7,724
D_t100_r1,1791020954.64,13,73,100.7,96.1,760
D_t100_r1,1791020955.401,14,76,99.9,77.5,980
D_t100_r1,1791020956.383,15,98,99.8,84.2,1164
D_t100_r1,1791020957.548,16,117,100.4,110.2,1062
D_t100_r1,1791020958.612,17,106,99.6,87.0,1219
D_t100_r1,1791020959.832,18,122,100.0,103.0,1184
D_t100_r1,1791020961.017,19,118,99.6,98.5,1198
D_t100_r1,1791020962.216,20,120,100.1,101.0,1188
D_t100_r1,1791020963.405,21,119,100.1,128.8,923
D_t100_r1,1791020964.33,22,93,100.5,126.0,738
D_t100_r1,1791020965.069,23,74,100.1,79.9,926
D_t100_r1,1791020965.996,24,92,99.2,106.0,867
D_t100_r1,1791020966.865,25,87,100.1,106.1,820
D_t100_r1,1791020967.686,26,82,99.9,134.4,610
D_t100_r1,1791020968.297,27,61,99.8,104.3,585
D_t100_r1,1791020968.883,28,59,100.7,99.3,594
D_t100_r1,1791020969.477,29,59,99.3,94.2,626
D_t100_r1,1791020970.103,30,63,100.6,80.6,781
D_t100_r1,1791020970.885,31,78,99.7,82.4,946
D_t100_r1,1791020971.834,32,95,100.1,91.9,1034
D_t100_r1,1791020972.869,33,104,100.5,96.9,1073
D_t100_r1,1791020973.943,34,107,99.6,134.9,793
D_t100_r1,1791020974.737,35,79,99.5,80.2,984
D_t100_r1,1791020975.724,36,99,100.3,100.9,981
D_t100_r1,1791020976.707,37,98,99.7,101.8,963
D_t100_r1,1791020977.671,38,97,100.6,95.0,1021
D_t100_r1,1791020978.694,39,102,99.7,108.1,944
D_t100_r1,1791020979.639,40,95,100.5,101.0,941
D_t100_r1,1791020980.581,41,94,99.8,90.4,1040
D_t100_r1,1791020981.622,42,104,99.9,104.4,995
D_t100_r1,1791020982.619,43,99,99.3,99.3,997
D_t100_r1,1791020983.617,44,100,100.2,110.0,909
D_t100_r1,1791020984.527,45,91,100.0,105.4,863
D_t100_r1,1791020985.391,46,87,100.7,94.7,919
D_t100_r1,1791020986.311,47,92,100.0,92.7,992
D_t100_r1,1791020987.304,48,99,99.7,96.5,1026
D_t100_r1,1791020988.331,49,103,100.3,109.8,938
D_t100_r1,1791020989.27,50,94,100.1,97.7,962
D_t100_r1,1791020990.233,51,96,99.7,107.3,895
D_t100_r1,1791020991.13,52,89,99.2,79.3,1123
D_t100_r1,1791020992.254,53,113,100.5,139.2,812
D_t100_r1,1791020993.067,54,81,99.6,120.4,673
D_t100_r1,1791020993.741,55,68,100.9,102.6,662
D_t100_r1,1791020994.404,56,66,99.5,94.7,697
D_t100_r1,1791020995.103,57,70,100.1,94.2,743
D_t100_r1,1791020995.847,58,74,99.5,90.9,814
D_t100_r1,1791020996.662,59,82,100.6,97.7,838
D_t100_r1,1791020997.501,60,84,100.1,104.0,808
D_t100_r1,1791020998.31,61,81,100.1,102.3,792
D_t100_r1,1791020999.103,62,79,99.6,126.6,624
D_t100_r1,1791020999.728,63,62,99.2,93.5,663
D_t100_r1,1791021000.392,64,67,100.9,81.3,824
D_t100_r1,1791021001.218,65,82,99.3,106.5,770
D_t100_r1,1791021001.989,66,77,99.9,90.2,854
D_t100_r1,1791021002.844,67,86,100.6,79.6,1080
D_t100_r1,1791021003.925,68,108,99.9,120.1,898
D_t100_r1,1791021004.825,69,90,100.0,120.0,750
D_t100_r1,1791021005.576,70,75,99.9,107.3,699
D_t100_r1,1791021006.276,71,70,100.0,101.4,689
D_t100_r1,1791021006.966,72,69,100.0,92.2,748
D_t100_r1,1791021007.715,73,75,100.1,129.5,579
D_t100_r2,1791021023.022,76,51,101.2,77.2,661
D_t100_r2,1791021023.684,77,66,99.7,145.1,455
D_t100_r2,1791021024.14,78,45,98.7,83.5,539
D_t100_r2,1791021024.68,79,54,100.0,109.1,495
D_t100_r2,1791021025.175,80,50,101.0,87.6,571
D_t100_r2,1791021025.747,81,57,99.7,112.2,508
D_t100_r2,1791021026.255,82,51,100.4,102.2,499
D_t100_r2,1791021026.755,83,50,100.0,83.8,597
D_t100_r2,1791021027.355,84,60,100.0,89.0,674
D_t100_r2,1791021028.03,85,68,100.7,93.7,725
D_t100_r2,1791021028.756,86,72,99.2,91.4,788
D_t100_r2,1791021029.545,87,79,100.1,78.8,1003
D_t100_r2,1791021030.549,88,100,99.6,101.4,986
D_t100_r2,1791021031.536,89,99,100.3,97.6,1014
D_t100_r2,1791021032.551,90,101,99.5,124.2,813
D_t100_r2,1791021033.365,91,82,100.7,92.2,889
D_t100_r2,1791021034.254,92,89,100.1,97.9,909
D_t100_r2,1791021035.163,93,91,100.1,95.8,950
D_t100_r2,1791021036.113,94,95,100.0,100.7,943
D_t100_r2,1791021037.057,95,94,99.6,93.5,1004
D_t100_r2,1791021038.062,96,100,99.5,121.4,824
D_t100_r2,1791021038.887,97,83,100.6,99.2,837
D_t100_r2,1791021039.725,98,84,100.2,101.0,831
D_t100_r2,1791021040.557,99,83,99.8,99.0,838
D_t100_r2,1791021041.396,100,84,100.1,112.3,748
D_t100_r2,1791021042.145,101,75,100.1,78.5,955
D_t100_r2,1791021043.101,102,96,100.4,133.5,719
D_t100_r2,1791021043.821,103,71,98.6,129.6,548
D_t100_r2,1791021044.37,104,55,100.2,103.6,531
D_t100_r2,1791021044.902,105,53,99.6,86.9,610
D_t100_r2,1791021045.512,106,62,101.6,103.7,598
D_t100_r2,1791021046.111,107,59,98.5,118.5,498
D_t100_r2,1791021046.61,108,50,100.2,101.2,494
D_t100_r2,1791021047.105,109,50,101.0,103.7,482
D_t100_r2,1791021047.588,110,48,99.4,91.4,525
D_t100_r2,1791021048.114,111,53,100.8,99.1,535
D_t100_r2,1791021048.649,112,53,99.1,93.6,566
D_t100_r2,1791021049.216,113,57,100.5,104.8,544
D_t100_r2,1791021049.761,114,54,99.1,77.0,701
D_t100_r2,1791021050.463,115,71,101.1,94.4,752
D_t100_r2,1791021051.216,116,75,99.6,101.8,737
D_t100_r2,1791021051.954,117,74,100.3,91.8,805
D_t100_r2,1791021052.76,118,80,99.3,109.7,729
D_t100_r2,1791021053.489,119,73,100.1,108.5,673
D_t100_r2,1791021054.162,120,68,101.0,96.9,702
D_t100_r2,1791021054.865,121,70,99.6,95.8,731
D_t100_r2,1791021055.596,122,73,99.9,88.3,826
D_t100_r2,1791021056.423,123,83,100.4,98.6,842
D_t100_r2,1791021057.266,124,84,99.6,87.9,955
D_t100_r2,1791021058.222,125,96,100.4,106.8,899
D_t100_r2,1791021059.122,126,89,98.9,114.7,775
D_t100_r2,1791021059.899,127,78,100.4,97.7,798
D_t100_r2,1791021060.699,128,80,100.0,120.7,662
D_t100_r2,1791021061.362,129,66,99.5,122.2,540
D_t100_r2,1791021061.903,130,55,101.7,107.6,511
D_t100_r2,1791021062.415,131,51,99.6,94.4,540
D_t100_r2,1791021062.956,132,54,99.8,115.1,468
D_t100_r2,1791021063.425,133,47,100.2,93.6,502
D_t100_r2,1791021063.927,134,50,99.6,87.1,574
D_t100_r2,1791021064.502,135,57,99.1,100.4,568
D_t100_r2,1791021065.071,136,57,100.2,109.2,522
D_t100_r2,1791021065.593,137,52,99.6,119.8,434
D_t100_r2,1791021066.028,138,44,101.1,81.8,538
D_t100_r2,1791021066.566,139,54,100.4,113.2,477
D_t100_r2,1791021067.044,140,48,100.4,94.3,509
D_t100_r2,1791021067.555,141,51,99.8,97.7,522
D_t100_r2,1791021068.078,142,52,99.4,88.3,589
D_t100_r2,1791021068.668,143,59,100.0,120.4,490
D_t100_r2,1791021069.159,144,49,99.8,110.9,442
D_t100_r2,1791021069.602,145,44,99.3,88.7,496
D_t100_r2,1791021070.099,146,50,100.6,100.4,498
D_t100_r2,1791021070.597,147,50,100.4,107.5,464
D_t100_r2,1791021071.062,148,47,101.1,100.4,468
D_t100_r2,1791021071.53,149,46,98.3,85.0,541
D_t100_r2,1791021072.072,150,54,99.6,117.9,458
D_t100_r2,1791021072.531,151,46,100.2,78.1,589
D_t100_r2,1791021073.121,152,59,100.0,116.4,506
D_t100_r2,1791021073.628,153,51,100.6,105.6,483
D_t100_r2,1791021074.112,154,49,101.2,105.8,463
D_t100_r2,1791021074.576,155,46,99.1,90.9,506
D_t100_r2,1791021075.083,156,50,98.6,104.2,480
D_t100_r2,1791021075.564,157,49,101.9,95.3,514
D_t100_r2,1791021076.078,158,51,99.2,90.3,565
D_t100_r2,1791021076.644,159,57,100.7,71.2,801
D_t100_r2,1791021077.446,160,80,99.8,106.2,753
D_t100_r2,1791021078.2,161,75,99.5,97.4,770
D_t100_r2,1791021078.971,162,77,99.9,99.0,778
D_t100_r2,1791021079.75,163,78,100.1,100.3,778
D_t100_r2,1791021080.529,164,78,100.1,83.7,932
D_t100_r2,1791021081.461,165,93,99.8,119.4,779
D_t100_r2,1791021082.241,166,78,100.0,66.8,1168
D_t100_r3,1791021097.832,169,61,100.3,105.9,576
D_t100_r3,1791021098.409,170,57,98.8,103.6,550
D_t100_r3,1791021098.959,171,55,100.0,93.4,589
D_t100_r3,1791021099.549,172,59,100.0,101.5,581
D_t100_r3,1791021100.13,173,59,101.5,104.2,565
D_t100_r3,1791021100.696,174,56,98.9,94.4,593
D_t100_r3,1791021101.29,175,60,101.0,90.5,663
D_t100_r3,1791021101.954,176,66,99.4,96.2,686
D_t100_r3,1791021102.641,177,68,99.0,93.0,731
D_t100_r3,1791021103.373,178,74,101.1,95.7,772
D_t100_r3,1791021104.147,179,77,99.5,82.0,939
D_t100_r3,1791021105.087,180,94,100.0,124.7,754
D_t100_r3,1791021105.842,181,76,100.7,93.9,809
D_t100_r3,1791021106.652,182,81,100.0,108.7,744
D_t100_r3,1791021107.397,183,74,99.3,88.4,837
D_t100_r3,1791021108.235,184,84,100.2,103.8,809
D_t100_r3,1791021109.045,185,81,100.0,93.5,866
D_t100_r3,1791021109.912,186,87,100.3,101.0,861
D_t100_r3,1791021110.774,187,86,99.8,104.4,824
D_t100_r3,1791021111.599,188,82,99.4,102.9,797
D_t100_r3,1791021112.397,189,80,100.3,99.1,807
D_t100_r3,1791021113.205,190,81,100.2,101.9,795
D_t100_r3,1791021114.001,191,80,100.5,98.9,808
D_t100_r3,1791021114.811,192,80,98.8,112.2,713
D_t100_r3,1791021115.525,193,72,100.8,96.3,748
D_t100_r3,1791021116.274,194,75,100.1,100.1,748
D_t100_r3,1791021117.023,195,75,100.1,94.6,793
D_t100_r3,1791021117.816,196,79,99.6,93.4,846
D_t100_r3,1791021118.663,197,85,100.4,126.1,673
D_t100_r3,1791021119.337,198,67,99.4,126.9,527
D_t100_r3,1791021119.865,199,53,100.4,103.1,514
D_t100_r3,1791021120.379,200,51,99.2,109.9,464
D_t100_r3,1791021120.844,201,47,101.1,93.1,505
D_t100_r3,1791021121.35,202,51,100.8,109.7,464
D_t100_r3,1791021121.815,203,46,98.9,98.3,468
D_t100_r3,1791021122.283,204,47,100.4,104.2,451
D_t100_r3,1791021122.735,205,45,99.6,83.6,538
D_t100_r3,1791021123.274,206,54,100.2,108.7,497
D_t100_r3,1791021123.772,207,51,102.4,89.3,571
D_t100_r3,1791021124.344,208,56,97.9,108.7,515
D_t100_r3,1791021124.859,209,51,99.0,91.4,558
D_t100_r3,1791021125.417,210,56,100.4,118.4,473
D_t100_r3,1791021125.891,211,48,101.3,97.0,494
D_t100_r3,1791021126.386,212,49,99.0,82.5,594
D_t100_r3,1791021126.981,213,59,99.2,92.0,640
D_t100_r3,1791021127.622,214,65,101.4,67.1,967
D_t100_r3,1791021128.59,215,97,100.2,129.5,749
D_t100_r3,1791021129.34,216,74,98.7,93.8,789
D_t100_r3,1791021130.13,217,79,100.0,106.8,740
D_t100_r3,1791021130.871,218,75,101.2,97.2,771
D_t100_r3,1791021131.643,219,77,99.7,109.5,703
D_t100_r3,1791021132.347,220,70,99.4,96.0,729
D_t100_r3,1791021133.076,221,73,100.1,113.2,645
D_t100_r3,1791021133.722,222,65,100.6,104.3,623
D_t100_r3,1791021134.346,223,62,99.4,95.7,648
D_t100_r3,1791021134.994,224,65,100.3,104.2,624
D_t100_r3,1791021135.618,225,62,99.4,79.1,784
D_t100_r3,1791021136.403,226,79,100.6,117.9,670
D_t100_r3,1791021137.074,227,67,99.9,81.9,818
D_t100_r3,1791021137.893,228,82,100.1,107.9,760
D_t100_r3,1791021138.654,229,76,99.9,89.6,848
D_t100_r3,1791021139.503,230,85,100.1,86.6,981
D_t100_r3,1791021140.486,231,98,99.7,131.2,747
D_t100_r3,1791021141.234,232,75,100.3,101.9,736
D_t100_r3,1791021141.97,233,73,99.2,101.2,721
D_t100_r3,1791021142.692,234,73,101.1,93.6,780
D_t100_r3,1791021143.472,235,78,100.0,96.8,806
D_t100_r3,1791021144.279,236,80,99.1,100.9,793
D_t100_r3,1791021145.073,237,80,100.8,100.3,798
D_t100_r3,1791021145.872,238,80,100.1,105.0,762
D_t100_r3,1791021146.635,239,76,99.6,101.1,752
D_t100_r3,1791021147.388,240,75,99.6,104.3,719
D_t100_r3,1791021148.108,241,72,100.0,98.6,730
D_t100_r3,1791021148.839,242,73,99.9,97.9,745
D_t100_r3,1791021149.585,243,75,100.5,111.9,670
D_t100_r3,1791021150.256,244,67,99.9,102.1,656
D_t100_r3,1791021150.913,245,66,100.5,103.1,640
D_t100_r3,1791021151.554,246,64,99.8,105.3,608
D_t100_r3,1791021152.163,247,61,100.2,95.5,639
D_t100_r3,1791021152.803,248,64,100.0,73.0,877
D_t100_r3,1791021153.681,249,88,100.2,113.1,778
D_t100_r3,1791021154.46,250,78,100.1,104.7,744
D_t100_r3,1791021155.205,251,74,99.3,83.0,891
D_t100_r3,1791021156.097,252,89,99.8,127.5,698
D_t100_r3,1791021156.796,253,70,100.1,64.7,1082
D_t100_r4,1791021174.402,256,82,101.7,105.4,778
D_t100_r4,1791021175.181,257,78,100.1,108.0,721
D_t100_r4,1791021175.903,258,72,99.7,94.2,764
D_t100_r4,1791021176.668,259,77,100.7,106.8,721
D_t100_r4,1791021177.39,260,72,99.7,93.0,774
D_t100_r4,1791021178.165,261,77,99.4,106.6,722
D_t100_r4,1791021178.888,262,73,101.0,108.1,675
D_t100_r4,1791021179.564,263,67,99.1,94.9,706
D_t100_r4,1791021180.27,264,71,100.6,107.7,659
D_t100_r4,1791021180.93,265,66,100.0,113.8,580
D_t100_r4,1791021181.51,266,58,100.0,93.7,618
D_t100_r4,1791021182.13,267,62,100.0,113.8,545
D_t100_r4,1791021182.676,268,55,100.7,87.2,631
D_t100_r4,1791021183.308,269,63,99.7,107.7,585
D_t100_r4,1791021183.894,270,58,99.0,89.9,645
D_t100_r4,1791021184.54,271,65,100.6,94.9,685
D_t100_r4,1791021185.225,272,68,99.3,109.5,621
D_t100_r4,1791021185.847,273,62,99.7,91.7,676
D_t100_r4,1791021186.524,274,68,100.4,96.2,707
D_t100_r4,1791021187.232,275,71,100.3,98.5,720
D_t100_r4,1791021187.953,276,72,99.9,111.5,646
D_t100_r4,1791021188.6,277,65,100.5,95.2,682
D_t100_r4,1791021189.283,278,68,99.6,89.6,759
D_t100_r4,1791021190.042,279,76,100.1,105.8,718
D_t100_r4,1791021190.76,280,72,100.3,101.1,711
D_t100_r4,1791021191.473,281,71,99.6,103.3,687
D_t100_r4,1791021192.16,282,69,100.4,111.5,619
D_t100_r4,1791021192.78,283,62,100.0,102.3,606
D_t100_r4,1791021193.386,284,61,100.7,107.8,566
D_t100_r4,1791021193.952,285,56,98.9,92.9,603
D_t100_r4,1791021194.555,286,60,99.5,113.9,527
D_t100_r4,1791021195.083,287,53,100.4,106.6,497
D_t100_r4,1791021195.581,288,50,100.4,108.9,458
D_t100_r4,1791021196.04,289,46,100.2,98.5,467
D_t100_r4,1791021196.508,290,47,100.4,94.6,497
D_t100_r4,1791021197.006,291,50,100.4,109.6,455
D_t100_r4,1791021197.462,292,45,98.7,93.8,480
D_t100_r4,1791021197.942,293,48,100.0,110.1,436
D_t100_r4,1791021198.378,294,44,100.9,100.9,436
D_t100_r4,1791021198.815,295,43,98.4,77.2,557
D_t100_r4,1791021199.373,296,56,100.4,120.4,465
D_t100_r4,1791021199.839,297,47,100.9,108.0,434
D_t100_r4,1791021200.274,298,43,98.9,86.7,496
D_t100_r4,1791021200.771,299,50,100.6,96.0,521
D_t100_r4,1791021201.293,300,52,99.6,91.7,567
D_t100_r4,1791021201.86,301,57,100.5,83.9,679
D_t100_r4,1791021202.54,302,68,100.0,88.1,772
D_t100_r4,1791021203.313,303,77,99.6,104.5,737
D_t100_r4,1791021204.051,304,74,100.3,88.1,840
D_t100_r4,1791021204.892,305,84,99.9,105.0,800
D_t100_r4,1791021205.693,306,80,99.9,102.4,781
D_t100_r4,1791021206.475,307,78,99.7,100.8,774
D_t100_r4,1791021207.25,308,78,100.6,98.6,790
D_t100_r4,1791021208.041,309,79,99.9,105.5,749
D_t100_r4,1791021208.79,310,75,100.1,98.7,760
D_t100_r4,1791021209.551,311,76,99.9,103.1,737
D_t100_r4,1791021210.289,312,74,100.3,98.3,753
D_t100_r4,1791021211.042,313,75,99.6,113.1,663
D_t100_r4,1791021211.705,314,67,101.1,126.4,530
D_t100_r4,1791021212.236,315,53,99.8,107.7,492
D_t100_r4,1791021212.729,316,49,99.4,109.4,448
D_t100_r4,1791021213.178,317,45,100.2,83.5,539
D_t100_r4,1791021213.718,318,54,100.0,120.5,448
D_t100_r4,1791021214.166,319,45,100.4,99.1,454
D_t100_r4,1791021214.62,320,45,99.1,94.9,474
D_t100_r4,1791021215.094,321,47,99.2,93.8,501
D_t100_r4,1791021215.596,322,51,101.6,108.7,469
D_t100_r4,1791021216.066,323,46,97.9,96.0,479
D_t100_r4,1791021216.546,324,49,102.1,88.6,553
D_t100_r4,1791021217.1,325,55,99.3,115.8,475
D_t100_r4,1791021217.575,326,47,98.9,96.1,488
D_t100_r4,1791021218.064,327,49,100.2,110.6,443
D_t100_r4,1791021218.508,328,45,101.4,91.1,494
D_t100_r4,1791021219.003,329,49,99.0,108.4,451
D_t100_r4,1791021219.455,330,45,99.6,89.8,501
D_t100_r4,1791021219.956,331,51,101.8,98.3,519
D_t100_r4,1791021220.476,332,52,100.0,98.3,529
D_t100_r4,1791021221.005,333,52,98.3,113.8,457
D_t100_r4,1791021221.462,334,46,100.7,91.6,502
D_t100_r4,1791021221.964,335,50,99.6,101.4,493
D_t100_r4,1791021222.457,336,50,101.4,95.2,525
D_t100_r4,1791021222.983,337,52,98.9,89.8,579
D_t100_r4,1791021223.563,338,58,100.0,98.5,589
D_t100_r4,1791021224.153,339,59,100.0,109.7,537
D_t100_r4,1791021224.691,340,54,100.4,90.9,594
D_t100_r4,1791021225.286,341,59,99.2,100.9,585
D_t100_r4,1791021225.872,342,59,100.7,99.2,595
D_t100_r4,1791021226.468,343,60,100.7,97.9,613
D_t100_r4,1791021227.082,344,61,99.3,100.8,604
D_t100_r4,1791021227.688,345,61,100.7,99.5,613
D_t100_r4,1791021228.302,346,61,99.3,98.2,621
D_t100_r4,1791021228.923,347,62,99.8,102.8,603
D_t100_r4,1791021229.527,348,61,101.0,94.1,648
D_t100_r4,1791021230.176,349,64,98.6,103.2,619
D_t100_r4,1791021230.796,350,62,100.0,72.9,850
D_t100_r4,1791021231.647,351,86,101.1,117.5,732
D_t100_r4,1791021232.38,352,73,99.6,96.6,756
D_t100_r4,1791021233.136,353,76,100.5,63.6,1195
D_t100_r5,1791021250.588,356,65,99.4,88.2,737
D_t100_r5,1791021251.326,357,74,100.3,89.0,831
D_t100_r5,1791021252.158,358,83,99.8,111.0,748
D_t100_r5,1791021252.907,359,75,100.1,101.8,737
D_t100_r5,1791021253.645,360,73,98.9,77.2,946
D_t100_r5,1791021254.591,361,95,100.4,82.3,1155
D_t100_r5,1791021255.747,362,116,100.3,143.6,808
D_t100_r5,1791021256.555,363,80,99.0,111.7,716
D_t100_r5,1791021257.272,364,72,100.4,86.2,835
D_t100_r5,1791021258.108,365,84,100.5,100.2,838
D_t100_r5,1791021258.946,366,83,99.0,93.8,885
D_t100_r5,1791021259.832,367,89,100.5,125.0,712
D_t100_r5,1791021260.545,368,71,99.6,86.4,821
D_t100_r5,1791021261.367,369,83,101.0,113.2,733
D_t100_r5,1791021262.101,370,73,99.5,98.3,743
D_t100_r5,1791021262.844,371,74,99.6,106.2,697
D_t100_r5,1791021263.541,372,70,100.4,111.8,626
D_t100_r5,1791021264.168,373,63,100.5,101.6,620
D_t100_r5,1791021264.789,374,62,99.8,101.0,614
D_t100_r5,1791021265.404,375,61,99.2,107.0,570
D_t100_r5,1791021265.974,376,57,100.0,103.4,551
D_t100_r5,1791021266.526,377,56,101.4,100.9,555
D_t100_r5,1791021267.082,378,55,98.9,92.0,598
D_t100_r5,1791021267.681,379,60,100.2,112.4,534
D_t100_r5,1791021268.216,380,54,100.9,82.1,658
D_t100_r5,1791021268.875,381,65,98.6,99.1,656
D_t100_r5,1791021269.531,382,66,100.6,95.4,692
D_t100_r5,1791021270.224,383,69,99.6,91.3,755
D_t100_r5,1791021270.98,384,76,100.5,101.5,749
D_t100_r5,1791021271.73,385,75,100.0,107.6,697
D_t100_r5,1791021272.427,386,70,100.4,97.2,719
D_t100_r5,1791021273.147,387,71,98.6,97.8,726
D_t100_r5,1791021273.874,388,73,100.4,104.1,700
D_t100_r5,1791021274.575,389,70,99.9,101.0,693
D_t100_r5,1791021275.268,390,70,101.0,118.0,593
D_t100_r5,1791021275.861,391,59,99.5,109.5,539
D_t100_r5,1791021276.4,392,54,100.2,93.6,576
D_t100_r5,1791021276.977,393,58,100.5,117.4,494
D_t100_r5,1791021277.471,394,49,99.2,108.4,452
D_t100_r5,1791021277.924,395,45,99.3,96.6,466
D_t100_r5,1791021278.391,396,47,100.6,108.3,433
D_t100_r5,1791021278.825,397,43,99.1,91.9,468
D_t100_r5,1791021279.293,398,47,100.4,108.8,432
D_t100_r5,1791021279.725,399,44,101.9,98.2,448
D_t100_r5,1791021280.174,400,44,98.0,87.8,501
D_t100_r5,1791021280.675,401,50,99.8,113.1,442
D_t100_r5,1791021281.118,402,45,101.6,90.5,497
D_t100_r5,1791021281.615,403,49,98.6,105.8,462
D_t100_r5,1791021282.078,404,47,101.5,85.9,547
D_t100_r5,1791021282.625,405,54,98.7,114.4,472
D_t100_r5,1791021283.098,406,48,101.5,97.2,494
D_t100_r5,1791021283.593,407,49,99.0,102.7,477
D_t100_r5,1791021284.071,408,48,100.4,97.0,495
D_t100_r5,1791021284.566,409,50,101.0,98.4,508
D_t100_r5,1791021285.075,410,50,98.2,79.9,625
D_t100_r5,1791021285.701,411,63,100.6,99.4,634
D_t100_r5,1791021286.335,412,63,99.4,94.2,669
D_t100_r5,1791021287.005,413,67,100.0,83.3,804
D_t100_r5,1791021287.81,414,81,100.6,114.4,708
D_t100_r5,1791021288.519,415,71,100.1,96.6,735
D_t100_r5,1791021289.255,416,73,99.2,101.4,720
D_t100_r5,1791021289.976,417,72,99.9,90.7,794
D_t100_r5,1791021290.77,418,80,100.8,123.5,648
D_t100_r5,1791021291.419,419,65,100.2,111.9,581
D_t100_r5,1791021292.0,420,58,99.8,115.3,502
D_t100_r5,1791021292.503,421,50,99.4,102.2,488
D_t100_r5,1791021292.992,422,49,100.2,110.6,443
D_t100_r5,1791021293.436,423,44,99.1,86.4,509
D_t100_r5,1791021293.945,424,52,102.2,110.4,471
D_t100_r5,1791021294.416,425,47,99.8,83.9,560
D_t100_r5,1791021294.976,426,56,100.0,128.1,437
D_t100_r5,1791021295.413,427,43,98.4,89.8,479
D_t100_r5,1791021295.892,428,48,100.2,93.2,515
D_t100_r5,1791021296.408,429,52,100.8,88.3,589
D_t100_r5,1791021296.998,430,59,100.0,113.9,518
D_t100_r5,1791021297.517,431,52,100.2,109.2,476
D_t100_r5,1791021297.994,432,47,98.5,102.2,460
D_t100_r5,1791021298.454,433,46,100.0,101.3,454
D_t100_r5,1791021298.908,434,46,101.3,97.5,472
D_t100_r5,1791021299.381,435,47,99.4,102.0,461
D_t100_r5,1791021299.842,436,46,99.8,99.1,464
D_t100_r5,1791021300.307,437,46,98.9,98.7,466
D_t100_r5,1791021300.774,438,47,100.6,99.8,471
D_t100_r5,1791021301.246,439,47,99.6,93.1,505
D_t100_r5,1791021301.751,440,51,101.0,103.4,493
D_t100_r5,1791021302.245,441,49,99.2,115.8,423
D_t100_r5,1791021302.669,442,43,101.4,80.8,532
D_t100_r5,1791021303.201,443,53,99.6,102.3,518
D_t100_r5,1791021303.72,444,52,100.2,88.3,589
D_t100_r5,1791021304.31,445,59,100.0,108.7,543
D_t100_r5,1791021304.854,446,54,99.3,98.4,549
D_t100_r5,1791021305.403,447,55,100.2,58.2,945
D_t100_r5,1791021306.349,448,95,100.4,103.1,921
D_t100_r5,1791021307.27,449,92,99.9,102.7,895
D_t100_r5,1791021308.166,450,89,99.3,127.1,700
D_t100_r5,1791021308.866,451,71,101.4,86.0,825
D_t100_r5,1791021309.692,452,82,99.3,52.4,1565
D_t500_r1,1791021327.852,455,266,537.4,476.7,558
D_t500_r1,1791021328.41,456,278,498.2,594.0,468
D_t500_r1,1791021328.878,457,236,504.3,453.0,521
D_t500_r1,1791021329.4,458,258,494.3,457.4,564
D_t500_r1,1791021329.964,459,284,503.5,596.6,476
D_t500_r1,1791021330.441,460,239,501.0,482.8,495
D_t500_r1,1791021330.937,461,248,500.0,498.0,498
D_t500_r1,1791021331.436,462,248,497.0,469.7,528
D_t500_r1,1791021331.965,463,262,495.3,520.9,503
D_t500_r1,1791021332.469,464,256,507.9,516.1,496
D_t500_r1,1791021332.965,465,244,491.9,441.2,553
D_t500_r1,1791021333.519,466,279,503.6,525.4,531
D_t500_r1,1791021334.05,467,267,502.8,485.5,549
D_t500_r1,1791021334.6,468,272,494.5,542.9,501
D_t500_r1,1791021335.102,469,253,504.0,405.4,624
D_t500_r1,1791021335.727,470,312,499.2,673.9,463
D_t500_r1,1791021336.191,471,232,500.0,464.0,500
D_t500_r1,1791021336.691,472,251,502.0,503.0,498
D_t500_r1,1791021337.19,473,250,501.0,486.4,513
D_t500_r1,1791021337.704,474,257,500.0,510.9,503
D_t500_r1,1791021338.207,475,250,497.0,510.2,490
D_t500_r1,1791021338.697,476,247,504.1,514.6,480
D_t500_r1,1791021339.177,477,238,495.8,502.1,474
D_t500_r1,1791021339.651,478,239,504.2,473.3,505
D_t500_r1,1791021340.157,479,252,498.0,433.0,582
D_t500_r1,1791021340.74,480,293,502.6,553.9,529
D_t500_r1,1791021341.271,481,265,499.1,553.2,479
D_t500_r1,1791021341.75,482,237,494.8,424.7,557
D_t500_r1,1791021342.308,483,282,505.4,497.4,567
D_t500_r1,1791021342.876,484,282,496.5,537.1,525
D_t500_r1,1791021343.401,485,264,502.9,565.3,467
D_t500_r1,1791021343.869,486,232,495.7,465.9,498
D_t500_r1,1791021344.367,487,250,502.0,540.0,463
D_t500_r1,1791021344.831,488,232,500.0,462.2,502
D_t500_r1,1791021345.334,489,251,499.0,504.0,498
D_t500_r1,1791021345.832,490,248,498.0,535.6,463
D_t500_r1,1791021346.295,491,234,505.4,478.5,489
D_t500_r1,1791021346.784,492,242,494.9,490.9,493
D_t500_r1,1791021347.278,493,249,504.0,447.8,556
D_t500_r1,1791021347.835,494,279,500.9,606.5,460
D_t500_r1,1791021348.295,495,229,497.8,444.7,515
D_t500_r1,1791021348.81,496,256,497.1,538.9,475
D_t500_r1,1791021349.285,497,239,503.2,497.9,480
D_t500_r1,1791021349.766,498,242,503.1,503.1,481
D_t500_r1,1791021350.248,499,237,491.7,462.9,512
D_t500_r1,1791021350.76,500,257,502.0,468.1,549
D_t500_r1,1791021351.309,501,274,499.1,549.1,499
D_t500_r1,1791021351.809,502,250,500.0,537.6,465
D_t500_r1,1791021352.275,503,236,506.4,487.6,484
D_t500_r1,1791021352.76,504,242,499.0,542.6,446
D_t500_r1,1791021353.206,505,220,493.3,414.3,531
D_t500_r1,1791021353.738,506,269,505.6,520.3,517
D_t500_r1,1791021354.256,507,258,498.1,554.8,465
D_t500_r1,1791021354.722,508,232,497.9,490.5,473
D_t500_r1,1791021355.195,509,239,505.3,436.1,548
D_t500_r1,1791021355.743,510,273,498.2,522.0,523
D_t500_r1,1791021356.267,511,262,500.0,548.1,478
D_t500_r1,1791021356.746,512,240,501.0,493.8,486
D_t500_r1,1791021357.233,513,242,496.9,491.9,492
D_t500_r1,1791021357.726,514,245,497.0,441.4,555
D_t500_r1,1791021358.281,515,282,508.1,596.2,473
D_t500_r1,1791021358.755,516,235,495.8,489.6,480
D_t500_r1,1791021359.235,517,239,497.9,417.1,573
D_t500_r1,1791021359.808,518,289,504.4,621.5,465
D_t500_r1,1791021360.274,519,232,497.9,472.5,490
D_t500_r1,1791021360.765,520,246,501.0,516.8,476
D_t500_r1,1791021361.241,521,236,495.8,425.2,555
D_t500_r1,1791021361.796,522,279,502.7,583.7,478
D_t500_r1,1791021362.275,523,239,499.0,463.2,516
D_t500_r1,1791021362.792,524,259,501.0,548.7,471
D_t500_r1,1791021363.264,525,235,497.9,494.7,475
D_t500_r1,1791021363.74,526,241,506.3,459.0,525
D_t500_r1,1791021364.266,527,259,492.4,529.7,489
D_t500_r1,1791021364.756,528,246,502.0,537.1,458
D_t500_r1,1791021365.214,529,229,500.0,452.6,506
D_t500_r1,1791021365.721,530,254,501.0,514.2,494
D_t500_r1,1791021366.216,531,246,497.0,491.0,501
D_t500_r1,1791021366.718,532,253,504.0,507.0,499
D_t500_r1,1791021367.218,533,250,500.0,418.8,597
D_t500_r1,1791021367.816,534,298,498.3,530.2,562
D_t500_r1,1791021368.379,535,281,499.1,581.8,483
D_t500_r1,1791021368.862,536,244,505.2,511.5,477
D_t500_r1,1791021369.34,537,235,491.6,498.9,471
D_t500_r1,1791021369.811,538,237,503.2,465.6,509
D_t500_r1,1791021370.321,539,254,498.0,528.1,481
D_t500_r1,1791021370.802,540,242,503.1,491.9,492
D_t500_r1,1791021371.295,541,246,499.0,522.3,471
D_t500_r1,1791021371.766,542,237,503.2,465.6,509
D_t500_r1,1791021372.275,543,254,499.0,459.3,553
D_t500_r1,1791021372.829,544,277,500.0,564.2,491
D_t500_r1,1791021373.321,545,246,500.0,509.3,483
D_t500_r1,1791021373.805,546,242,500.0,499.0,485
D_t500_r1,1791021374.29,547,243,501.0,486.0,500
D_t500_r1,1791021374.79,548,248,496.0,540.3,459
D_t500_r1,1791021375.249,549,229,498.9,451.7,506
D_t500_r1,1791021375.756,550,255,503.0,539.1,473
D_t500_r1,1791021376.229,551,238,503.2,397.3,599
D_t500_r1,1791021376.828,552,297,495.8,618.8,480
D_t500_r1,1791021377.309,553,243,505.2,476.5,510
D_t500_r1,1791021377.819,554,255,500.0,522.5,488
D_t500_r1,1791021378.308,555,245,501.0,395.8,619
D_t500_r1,1791021378.928,556,309,498.4,650.5,475
D_t500_r1,1791021379.404,557,236,495.8,501.1,471
D_t500_r1,1791021379.876,558,236,500.0,481.6,490
D_t500_r1,1791021380.367,559,248,505.1,486.3,510
D_t500_r1,1791021380.877,560,254,498.0,541.6,469
D_t500_r1,1791021381.347,561,233,495.7,511.0,456
D_t500_r1,1791021381.803,562,228,500.0,435.9,523
D_t500_r1,1791021382.326,563,264,504.8,558.1,473
D_t500_r1,1791021382.799,564,236,498.9,460.0,513
D_t500_r1,1791021383.312,565,255,497.1,533.5,478
D_t500_r1,1791021383.791,566,240,501.0,507.4,473
D_t500_r1,1791021384.264,567,237,501.1,510.8,464
D_t500_r1,1791021384.729,568,231,496.8,386.3,598
D_t500_r1,1791021385.328,569,301,502.5,616.8,488
D_t500_r1,1791021385.817,570,243,496.9,503.1,483
D_t500_r1,1791021386.3,571,244,505.2,535.1,456
D_t500_r1,1791021386.757,572,229,501.1,467.3,490
D_t500_r2,1791021404.457,575,248,523.2,511.3,485
D_t500_r2,1791021404.943,576,239,491.8,478.0,499
D_t500_r2,1791021405.443,577,253,506.0,531.5,476
D_t500_r2,1791021405.92,578,237,496.9,467.5,507
D_t500_r2,1791021406.427,579,254,501.0,510.0,498
D_t500_r2,1791021406.926,580,248,497.0,497.0,499
D_t500_r2,1791021407.425,581,249,499.0,535.5,465
D_t500_r2,1791021407.891,582,235,504.3,463.5,507
D_t500_r2,1791021408.399,583,252,496.1,561.2,449
D_t500_r2,1791021408.848,584,229,510.0,452.6,506
D_t500_r2,1791021409.355,585,249,491.1,535.5,464
D_t500_r2,1791021409.82,586,236,507.5,394.0,599
D_t500_r2,1791021410.42,587,300,500.0,567.1,529
D_t500_r2,1791021410.949,588,262,495.3,567.1,462
D_t500_r2,1791021411.411,589,231,500.0,511.1,452
D_t500_r2,1791021411.863,590,228,504.4,379.4,601
D_t500_r2,1791021412.464,591,301,500.8,633.7,475
D_t500_r2,1791021412.939,592,238,501.1,501.1,475
D_t500_r2,1791021413.415,593,237,497.9,504.3,470
D_t500_r2,1791021413.886,594,234,496.8,468.9,499
D_t500_r2,1791021414.386,595,252,504.0,494.1,510
D_t500_r2,1791021414.896,596,252,494.1,532.8,473
D_t500_r2,1791021415.37,597,239,504.2,464.1,515
D_t500_r2,1791021415.885,598,258,501.0,550.1,469
D_t500_r2,1791021416.355,599,234,497.9,391.3,597
D_t500_r2,1791021416.953,600,298,498.3,631.4,472
D_t500_r2,1791021417.426,601,239,505.3,377.6,633
D_t500_r2,1791021418.06,602,317,500.0,643.0,493
D_t500_r2,1791021418.554,603,244,493.9,504.1,484
D_t500_r2,1791021419.038,604,243,502.1,446.7,544
D_t500_r2,1791021419.582,605,272,500.0,571.4,476
D_t500_r2,1791021420.059,606,237,496.9,362.4,654
D_t500_r2,1791021420.714,607,329,502.3,610.4,539
D_t500_r2,1791021421.253,608,268,497.2,544.7,492
D_t500_r2,1791021421.746,609,248,503.0,529.9,468
D_t500_r2,1791021422.215,610,236,503.2,500.0,472
D_t500_r2,1791021422.687,611,236,500.0,441.9,534
D_t500_r2,1791021423.222,612,266,497.2,554.2,480
D_t500_r2,1791021423.703,613,240,499.0,475.2,505
D_t500_r2,1791021424.208,614,252,499.0,500.0,504
D_t500_r2,1791021424.713,615,255,505.0,501.0,509
D_t500_r2,1791021425.222,616,252,495.1,557.5,452
D_t500_r2,1791021425.675,617,226,498.9,478.8,472
D_t500_r2,1791021426.148,618,237,501.1,503.2,471
D_t500_r2,1791021426.62,619,237,502.1,473.1,501
D_t500_r2,1791021427.121,620,251,501.0,537.5,467
D_t500_r2,1791021427.588,621,232,496.8,457.6,507
D_t500_r2,1791021428.096,622,254,500.0,478.3,531
D_t500_r2,1791021428.628,623,268,503.8,525.5,510
D_t500_r2,1791021429.139,624,256,501.0,525.7,487
D_t500_r2,1791021429.627,625,243,498.0,477.4,509
D_t500_r2,1791021430.136,626,257,504.9,536.5,479
D_t500_r2,1791021430.616,627,239,497.9,473.3,505
D_t500_r2,1791021431.122,628,249,492.1,527.5,471
D_t500_r2,1791021431.594,629,238,504.2,495.8,480
D_t500_r2,1791021432.075,630,239,496.9,500.0,478
D_t500_r2,1791021432.554,631,240,501.0,464.2,517
D_t500_r2,1791021433.072,632,259,500.0,527.5,491
D_t500_r2,1791021433.563,633,248,505.1,531.0,467
D_t500_r2,1791021434.031,634,234,500.0,475.6,492
D_t500_r2,1791021434.524,635,244,494.9,509.4,479
D_t500_r2,1791021435.004,636,243,506.3,534.1,455
D_t500_r2,1791021435.459,637,226,496.7,457.5,494
D_t500_r2,1791021435.954,638,248,501.0,451.7,549
D_t500_r2,1791021436.503,639,273,497.3,562.9,485
D_t500_r2,1791021436.988,640,245,505.2,515.8,475
D_t500_r2,1791021437.463,641,235,494.7,508.7,462
D_t500_r2,1791021437.925,642,232,502.2,515.6,450
D_t500_r2,1791021438.376,643,224,496.7,425.0,527
D_t500_r2,1791021438.904,644,265,501.9,562.6,471
D_t500_r2,1791021439.376,645,237,502.1,509.7,465
D_t500_r2,1791021439.841,646,232,498.9,477.4,486
D_t500_r2,1791021440.328,647,242,496.9,510.5,474
D_t500_r2,1791021440.802,648,237,500.0,467.5,507
D_t500_r2,1791021441.309,649,254,501.0,521.6,487
D_t500_r2,1791021441.796,650,243,499.0,519.2,468
D_t500_r2,1791021442.264,651,237,506.4,464.7,510
D_t500_r2,1791021442.774,652,254,498.0,521.6,486
D_t500_r2,1791021443.261,653,244,501.0,474.7,514
D_t500_r2,1791021443.775,654,255,496.1,560.4,455
D_t500_r2,1791021444.23,655,229,503.3,393.5,581
D_t500_r2,1791021444.812,656,292,501.7,570.3,512
D_t500_r2,1791021445.324,657,255,498.0,554.3,460
D_t500_r2,1791021445.784,658,231,502.2,467.6,494
D_t500_r2,1791021446.278,659,244,493.9,508.3,480
D_t500_r2,1791021446.759,660,242,503.1,506.3,478
D_t500_r2,1791021447.238,661,239,499.0,535.9,446
D_t500_r2,1791021447.684,662,223,500.0,454.2,491
D_t500_r2,1791021448.175,663,245,499.0,510.4,480
D_t500_r2,1791021448.656,664,239,496.9,465.9,513
D_t500_r2,1791021449.17,665,261,507.8,568.6,459
D_t500_r2,1791021449.629,666,230,501.1,469.4,490
D_t500_r2,1791021450.12,667,243,494.9,538.8,451
D_t500_r2,1791021450.571,668,227,503.3,453.1,501
D_t500_r2,1791021451.072,669,249,497.0,502.0,496
D_t500_r2,1791021451.569,670,248,499.0,516.7,480
D_t500_r2,1791021452.049,671,243,506.3,517.0,470
D_t500_r2,1791021452.519,672,232,493.6,496.8,467
D_t500_r2,1791021452.987,673,234,500.0,492.6,475
D_t500_r2,1791021453.463,674,240,504.2,484.8,495
D_t500_r2,1791021453.958,675,245,494.9,530.3,462
D_t500_r2,1791021454.421,676,232,501.1,463.1,501
D_t500_r2,1791021454.923,677,253,504.0,487.5,519
D_t500_r2,1791021455.442,678,260,501.0,512.8,507
D_t500_r2,1791021455.949,679,254,501.0,523.7,485
D_t500_r2,1791021456.434,680,240,494.8,510.6,470
D_t500_r2,1791021456.904,681,238,506.4,469.4,507
D_t500_r2,1791021457.412,682,252,496.1,527.2,478
D_t500_r2,1791021457.89,683,239,500.0,466.8,512
D_t500_r2,1791021458.403,684,256,499.0,528.9,484
D_t500_r2,1791021458.887,685,241,497.9,504.2,478
D_t500_r2,1791021459.366,686,242,505.2,528.4,458
D_t500_r2,1791021459.825,687,228,496.7,445.3,512
D_t500_r2,1791021460.337,688,254,496.1,539.3,471
D_t500_r2,1791021460.809,689,239,506.4,457.9,522
D_t500_r2,1791021461.331,690,258,494.3,529.8,487
D_t500_r2,1791021461.818,691,244,501.0,538.6,453
D_t500_r2,1791021462.272,692,230,506.6,470.3,489
D_t500_r2,1791021462.761,693,241,492.8,491.8,490
D_t500_r2,1791021463.251,694,249,508.2,529.8,469
D_t500_r2,1791021463.721,695,234,497.9,262.0,892
D_t500_r3,1791021481.903,698,284,530.8,502.7,565
D_t500_r3,1791021482.469,699,284,501.8,604.3,470
D_t500_r3,1791021482.939,700,234,497.9,476.6,490
D_t500_r3,1791021483.43,701,247,503.1,534.6,462
D_t500_r3,1791021483.892,702,228,493.5,448.8,508
D_t500_r3,1791021484.4,703,254,500.0,531.4,478
D_t500_r3,1791021484.878,704,242,506.3,449.0,539
D_t500_r3,1791021485.418,705,267,494.4,576.7,463
D_t500_r3,1791021485.881,706,232,501.1,488.4,475
D_t500_r3,1791021486.357,707,240,504.2,458.0,524
D_t500_r3,1791021486.881,708,259,494.3,561.8,461
D_t500_r3,1791021487.343,709,233,504.3,469.8,496
D_t500_r3,1791021487.839,710,247,498.0,507.2,487
D_t500_r3,1791021488.326,711,244,501.0,413.6,590
D_t500_r3,1791021488.916,712,296,501.7,598.0,495
D_t500_r3,1791021489.411,713,247,499.0,477.8,517
D_t500_r3,1791021489.929,714,260,501.9,566.4,459
D_t500_r3,1791021490.388,715,226,492.4,461.2,490
D_t500_r3,1791021490.878,716,248,506.1,511.3,485
D_t500_r3,1791021491.364,717,240,493.8,491.8,488
D_t500_r3,1791021491.852,718,246,504.1,501.0,491
D_t500_r3,1791021492.344,719,247,502.0,556.3,444
D_t500_r3,1791021492.789,720,223,501.1,468.5,476
D_t500_r3,1791021493.266,721,236,494.8,478.7,493
D_t500_r3,1791021493.759,722,247,501.0,500.0,494
D_t500_r3,1791021494.253,723,249,504.0,484.4,513
D_t500_r3,1791021494.767,724,256,498.1,516.1,496
D_t500_r3,1791021495.264,725,246,495.0,419.8,586
D_t500_r3,1791021495.85,726,296,505.1,633.8,467
D_t500_r3,1791021496.317,727,232,496.8,467.7,495
D_t500_r3,1791021496.813,728,248,500.0,458.4,541
D_t500_r3,1791021497.354,729,269,497.2,472.8,569
D_t500_r3,1791021497.923,730,285,500.9,629.1,453
D_t500_r3,1791021498.376,731,230,507.7,430.7,534
D_t500_r3,1791021498.911,732,263,491.6,581.9,452
D_t500_r3,1791021499.363,733,227,502.2,450.4,504
D_t500_r3,1791021499.868,734,255,505.0,473.1,539
D_t500_r3,1791021500.407,735,267,495.4,589.4,453
D_t500_r3,1791021500.861,736,230,506.6,473.3,486
D_t500_r3,1791021501.347,737,243,500.0,483.1,502
D_t500_r3,1791021501.85,738,249,495.0,540.1,461
D_t500_r3,1791021502.312,739,233,504.3,468.8,497
D_t500_r3,1791021502.81,740,247,496.0,517.8,477
D_t500_r3,1791021503.288,741,239,500.0,414.2,577
D_t500_r3,1791021503.865,742,289,500.9,609.7,474
D_t500_r3,1791021504.34,743,240,505.3,360.9,665
D_t500_r3,1791021505.005,744,330,496.2,687.5,480
D_t500_r3,1791021505.486,745,241,501.0,474.4,508
D_t500_r3,1791021505.995,746,255,501.0,406.7,627
D_t500_r3,1791021506.623,747,314,500.0,670.9,468
D_t500_r3,1791021507.092,748,233,496.8,477.5,488
D_t500_r3,1791021507.58,749,245,502.0,465.8,526
D_t500_r3,1791021508.107,750,265,502.8,538.6,492
D_t500_r3,1791021508.6,751,246,499.0,514.6,478
D_t500_r3,1791021509.078,752,237,495.8,524.3,452
D_t500_r3,1791021509.531,753,226,498.9,444.9,508
D_t500_r3,1791021510.04,754,256,502.9,547.0,468
D_t500_r3,1791021510.508,755,236,504.3,482.6,489
D_t500_r3,1791021510.998,756,242,493.9,527.2,459
D_t500_r3,1791021511.457,757,231,503.3,467.6,494
D_t500_r3,1791021511.951,758,247,500.0,493.0,501
D_t500_r3,1791021512.453,759,248,494.0,539.1,460
D_t500_r3,1791021512.913,760,233,506.5,400.3,582
D_t500_r3,1791021513.495,761,292,501.7,586.3,498
D_t500_r3,1791021513.994,762,248,497.0,503.0,493
D_t500_r3,1791021514.488,763,246,498.0,514.6,478
D_t500_r3,1791021514.966,764,241,504.2,493.9,488
D_t500_r3,1791021515.455,765,243,496.9,540.0,450
D_t500_r3,1791021515.905,766,227,504.4,452.2,502
D_t500_r3,1791021516.408,767,250,497.0,521.9,479
D_t500_r3,1791021516.887,768,240,501.0,417.4,575
D_t500_r3,1791021517.463,769,288,500.0,565.8,509
D_t500_r3,1791021517.972,770,252,495.1,507.0,497
D_t500_r3,1791021518.47,771,253,508.0,447.8,564
D_t500_r3,1791021519.035,772,281,497.3,605.6,463
D_t500_r3,1791021519.499,773,230,495.7,466.5,493
D_t500_r3,1791021519.993,774,249,504.0,504.0,494
D_t500_r3,1791021520.488,775,248,501.0,484.4,512
D_t500_r3,1791021521.0,776,256,500.0,521.4,490
D_t500_r3,1791021521.491,777,244,496.9,462.1,527
D_t500_r3,1791021522.019,778,263,498.1,541.2,486
D_t500_r3,1791021522.505,779,245,504.1,518.0,473
D_t500_r3,1791021522.978,780,238,503.2,520.8,457
D_t500_r3,1791021523.435,781,227,496.7,462.3,491
D_t500_r3,1791021523.927,782,244,495.9,509.4,479
D_t500_r3,1791021524.406,783,241,503.1,502.1,480
D_t500_r3,1791021524.886,784,239,497.9,533.5,448
D_t500_r3,1791021525.335,785,224,498.9,437.5,512
D_t500_r3,1791021525.848,786,257,501.0,537.7,478
D_t500_r3,1791021526.327,787,241,503.1,527.4,457
D_t500_r3,1791021526.784,788,227,496.7,442.5,513
D_t500_r3,1791021527.298,789,260,505.8,576.5,451
D_t500_r3,1791021527.75,790,226,500.0,438.0,516
D_t500_r3,1791021528.267,791,255,493.2,535.7,476
D_t500_r3,1791021528.744,792,241,505.2,465.3,518
D_t500_r3,1791021529.263,793,260,501.0,552.0,471
D_t500_r3,1791021529.734,794,232,492.6,439.4,528
D_t500_r3,1791021530.262,795,267,505.7,531.9,501
D_t500_r3,1791021530.764,796,251,500.0,515.4,487
D_t500_r3,1791021531.251,797,244,501.0,511.5,477
D_t500_r3,1791021531.728,798,236,494.8,433.8,544
D_t500_r3,1791021532.272,799,272,500.0,544.0,500
D_t500_r3,1791021532.772,800,253,506.0,526.0,481
D_t500_r3,1791021533.253,801,237,492.7,483.7,490
D_t500_r3,1791021533.744,802,247,503.1,491.1,503
D_t500_r3,1791021534.247,803,250,497.0,500.0,500
D_t500_r3,1791021534.748,804,252,503.0,469.3,537
D_t500_r3,1791021535.285,805,266,495.3,585.9,454
D_t500_r3,1791021535.739,806,228,502.2,467.2,488
D_t500_r3,1791021536.227,807,245,502.0,515.8,475
D_t500_r3,1791021536.703,808,239,502.1,491.8,485
D_t500_r3,1791021537.189,809,244,502.1,532.8,458
D_t500_r3,1791021537.648,810,229,498.9,465.4,492
D_t500_r3,1791021538.14,811,245,498.0,491.0,499
D_t500_r3,1791021538.639,812,248,497.0,529.9,468
D_t500_r3,1791021539.107,813,235,502.1,467.2,503
D_t500_r3,1791021539.61,814,251,499.0,556.5,451
D_t500_r3,1791021540.062,815,228,504.4,465.3,490
D_t500_r3,1791021540.553,816,242,492.9,520.4,465
D_t500_r3,1791021541.019,817,237,508.6,272.1,871
D_t500_r4,1791021558.877,820,226,540.7,420.9,536
D_t500_r4,1791021559.415,821,271,503.7,505.6,536
D_t500_r4,1791021559.951,822,266,496.3,541.8,490
D_t500_r4,1791021560.442,823,248,505.1,486.3,510
D_t500_r4,1791021560.952,824,252,494.1,532.8,472
D_t500_r4,1791021561.425,825,238,503.2,477.9,498
D_t500_r4,1791021561.923,826,250,502.0,547.0,457
D_t500_r4,1791021562.38,827,227,496.7,462.3,490
D_t500_r4,1791021562.871,828,245,499.0,524.6,466
D_t500_r4,1791021563.338,829,235,503.2,387.1,607
D_t500_r4,1791021563.946,830,305,501.6,604.0,505
D_t500_r4,1791021564.451,831,252,499.0,504.0,500
D_t500_r4,1791021564.951,832,250,500.0,530.8,471
D_t500_r4,1791021565.422,833,235,498.9,469.1,501
D_t500_r4,1791021565.924,834,250,498.0,551.9,453
D_t500_r4,1791021566.377,835,228,503.3,431.8,528
D_t500_r4,1791021566.906,836,265,500.9,579.9,457
D_t500_r4,1791021567.364,837,228,497.8,458.8,497
D_t500_r4,1791021567.862,838,250,502.0,393.7,635
D_t500_r4,1791021568.497,839,315,496.1,646.8,487
D_t500_r4,1791021568.984,840,244,501.0,550.8,443
D_t500_r4,1791021569.427,841,222,501.1,457.7,485
D_t500_r4,1791021569.912,842,241,496.9,496.9,485
D_t500_r4,1791021570.397,843,245,505.2,489.0,501
D_t500_r4,1791021570.899,844,248,494.0,540.3,459
D_t500_r4,1791021571.358,845,232,505.4,497.9,466
D_t500_r4,1791021571.825,846,234,501.1,425.5,549
D_t500_r4,1791021572.375,847,276,501.8,485.1,569
D_t500_r4,1791021572.945,848,281,493.0,603.0,466
D_t500_r4,1791021573.412,849,234,501.1,477.6,490
D_t500_r4,1791021573.903,850,247,503.1,545.3,453
D_t500_r4,1791021574.357,851,228,502.2,463.4,492
D_t500_r4,1791021574.849,852,245,498.0,543.2,451
D_t500_r4,1791021575.301,853,227,502.2,459.5,494
D_t500_r4,1791021575.795,854,247,500.0,547.7,451
D_t500_r4,1791021576.246,855,225,498.9,397.5,566
D_t500_r4,1791021576.813,856,283,499.1,600.8,471
D_t500_r4,1791021577.284,857,234,496.8,443.2,528
D_t500_r4,1791021577.812,858,267,505.7,527.7,506
D_t500_r4,1791021578.318,859,253,500.0,428.1,591
D_t500_r4,1791021578.909,860,295,499.2,436.4,676
D_t500_r4,1791021579.585,861,338,500.0,713.1,474
D_t500_r4,1791021580.06,862,238,501.1,515.2,462
D_t500_r4,1791021580.522,863,230,497.8,475.2,484
D_t500_r4,1791021581.006,864,242,500.0,461.0,525
D_t500_r4,1791021581.531,865,262,499.0,481.6,544
D_t500_r4,1791021582.075,866,271,498.2,584.1,464
D_t500_r4,1791021582.54,867,234,503.2,456.1,513
D_t500_r4,1791021583.054,868,258,501.9,550.1,469
D_t500_r4,1791021583.524,869,233,495.7,474.5,491
D_t500_r4,1791021584.016,870,248,504.1,495.0,501
D_t500_r4,1791021584.518,871,249,496.0,487.3,511
D_t500_r4,1791021585.03,872,255,498.0,420.1,607
D_t500_r4,1791021585.638,873,307,504.9,602.0,510
D_t500_r4,1791021586.148,874,254,498.0,554.6,458
D_t500_r4,1791021586.607,875,230,501.1,459.1,501
D_t500_r4,1791021587.109,876,248,494.0,511.3,485
D_t500_r4,1791021587.595,877,246,506.2,431.6,570
D_t500_r4,1791021588.166,878,283,495.6,568.3,497
D_t500_r4,1791021588.664,879,249,500.0,485.4,513
D_t500_r4,1791021589.177,880,260,506.8,562.8,462
D_t500_r4,1791021589.64,881,228,492.4,364.2,626
D_t500_r4,1791021590.267,882,313,499.2,558.9,560
D_t500_r4,1791021590.827,883,283,505.4,577.6,489
D_t500_r4,1791021591.317,884,242,493.9,542.6,446
D_t500_r4,1791021591.763,885,223,500.0,433.9,514
D_t500_r4,1791021592.277,886,259,503.9,558.2,464
D_t500_r4,1791021592.742,887,231,496.8,467.6,494
D_t500_r4,1791021593.236,888,250,506.1,526.3,475
D_t500_r4,1791021593.712,889,239,502.1,508.5,470
D_t500_r4,1791021594.182,890,232,493.6,481.3,482
D_t500_r4,1791021594.665,891,241,499.0,501.0,481
D_t500_r4,1791021595.146,892,241,501.0,519.4,464
D_t500_r4,1791021595.61,893,233,502.2,475.5,490
D_t500_r4,1791021596.1,894,247,504.1,399.7,618
D_t500_r4,1791021596.718,895,308,498.4,607.5,507
D_t500_r4,1791021597.226,896,254,500.0,546.2,465
D_t500_r4,1791021597.692,897,232,497.9,428.8,541
D_t500_r4,1791021598.234,898,271,500.0,433.6,625
D_t500_r4,1791021598.859,899,313,500.8,468.6,668
D_t500_r4,1791021599.528,900,331,494.8,650.3,509
D_t500_r4,1791021600.037,901,256,502.9,526.7,486
D_t500_r4,1791021600.524,902,244,501.0,538.6,453
D_t500_r4,1791021600.977,903,226,498.9,395.8,571
D_t500_r4,1791021601.548,904,289,506.1,525.5,550
D_t500_r4,1791021602.098,905,273,496.4,573.5,476
D_t500_r4,1791021602.574,906,239,502.1,395.7,604
D_t500_r4,1791021603.179,907,301,497.5,596.0,505
D_t500_r4,1791021603.685,908,253,500.0,551.2,459
D_t500_r4,1791021604.144,909,231,503.3,506.6,456
D_t500_r4,1791021604.6,910,226,495.6,379.8,595
D_t500_r4,1791021605.195,911,300,504.2,531.0,565
D_t500_r4,1791021605.761,912,283,500.0,599.6,472
D_t500_r4,1791021606.234,913,233,492.6,514.3,453
D_t500_r4,1791021606.688,914,228,502.2,468.2,487
D_t500_r4,1791021607.176,915,245,502.0,460.5,531
D_t500_r4,1791021607.708,916,265,498.1,526.8,503
D_t500_r4,1791021608.212,917,253,502.0,492.2,514
D_t500_r4,1791021608.726,918,258,501.9,511.9,504
D_t500_r4,1791021609.23,919,250,496.0,433.3,577
D_t500_r4,1791021609.808,920,289,500.0,600.8,481
D_t500_r4,1791021610.29,921,240,497.9,517.2,464
D_t500_r4,1791021610.755,922,234,503.2,510.9,458
D_t500_r4,1791021611.213,923,231,504.4,486.3,475
D_t500_r4,1791021611.689,924,238,500.0,467.6,509
D_t500_r4,1791021612.199,925,253,496.1,431.0,586
D_t500_r4,1791021612.786,926,293,499.1,552.8,530
D_t500_r4,1791021613.316,927,265,500.0,548.7,483
D_t500_r4,1791021613.799,928,244,505.2,533.9,457
D_t500_r4,1791021614.256,929,226,494.5,486.0,465
D_t500_r4,1791021614.722,930,235,504.3,488.6,481
D_t500_r4,1791021615.203,931,239,496.9,469.5,509
D_t500_r4,1791021615.712,932,253,497.1,537.2,471
D_t500_r4,1791021616.183,933,239,507.4,397.7,601
D_t500_r4,1791021616.785,934,299,496.7,590.9,506
D_t500_r4,1791021617.291,935,252,498.0,529.4,476
D_t500_r4,1791021617.768,936,238,499.0,525.4,453
D_t500_r4,1791021618.221,937,228,503.3,255.9,891
D_t500_r5,1791021636.08,940,220,511.6,383.3,574
D_t500_r5,1791021636.654,941,287,500.0,618.5,464
D_t500_r5,1791021637.119,942,233,501.1,473.6,492
D_t500_r5,1791021637.611,943,245,498.0,458.8,533
D_t500_r5,1791021638.145,944,266,498.1,475.8,559
D_t500_r5,1791021638.704,945,281,502.7,572.3,491
D_t500_r5,1791021639.196,946,247,502.0,472.3,523
D_t500_r5,1791021639.72,947,261,498.1,401.5,650
D_t500_r5,1791021640.371,948,325,499.2,698.9,465
D_t500_r5,1791021640.836,949,234,503.2,363.9,643
D_t500_r5,1791021641.48,950,321,498.4,645.9,496
D_t500_r5,1791021641.977,951,248,499.0,508.2,488
D_t500_r5,1791021642.466,952,246,503.1,498.0,494
D_t500_r5,1791021642.96,953,247,500.0,535.8,461
D_t500_r5,1791021643.422,954,232,502.2,458.5,506
D_t500_r5,1791021643.928,955,252,498.0,538.5,468
D_t500_r5,1791021644.397,956,232,494.7,458.5,506
D_t500_r5,1791021644.904,957,254,501.0,538.1,472
D_t500_r5,1791021645.377,958,237,501.1,510.8,464
D_t500_r5,1791021645.841,959,233,502.2,489.5,476
D_t500_r5,1791021646.317,960,237,497.9,484.7,489
D_t500_r5,1791021646.807,961,244,498.0,537.4,454
D_t500_r5,1791021647.262,962,229,503.3,475.1,482
D_t500_r5,1791021647.744,963,242,502.1,509.5,475
D_t500_r5,1791021648.22,964,237,497.9,465.6,509
D_t500_r5,1791021648.729,965,254,499.0,567.0,448
D_t500_r5,1791021649.177,966,224,500.0,475.6,470
D_t500_r5,1791021649.648,967,236,501.1,485.6,486
D_t500_r5,1791021650.135,968,243,499.0,470.9,516
D_t500_r5,1791021650.652,969,258,499.0,517.0,499
D_t500_r5,1791021651.152,970,253,506.0,562.2,450
D_t500_r5,1791021651.602,971,222,493.3,426.9,520
D_t500_r5,1791021652.123,972,261,501.0,605.6,431
D_t500_r5,1791021652.555,973,218,504.6,444.0,491
D_t500_r5,1791021653.046,974,244,496.9,521.4,468
D_t500_r5,1791021653.514,975,233,497.9,459.6,507
D_t500_r5,1791021654.022,976,254,500.0,554.6,458
D_t500_r5,1791021654.481,977,232,505.4,472.5,491
D_t500_r5,1791021654.973,978,243,493.9,529.4,459
D_t500_r5,1791021655.432,979,229,498.9,466.4,491
D_t500_r5,1791021655.924,980,246,500.0,522.3,471
D_t500_r5,1791021656.395,981,238,505.3,485.7,490
D_t500_r5,1791021656.885,982,246,502.0,493.0,499
D_t500_r5,1791021657.384,983,250,501.0,530.8,471
D_t500_r5,1791021657.855,984,232,492.6,515.6,450
D_t500_r5,1791021658.306,985,228,505.5,467.2,488
D_t500_r5,1791021658.795,986,244,499.0,486.1,502
D_t500_r5,1791021659.297,987,250,498.0,538.8,464
D_t500_r5,1791021659.761,988,232,500.0,488.4,475
D_t500_r5,1791021660.236,989,236,496.8,507.5,465
D_t500_r5,1791021660.702,990,236,506.4,530.3,445
D_t500_r5,1791021661.148,991,222,497.8,463.5,479
D_t500_r5,1791021661.627,992,239,499.0,499.0,479
D_t500_r5,1791021662.106,993,238,496.9,508.5,468
D_t500_r5,1791021662.574,994,236,504.3,504.3,468
D_t500_r5,1791021663.043,995,236,503.2,441.9,534
D_t500_r5,1791021663.577,996,265,496.3,581.1,456
D_t500_r5,1791021664.034,997,229,501.1,466.4,491
D_t500_r5,1791021664.525,998,246,501.0,540.7,455
D_t500_r5,1791021664.981,999,227,497.8,467.1,486
D_t500_r5,1791021665.467,1000,244,502.1,513.7,475
D_t500_r5,1791021665.942,1001,237,498.9,462.0,513
D_t500_r5,1791021666.455,1002,256,499.0,555.3,461
D_t500_r5,1791021666.917,1003,231,500.0,474.3,487
D_t500_r5,1791021667.405,1004,245,502.0,451.2,543
D_t500_r5,1791021667.949,1005,271,498.2,574.2,471
D_t500_r5,1791021668.421,1006,238,504.2,470.4,506
D_t500_r5,1791021668.927,1007,252,498.0,565.0,446
D_t500_r5,1791021669.373,1008,224,502.2,502.2,445
D_t500_r5,1791021669.819,1009,221,495.5,377.8,585
D_t500_r5,1791021670.404,1010,293,500.9,641.1,457
D_t500_r5,1791021670.861,1011,229,501.1,460.8,497
D_t500_r5,1791021671.359,1012,248,498.0,546.3,454
D_t500_r5,1791021671.813,1013,229,504.4,457.1,501
D_t500_r5,1791021672.315,1014,249,496.0,523.1,476
D_t500_r5,1791021672.791,1015,239,502.1,511.8,467
D_t500_r5,1791021673.259,1016,232,495.7,505.4,459
D_t500_r5,1791021673.718,1017,230,501.1,446.6,515
D_t500_r5,1791021674.234,1018,259,501.9,554.6,467
D_t500_r5,1791021674.702,1019,234,500.0,483.5,484
D_t500_r5,1791021675.186,1020,244,504.1,500.0,488
D_t500_r5,1791021675.674,1021,243,498.0,406.4,597
D_t500_r5,1791021676.272,1022,300,501.7,621.1,483
D_t500_r5,1791021676.756,1023,240,495.9,500.0,480
D_t500_r5,1791021677.237,1024,239,496.9,515.1,464
D_t500_r5,1791021677.702,1025,234,503.2,485.5,482
D_t500_r5,1791021678.185,1026,241,499.0,486.9,495
D_t500_r5,1791021678.68,1027,250,505.1,541.1,461
D_t500_r5,1791021679.142,1028,228,493.5,454.2,502
D_t500_r5,1791021679.645,1029,252,501.0,540.8,466
D_t500_r5,1791021680.111,1030,232,497.9,456.7,508
D_t500_r5,1791021680.62,1031,256,502.9,563.9,454
D_t500_r5,1791021681.074,1032,226,497.8,449.3,503
D_t500_r5,1791021681.577,1033,252,501.0,529.4,476
D_t500_r5,1791021682.054,1034,238,499.0,466.7,510
D_t500_r5,1791021682.565,1035,255,499.0,524.7,486
D_t500_r5,1791021683.051,1036,244,502.1,484.1,504
D_t500_r5,1791021683.555,1037,252,500.0,552.6,456
D_t500_r5,1791021684.012,1038,231,505.5,452.1,511
D_t500_r5,1791021684.524,1039,252,492.2,468.4,538
D_t500_r5,1791021685.063,1040,272,504.6,599.1,454
D_t500_r5,1791021685.518,1041,225,494.5,453.6,496
D_t500_r5,1791021686.015,1042,249,501.0,549.7,453
D_t500_r5,1791021686.468,1043,229,505.5,458.9,498
D_t500_r5,1791021686.967,1044,247,495.0,507.2,486
D_t500_r5,1791021687.454,1045,246,505.1,493.0,499
D_t500_r5,1791021687.954,1046,246,492.0,509.3,483
D_t500_r5,1791021688.438,1047,244,504.1,451.0,541
D_t500_r5,1791021688.98,1048,271,500.0,569.3,476
D_t500_r5,1791021689.456,1049,238,500.0,485.7,490
D_t500_r5,1791021689.947,1050,247,503.1,550.1,449
D_t500_r5,1791021690.396,1051,225,501.1,448.2,502
D_t500_r5,1791021690.898,1052,249,496.0,554.6,449
D_t500_r5,1791021691.347,1053,224,498.9,468.6,478
D_t500_r5,1791021691.826,1054,240,501.0,485.8,494
D_t500_r5,1791021692.321,1055,249,503.0,518.8,480
D_t500_r5,1791021692.801,1056,240,500.0,472.4,507
D_t500_r5,1791021693.309,1057,253,498.0,532.6,475
D_t500_r5,1791021693.785,1058,237,497.9,490.7,482
D_t500_r5,1791021694.268,1059,242,501.0,526.1,460
D_t500_r5,1791021694.728,1060,232,504.3,488.4,475
D_t500_r5,1791021695.203,1061,237,498.9,481.7,492
D_t1000_r1,1791021713.88,1064,501,1181.6,956.1,524
D_t1000_r1,1791021714.404,1065,518,988.5,941.8,550
D_t1000_r1,1791021714.955,1066,554,1005.4,1063.3,521
D_t1000_r1,1791021715.476,1067,520,998.1,1052.6,494
D_t1000_r1,1791021715.97,1068,496,1004.0,970.6,511
D_t1000_r1,1791021716.482,1069,511,998.0,861.7,593
D_t1000_r1,1791021717.076,1070,597,1005.1,1186.9,503
D_t1000_r1,1791021717.58,1071,500,992.1,716.3,698
D_t1000_r1,1791021718.278,1072,697,998.6,1262.7,551
D_t1000_r1,1791021718.831,1073,557,1007.2,1027.7,542
D_t1000_r1,1791021719.373,1074,540,996.3,1058.8,510
D_t1000_r1,1791021719.884,1075,517,1011.7,1048.7,493
D_t1000_r1,1791021720.378,1076,487,985.8,987.8,493
D_t1000_r1,1791021720.871,1077,495,1004.1,1004.1,493
D_t1000_r1,1791021721.364,1078,491,995.9,982.0,500
D_t1000_r1,1791021721.865,1079,501,1000.0,1050.3,477
D_t1000_r1,1791021722.342,1080,480,1006.3,885.6,542
D_t1000_r1,1791021722.885,1081,542,998.2,1110.7,488
D_t1000_r1,1791021723.374,1082,488,998.0,890.5,548
D_t1000_r1,1791021723.922,1083,552,1007.3,1150.0,480
D_t1000_r1,1791021724.402,1084,473,985.4,942.2,502
D_t1000_r1,1791021724.905,1085,511,1015.9,1002.0,509
D_t1000_r1,1791021725.415,1086,512,1003.9,1024.0,500
D_t1000_r1,1791021725.915,1087,492,984.0,980.1,502
D_t1000_r1,1791021726.417,1088,508,1012.0,1038.9,489
D_t1000_r1,1791021726.906,1089,486,993.9,956.7,508
D_t1000_r1,1791021727.414,1090,508,1000.0,932.1,545
D_t1000_r1,1791021727.959,1091,541,992.7,1062.9,509
D_t1000_r1,1791021728.469,1092,510,1000.0,977.0,522
D_t1000_r1,1791021728.991,1093,523,1001.9,975.7,535
D_t1000_r1,1791021729.527,1094,538,1003.7,1044.7,515
D_t1000_r1,1791021730.042,1095,519,1007.8,837.1,620
D_t1000_r1,1791021730.663,1096,618,995.2,856.0,721
D_t1000_r1,1791021731.385,1097,720,997.2,1509.4,477
D_t1000_r1,1791021731.863,1098,477,997.9,940.8,507
D_t1000_r1,1791021732.371,1099,513,1009.8,1068.8,480
D_t1000_r1,1791021732.851,1100,478,995.8,873.9,547
D_t1000_r1,1791021733.398,1101,545,996.3,1090.0,500
D_t1000_r1,1791021733.899,1102,503,1004.0,954.5,527
D_t1000_r1,1791021734.427,1103,530,1003.8,1115.8,475
D_t1000_r1,1791021734.902,1104,475,1000.0,863.6,550
D_t1000_r1,1791021735.452,1105,547,994.5,1137.2,481
D_t1000_r1,1791021735.933,1106,481,1000.0,941.3,511
D_t1000_r1,1791021736.444,1107,512,1002.0,1053.5,486
D_t1000_r1,1791021736.931,1108,492,1010.3,836.7,588
D_t1000_r1,1791021737.52,1109,586,994.9,1112.0,527
D_t1000_r1,1791021738.047,1110,519,984.8,979.2,530
D_t1000_r1,1791021738.577,1111,530,1000.0,992.5,534
D_t1000_r1,1791021739.111,1112,540,1011.2,1007.5,536
D_t1000_r1,1791021739.648,1113,536,998.1,1102.9,486
D_t1000_r1,1791021740.134,1114,487,1002.1,927.6,525
D_t1000_r1,1791021740.659,1115,522,994.3,855.7,610
D_t1000_r1,1791021741.269,1116,611,1001.6,954.7,640
D_t1000_r1,1791021741.911,1117,641,998.4,1142.6,561
D_t1000_r1,1791021742.473,1118,564,1003.6,1042.5,541
D_t1000_r1,1791021743.014,1119,542,1001.8,1026.5,528
D_t1000_r1,1791021743.543,1120,523,988.7,1058.7,494
D_t1000_r1,1791021744.037,1121,496,1004.0,868.7,571
D_t1000_r1,1791021744.608,1122,578,1012.3,1201.7,481
D_t1000_r1,1791021745.089,1123,474,985.4,882.7,537
D_t1000_r1,1791021745.626,1124,539,1003.7,1084.5,497
D_t1000_r1,1791021746.123,1125,498,1002.0,1018.4,489
D_t1000_r1,1791021746.612,1126,488,998.0,995.9,490
D_t1000_r1,1791021747.102,1127,489,998.0,927.9,527
D_t1000_r1,1791021747.629,1128,528,1001.9,965.3,547
D_t1000_r1,1791021748.176,1129,554,1012.8,1116.9,495
D_t1000_r1,1791021748.672,1130,489,985.9,978.0,500
D_t1000_r1,1791021749.172,1131,502,1004.0,984.3,510
D_t1000_r1,1791021749.682,1132,511,1002.0,1053.6,485
D_t1000_r1,1791021750.168,1133,485,997.9,929.1,522
D_t1000_r1,1791021750.691,1134,527,1007.6,874.0,603
D_t1000_r1,1791021751.294,1135,596,988.4,1192.0,500
D_t1000_r1,1791021751.795,1136,505,1008.0,1039.1,486
D_t1000_r1,1791021752.281,1137,482,991.8,983.7,490
D_t1000_r1,1791021752.771,1138,490,1000.0,1010.3,485
D_t1000_r1,1791021753.256,1139,493,1016.5,930.2,530
D_t1000_r1,1791021753.786,1140,522,984.9,1031.6,506
D_t1000_r1,1791021754.292,1141,514,1015.8,990.4,519
D_t1000_r1,1791021754.811,1142,508,978.8,902.3,563
D_t1000_r1,1791021755.375,1143,570,1010.6,1106.8,515
D_t1000_r1,1791021755.89,1144,512,994.2,1032.3,496
D_t1000_r1,1791021756.386,1145,502,1012.1,1045.8,480
D_t1000_r1,1791021756.866,1146,472,983.3,949.7,497
D_t1000_r1,1791021757.363,1147,499,1004.0,869.3,574
D_t1000_r1,1791021757.937,1148,577,1005.2,1168.0,494
D_t1000_r1,1791021758.432,1149,498,1006.1,990.1,503
D_t1000_r1,1791021758.935,1150,502,998.0,1004.0,500
D_t1000_r1,1791021759.436,1151,494,986.0,961.1,514
D_t1000_r1,1791021759.951,1152,523,1015.5,1043.9,501
D_t1000_r1,1791021760.453,1153,502,1000.0,933.1,538
D_t1000_r1,1791021760.992,1154,538,998.1,1065.3,505
D_t1000_r1,1791021761.497,1155,505,1000.0,875.2,577
D_t1000_r1,1791021762.074,1156,573,993.1,1164.6,492
D_t1000_r1,1791021762.567,1157,498,1010.1,978.4,509
D_t1000_r1,1791021763.076,1158,506,994.1,1024.3,493
D_t1000_r1,1791021763.57,1159,498,1008.1,1004.0,495
D_t1000_r1,1791021764.066,1160,491,989.9,891.1,551
D_t1000_r1,1791021764.617,1161,548,994.6,1127.6,486
D_t1000_r1,1791021765.103,1162,488,1004.1,1002.1,487
D_t1000_r1,1791021765.591,1163,485,993.9,966.1,502
D_t1000_r1,1791021766.093,1164,507,1010.0,1067.4,475
D_t1000_r1,1791021766.568,1165,475,1000.0,946.2,502
D_t1000_r1,1791021767.07,1166,500,996.0,1026.7,487
D_t1000_r1,1791021767.557,1167,486,997.9,910.1,534
D_t1000_r1,1791021768.091,1168,533,998.1,1017.2,523
D_t1000_r1,1791021768.615,1169,532,1015.3,1037.0,513
D_t1000_r1,1791021769.128,1170,513,1000.0,1082.3,474
D_t1000_r1,1791021769.602,1171,473,997.9,911.4,519
D_t1000_r1,1791021770.121,1172,519,1000.0,1046.4,496
D_t1000_r1,1791021770.618,1173,489,983.9,837.3,584
D_t1000_r1,1791021771.203,1174,587,1003.4,1267.8,463
D_t1000_r1,1791021771.666,1175,460,993.5,874.5,526
D_t1000_r1,1791021772.193,1176,529,1003.8,1068.7,495
D_t1000_r1,1791021772.689,1177,502,1012.1,1018.3,493
D_t1000_r1,1791021773.182,1178,493,1000.0,524.5,940
D_t1000_r2,1791021792.293,1181,500,1160.1,982.3,509
D_t1000_r2,1791021792.803,1182,506,992.2,933.6,542
D_t1000_r2,1791021793.346,1183,547,1007.4,1087.5,503
D_t1000_r2,1791021793.849,1184,504,1002.0,992.1,507
D_t1000_r2,1791021794.357,1185,507,998.0,1056.3,480
D_t1000_r2,1791021794.837,1186,476,991.7,867.0,549
D_t1000_r2,1791021795.386,1187,551,1003.6,1000.0,551
D_t1000_r2,1791021795.937,1188,550,998.2,1080.6,509
D_t1000_r2,1791021796.446,1189,507,996.1,1030.5,492
D_t1000_r2,1791021796.939,1190,493,1000.0,978.2,504
D_t1000_r2,1791021797.443,1191,509,1009.9,1040.9,489
D_t1000_r2,1791021797.933,1192,490,1000.0,980.0,500
D_t1000_r2,1791021798.434,1193,498,994.0,1044.0,477
D_t1000_r2,1791021798.912,1194,475,993.7,901.3,527
D_t1000_r2,1791021799.439,1195,535,1015.2,1114.6,480
D_t1000_r2,1791021799.92,1196,475,987.5,997.9,476
D_t1000_r2,1791021800.396,1197,481,1010.5,911.0,528
D_t1000_r2,1791021800.924,1198,527,998.1,1031.3,511
D_t1000_r2,1791021801.435,1199,511,1000.0,1005.9,508
D_t1000_r2,1791021801.943,1200,504,992.1,896.8,562
D_t1000_r2,1791021802.506,1201,564,1001.8,1151.0,490
D_t1000_r2,1791021802.997,1202,486,989.8,951.1,511
D_t1000_r2,1791021803.508,1203,521,1019.6,1044.1,499
D_t1000_r2,1791021804.007,1204,492,986.0,1004.1,490
D_t1000_r2,1791021804.498,1205,488,993.9,1027.4,475
D_t1000_r2,1791021804.973,1206,484,1018.9,973.8,497
D_t1000_r2,1791021805.471,1207,494,992.0,996.0,496
D_t1000_r2,1791021805.967,1208,499,1006.0,1028.9,484
D_t1000_r2,1791021806.452,1209,479,987.6,971.6,493
D_t1000_r2,1791021806.945,1210,497,1008.1,1018.4,488
D_t1000_r2,1791021807.433,1211,488,1000.0,879.3,554
D_t1000_r2,1791021807.988,1212,557,1003.6,1141.4,488
D_t1000_r2,1791021808.477,1213,483,987.7,865.6,558
D_t1000_r2,1791021809.035,1214,565,1012.5,1121.0,504
D_t1000_r2,1791021809.54,1215,498,986.1,945.0,527
D_t1000_r2,1791021810.067,1216,533,1011.4,1081.1,493
D_t1000_r2,1791021810.56,1217,494,1002.0,1006.1,491
D_t1000_r2,1791021811.051,1218,490,998.0,993.9,493
D_t1000_r2,1791021811.544,1219,487,987.8,977.9,498
D_t1000_r2,1791021812.042,1220,500,1004.0,1022.5,489
D_t1000_r2,1791021812.531,1221,494,1010.2,978.2,505
D_t1000_r2,1791021813.036,1222,503,996.0,838.3,600
D_t1000_r2,1791021813.636,1223,600,1000.0,1060.1,566
D_t1000_r2,1791021814.202,1224,566,1000.0,991.2,571
D_t1000_r2,1791021814.773,1225,571,1000.0,1067.3,535
D_t1000_r2,1791021815.308,1226,532,994.4,892.6,596
D_t1000_r2,1791021815.904,1227,603,1011.7,1180.0,511
D_t1000_r2,1791021816.416,1228,508,992.2,956.7,530
D_t1000_r2,1791021816.947,1229,526,990.6,1071.3,491
D_t1000_r2,1791021817.438,1230,492,1002.0,933.6,527
D_t1000_r2,1791021817.965,1231,534,1013.3,1078.8,495
D_t1000_r2,1791021818.46,1232,490,989.9,985.9,497
D_t1000_r2,1791021818.958,1233,503,1010.0,1084.1,464
D_t1000_r2,1791021819.422,1234,460,991.4,837.9,549
D_t1000_r2,1791021819.971,1235,552,1005.5,1024.1,538
D_t1000_r2,1791021820.51,1236,537,996.3,969.3,554
D_t1000_r2,1791021821.065,1237,557,1003.6,884.1,630
D_t1000_r2,1791021821.695,1238,628,996.8,1263.6,497
D_t1000_r2,1791021822.193,1239,494,992.0,879.0,562
D_t1000_r2,1791021822.755,1240,568,1010.7,1176.0,483
D_t1000_r2,1791021823.238,1241,484,1002.1,947.2,511
D_t1000_r2,1791021823.749,1242,505,988.3,990.2,510
D_t1000_r2,1791021824.259,1243,513,1005.9,1042.7,492
D_t1000_r2,1791021824.752,1244,493,1000.0,996.0,495
D_t1000_r2,1791021825.247,1245,497,1004.0,996.0,499
D_t1000_r2,1791021825.746,1246,490,982.0,944.1,519
D_t1000_r2,1791021826.265,1247,521,1003.9,1046.2,498
D_t1000_r2,1791021826.763,1248,499,1002.0,1018.4,490
D_t1000_r2,1791021827.254,1249,497,1012.2,984.2,505
D_t1000_r2,1791021827.76,1250,502,992.1,996.0,504
D_t1000_r2,1791021828.265,1251,504,998.0,1052.2,478
D_t1000_r2,1791021828.744,1252,480,1002.1,840.6,571
D_t1000_r2,1791021829.315,1253,571,1000.0,1184.6,482
D_t1000_r2,1791021829.798,1254,483,1000.0,918.3,526
D_t1000_r2,1791021830.325,1255,523,992.4,1050.2,498
D_t1000_r2,1791021830.823,1256,502,1008.0,1024.5,490
D_t1000_r2,1791021831.313,1257,491,1002.0,987.9,497
D_t1000_r2,1791021831.81,1258,496,998.0,955.7,519
D_t1000_r2,1791021832.33,1259,516,992.3,994.2,519
D_t1000_r2,1791021832.849,1260,522,1005.8,1027.6,507
D_t1000_r2,1791021833.357,1261,508,1000.0,1005.9,505
D_t1000_r2,1791021833.862,1262,508,1005.9,874.4,581
D_t1000_r2,1791021834.444,1263,585,1005.2,1181.8,495
D_t1000_r2,1791021834.939,1264,488,985.9,958.7,509
D_t1000_r2,1791021835.448,1265,514,1009.8,892.4,576
D_t1000_r2,1791021836.024,1266,571,991.3,1142.0,500
D_t1000_r2,1791021836.524,1267,507,1014.0,988.3,513
D_t1000_r2,1791021837.037,1268,509,992.2,1038.8,490
D_t1000_r2,1791021837.528,1269,489,995.9,938.6,521
D_t1000_r2,1791021838.049,1270,524,1005.8,1065.0,492
D_t1000_r2,1791021838.541,1271,490,995.9,945.9,518
D_t1000_r2,1791021839.059,1272,517,998.1,1053.0,491
D_t1000_r2,1791021839.55,1273,492,1002.0,964.7,510
D_t1000_r2,1791021840.06,1274,509,998.0,927.1,549
D_t1000_r2,1791021840.609,1275,550,1001.8,1011.0,544
D_t1000_r2,1791021841.154,1276,546,1001.8,1112.0,491
D_t1000_r2,1791021841.646,1277,492,1000.0,989.9,497
D_t1000_r2,1791021842.143,1278,501,1008.0,875.9,572
D_t1000_r2,1791021842.715,1279,571,998.3,1117.4,510
D_t1000_r2,1791021843.226,1280,510,998.0,982.7,518
D_t1000_r2,1791021843.745,1281,515,992.3,943.2,546
D_t1000_r2,1791021844.291,1282,549,1005.5,1064.0,516
D_t1000_r2,1791021844.808,1283,513,992.3,1038.5,494
D_t1000_r2,1791021845.302,1284,494,1000.0,828.9,596
D_t1000_r2,1791021845.899,1285,603,1010.1,1210.8,498
D_t1000_r2,1791021846.398,1286,497,996.0,988.1,503
D_t1000_r2,1791021846.902,1287,504,1000.0,1022.3,493
D_t1000_r2,1791021847.396,1288,494,1000.0,935.6,527
D_t1000_r2,1791021847.924,1289,530,1003.8,1035.2,512
D_t1000_r2,1791021848.436,1290,508,992.2,910.4,558
D_t1000_r2,1791021848.995,1291,561,1003.6,1135.6,494
D_t1000_r2,1791021849.489,1292,492,996.0,984.0,500
D_t1000_r2,1791021849.989,1293,495,990.0,923.5,536
D_t1000_r2,1791021850.525,1294,540,1007.5,1020.8,529
D_t1000_r2,1791021851.055,1295,532,1003.8,1029.0,517
D_t1000_r2,1791021851.573,1296,518,1000.0,573.6,903
D_t1000_r3,1791021870.653,1299,498,1160.8,978.4,509
D_t1000_r3,1791021871.162,1300,504,990.2,967.4,521
D_t1000_r3,1791021871.684,1301,519,994.3,1072.3,484
D_t1000_r3,1791021872.168,1302,488,1008.3,976.0,499
D_t1000_r3,1791021872.668,1303,505,1010.0,1022.3,494
D_t1000_r3,1791021873.162,1304,492,996.0,875.4,562
D_t1000_r3,1791021873.724,1305,552,982.2,1154.8,478
D_t1000_r3,1791021874.202,1306,485,1014.6,939.9,516
D_t1000_r3,1791021874.719,1307,512,990.3,929.2,551
D_t1000_r3,1791021875.271,1308,558,1010.9,1010.9,552
D_t1000_r3,1791021875.824,1309,548,991.0,1123.0,488
D_t1000_r3,1791021876.312,1310,490,1004.1,1012.4,484
D_t1000_r3,1791021876.796,1311,491,1014.5,955.3,514
D_t1000_r3,1791021877.311,1312,512,994.2,975.2,525
D_t1000_r3,1791021877.837,1313,518,984.8,1040.2,498
D_t1000_r3,1791021878.336,1314,507,1016.0,1006.0,504
D_t1000_r3,1791021878.84,1315,501,994.0,969.1,517
D_t1000_r3,1791021879.358,1316,520,1003.9,1019.6,510
D_t1000_r3,1791021879.869,1317,504,986.3,861.5,585
D_t1000_r3,1791021880.454,1318,586,1001.7,1223.4,479
D_t1000_r3,1791021880.933,1319,483,1008.4,911.3,530
D_t1000_r3,1791021881.463,1320,532,1003.8,840.4,633
D_t1000_r3,1791021882.097,1321,632,996.8,1336.2,473
D_t1000_r3,1791021882.57,1322,473,1000.0,884.1,535
D_t1000_r3,1791021883.105,1323,535,1000.0,1065.7,502
D_t1000_r3,1791021883.608,1324,505,1004.0,965.6,523
D_t1000_r3,1791021884.131,1325,518,990.4,984.8,526
D_t1000_r3,1791021884.657,1326,531,1009.5,1070.6,496
D_t1000_r3,1791021885.153,1327,494,996.0,972.4,508
D_t1000_r3,1791021885.662,1328,513,1007.9,1011.8,507
D_t1000_r3,1791021886.169,1329,509,1003.9,994.1,512
D_t1000_r3,1791021886.681,1330,505,986.3,892.2,566
D_t1000_r3,1791021887.248,1331,570,1005.3,1045.9,545
D_t1000_r3,1791021887.794,1332,544,996.3,951.0,572
D_t1000_r3,1791021888.367,1333,571,996.5,1126.2,507
D_t1000_r3,1791021888.874,1334,510,1005.9,1045.1,488
D_t1000_r3,1791021889.362,1335,491,1006.1,861.4,570
D_t1000_r3,1791021889.932,1336,566,993.0,1162.2,487
D_t1000_r3,1791021890.42,1337,490,1004.1,970.3,505
D_t1000_r3,1791021890.925,1338,508,1005.9,1028.3,494
D_t1000_r3,1791021891.419,1339,490,991.9,972.2,504
D_t1000_r3,1791021891.924,1340,501,992.1,1026.6,488
D_t1000_r3,1791021892.413,1341,496,1014.3,1010.2,491
D_t1000_r3,1791021892.905,1342,490,995.9,974.2,503
D_t1000_r3,1791021893.408,1343,504,1002.0,847.1,594
D_t1000_r3,1791021894.003,1344,588,988.2,1139.5,516
D_t1000_r3,1791021894.52,1345,518,1001.9,888.5,583
D_t1000_r3,1791021895.104,1346,590,1010.3,1184.7,498
D_t1000_r3,1791021895.602,1347,495,994.0,906.6,546
D_t1000_r3,1791021896.149,1348,551,1007.3,1138.4,484
D_t1000_r3,1791021896.633,1349,482,995.9,939.6,513
D_t1000_r3,1791021897.146,1350,517,1007.8,1053.0,491
D_t1000_r3,1791021897.637,1351,490,998.0,933.3,525
D_t1000_r3,1791021898.162,1352,523,996.2,1071.7,488
D_t1000_r3,1791021898.651,1353,488,998.0,951.3,513
D_t1000_r3,1791021899.164,1354,507,988.3,1014.0,500
D_t1000_r3,1791021899.664,1355,507,1014.0,1012.0,501
D_t1000_r3,1791021900.165,1356,500,998.0,886.5,564
D_t1000_r3,1791021900.73,1357,557,985.8,1129.8,492
D_t1000_r3,1791021901.223,1358,495,1004.1,903.3,548
D_t1000_r3,1791021901.772,1359,555,1010.9,1081.9,513
D_t1000_r3,1791021902.286,1360,512,996.1,1032.3,495
D_t1000_r3,1791021902.782,1361,495,998.0,984.1,503
D_t1000_r3,1791021903.286,1362,509,1009.9,1011.9,503
D_t1000_r3,1791021903.789,1363,502,998.0,971.0,517
D_t1000_r3,1791021904.307,1364,517,998.1,1081.6,478
D_t1000_r3,1791021904.786,1365,479,1000.0,935.5,512
D_t1000_r3,1791021905.298,1366,514,1003.9,1051.1,489
D_t1000_r3,1791021905.787,1367,481,983.6,932.2,516
D_t1000_r3,1791021906.303,1368,522,1011.6,925.5,564
D_t1000_r3,1791021906.867,1369,561,994.7,1156.7,484
D_t1000_r3,1791021907.352,1370,486,1002.1,832.2,584
D_t1000_r3,1791021907.936,1371,583,998.3,1152.2,506
D_t1000_r3,1791021908.442,1372,511,1009.9,951.6,537
D_t1000_r3,1791021908.979,1373,538,1001.9,1073.9,501
D_t1000_r3,1791021909.48,1374,501,1000.0,931.2,537
D_t1000_r3,1791021910.018,1375,534,992.6,1007.5,530
D_t1000_r3,1791021910.549,1376,529,996.2,1060.1,499
D_t1000_r3,1791021911.049,1377,500,1000.0,970.9,515
D_t1000_r3,1791021911.565,1378,519,1005.8,1044.3,497
D_t1000_r3,1791021912.062,1379,496,998.0,895.3,554
D_t1000_r3,1791021912.617,1380,560,1009.0,1072.8,521
D_t1000_r3,1791021913.139,1381,518,992.3,925.0,560
D_t1000_r3,1791021913.699,1382,555,991.1,1135.0,488
D_t1000_r3,1791021914.188,1383,491,1004.1,957.1,513
D_t1000_r3,1791021914.701,1384,511,996.1,946.3,540
D_t1000_r3,1791021915.242,1385,542,1001.8,1092.7,496
D_t1000_r3,1791021915.739,1386,501,1008.0,947.1,529
D_t1000_r3,1791021916.269,1387,526,992.5,1003.8,524
D_t1000_r3,1791021916.793,1388,522,996.2,1067.5,489
D_t1000_r3,1791021917.282,1389,496,1014.3,1026.9,483
D_t1000_r3,1791021917.765,1390,477,987.6,913.8,522
D_t1000_r3,1791021918.287,1391,522,1000.0,1046.1,499
D_t1000_r3,1791021918.787,1392,504,1008.0,1026.5,491
D_t1000_r3,1791021919.278,1393,492,1002.0,991.9,496
D_t1000_r3,1791021919.774,1394,494,996.0,1033.5,478
D_t1000_r3,1791021920.252,1395,482,1008.4,973.7,495
D_t1000_r3,1791021920.747,1396,488,985.9,981.9,497
D_t1000_r3,1791021921.244,1397,498,1002.0,872.2,571
D_t1000_r3,1791021921.816,1398,574,1003.5,1188.4,483
D_t1000_r3,1791021922.3,1399,485,1002.1,927.3,523
D_t1000_r3,1791021922.824,1400,521,994.3,1074.2,485
D_t1000_r3,1791021923.31,1401,488,1004.1,1002.1,487
D_t1000_r3,1791021923.797,1402,484,993.8,995.9,486
D_t1000_r3,1791021924.284,1403,491,1008.2,960.9,511
D_t1000_r3,1791021924.796,1404,511,998.0,1069.0,478
D_t1000_r3,1791021925.275,1405,482,1006.3,997.9,483
D_t1000_r3,1791021925.758,1406,479,991.7,997.9,479
D_t1000_r3,1791021926.238,1407,485,1010.4,859.9,564
D_t1000_r3,1791021926.803,1408,561,992.9,1186.0,473
D_t1000_r3,1791021927.276,1409,479,1012.7,877.3,546
D_t1000_r3,1791021927.823,1410,538,983.5,1005.6,535
D_t1000_r3,1791021928.358,1411,540,1009.3,918.4,588
D_t1000_r3,1791021928.947,1412,593,1006.8,1100.2,539
D_t1000_r3,1791021929.486,1413,535,992.6,1107.7,483
D_t1000_r3,1791021929.969,1414,486,1006.2,546.1,890
D_t1000_r4,1791021948.884,1417,492,1177.0,991.9,496
D_t1000_r4,1791021949.381,1418,490,985.9,1006.2,487
D_t1000_r4,1791021949.869,1419,493,1010.2,976.2,505
D_t1000_r4,1791021950.375,1420,506,1000.0,1041.2,486
D_t1000_r4,1791021950.862,1421,485,995.9,1002.1,484
D_t1000_r4,1791021951.346,1422,493,1018.6,1040.1,474
D_t1000_r4,1791021951.821,1423,472,993.7,923.7,511
D_t1000_r4,1791021952.332,1424,510,998.0,949.7,537
D_t1000_r4,1791021952.869,1425,541,1007.4,998.2,542
D_t1000_r4,1791021953.411,1426,536,988.9,1123.7,477
D_t1000_r4,1791021953.888,1427,482,1010.5,890.9,541
D_t1000_r4,1791021954.43,1428,535,987.1,976.3,547
D_t1000_r4,1791021954.978,1429,556,1014.6,1130.1,492
D_t1000_r4,1791021955.47,1430,491,998.0,998.0,492
D_t1000_r4,1791021955.962,1431,489,993.9,968.3,505
D_t1000_r4,1791021956.468,1432,509,1005.9,1085.3,469
D_t1000_r4,1791021956.937,1433,461,982.9,946.6,487
D_t1000_r4,1791021957.425,1434,496,1016.4,1008.1,492
D_t1000_r4,1791021957.917,1435,489,993.9,949.5,515
D_t1000_r4,1791021958.433,1436,512,992.2,1080.2,474
D_t1000_r4,1791021958.907,1437,481,1014.8,971.7,495
D_t1000_r4,1791021959.402,1438,493,996.0,824.4,598
D_t1000_r4,1791021960.001,1439,597,996.7,1184.5,504
D_t1000_r4,1791021960.506,1440,506,1002.0,1047.6,483
D_t1000_r4,1791021960.99,1441,486,1004.1,917.0,530
D_t1000_r4,1791021961.52,1442,528,996.2,1064.5,496
D_t1000_r4,1791021962.016,1443,493,994.0,961.0,513
D_t1000_r4,1791021962.529,1444,520,1013.6,1029.7,505
D_t1000_r4,1791021963.035,1445,504,996.0,822.2,613
D_t1000_r4,1791021963.649,1446,611,995.1,861.8,709
D_t1000_r4,1791021964.359,1447,712,1002.8,1200.7,593
D_t1000_r4,1791021964.952,1448,590,994.9,1163.7,507
D_t1000_r4,1791021965.459,1449,508,1002.0,960.3,529
D_t1000_r4,1791021965.988,1450,534,1009.5,1072.3,498
D_t1000_r4,1791021966.486,1451,493,990.0,854.4,577
D_t1000_r4,1791021967.063,1452,580,1005.2,1205.8,481
D_t1000_r4,1791021967.544,1453,479,995.8,880.5,544
D_t1000_r4,1791021968.089,1454,541,992.7,1009.3,536
D_t1000_r4,1791021968.626,1455,543,1011.2,1088.2,499
D_t1000_r4,1791021969.125,1456,500,1002.0,1039.5,481
D_t1000_r4,1791021969.606,1457,476,989.6,975.4,488
D_t1000_r4,1791021970.094,1458,488,1000.0,1025.2,476
D_t1000_r4,1791021970.571,1459,473,991.6,863.1,548
D_t1000_r4,1791021971.119,1460,550,1003.6,1143.5,481
D_t1000_r4,1791021971.6,1461,483,1004.2,923.5,523
D_t1000_r4,1791021972.123,1462,526,1005.7,1019.4,516
D_t1000_r4,1791021972.639,1463,511,990.3,1000.0,511
D_t1000_r4,1791021973.15,1464,513,1003.9,900.0,570
D_t1000_r4,1791021973.72,1465,576,1010.5,1118.4,515
D_t1000_r4,1791021974.236,1466,511,990.3,1005.9,508
D_t1000_r4,1791021974.744,1467,512,1007.9,1026.1,499
D_t1000_r4,1791021975.243,1468,497,996.0,990.0,502
D_t1000_r4,1791021975.746,1469,499,992.0,992.0,503
D_t1000_r4,1791021976.25,1470,503,998.0,986.3,510
D_t1000_r4,1791021976.76,1471,514,1007.8,1032.1,498
D_t1000_r4,1791021977.259,1472,498,998.0,1033.2,482
D_t1000_r4,1791021977.741,1473,479,993.8,944.8,507
D_t1000_r4,1791021978.248,1474,510,1005.9,1013.9,503
D_t1000_r4,1791021978.751,1475,500,994.0,1020.4,490
D_t1000_r4,1791021979.242,1476,497,1012.2,970.7,512
D_t1000_r4,1791021979.754,1477,508,992.2,996.1,510
D_t1000_r4,1791021980.265,1478,515,1007.8,1015.8,507
D_t1000_r4,1791021980.773,1479,504,992.1,1050.0,480
D_t1000_r4,1791021981.253,1480,478,995.8,834.2,573
D_t1000_r4,1791021981.826,1481,580,1012.2,1178.9,492
D_t1000_r4,1791021982.319,1482,484,981.7,932.6,519
D_t1000_r4,1791021982.839,1483,521,1001.9,1039.9,501
D_t1000_r4,1791021983.341,1484,503,1002.0,961.8,523
D_t1000_r4,1791021983.864,1485,532,1017.2,1079.1,493
D_t1000_r4,1791021984.357,1486,487,987.8,920.6,529
D_t1000_r4,1791021984.887,1487,530,1000.0,1081.6,490
D_t1000_r4,1791021985.378,1488,492,1002.0,988.0,498
D_t1000_r4,1791021985.876,1489,494,992.0,1037.8,476
D_t1000_r4,1791021986.352,1490,474,995.8,942.3,503
D_t1000_r4,1791021986.856,1491,483,958.3,989.8,488
D_t1000_r4,1791021987.345,1492,513,1049.1,1013.8,506
D_t1000_r4,1791021987.851,1493,504,996.0,986.3,511
D_t1000_r4,1791021988.362,1494,514,1005.9,917.9,559
D_t1000_r4,1791021988.922,1495,558,996.4,1141.1,489
D_t1000_r4,1791021989.411,1496,488,998.0,908.8,537
D_t1000_r4,1791021989.949,1497,538,1000.0,1050.8,512
D_t1000_r4,1791021990.461,1498,520,1015.6,1021.6,509
D_t1000_r4,1791021990.971,1499,508,996.1,1016.0,500
D_t1000_r4,1791021991.472,1500,495,988.0,1002.0,494
D_t1000_r4,1791021991.966,1501,501,1014.2,990.1,506
D_t1000_r4,1791021992.472,1502,503,994.1,990.2,508
D_t1000_r4,1791021992.98,1503,511,1005.9,998.0,512
D_t1000_r4,1791021993.492,1504,505,986.3,1032.7,489
D_t1000_r4,1791021993.981,1505,491,1004.1,1004.1,489
D_t1000_r4,1791021994.47,1506,489,1000.0,877.9,557
D_t1000_r4,1791021995.028,1507,563,1009.0,1132.8,497
D_t1000_r4,1791021995.526,1508,500,1004.0,959.7,521
D_t1000_r4,1791021996.047,1509,515,988.5,1044.6,493
D_t1000_r4,1791021996.54,1510,496,1006.1,934.1,531
D_t1000_r4,1791021997.072,1511,531,998.1,1094.8,485
D_t1000_r4,1791021997.557,1512,483,995.9,932.4,518
D_t1000_r4,1791021998.075,1513,518,1000.0,1081.4,479
D_t1000_r4,1791021998.554,1514,482,1006.3,943.2,511
D_t1000_r4,1791021999.065,1515,513,1003.9,1057.7,485
D_t1000_r4,1791021999.55,1516,481,991.8,950.6,506
D_t1000_r4,1791022000.057,1517,509,1003.9,1034.6,492
D_t1000_r4,1791022000.549,1518,489,993.9,902.2,542
D_t1000_r4,1791022001.092,1519,545,1003.7,1026.4,530
D_t1000_r4,1791022001.623,1520,526,990.6,1015.4,518
D_t1000_r4,1791022002.141,1521,523,1009.7,1019.5,513
D_t1000_r4,1791022002.655,1522,510,992.2,865.9,589
D_t1000_r4,1791022003.244,1523,597,1013.6,1191.6,500
D_t1000_r4,1791022003.745,1524,491,980.0,978.1,502
D_t1000_r4,1791022004.247,1525,506,1008.0,994.1,509
D_t1000_r4,1791022004.757,1526,513,1005.9,1030.1,498
D_t1000_r4,1791022005.256,1527,495,992.0,1016.4,487
D_t1000_r4,1791022005.743,1528,488,1002.1,1023.1,477
D_t1000_r4,1791022006.22,1529,481,1008.4,926.8,519
D_t1000_r4,1791022006.739,1530,513,988.4,990.3,518
D_t1000_r4,1791022007.257,1531,522,1007.7,1063.1,491
D_t1000_r4,1791022007.748,1532,485,987.8,859.9,564
D_t1000_r4,1791022008.312,1533,567,1005.3,409.4,1385
D_t1000_r5,1791022027.407,1536,516,1144.1,1055.2,489
D_t1000_r5,1791022027.896,1537,486,993.9,915.3,530
D_t1000_r5,1791022028.427,1538,531,1000.0,1068.4,497
D_t1000_r5,1791022028.924,1539,499,1004.0,1004.0,497
D_t1000_r5,1791022029.421,1540,500,1006.0,1024.6,488
D_t1000_r5,1791022029.909,1541,487,998.0,934.7,521
D_t1000_r5,1791022030.43,1542,522,1001.9,1076.3,484
D_t1000_r5,1791022030.915,1543,485,1000.0,837.7,579
D_t1000_r5,1791022031.494,1544,578,998.3,1194.2,484
D_t1000_r5,1791022031.979,1545,487,1004.1,934.7,521
D_t1000_r5,1791022032.501,1546,519,994.3,1007.8,515
D_t1000_r5,1791022033.016,1547,510,990.3,998.0,510
D_t1000_r5,1791022033.527,1548,515,1007.8,990.4,520
D_t1000_r5,1791022034.047,1549,519,998.1,1021.7,508
D_t1000_r5,1791022034.556,1550,512,1005.9,901.4,568
D_t1000_r5,1791022035.124,1551,565,994.7,1116.6,506
D_t1000_r5,1791022035.631,1552,513,1011.8,1057.7,485
D_t1000_r5,1791022036.116,1553,482,993.8,971.8,496
D_t1000_r5,1791022036.612,1554,497,1002.0,1024.7,485
D_t1000_r5,1791022037.097,1555,479,987.6,965.7,496
D_t1000_r5,1791022037.593,1556,497,1002.0,978.3,508
D_t1000_r5,1791022038.101,1557,513,1009.8,973.4,527
D_t1000_r5,1791022038.628,1558,521,988.6,1076.4,484
D_t1000_r5,1791022039.112,1559,491,1014.5,998.0,492
D_t1000_r5,1791022039.604,1560,487,989.8,1000.0,487
D_t1000_r5,1791022040.091,1561,490,1006.2,989.9,495
D_t1000_r5,1791022040.587,1562,495,998.0,1020.6,485
D_t1000_r5,1791022041.073,1563,484,995.9,964.1,502
D_t1000_r5,1791022041.576,1564,506,1006.0,1074.3,471
D_t1000_r5,1791022042.048,1565,469,993.6,957.1,490
D_t1000_r5,1791022042.538,1566,490,1000.0,976.1,502
D_t1000_r5,1791022043.041,1567,501,996.0,1010.1,496
D_t1000_r5,1791022043.538,1568,503,1012.1,1041.4,483
D_t1000_r5,1791022044.021,1569,486,1006.2,796.7,610
D_t1000_r5,1791022044.632,1570,609,996.7,1208.3,504
D_t1000_r5,1791022045.137,1571,504,998.0,1000.0,504
D_t1000_r5,1791022045.641,1572,499,990.1,1000.0,499
D_t1000_r5,1791022046.14,1573,499,1000.0,1026.7,486
D_t1000_r5,1791022046.626,1574,491,1010.3,955.3,514
D_t1000_r5,1791022047.14,1575,509,990.3,992.2,513
D_t1000_r5,1791022047.654,1576,508,988.3,942.5,539
D_t1000_r5,1791022048.194,1577,547,1013.0,1049.9,521
D_t1000_r5,1791022048.716,1578,527,1009.6,1066.8,494
D_t1000_r5,1791022049.21,1579,495,1002.0,986.1,502
D_t1000_r5,1791022049.712,1580,497,990.0,982.2,506
D_t1000_r5,1791022050.218,1581,510,1007.9,1058.1,482
D_t1000_r5,1791022050.7,1582,479,993.8,882.1,543
D_t1000_r5,1791022051.244,1583,545,1001.8,1130.7,482
D_t1000_r5,1791022051.726,1584,480,995.9,965.8,497
D_t1000_r5,1791022052.224,1585,498,1000.0,1037.5,480
D_t1000_r5,1791022052.704,1586,486,1012.5,882.0,550
D_t1000_r5,1791022053.255,1587,543,985.5,1121.9,484
D_t1000_r5,1791022053.74,1588,482,993.8,939.6,513
D_t1000_r5,1791022054.253,1589,517,1007.8,1009.8,512
D_t1000_r5,1791022054.765,1590,510,996.1,1011.9,504
D_t1000_r5,1791022055.27,1591,505,1000.0,1010.0,500
D_t1000_r5,1791022055.771,1592,506,1010.0,992.2,510
D_t1000_r5,1791022056.281,1593,512,1003.9,1032.3,496
D_t1000_r5,1791022056.778,1594,496,998.0,1008.1,492
D_t1000_r5,1791022057.271,1595,492,998.0,875.4,562
D_t1000_r5,1791022057.833,1596,560,996.4,1169.1,479
D_t1000_r5,1791022058.312,1597,482,1006.3,960.2,502
D_t1000_r5,1791022058.814,1598,504,1004.0,1010.0,498
D_t1000_r5,1791022059.313,1599,499,1000.0,961.5,519
D_t1000_r5,1791022059.832,1600,515,992.3,1021.8,504
D_t1000_r5,1791022060.337,1601,500,990.1,992.1,504
D_t1000_r5,1791022060.841,1602,508,1007.9,881.9,576
D_t1000_r5,1791022061.418,1603,577,1000.0,1113.9,518
D_t1000_r5,1791022061.936,1604,516,996.1,1001.9,515
D_t1000_r5,1791022062.451,1605,519,1007.8,1057.0,491
D_t1000_r5,1791022062.942,1606,488,993.9,818.8,596
D_t1000_r5,1791022063.539,1607,602,1008.4,1226.1,491
D_t1000_r5,1791022064.03,1608,485,987.8,853.9,568
D_t1000_r5,1791022064.599,1609,573,1007.0,1119.1,512
D_t1000_r5,1791022065.112,1610,514,1001.9,1023.9,502
D_t1000_r5,1791022065.614,1611,504,1004.0,1050.0,479
D_t1000_r5,1791022066.094,1612,476,991.7,977.4,487
D_t1000_r5,1791022066.582,1613,485,993.9,985.8,492
D_t1000_r5,1791022067.075,1614,493,1000.0,998.0,494
D_t1000_r5,1791022067.569,1615,501,1014.2,919.3,545
D_t1000_r5,1791022068.115,1616,541,990.8,1124.7,481
D_t1000_r5,1791022068.596,1617,482,1002.1,863.8,558
D_t1000_r5,1791022069.155,1618,554,991.1,1173.7,472
D_t1000_r5,1791022069.627,1619,480,1016.9,960.0,500
D_t1000_r5,1791022070.127,1620,500,1000.0,1059.3,472
D_t1000_r5,1791022070.6,1621,473,1000.0,787.0,601
D_t1000_r5,1791022071.202,1622,600,996.7,1268.5,473
D_t1000_r5,1791022071.676,1623,470,991.6,945.7,497
D_t1000_r5,1791022072.173,1624,503,1012.1,1056.7,476
D_t1000_r5,1791022072.649,1625,470,987.4,916.2,513
D_t1000_r5,1791022073.162,1626,511,996.1,1038.6,492
D_t1000_r5,1791022073.654,1627,494,1004.1,978.2,505
D_t1000_r5,1791022074.16,1628,509,1005.9,845.5,602
D_t1000_r5,1791022074.763,1629,601,996.7,1176.1,511
D_t1000_r5,1791022075.274,1630,507,992.2,1036.8,489
D_t1000_r5,1791022075.763,1631,493,1008.2,914.7,539
D_t1000_r5,1791022076.302,1632,544,1009.3,1119.3,486
D_t1000_r5,1791022076.789,1633,486,997.9,1016.7,478
D_t1000_r5,1791022077.268,1634,476,993.7,842.5,565
D_t1000_r5,1791022077.833,1635,565,1000.0,1125.5,502
D_t1000_r5,1791022078.336,1636,506,1006.0,1052.0,481
D_t1000_r5,1791022078.818,1637,479,993.8,921.2,520
D_t1000_r5,1791022079.339,1638,524,1005.8,1033.5,507
D_t1000_r5,1791022079.846,1639,504,994.1,963.7,523
D_t1000_r5,1791022080.369,1640,527,1007.6,1069.0,493
D_t1000_r5,1791022080.862,1641,487,987.8,890.3,547
D_t1000_r5,1791022081.41,1642,547,998.2,1127.8,485
D_t1000_r5,1791022081.895,1643,488,1006.2,1033.9,472
D_t1000_r5,1791022082.368,1644,473,1000.0,975.3,485
D_t1000_r5,1791022082.853,1645,488,1006.2,1004.1,486
D_t1000_r5,1791022083.339,1646,486,1000.0,885.2,549
D_t1000_r5,1791022083.888,1647,545,992.7,1005.5,542
D_t1000_r5,1791022084.43,1648,542,1000.0,1112.9,487
D_t1000_r5,1791022084.917,1649,482,989.7,979.7,492
D_t1000_r5,1791022085.409,1650,493,1002.0,976.2,505
D_t1000_r5,1791022085.915,1651,514,1015.8,998.1,514
D_t1000_r5,1791022086.43,1652,508,986.4,1028.3,494
D_t2000_r1,1791035626.449,5,2053,2219.5,1821.7,1127
D_t2000_r1,1791035627.577,6,2256,2000.0,2014.3,1120
D_t2000_r1,1791035628.698,7,2215,1975.9,1972.4,1123
D_t2000_r1,1791035629.822,8,2272,2021.4,2283.4,995
D_t2000_r1,1791035630.818,9,1959,1966.9,1724.5,1136
D_t2000_r1,1791035631.955,10,2303,2025.5,2296.1,1003
D_t2000_r1,1791035632.959,11,2001,1993.0,1946.5,1028
D_t2000_r1,1791035633.988,12,2034,1976.7,2096.9,970
D_t2000_r1,1791035634.96,13,1981,2038.1,1961.4,1009
D_t2000_r1,1791035635.971,14,1999,1977.3,2108.6,947
D_t2000_r1,1791035636.92,15,1887,1988.4,2003.2,942
D_t2000_r1,1791035637.863,16,1918,2033.9,1831.9,1047
D_t2000_r1,1791035638.911,17,2071,1976.1,2353.4,880
D_t2000_r1,1791035639.792,18,1787,2028.4,1891.0,945
D_t2000_r1,1791035640.738,19,1881,1988.4,2200.0,855
D_t2000_r1,1791035641.594,20,1728,2018.7,2151.9,803
D_t2000_r1,1791035642.398,21,1601,1991.3,1537.9,1041
D_t2000_r1,1791035643.44,22,2080,1996.2,1938.5,1073
D_t2000_r1,1791035644.514,23,2152,2003.7,2109.8,1020
D_t2000_r1,1791035645.535,24,2039,1997.1,2413.0,844
D_t2000_r1,1791035646.38,25,1706,2018.9,2262.6,754
D_t2000_r1,1791035647.135,26,1497,1982.8,1939.1,772
D_t2000_r1,1791035647.908,27,1547,2001.3,1854.9,834
D_t2000_r1,1791035648.743,28,1679,2010.8,1916.7,876
D_t2000_r1,1791035649.62,29,1749,1994.3,2130.3,821
D_t2000_r1,1791035650.442,30,1619,1969.6,2127.5,761
D_t2000_r1,1791035651.204,31,1532,2010.5,2015.8,760
D_t2000_r1,1791035651.965,32,1539,2022.3,2134.5,721
D_t2000_r1,1791035652.687,33,1444,2000.0,1750.3,825
D_t2000_r1,1791035653.513,34,1642,1987.9,2146.4,765
D_t2000_r1,1791035654.279,35,1522,1986.9,2165.0,703
D_t2000_r1,1791035654.982,36,1404,1997.2,1804.6,777
D_t2000_r1,1791035655.76,37,1564,2010.3,2139.5,731
D_t2000_r1,1791035656.491,38,1446,1978.1,2000.0,722
D_t2000_r1,1791035657.217,39,1466,2019.3,1908.9,768
D_t2000_r1,1791035657.986,40,1541,2003.9,1973.1,781
D_t2000_r1,1791035658.768,41,1553,1985.9,2110.1,736
D_t2000_r1,1791035659.505,42,1479,2006.8,2080.2,711
D_t2000_r1,1791035660.217,43,1442,2025.3,1667.1,865
D_t2000_r1,1791035661.083,44,1734,2002.3,2217.4,782
D_t2000_r1,1791035661.866,45,1542,1969.3,1949.4,791
D_t2000_r1,1791035662.658,46,1604,2025.3,2030.4,790
D_t2000_r1,1791035663.449,47,1587,2006.3,1862.7,852
D_t2000_r1,1791035664.302,48,1696,1988.3,1829.6,927
D_t2000_r1,1791035665.231,49,1857,1998.9,2056.5,903
D_t2000_r1,1791035666.135,50,1794,1984.5,1904.5,942
D_t2000_r1,1791035667.078,51,1857,1969.2,2332.9,796
D_t2000_r1,1791035667.876,52,1626,2037.6,2173.8,747
D_t2000_r1,1791035668.624,53,1498,2002.7,1992.0,752
D_t2000_r1,1791035669.377,54,1493,1982.7,1843.2,809
D_t2000_r1,1791035670.189,55,1633,2011.1,1974.6,827
D_t2000_r1,1791035671.017,56,1655,1998.8,1967.9,840
D_t2000_r1,1791035671.858,57,1688,2007.1,1795.7,940
D_t2000_r1,1791035672.799,58,1869,1986.2,2090.6,894
D_t2000_r1,1791035673.694,59,1801,2012.3,2094.2,860
D_t2000_r1,1791035674.555,60,1741,2022.1,1813.5,960
D_t2000_r1,1791035675.516,61,1918,1995.8,1889.7,1015
D_t2000_r1,1791035676.532,62,2024,1992.1,2302.6,879
D_t2000_r1,1791035677.412,63,1768,2009.1,1714.8,1031
D_t2000_r1,1791035678.444,64,2033,1970.0,1914.3,1062
D_t2000_r1,1791035679.507,65,2144,2016.9,2268.8,945
D_t2000_r1,1791035680.453,66,1882,1989.4,2109.9,892
D_t2000_r1,1791035681.346,67,1789,2003.4,2270.3,788
D_t2000_r1,1791035682.136,68,1587,2008.9,2130.2,745
D_t2000_r1,1791035682.882,69,1509,2022.8,1701.2,887
D_t2000_r1,1791035683.77,70,1771,1994.4,2208.2,801
D_t2000_r1,1791035684.572,71,1600,1995.0,2072.5,772
D_t2000_r1,1791035685.345,72,1548,2002.6,897.9,1723
D_t2000_r2,1791035752.032,75,8094,2049.6,8396.3,964
D_t2000_r2,1791035752.997,76,1941,2011.4,2651.6,732
D_t2000_r2,1791035753.73,77,1441,1965.9,2082.4,692
D_t2000_r2,1791035754.422,78,1398,2020.2,2137.6,654
D_t2000_r2,1791035755.077,79,1309,1998.5,2142.4,611
D_t2000_r2,1791035755.689,80,1226,2003.3,1854.8,661
D_t2000_r2,1791035756.358,81,1314,1964.1,1832.6,717
D_t2000_r2,1791035757.076,82,1449,2018.1,2127.8,680
D_t2000_r2,1791035757.757,83,1347,1978.0,1696.5,794
D_t2000_r2,1791035758.553,84,1610,2022.6,2164.0,744
D_t2000_r2,1791035759.298,85,1474,1978.5,1904.4,774
D_t2000_r2,1791035760.072,86,1577,2037.5,2024.4,779
D_t2000_r2,1791035760.851,87,1529,1962.8,1844.4,829
D_t2000_r2,1791035761.681,88,1679,2022.9,2206.3,761
D_t2000_r2,1791035762.442,89,1512,1986.9,1704.6,887
D_t2000_r2,1791035763.33,90,1789,2014.6,2253.1,794
D_t2000_r2,1791035764.125,91,1572,1977.4,1815.2,866
D_t2000_r2,1791035764.992,92,1738,2004.6,1926.8,902
D_t2000_r2,1791035765.895,93,1828,2024.4,2418.0,756
D_t2000_r2,1791035766.652,94,1510,1994.7,2141.8,704
D_t2000_r2,1791035767.357,95,1412,2002.8,1939.6,728
D_t2000_r2,1791035768.086,96,1450,1989.0,1757.6,825
D_t2000_r2,1791035768.912,97,1633,1977.0,2255.5,724
D_t2000_r2,1791035769.637,98,1472,2030.3,2008.2,733
D_t2000_r2,1791035770.371,99,1452,1978.2,1972.8,736
D_t2000_r2,1791035771.108,100,1491,2023.1,1996.0,747
D_t2000_r2,1791035771.857,101,1495,1996.0,1996.0,749
D_t2000_r2,1791035772.607,102,1508,2010.7,2002.7,753
D_t2000_r2,1791035773.36,103,1481,1966.8,2039.9,726
D_t2000_r2,1791035774.086,104,1471,2026.2,1671.6,880
D_t2000_r2,1791035774.967,105,1751,1987.5,2455.8,713
D_t2000_r2,1791035775.68,106,1427,2001.4,1836.6,777
D_t2000_r2,1791035776.458,107,1561,2006.4,1650.1,946
D_t2000_r2,1791035777.405,108,1907,2013.7,2522.5,756
D_t2000_r2,1791035778.162,109,1494,1973.6,1802.2,829
D_t2000_r2,1791035778.992,110,1669,2010.8,2302.1,724
D_t2000_r2,1791035779.717,111,1456,2008.3,2025.0,718
D_t2000_r2,1791035780.436,112,1440,2002.8,1811.3,795
D_t2000_r2,1791035781.232,113,1563,1963.6,2170.8,720
D_t2000_r2,1791035781.953,114,1451,2012.5,2004.1,724
D_t2000_r2,1791035782.677,115,1455,2009.7,1976.9,736
D_t2000_r2,1791035783.414,116,1476,2002.7,2084.7,708
D_t2000_r2,1791035784.123,117,1408,1985.9,1910.4,737
D_t2000_r2,1791035784.861,118,1496,2027.1,2143.3,698
D_t2000_r2,1791035785.56,119,1369,1958.5,1950.1,702
D_t2000_r2,1791035786.263,120,1436,2042.7,1969.8,729
D_t2000_r2,1791035786.993,121,1460,2000.0,1962.4,744
D_t2000_r2,1791035787.738,122,1478,1983.9,1991.9,741
D_t2000_r2,1791035788.48,123,1498,2018.9,1710.0,876
D_t2000_r2,1791035789.357,124,1743,1987.5,2482.9,702
D_t2000_r2,1791035790.06,125,1416,2014.2,2148.7,659
D_t2000_r2,1791035790.72,126,1310,1984.8,1958.1,669
D_t2000_r2,1791035791.391,127,1332,1985.1,1988.1,670
D_t2000_r2,1791035792.062,128,1354,2017.9,1956.6,692
D_t2000_r2,1791035792.754,129,1405,2030.3,2069.2,679
D_t2000_r2,1791035793.434,130,1340,1970.6,1876.8,714
D_t2000_r2,1791035794.148,131,1436,2011.2,1721.8,834
D_t2000_r2,1791035794.983,132,1641,1965.3,1935.1,848
D_t2000_r2,1791035795.832,133,1728,2035.3,2390.0,723
D_t2000_r2,1791035796.556,134,1425,1968.2,1506.3,946
D_t2000_r2,1791035797.503,135,1907,2013.7,2407.8,792
D_t2000_r2,1791035798.296,136,1583,1996.2,2127.7,744
D_t2000_r2,1791035799.041,137,1491,2001.3,2108.9,707
D_t2000_r2,1791035799.749,138,1408,1988.7,1616.5,871
D_t2000_r2,1791035800.621,139,1738,1993.1,2127.3,817
D_t2000_r2,1791035801.439,140,1664,2034.2,2260.9,736
D_t2000_r2,1791035802.176,141,1462,1983.7,1923.7,760
D_t2000_r2,1791035802.936,142,1522,2002.6,2032.0,749
D_t2000_r2,1791035803.686,143,1496,1994.7,2104.1,711
D_t2000_r2,1791035804.397,144,1432,2014.1,2031.2,705
D_t2000_r2,1791035805.103,145,1408,1994.3,2020.1,697
D_t2000_r2,1791035805.8,146,1381,1981.3,1956.1,706
D_t2000_r2,1791035806.507,147,1426,2017.0,1977.8,721
D_t2000_r2,1791035807.228,148,1442,2000.0,1997.2,722
D_t2000_r2,1791035807.95,149,1445,2001.4,907.7,1591
D_t2000_r3,1791035872.054,152,1255,2395.0,2040.7,615
D_t2000_r3,1791035872.67,153,1220,1980.5,1865.4,654
D_t2000_r3,1791035873.325,154,1287,1964.9,2079.2,619
D_t2000_r3,1791035873.944,155,1272,2054.9,1981.3,642
D_t2000_r3,1791035874.587,156,1282,1993.8,1899.3,675
D_t2000_r3,1791035875.263,157,1348,1994.1,1912.1,705
D_t2000_r3,1791035875.968,158,1393,1975.9,1959.2,711
D_t2000_r3,1791035876.68,159,1420,1994.4,2025.7,701
D_t2000_r3,1791035877.381,160,1405,2004.3,2048.1,686
D_t2000_r3,1791035878.068,161,1372,1997.1,1924.3,713
D_t2000_r3,1791035878.781,162,1423,1995.8,2059.3,691
D_t2000_r3,1791035879.473,163,1385,2001.4,1879.2,737
D_t2000_r3,1791035880.211,164,1491,2020.3,2085.3,715
D_t2000_r3,1791035880.927,165,1432,2000.0,1843.0,777
D_t2000_r3,1791035881.705,166,1559,2003.9,2233.5,698
D_t2000_r3,1791035882.404,167,1386,1982.8,1816.5,763
D_t2000_r3,1791035883.168,168,1524,1994.8,2174.0,700
D_t2000_r3,1791035883.869,169,1419,2024.3,2001.4,708
D_t2000_r3,1791035884.578,170,1386,1954.9,2002.9,692
D_t2000_r3,1791035885.271,171,1385,1998.6,1948.0,711
D_t2000_r3,1791035885.983,172,1417,1990.2,1615.7,877
D_t2000_r3,1791035886.861,173,1793,2042.1,2170.7,826
D_t2000_r3,1791035887.688,174,1666,2014.5,2373.2,702
D_t2000_r3,1791035888.391,175,1400,1991.5,2173.9,644
D_t2000_r3,1791035889.035,176,1269,1970.5,2080.3,610
D_t2000_r3,1791035889.646,177,1235,2021.3,1951.0,633
D_t2000_r3,1791035890.279,178,1270,2006.3,2012.7,631
D_t2000_r3,1791035890.911,179,1272,2012.7,2064.9,616
D_t2000_r3,1791035891.528,180,1223,1982.2,1890.3,647
D_t2000_r3,1791035892.175,181,1301,2010.8,2017.1,645
D_t2000_r3,1791035892.821,182,1297,2007.7,1986.2,653
D_t2000_r3,1791035893.475,183,1280,1957.2,2003.1,638
D_t2000_r3,1791035894.114,184,1284,2009.4,1893.8,677
D_t2000_r3,1791035894.792,185,1367,2016.2,2087.0,655
D_t2000_r3,1791035895.449,186,1321,2010.7,1794.8,736
D_t2000_r3,1791035896.186,187,1462,1983.7,2342.9,624
D_t2000_r3,1791035896.811,188,1268,2028.8,1935.9,654
D_t2000_r3,1791035897.466,189,1296,1978.6,2021.8,641
D_t2000_r3,1791035898.107,190,1275,1989.1,1973.7,646
D_t2000_r3,1791035898.754,191,1280,1978.4,1930.6,662
D_t2000_r3,1791035899.417,192,1346,2030.2,2143.3,627
D_t2000_r3,1791035900.045,193,1251,1992.0,1688.3,741
D_t2000_r3,1791035900.788,194,1469,1977.1,2083.7,704
D_t2000_r3,1791035901.493,195,1393,1975.9,2143.1,650
D_t2000_r3,1791035902.144,196,1338,2055.3,2006.0,666
D_t2000_r3,1791035902.812,197,1345,2013.5,2091.8,643
D_t2000_r3,1791035903.456,198,1280,1987.6,1963.2,652
D_t2000_r3,1791035904.109,199,1323,2026.0,2080.2,635
D_t2000_r3,1791035904.745,200,1236,1943.4,1934.3,639
D_t2000_r3,1791035905.384,201,1306,2043.8,2224.9,587
D_t2000_r3,1791035905.971,202,1155,1967.6,1909.1,605
D_t2000_r3,1791035906.577,203,1232,2033.0,1980.7,621
D_t2000_r3,1791035907.199,204,1223,1966.2,1979.0,618
D_t2000_r3,1791035907.817,205,1215,1966.0,1750.7,694
D_t2000_r3,1791035908.512,206,1423,2047.5,2291.5,621
D_t2000_r3,1791035909.134,207,1243,1998.4,1909.4,651
D_t2000_r3,1791035909.785,208,1297,1992.3,1959.2,662
D_t2000_r3,1791035910.447,209,1335,2016.6,2170.7,614
D_t2000_r3,1791035911.062,210,1202,1954.5,1829.5,657
D_t2000_r3,1791035911.72,211,1319,2004.6,1983.5,665
D_t2000_r3,1791035912.385,212,1328,1997.0,2043.1,650
D_t2000_r3,1791035913.035,213,1315,2023.1,2032.5,647
D_t2000_r3,1791035913.683,214,1299,2004.6,2039.2,636
D_t2000_r3,1791035914.32,215,1268,1990.6,2082.1,609
D_t2000_r3,1791035914.929,216,1208,1983.6,1819.3,664
D_t2000_r3,1791035915.593,217,1330,2003.0,2024.4,657
D_t2000_r3,1791035916.25,218,1327,2019.8,1817.8,730
D_t2000_r3,1791035916.98,219,1444,1978.1,2348.0,615
D_t2000_r3,1791035917.595,220,1253,2037.4,1810.7,691
D_t2000_r3,1791035918.287,221,1359,1963.9,2206.2,616
D_t2000_r3,1791035918.903,222,1248,2026.0,1775.2,703
D_t2000_r3,1791035919.607,223,1414,2008.5,2248.0,628
D_t2000_r3,1791035920.236,224,1264,2009.5,2032.2,622
D_t2000_r3,1791035920.858,225,1239,1992.0,2085.9,594
D_t2000_r3,1791035921.453,226,1177,1978.2,1974.8,596
D_t2000_r3,1791035922.05,227,1215,2035.2,1934.7,628
D_t2000_r3,1791035922.678,228,1255,1998.4,1973.3,636
D_t2000_r3,1791035923.315,229,1268,1990.6,1555.8,815
D_t2000_r3,1791035924.131,230,1623,1989.0,2572.1,631
D_t2000_r3,1791035924.763,231,1269,2007.9,2090.6,607
D_t2000_r3,1791035925.371,232,1214,1996.7,1914.8,634
D_t2000_r3,1791035926.006,233,1270,2000.0,2106.1,603
D_t2000_r3,1791035926.61,234,1219,2018.2,1963.0,620
D_t2000_r3,1791035927.231,235,1227,1975.8,1752.9,700
D_t2000_r3,1791035927.932,236,1418,2022.8,2332.2,608
D_t2000_r3,1791035928.541,237,1209,1985.2,1910.0,633
D_t2000_r3,1791035929.175,238,1273,2007.9,2056.5,619
D_t2000_r3,1791035929.795,239,1234,1990.3,1977.6,624
D_t2000_r3,1791035930.419,240,1232,1974.4,1757.5,701
D_t2000_r3,1791035931.12,241,1430,2039.9,1381.6,1035
D_t2000_r4,1791035994.434,244,1166,2379.6,1810.6,644
D_t2000_r4,1791035995.079,245,1288,1996.9,2136.0,603
D_t2000_r4,1791035995.682,246,1198,1986.7,2013.4,595
D_t2000_r4,1791035996.277,247,1188,1996.6,1819.3,653
D_t2000_r4,1791035996.931,248,1306,1996.9,2109.9,619
D_t2000_r4,1791035997.551,249,1256,2025.8,2009.6,625
D_t2000_r4,1791035998.177,250,1248,1993.6,1668.4,748
D_t2000_r4,1791035998.926,251,1496,1997.3,2420.7,617
D_t2000_r4,1791035999.544,252,1241,2008.1,2027.8,612
D_t2000_r4,1791036000.157,253,1209,1972.3,2084.5,579
D_t2000_r4,1791036000.737,254,1176,2027.6,1902.9,618
D_t2000_r4,1791036001.356,255,1232,1990.3,2019.7,610
D_t2000_r4,1791036001.967,256,1182,1934.5,1966.7,601
D_t2000_r4,1791036002.569,257,1223,2031.6,1675.3,730
D_t2000_r4,1791036003.299,258,1475,2020.5,2442.1,604
D_t2000_r4,1791036003.903,259,1203,1991.7,1952.9,616
D_t2000_r4,1791036004.52,260,1257,2037.3,2077.7,605
D_t2000_r4,1791036005.126,261,1200,1980.2,1799.1,667
D_t2000_r4,1791036005.793,262,1330,1994.0,2068.4,643
D_t2000_r4,1791036006.437,263,1294,2009.3,1993.8,649
D_t2000_r4,1791036007.087,264,1300,2000.0,1701.6,764
D_t2000_r4,1791036007.852,265,1537,2009.2,2471.1,622
D_t2000_r4,1791036008.474,266,1230,1977.5,2003.3,614
D_t2000_r4,1791036009.088,267,1228,2000.0,2053.5,598
D_t2000_r4,1791036009.687,268,1192,1990.0,1800.6,661
D_t2000_r4,1791036010.349,269,1306,1972.8,1909.4,683
D_t2000_r4,1791036011.033,270,1398,2043.9,2251.2,621
D_t2000_r4,1791036011.655,271,1247,2004.8,1839.2,678
D_t2000_r4,1791036012.334,272,1345,1980.9,1862.9,722
D_t2000_r4,1791036013.057,273,1464,2024.9,2327.5,628
D_t2000_r4,1791036013.686,274,1227,1950.7,1963.2,625
D_t2000_r4,1791036014.311,275,1280,2048.0,2115.7,604
D_t2000_r4,1791036014.916,276,1204,1990.1,1681.6,715
D_t2000_r4,1791036015.632,277,1418,1980.4,2168.2,654
D_t2000_r4,1791036016.287,278,1298,1981.7,2230.2,582
D_t2000_r4,1791036016.87,279,1203,2063.5,1937.2,621
D_t2000_r4,1791036017.492,280,1223,1966.2,1908.0,641
D_t2000_r4,1791036018.133,281,1279,1995.3,2049.7,624
D_t2000_r4,1791036018.758,282,1264,2022.4,1947.6,649
D_t2000_r4,1791036019.407,283,1288,1984.6,2157.5,597
D_t2000_r4,1791036020.005,284,1198,2003.3,1889.6,634
D_t2000_r4,1791036020.64,285,1277,2011.0,2017.4,633
D_t2000_r4,1791036021.274,286,1256,1981.1,2086.4,602
D_t2000_r4,1791036021.876,287,1220,2026.6,2074.8,588
D_t2000_r4,1791036022.464,288,1174,1996.6,2017.2,582
D_t2000_r4,1791036023.047,289,1141,1957.1,1819.8,627
D_t2000_r4,1791036023.675,290,1257,2001.6,1884.6,667
D_t2000_r4,1791036024.342,291,1369,2052.5,2135.7,641
D_t2000_r4,1791036024.983,292,1266,1975.0,1996.8,634
D_t2000_r4,1791036025.618,293,1264,1990.6,2028.9,623
D_t2000_r4,1791036026.241,294,1260,2022.5,2096.5,600
D_t2000_r4,1791036026.842,295,1186,1973.4,1870.7,634
D_t2000_r4,1791036027.476,296,1258,1984.2,1872.0,672
D_t2000_r4,1791036028.149,297,1354,2011.9,2092.7,647
D_t2000_r4,1791036028.796,298,1300,2009.3,2037.6,638
D_t2000_r4,1791036029.434,299,1247,1954.5,2037.6,611
D_t2000_r4,1791036030.046,300,1250,2042.5,1974.7,633
D_t2000_r4,1791036030.679,301,1282,2025.3,1765.8,726
D_t2000_r4,1791036031.405,302,1444,1989.0,2288.4,631
D_t2000_r4,1791036032.037,303,1258,1990.5,2132.2,590
D_t2000_r4,1791036032.627,304,1199,2032.2,1763.2,680
D_t2000_r4,1791036033.307,305,1342,1973.5,2090.3,642
D_t2000_r4,1791036033.95,306,1285,1998.4,2127.5,604
D_t2000_r4,1791036034.555,307,1205,1991.7,1766.9,682
D_t2000_r4,1791036035.238,308,1369,2004.4,1906.7,718
D_t2000_r4,1791036035.957,309,1431,1990.3,2308.1,620
D_t2000_r4,1791036036.577,310,1253,2021.0,2030.8,617
D_t2000_r4,1791036037.194,311,1241,2011.3,1900.5,653
D_t2000_r4,1791036037.847,312,1300,1990.8,2021.8,643
D_t2000_r4,1791036038.49,313,1289,2004.7,1953.0,660
D_t2000_r4,1791036039.151,314,1314,1987.9,2190.0,600
D_t2000_r4,1791036039.752,315,1203,2001.7,1940.3,620
D_t2000_r4,1791036040.372,316,1254,2022.6,2072.7,605
D_t2000_r4,1791036040.977,317,1181,1952.1,1988.2,594
D_t2000_r4,1791036041.572,318,1211,2035.3,1895.1,639
D_t2000_r4,1791036042.212,319,1289,2014.1,1956.0,659
D_t2000_r4,1791036042.872,320,1300,1969.7,2024.9,642
D_t2000_r4,1791036043.515,321,1295,2014.0,2062.1,628
D_t2000_r4,1791036044.144,322,1268,2015.9,2160.1,587
D_t2000_r4,1791036044.732,323,1157,1967.7,1909.2,606
D_t2000_r4,1791036045.339,324,1216,2003.3,2050.6,592
D_t2000_r4,1791036045.932,325,1200,2023.6,1929.3,622
D_t2000_r4,1791036046.555,326,1229,1972.7,2086.6,589
D_t2000_r4,1791036047.144,327,1180,2003.4,1983.2,595
D_t2000_r4,1791036047.739,328,1192,2003.4,1880.1,634
D_t2000_r4,1791036048.373,329,1285,2026.8,2152.4,597
D_t2000_r4,1791036048.971,330,1173,1961.5,1824.3,643
D_t2000_r4,1791036049.615,331,1300,2018.6,2018.6,644
D_t2000_r4,1791036050.26,332,1301,2017.1,1696.2,766
D_t2000_r4,1791036051.027,333,1484,1934.8,2502.5,592
D_t2000_r4,1791036051.62,334,1234,2080.9,1961.8,629
D_t2000_r4,1791036052.249,335,1229,1953.9,2021.4,608
D_t2000_r4,1791036052.858,336,1227,2014.8,2048.4,599
D_t2000_r4,1791036053.457,337,1202,2006.7,1954.5,615
D_t2000_r5,1791036114.696,340,1166,2384.5,2089.6,558
D_t2000_r5,1791036115.255,341,1133,2026.8,1848.3,613
D_t2000_r5,1791036115.869,342,1231,2004.9,2051.7,599
D_t2000_r5,1791036116.469,343,1185,1975.0,1952.2,607
D_t2000_r5,1791036117.077,344,1210,1990.1,2026.8,597
D_t2000_r5,1791036117.675,345,1201,2008.4,1937.1,620
D_t2000_r5,1791036118.296,346,1238,1993.6,2098.3,590
D_t2000_r5,1791036118.887,347,1183,2001.7,2029.2,583
D_t2000_r5,1791036119.471,348,1182,2024.0,1957.0,604
D_t2000_r5,1791036120.075,349,1180,1953.6,2034.5,580
D_t2000_r5,1791036120.655,350,1180,2034.5,2034.5,580
D_t2000_r5,1791036121.235,351,1152,1986.2,1962.5,587
D_t2000_r5,1791036121.823,352,1183,2011.9,1640.8,721
D_t2000_r5,1791036122.545,353,1448,2005.5,2362.2,613
D_t2000_r5,1791036123.158,354,1215,1982.1,1895.5,640
D_t2000_r5,1791036123.799,355,1277,1992.2,1967.6,649
D_t2000_r5,1791036124.449,356,1311,2016.9,2188.6,599
D_t2000_r5,1791036125.049,357,1201,2001.7,2110.7,569
D_t2000_r5,1791036125.618,358,1140,2003.5,1887.4,604
D_t2000_r5,1791036126.222,359,1204,1993.4,1957.7,615
D_t2000_r5,1791036126.837,360,1216,1977.2,1447.6,840
D_t2000_r5,1791036127.678,361,1677,1994.1,1925.4,871
D_t2000_r5,1791036128.55,362,1751,2008.0,2621.3,668
D_t2000_r5,1791036129.219,363,1341,2004.5,1602.2,837
D_t2000_r5,1791036130.057,364,1693,2020.3,2637.1,642
D_t2000_r5,1791036130.7,365,1279,1989.1,2160.5,592
D_t2000_r5,1791036131.292,366,1178,1989.9,1969.9,598
D_t2000_r5,1791036131.891,367,1186,1980.0,1912.9,620
D_t2000_r5,1791036132.512,368,1243,2001.6,2103.2,591
D_t2000_r5,1791036133.103,369,1186,2006.8,1810.7,655
D_t2000_r5,1791036133.759,370,1336,2036.6,2253.0,593
D_t2000_r5,1791036134.353,371,1189,2001.7,1807.0,658
D_t2000_r5,1791036135.011,372,1298,1972.6,2015.5,644
D_t2000_r5,1791036135.66,373,1312,2021.6,2175.8,602
D_t2000_r5,1791036136.263,374,1212,2010.0,1990.1,609
D_t2000_r5,1791036136.873,375,1203,1972.1,2011.7,598
D_t2000_r5,1791036137.471,376,1216,2033.4,1785.6,681
D_t2000_r5,1791036138.153,377,1351,1980.9,2189.6,617
D_t2000_r5,1791036138.77,378,1233,1998.4,2082.8,592
D_t2000_r5,1791036139.363,379,1193,2011.8,1952.5,611
D_t2000_r5,1791036139.975,380,1196,1954.2,1938.4,617
D_t2000_r5,1791036140.592,381,1258,2038.9,2100.2,599
D_t2000_r5,1791036141.191,382,1205,2011.7,1943.5,620
D_t2000_r5,1791036141.812,383,1249,2011.3,2044.2,611
D_t2000_r5,1791036142.424,384,1222,1996.7,1874.2,652
D_t2000_r5,1791036143.076,385,1282,1966.3,1987.6,645
D_t2000_r5,1791036143.722,386,1252,1938.1,2093.6,598
D_t2000_r5,1791036144.32,387,1253,2095.3,2001.6,626
D_t2000_r5,1791036144.947,388,1255,2001.6,2017.7,622
D_t2000_r5,1791036145.569,389,1224,1967.8,2029.9,603
D_t2000_r5,1791036146.172,390,1229,2038.1,1957.0,628
D_t2000_r5,1791036146.801,391,1250,1987.3,2073.0,603
D_t2000_r5,1791036147.405,392,1194,1976.8,1986.7,601
D_t2000_r5,1791036148.007,393,1211,2011.6,2063.0,587
D_t2000_r5,1791036148.594,394,1178,2006.8,1846.4,637
D_t2000_r5,1791036149.232,395,1272,1993.7,2106.0,604
D_t2000_r5,1791036149.836,396,1228,2033.1,1808.5,679
D_t2000_r5,1791036150.515,397,1328,1955.8,2228.2,596
D_t2000_r5,1791036151.112,398,1211,2028.5,2028.5,597
D_t2000_r5,1791036151.709,399,1195,2001.7,1995.0,599
D_t2000_r5,1791036152.308,400,1184,1976.6,1788.5,662
D_t2000_r5,1791036152.971,401,1342,2024.1,2024.1,663
D_t2000_r5,1791036153.635,402,1317,1983.4,2070.8,636
D_t2000_r5,1791036154.271,403,1280,2012.6,2126.2,602
D_t2000_r5,1791036154.873,404,1196,1986.7,2069.2,578
D_t2000_r5,1791036155.451,405,1160,2006.9,1969.4,589
D_t2000_r5,1791036156.04,406,1183,2008.5,2032.6,582
D_t2000_r5,1791036156.623,407,1160,1989.7,1874.0,619
D_t2000_r5,1791036157.242,408,1217,1966.1,1959.7,621
D_t2000_r5,1791036157.864,409,1257,2020.9,2145.1,586
D_t2000_r5,1791036158.45,410,1176,2006.8,1677.6,701
D_t2000_r5,1791036159.152,411,1407,2004.3,2321.8,606
D_t2000_r5,1791036159.758,412,1226,2023.1,2050.2,598
D_t2000_r5,1791036160.357,413,1177,1964.9,1859.4,633
D_t2000_r5,1791036160.99,414,1272,2009.5,2054.9,619
D_t2000_r5,1791036161.61,415,1225,1975.8,1972.6,621
D_t2000_r5,1791036162.231,416,1242,2000.0,2063.1,602
D_t2000_r5,1791036162.833,417,1231,2044.9,2024.7,608
D_t2000_r5,1791036163.441,418,1208,1986.8,1942.1,622
D_t2000_r5,1791036164.063,419,1242,1996.8,2016.2,616
D_t2000_r5,1791036164.68,420,1218,1974.1,2006.6,607
D_t2000_r5,1791036165.288,421,1231,2024.7,2093.5,588
D_t2000_r5,1791036165.876,422,1180,2006.8,2010.2,587
D_t2000_r5,1791036166.464,423,1182,2010.2,1885.2,627
D_t2000_r5,1791036167.092,424,1233,1963.4,2089.8,590
D_t2000_r5,1791036167.682,425,1183,2005.1,1800.6,657
D_t2000_r5,1791036168.339,426,1333,2028.9,2102.5,634
D_t2000_r5,1791036168.974,427,1265,1992.1,2004.8,631
D_t2000_r5,1791036169.605,428,1263,2001.6,2098.0,602
D_t2000_r5,1791036170.208,429,1205,1998.3,1865.3,646
D_t2000_r5,1791036170.855,430,1284,1984.5,1954.3,657
D_t2000_r5,1791036171.512,431,1330,2024.4,2176.8,611
D_t2000_r5,1791036172.123,432,1219,1995.1,1963.0,621
D_t2000_r5,1791036172.745,433,1236,1987.1,1745.8,708
D_t2000_r5,1791036173.454,434,1415,1995.8,2366.2,598
D_t2000_r5,1791036174.053,435,1199,2001.7,820.7,1461
D_t5000_r1_produtor_unico,1791036238.439,438,1197,2212.6,1885.0,635
D_t5000_r1_produtor_unico,1791036239.074,439,1368,2154.3,2224.4,615
D_t5000_r1_produtor_unico,1791036239.689,440,1311,2131.7,1803.3,727
D_t5000_r1_produtor_unico,1791036240.416,441,1539,2116.9,2573.6,598
D_t5000_r1_produtor_unico,1791036241.014,442,1368,2287.6,2164.6,632
D_t5000_r1_produtor_unico,1791036241.647,443,798,1260.7,1182.2,675
D_t5000_r1_produtor_unico,1791036242.323,444,1311,1939.3,2244.9,584
D_t5000_r1_produtor_unico,1791036242.907,445,1197,2049.7,1968.8,608
D_t5000_r1_produtor_unico,1791036243.516,446,1368,2246.3,2130.8,642
D_t5000_r1_produtor_unico,1791036244.158,447,1368,2130.8,2011.8,680
D_t5000_r1_produtor_unico,1791036244.839,448,1368,2008.8,2261.2,605
D_t5000_r1_produtor_unico,1791036245.444,449,1311,2166.9,2077.7,631
D_t5000_r1_produtor_unico,1791036246.075,450,1368,2168.0,1985.5,689
D_t5000_r1_produtor_unico,1791036246.764,451,1425,2068.2,2347.6,607
D_t5000_r1_produtor_unico,1791036247.371,452,1197,1972.0,1850.1,647
D_t5000_r1_produtor_unico,1791036248.019,453,1424,2197.5,2204.3,646
D_t5000_r1_produtor_unico,1791036248.665,454,1368,2117.6,2072.7,660
D_t5000_r1_produtor_unico,1791036249.325,455,1539,2331.8,2450.6,628
D_t5000_r1_produtor_unico,1791036249.954,456,1254,1993.6,1732.0,724
D_t5000_r1_produtor_unico,1791036250.679,457,1425,1965.5,1875.0,760
D_t5000_r1_produtor_unico,1791036251.44,458,1082,1421.8,1629.5,664
D_t5000_r1_produtor_unico,1791036252.104,459,1311,1974.4,1674.3,782
D_t5000_r1_produtor_unico,1791036252.887,460,1596,2038.3,2436.6,655
D_t5000_r1_produtor_unico,1791036253.543,461,1254,1911.6,1897.1,661
D_t5000_r1_produtor_unico,1791036254.205,462,1425,2152.6,2320.8,614
D_t5000_r1_produtor_unico,1791036254.819,463,1311,2135.2,2054.9,638
D_t5000_r1_produtor_unico,1791036255.458,464,1311,2051.6,1562.6,839
D_t5000_r1_produtor_unico,1791036256.298,465,1880,2238.1,2887.9,651
D_t5000_r1_produtor_unico,1791036256.949,466,1368,2101.4,1776.6,770
D_t5000_r1_produtor_unico,1791036257.72,467,1596,2070.0,2513.4,635
D_t5000_r1_produtor_unico,1791036258.355,468,1368,2154.3,2120.9,645
D_t5000_r1_produtor_unico,1791036259.001,469,1368,2117.6,2085.4,656
D_t5000_r1_produtor_unico,1791036259.657,470,1368,2085.4,2168.0,630
D_t5000_r1_produtor_unico,1791036260.288,471,741,1174.3,1116.0,664
D_t5000_r1_produtor_unico,1791036260.952,472,1140,1716.9,1906.4,597
D_t5000_r1_produtor_unico,1791036261.55,473,1254,2097.0,2025.8,619
D_t5000_r1_produtor_unico,1791036262.17,474,1368,2206.5,1965.5,696
D_t5000_r1_produtor_unico,1791036262.866,475,1254,1801.7,2039.0,615
D_t5000_r1_produtor_unico,1791036263.482,476,1311,2128.2,2237.2,586
D_t5000_r1_produtor_unico,1791036264.068,477,1197,2042.7,1876.2,638
D_t5000_r1_produtor_unico,1791036264.707,478,1368,2140.8,2213.6,618
D_t5000_r1_produtor_unico,1791036265.326,479,1311,2117.9,1846.5,710
D_t5000_r1_produtor_unico,1791036266.037,480,1482,2084.4,2457.7,603
D_t5000_r1_produtor_unico,1791036266.641,481,1311,2170.5,1875.5,699
D_t5000_r1_produtor_unico,1791036267.341,482,1425,2035.7,2258.3,631
D_t5000_r1_produtor_unico,1791036267.972,483,1311,2077.7,1968.5,666
D_t5000_r1_produtor_unico,1791036268.639,484,1368,2051.0,2242.6,610
D_t5000_r1_produtor_unico,1791036269.25,485,1368,2239.0,2069.6,661
D_t5000_r1_produtor_unico,1791036269.912,486,399,602.7,722.8,552
D_t5000_r1_produtor_unico,1791036270.465,487,1311,2370.7,2045.2,641
D_t5000_r1_produtor_unico,1791036271.106,488,1254,1956.3,2093.5,599
D_t5000_r1_produtor_unico,1791036271.705,489,1197,1998.3,1998.3,599
D_t5000_r1_produtor_unico,1791036272.304,490,1368,2283.8,2217.2,617
D_t5000_r1_produtor_unico,1791036272.922,491,1197,1936.9,1885.0,635
D_t5000_r1_produtor_unico,1791036273.557,492,1368,2154.3,2171.4,630
D_t5000_r1_produtor_unico,1791036274.187,493,1311,2081.0,1911.1,685
D_t5000_r1_produtor_unico,1791036274.873,494,1311,1911.1,2001.5,655
D_t5000_r1_produtor_unico,1791036275.528,495,1368,2088.5,2272.4,602
D_t5000_r1_produtor_unico,1791036276.131,496,1197,1985.1,2046.2,585
D_t5000_r1_produtor_unico,1791036276.716,497,1254,2143.6,1990.5,630
D_t5000_r1_produtor_unico,1791036277.346,498,1368,2171.4,2147.6,637
D_t5000_r1_produtor_unico,1791036277.984,499,1254,1965.5,2069.3,606
D_t5000_r1_produtor_unico,1791036278.591,500,1254,2065.9,1235.5,1015
D_t5000_r1_produtor_unico,1791036279.606,501,1140,1123.2,1875.0,608
D_t5000_r1_produtor_unico,1791036280.214,502,1254,2062.5,2100.5,597
D_t5000_r1_produtor_unico,1791036280.812,503,1311,2192.3,2038.9,643
D_t5000_r1_produtor_unico,1791036281.455,504,1311,2038.9,2166.9,605
D_t5000_r1_produtor_unico,1791036282.061,505,1253,2067.7,2057.5,609
D_t5000_r1_produtor_unico,1791036282.67,506,1311,2152.7,1897.3,691
D_t5000_r1_produtor_unico,1791036283.362,507,1254,1812.1,2042.3,614
D_t5000_r1_produtor_unico,1791036283.977,508,1311,2131.7,2222.0,590
D_t5000_r1_produtor_unico,1791036284.568,509,1310,2216.6,2144.0,611
D_t5000_r1_produtor_unico,1791036285.182,510,1311,2135.2,2020.0,649
D_t5000_r1_produtor_unico,1791036285.832,511,1140,1753.8,1847.6,617
D_t5000_r1_produtor_unico,1791036286.45,512,1310,2119.7,2092.7,626
D_t5000_r1_produtor_unico,1791036287.077,513,1311,2090.9,2145.7,611
D_t5000_r1_produtor_unico,1791036287.688,514,1197,1959.1,1622.0,738
D_t5000_r1_produtor_unico,1791036288.427,515,456,617.1,746.3,611
D_t5000_r1_produtor_unico,1791036289.038,516,1083,1772.5,1820.2,595
D_t5000_r1_produtor_unico,1791036289.634,517,1197,2008.4,1988.4,602
D_t5000_r1_produtor_unico,1791036290.237,518,1252,2076.3,2118.4,591
D_t5000_r1_produtor_unico,1791036290.829,519,1311,2214.5,2104.3,623
D_t5000_r1_produtor_unico,1791036291.452,520,1249,2004.8,2176.0,574
D_t5000_r1_produtor_unico,1791036292.026,521,1136,1979.1,1811.8,627
D_t5000_r1_produtor_unico,1791036292.653,522,1366,2178.6,2168.3,629
D_t5000_r1_produtor_unico,1791036293.283,523,1365,2166.7,2286.4,597
D_t5000_r1_produtor_unico,1791036293.881,524,1307,2185.6,2111.5,619
D_t5000_r1_produtor_unico,1791036294.501,525,1305,2104.8,2157.0,605
D_t5000_r1_produtor_unico,1791036295.107,526,1248,2059.4,2073.1,602
D_t5000_r1_produtor_unico,1791036295.71,527,1193,1978.4,1995.0,598
D_t5000_r1_produtor_unico,1791036296.308,528,1253,2095.3,2171.6,577
D_t5000_r1_produtor_unico,1791036296.886,529,1254,2169.6,1962.4,639
D_t5000_r1_produtor_unico,1791036297.525,530,1250,1956.2,1941.0,644
D_t5000_r1_produtor_unico,1791036298.17,531,1766,2738.0,2983.1,592
D_t5000_r1_produtor_unico,1791036298.763,532,1878,3166.9,3000.0,626
D_t5000_r1_produtor_unico,1791036299.389,533,2045,3266.8,3314.4,617
D_t5000_r1_produtor_unico,1791036300.006,534,1874,3037.3,3144.3,596
D_t5000_r1_produtor_unico,1791036300.603,535,2043,3422.1,3300.5,619
D_t5000_r1_produtor_unico,1791036301.223,536,1991,3211.3,3030.4,657
D_t5000_r1_produtor_unico,1791036301.88,537,2048,3117.2,3287.3,622
D_t5000_r1_produtor_unico,1791036302.503,538,1988,3191.0,3404.1,584
D_t5000_r1_produtor_unico,1791036303.088,539,1992,3405.1,3112.5,640
D_t5000_r1_produtor_unico,1791036303.729,540,2050,3198.1,3203.1,640
D_t5000_r1_produtor_unico,1791036304.369,541,2165,3382.8,3409.4,635
D_t5000_r1_produtor_unico,1791036305.005,542,1994,3135.2,2586.3,771
D_t5000_r1_produtor_unico,1791036305.777,543,2504,3243.5,3900.3,642
D_t5000_r1_produtor_unico,1791036306.42,544,2107,3276.8,3500.0,602
D_t5000_r1_produtor_unico,1791036307.023,545,1995,3308.5,3031.9,658
D_t5000_r1_produtor_unico,1791036307.681,546,2166,3291.8,3332.3,650
D_t5000_r1_produtor_unico,1791036308.332,547,2109,3239.6,2991.5,705
D_t5000_r1_produtor_unico,1791036309.038,548,2451,3471.7,3902.9,628
D_t5000_r1_produtor_unico,1791036309.666,549,2049,3262.7,3337.1,614
D_t5000_r1_produtor_unico,1791036310.28,550,1981,3226.4,3397.9,582
D_t5000_r1_produtor_unico,1791036310.863,551,1920,3293.3,3157.9,608
D_t5000_r1_produtor_unico,1791036311.471,552,1911,3143.1,2814.4,679
D_t5000_r1_produtor_unico,1791036312.151,553,2360,3470.6,3825.0,617
D_t5000_r1_produtor_unico,1791036312.769,554,2026,3278.3,2979.4,680
D_t5000_r1_produtor_unico,1791036313.45,555,2090,3069.0,2824.3,740
D_t5000_r1_produtor_unico,1791036314.191,556,2482,3349.5,4048.9,613
D_t5000_r1_produtor_unico,1791036314.804,557,2036,3321.4,3242.0,628
D_t5000_r1_produtor_unico,1791036315.432,558,2097,3339.2,3382.3,620
D_t5000_r1_produtor_unico,1791036316.053,559,2086,3359.1,3160.6,660
D_t5000_r1_produtor_unico,1791036316.714,560,2094,3167.9,3495.8,599
D_t5000_r1_produtor_unico,1791036317.313,561,2044,3412.4,3106.4,657
D_t5000_r1_produtor_unico,1791036317.971,562,2089,3174.8,3487.5,599
D_t5000_r1_produtor_unico,1791036318.57,563,2034,3395.7,3384.4,600
D_t5000_r1_produtor_unico,1791036319.171,564,2030,3377.7,3360.9,604
D_t5000_r1_produtor_unico,1791036319.775,565,2094,3466.9,3388.3,618
D_t5000_r1_produtor_unico,1791036320.394,566,2097,3387.7,3088.4,679
D_t5000_r1_produtor_unico,1791036321.074,567,2257,3319.1,3736.8,604
D_t5000_r1_produtor_unico,1791036321.679,568,1977,3267.8,3396.9,582
D_t5000_r1_produtor_unico,1791036322.261,569,1916,3292.1,3055.8,626
D_t5000_r1_produtor_unico,1791036322.888,570,1925,3070.2,3296.2,584
D_t5000_r1_produtor_unico,1791036323.473,571,1982,3388.0,2936.3,675
D_t5000_r1_produtor_unico,1791036324.148,572,2205,3266.7,3550.7,621
D_t5000_r1_produtor_unico,1791036324.769,573,2141,3447.7,3550.6,603
D_t5000_r1_produtor_unico,1791036325.373,574,1979,3276.5,3239.0,610
D_t5000_r1_produtor_unico,1791036325.984,575,1985,3248.8,3302.8,601
D_t5000_r1_produtor_unico,1791036326.585,576,2042,3397.7,2989.8,683
D_t5000_r1_produtor_unico,1791036327.268,577,2202,3224.0,3276.8,672
D_t5000_r1_produtor_unico,1791036327.94,578,2207,3284.2,3212.5,687
D_t5000_r1_produtor_unico,1791036328.628,579,2209,3210.8,3192.2,692
D_t5000_r1_produtor_unico,1791036329.32,580,2319,3351.2,3770.7,615
D_t5000_r1_produtor_unico,1791036329.935,581,2087,3393.5,3096.4,674
D_t5000_r1_produtor_unico,1791036330.61,582,2308,3419.3,3746.8,616
D_t5000_r1_produtor_unico,1791036331.226,583,2033,3300.3,3382.7,601
D_t5000_r1_produtor_unico,1791036331.827,584,2101,3495.8,2546.7,825
D_t5000_r1_produtor_unico,1791036332.653,585,2651,3209.4,3577.6,741
D_t5000_r1_produtor_unico,1791036333.394,586,2373,3202.4,3815.1,622
D_t5000_r1_produtor_unico,1791036334.017,587,1968,3158.9,3189.6,617
D_t5000_r1_produtor_unico,1791036334.634,588,2145,3476.5,3068.7,699
D_t5000_r1_produtor_unico,1791036335.333,589,2244,3210.3,3590.4,625
D_t5000_r1_produtor_unico,1791036335.959,590,2083,3327.5,2967.2,702
D_t5000_r1_produtor_unico,1791036336.662,591,2255,3207.7,3739.6,603
D_t5000_r1_produtor_unico,1791036337.266,592,2023,3349.3,3338.3,606
D_t5000_r1_produtor_unico,1791036337.872,593,1960,3234.3,3010.8,651
D_t5000_r1_produtor_unico,1791036338.524,594,1998,3064.4,3018.1,662
D_t5000_r1_produtor_unico,1791036339.187,595,2108,3179.5,3455.7,610
D_t5000_r1_produtor_unico,1791036339.797,596,2017,3306.6,2940.2,686
D_t5000_r1_produtor_unico,1791036340.483,597,2208,3218.7,3532.8,625
D_t5000_r1_produtor_unico,1791036341.108,598,2055,3288.0,3221.0,638
D_t5000_r1_produtor_unico,1791036341.746,599,2031,3183.4,2901.4,700
D_t5000_r1_produtor_unico,1791036342.446,600,2356,3365.7,3818.5,617
D_t5000_r1_produtor_unico,1791036343.064,601,2137,3457.9,3520.6,607
D_t5000_r1_produtor_unico,1791036343.672,602,2025,3330.6,3134.7,645
D_t5000_r1_produtor_unico,1791036344.318,603,2082,3222.9,3294.3,632
D_t5000_r1_produtor_unico,1791036344.951,604,2025,3199.1,2973.6,681
D_t5000_r1_produtor_unico,1791036345.633,605,2312,3390.0,3350.7,690
D_t5000_r1_produtor_unico,1791036346.324,606,2307,3338.6,3691.2,625
D_t5000_r1_produtor_unico,1791036346.95,607,2092,3341.9,3289.3,636
D_t5000_r1_produtor_unico,1791036347.586,608,2082,3273.6,3534.8,589
D_t5000_r1_produtor_unico,1791036348.175,609,2044,3470.3,2997.1,682
D_t5000_r1_produtor_unico,1791036348.858,610,2217,3246.0,3294.2,673
D_t5000_r1_produtor_unico,1791036349.531,611,2223,3303.1,3135.4,709
D_t5000_r1_produtor_unico,1791036350.24,612,2394,3376.6,3415.1,701
D_t5000_r1_produtor_unico,1791036350.941,613,2223,3171.2,3506.3,633
D_t5000_r1_produtor_unico,1791036351.575,614,1938,3056.8,3135.9,618
D_t5000_r1_produtor_unico,1791036352.193,615,2118,3427.2,2533.5,836
D_t5000_r1,1791036637.566,4,56,4000.0,55.3,1013
D_t5000_r1,1791036638.581,5,5309,5230.5,3006.2,1766
D_t5000_r1,1791036640.348,6,8857,5012.5,3874.5,2286
D_t5000_r1,1791036642.635,7,11439,5001.7,5164.3,2215
D_t5000_r1,1791036644.852,8,11091,5002.7,5214.4,2127
D_t5000_r1,1791036646.981,9,10627,4991.5,5759.9,1845
D_t5000_r1,1791036648.827,10,9250,5010.8,6450.5,1434
D_t5000_r1,1791036650.262,11,7179,5002.8,5270.9,1362
D_t5000_r1,1791036651.625,12,6800,4989.0,5388.3,1262
D_t5000_r1,1791036652.888,13,6336,5016.6,4415.3,1435
D_t5000_r1,1791036654.324,14,7161,4986.8,4935.2,1451
D_t5000_r1,1791036655.776,15,7279,5013.1,6010.7,1211
D_t5000_r1,1791036656.988,16,6061,5000.8,4109.2,1475
D_t5000_r1,1791036658.464,17,7367,4991.2,4921.2,1497
D_t5000_r1,1791036659.963,18,7504,5006.0,5146.8,1458
D_t5000_r1,1791036661.422,19,7255,4972.6,4879.0,1487
D_t5000_r1,1791036662.911,20,7471,5017.5,4091.5,1826
D_t5000_r1,1791036664.738,21,9126,4995.1,6055.7,1507
D_t5000_r1,1791036666.247,22,7575,5019.9,5525.2,1370
D_t5000_r1,1791036667.619,23,6826,4975.2,4720.6,1446
D_t5000_r1,1791036669.066,24,7239,5002.8,5496.6,1317
D_t5000_r1,1791036670.384,25,6602,5009.1,5252.2,1257
D_t5000_r1,1791036671.642,26,6306,5012.7,4884.6,1291
D_t5000_r1,1791036672.934,27,6438,4983.0,5221.4,1233
D_t5000_r1,1791036674.169,28,6152,4981.4,5101.2,1205
D_t5000_r1,1791036675.376,29,6057,5018.2,4981.1,1216
D_t5000_r1,1791036676.595,30,6099,5003.3,4445.3,1372
D_t5000_r1,1791036677.969,31,6892,5016.0,5598.7,1231
D_t5000_r1,1791036679.202,32,6158,4994.3,4459.1,1381
D_t5000_r1,1791036680.584,33,6890,4985.5,5320.5,1295
D_t5000_r1,1791036681.88,34,6481,5000.8,5087.1,1274
D_t5000_r1,1791036683.156,35,6394,5011.0,4609.9,1387
D_t5000_r1,1791036684.544,36,6906,4975.5,5455.0,1266
D_t5000_r1,1791036685.812,37,6341,5000.8,4911.7,1290
D_t5000_r1,1791036687.104,38,6496,5027.9,4545.8,1429
D_t5000_r1,1791036688.535,39,7127,4980.4,4928.8,1445
D_t5000_r1,1791036689.982,40,7243,5005.5,5641.0,1283
D_t5000_r1,1791036691.267,41,6429,5003.1,4881.5,1316
D_t5000_r1,1791036692.584,42,6582,4997.7,4586.8,1434
D_t5000_r1,1791036694.02,43,7161,4986.8,4979.8,1438
D_t5000_r1,1791036695.46,44,7237,5025.7,5344.9,1354
D_t5000_r1,1791036696.817,45,6726,4956.5,4526.2,1486
D_t5000_r2,1791036908.845,48,26837,5083.7,10636.9,2523
D_t5000_r2,1791036911.369,49,12623,5001.2,6849.2,1843
D_t5000_r2,1791036913.212,50,9219,5002.2,5624.8,1639
D_t5000_r2,1791036914.852,51,8198,4998.8,6574.2,1247
D_t5000_r2,1791036916.101,52,6227,4985.6,4853.5,1283
D_t5000_r2,1791036917.386,53,6440,5011.7,5062.9,1272
D_t5000_r2,1791036918.659,54,6344,4983.5,5191.5,1222
D_t5000_r2,1791036919.882,55,6138,5018.8,4970.0,1235
D_t5000_r2,1791036921.12,56,6163,4978.2,4887.4,1261
D_t5000_r2,1791036922.381,57,6316,5008.7,5000.8,1263
D_t5000_r2,1791036923.645,58,6326,5004.7,4930.6,1283
D_t5000_r2,1791036924.93,59,6412,4989.9,4694.0,1366
D_t5000_r2,1791036926.297,60,6831,4997.1,5486.7,1245
D_t5000_r2,1791036927.543,61,6251,5016.9,4356.1,1434
D_t5000_r2,1791036928.979,62,7143,4974.2,4988.1,1431
D_t5000_r2,1791036930.412,63,7202,5025.8,5185.0,1389
D_t5000_r2,1791036931.802,64,6972,5015.8,4730.0,1474
D_t5000_r2,1791036933.278,65,7324,4962.1,5187.0,1412
D_t5000_r2,1791036934.691,66,7088,5016.3,4687.8,1512
D_t5000_r2,1791036936.206,67,7565,4993.4,5442.4,1390
D_t5000_r2,1791036937.596,68,6974,5017.3,5495.7,1269
D_t5000_r2,1791036938.866,69,6335,4988.2,5003.9,1265
D_t5000_r2,1791036940.132,70,6339,5007.1,4751.9,1333
D_t5000_r2,1791036941.467,71,6667,4994.0,5224.9,1276
D_t5000_r2,1791036942.746,72,6395,5000.0,4765.3,1342
D_t5000_r2,1791036944.089,73,6725,5007.4,4722.6,1423
D_t5000_r2,1791036945.514,74,7100,4982.5,5478.4,1296
D_t5000_r2,1791036946.811,75,6500,5011.6,5023.2,1294
D_t5000_r2,1791036948.107,76,6489,5006.9,5245.8,1237
D_t5000_r2,1791036949.345,77,6147,4965.3,4580.5,1342
D_t5000_r2,1791036950.688,78,6742,5020.1,4678.7,1441
D_t5000_r2,1791036952.13,79,7223,5009.0,5709.9,1265
D_t5000_r2,1791036953.396,80,6340,5007.9,4685.9,1353
D_t5000_r2,1791036954.75,81,6750,4985.2,5319.1,1269
D_t5000_r2,1791036956.022,82,6361,5000.8,5634.2,1129
D_t5000_r2,1791036957.152,83,5654,5003.5,4719.5,1197
D_t5000_r2,1791036958.35,84,5980,4991.7,5155.2,1159
D_t5000_r2,1791036959.513,85,5799,4986.2,4443.7,1304
D_t5000_r2,1791036960.819,86,6559,5022.2,5298.1,1238
D_t5000_r2,1791036962.058,87,6177,4985.5,4799.5,1287
D_t5000_r2,1791036963.346,88,6457,5013.2,3857.2,1674
D_t5000_r3,1791037174.693,91,23902,5073.7,11143.1,2145
D_t5000_r3,1791037176.839,92,10736,5002.8,7429.8,1445
D_t5000_r3,1791037178.287,93,7188,4964.1,5235.3,1373
D_t5000_r3,1791037179.661,94,6916,5033.5,5673.5,1218
D_t5000_r3,1791037180.881,95,6076,4980.3,5439.6,1117
D_t5000_r3,1791037181.999,96,5623,5029.5,5329.9,1055
D_t5000_r3,1791037183.055,97,5276,4996.2,4827.1,1093
D_t5000_r3,1791037184.148,98,5490,5022.9,5189.0,1057
D_t5000_r3,1791037185.206,99,5265,4976.4,5212.9,1010
D_t5000_r3,1791037186.217,100,5057,5002.0,4511.2,1120
D_t5000_r3,1791037187.339,101,5612,5001.8,5907.4,950
D_t5000_r3,1791037188.29,102,4759,5004.2,4652.0,1023
D_t5000_r3,1791037189.314,103,5108,4988.3,4911.5,1040
D_t5000_r3,1791037190.355,104,5208,5002.9,4068.8,1280
D_t5000_r3,1791037191.636,105,6398,4994.5,5151.4,1242
D_t5000_r3,1791037192.878,106,6209,4999.2,5325.0,1166
D_t5000_r3,1791037194.045,107,5846,5009.4,6083.2,961
D_t5000_r3,1791037195.01,108,4808,4982.4,5192.2,925
D_t5000_r3,1791037195.936,109,4623,4992.4,3297.4,1401
D_t5000_r3,1791037197.339,110,7053,5027.1,6874.3,1026
D_t5000_r3,1791037198.365,111,5120,4990.3,5344.5,958
D_t5000_r3,1791037199.324,112,4793,4997.9,3928.7,1220
D_t5000_r3,1791037200.546,113,6088,4982.0,5916.4,1029
D_t5000_r3,1791037201.576,114,5163,5012.6,5361.4,963
D_t5000_r3,1791037202.54,115,4821,5001.0,4270.2,1129
D_t5000_r3,1791037203.67,116,5657,5006.2,5898.9,959
D_t5000_r3,1791037204.63,117,4778,4977.1,5171.0,923
D_t5000_r3,1791037205.554,118,4659,5042.2,4329.9,1076
D_t5000_r3,1791037206.631,119,5344,4961.9,5414.4,987
D_t5000_r3,1791037207.619,120,4949,5009.1,5414.7,914
D_t5000_r3,1791037208.534,121,4594,5020.8,4150.0,1107
D_t5000_r3,1791037209.642,122,5537,4997.3,5033.6,1100
D_t5000_r3,1791037210.747,123,5495,4972.9,5069.2,1083
D_t5000_r3,1791037211.832,124,5451,5024.0,4951.0,1101
D_t5000_r3,1791037212.936,125,5506,4987.3,4245.2,1296
D_t5000_r3,1791037214.233,126,6465,4984.6,5369.6,1204
D_t5000_r3,1791037215.438,127,6034,5007.5,5003.3,1206
D_t5000_r3,1791037216.647,128,6042,4997.5,4270.0,1415
D_t5000_r3,1791037218.063,129,7119,5027.5,5636.6,1263
D_t5000_r3,1791037219.326,130,6298,4986.5,3680.9,1711
D_t5000_r3,1791037221.038,131,8532,4983.6,5205.6,1638
D_t5000_r3,1791037222.677,132,8189,4996.3,6387.7,1282
D_t5000_r3,1791037223.96,133,6339,4940.8,5560.5,1140
D_t5000_r3,1791037225.101,134,5808,5090.3,4737.4,1226
D_t5000_r3,1791037226.329,135,6199,5048.0,4163.2,1488
D_t5000_r3,1791037227.818,136,7557,5075.2,6219.8,1215
D_t5000_r3,1791037229.034,137,5902,4853.6,4650.9,1269
D_t5000_r4,1791037439.971,140,27165,5083.3,11584.2,2345
D_t5000_r4,1791037442.317,141,11724,4997.4,8949.6,1310
D_t5000_r4,1791037443.628,142,6555,5000.0,5975.4,1096
D_t5000_r4,1791037444.725,143,5484,4999.1,5188.3,1057
D_t5000_r4,1791037445.783,144,5290,5000.0,5493.3,962
D_t5000_r4,1791037446.748,145,4844,5019.7,4356.1,1112
D_t5000_r4,1791037447.864,146,5565,4986.6,5402.9,1030
D_t5000_r4,1791037448.895,147,5157,5001.9,5497.9,938
D_t5000_r4,1791037449.834,148,4694,4998.9,5107.7,919
D_t5000_r4,1791037450.754,149,4590,4989.1,4309.9,1065
D_t5000_r4,1791037451.82,150,5340,5009.4,5255.9,1016
D_t5000_r4,1791037452.837,151,5075,4990.2,5314.1,955
D_t5000_r4,1791037453.793,152,4802,5023.0,4496.3,1068
D_t5000_r4,1791037454.863,153,5348,4998.1,5513.4,969
D_t5000_r4,1791037455.833,154,4844,4993.8,5208.6,930
D_t5000_r4,1791037456.764,155,4644,4988.2,4552.9,1020
D_t5000_r4,1791037457.784,156,5080,4980.4,5141.7,988
D_t5000_r4,1791037458.772,157,4962,5022.3,5042.7,984
D_t5000_r4,1791037459.757,158,4918,4992.9,5357.3,918
D_t5000_r4,1791037460.675,159,4598,5008.7,4395.8,1046
D_t5000_r4,1791037461.722,160,5243,5007.6,4810.1,1090
D_t5000_r4,1791037462.814,161,5429,4971.6,5556.8,977
D_t5000_r4,1791037463.792,162,4922,5032.7,4816.0,1022
D_t5000_r4,1791037464.814,163,5105,4995.1,5368.0,951
D_t5000_r4,1791037465.766,164,4756,4995.8,4644.5,1024
D_t5000_r4,1791037466.791,165,5128,5002.9,5375.3,954
D_t5000_r4,1791037467.746,166,4789,5014.7,4467.4,1072
D_t5000_r4,1791037468.819,167,5347,4983.2,5039.6,1061
D_t5000_r4,1791037469.881,168,5308,4998.1,5449.7,974
D_t5000_r4,1791037470.856,169,4885,5010.3,3757.7,1300
D_t5000_r4,1791037472.157,170,6449,4957.0,5799.5,1112
D_t5000_r4,1791037473.27,171,5614,5044.0,5326.4,1054
D_t5000_r4,1791037474.325,172,5272,4997.2,5584.7,944
D_t5000_r4,1791037475.27,173,4722,4996.8,4514.3,1046
D_t5000_r4,1791037476.317,174,5176,4943.6,4705.5,1100
D_t5000_r4,1791037477.418,175,5591,5078.1,5259.6,1063
D_t5000_r4,1791037478.481,176,5307,4992.5,5127.5,1035
D_t5000_r4,1791037479.517,177,5148,4969.1,4612.9,1116
D_t5000_r4,1791037480.633,178,5599,5017.0,5090.0,1100
D_t5000_r4,1791037481.733,179,5472,4974.5,4672.9,1170
D_t5000_r4,1791037482.905,180,5851,4992.3,5916.1,989
D_t5000_r4,1791037483.895,181,4995,5045.5,5005.0,998
D_t5000_r4,1791037484.894,182,4982,4987.0,4879.5,1021
D_t5000_r4,1791037485.918,183,5116,4996.1,4672.1,1094
D_t5000_r4,1791037487.014,184,5482,5001.8,4813.0,1139
D_t5000_r4,1791037488.154,185,5704,5003.5,5012.3,1138
D_t5000_r4,1791037489.293,186,5704,5007.9,5138.7,1110
D_t5000_r4,1791037490.404,187,5553,4998.2,5913.7,939
D_t5000_r4,1791037491.344,188,4708,5008.5,4878.8,965
D_t5000_r4,1791037492.31,189,4779,4947.2,4259.4,1122
D_t5000_r4,1791037493.433,190,5659,5039.2,4840.9,1169
D_t5000_r5,1791037709.413,193,26780,5089.3,11771.4,2275
D_t5000_r5,1791037711.688,194,11366,4996.0,8224.3,1382
D_t5000_r5,1791037713.071,195,6902,4990.6,7159.8,964
D_t5000_r5,1791037714.036,196,4800,4974.1,4819.3,996
D_t5000_r5,1791037715.033,197,5012,5027.1,5525.9,907
D_t5000_r5,1791037715.94,198,4527,4991.2,4780.4,947
D_t5000_r5,1791037716.887,199,4745,5010.6,4562.5,1040
D_t5000_r5,1791037717.928,200,5204,4999.0,5392.7,965
D_t5000_r5,1791037718.894,201,4845,5015.5,4773.4,1015
D_t5000_r5,1791037719.91,202,5057,4977.4,5581.7,906
D_t5000_r5,1791037720.817,203,4559,5026.5,5009.9,910
D_t5000_r5,1791037721.728,204,4543,4986.8,4822.7,941
D_t5000_r5,1791037722.67,205,4690,4978.8,4271.4,1098
D_t5000_r5,1791037723.768,206,5496,5005.5,5224.3,1052
D_t5000_r5,1791037724.821,207,5284,5018.0,4278.5,1235
D_t5000_r5,1791037726.057,208,6173,4994.3,5652.9,1092
D_t5000_r5,1791037727.15,209,5459,4994.5,5564.7,981
D_t5000_r5,1791037728.131,210,4917,5012.2,4868.3,1010
D_t5000_r5,1791037729.142,211,5064,5008.9,4545.8,1114
D_t5000_r5,1791037730.257,212,5560,4986.5,5667.7,981
D_t5000_r5,1791037731.238,213,4896,4990.8,5142.9,952
D_t5000_r5,1791037732.191,214,4782,5017.8,5284.0,904
D_t5000_r5,1791037733.096,215,4522,4996.7,4810.6,940
D_t5000_r5,1791037734.036,216,4703,5003.2,4966.2,947
D_t5000_r5,1791037734.983,217,4738,5003.2,5464.8,867
D_t5000_r5,1791037735.851,218,4314,4970.0,4140.1,1042
D_t5000_r5,1791037736.894,219,5206,4991.4,4967.6,1048
D_t5000_r5,1791037737.943,220,5268,5021.9,5821.0,905
D_t5000_r5,1791037738.849,221,4487,4952.5,5002.2,897
D_t5000_r5,1791037739.747,222,4544,5060.1,3736.8,1216
D_t5000_r5,1791037740.964,223,6063,4981.9,6498.4,933
D_t5000_r5,1791037741.898,224,4692,5023.6,5393.1,870
D_t5000_r5,1791037742.769,225,4345,4988.5,4194.0,1036
D_t5000_r5,1791037743.806,226,5190,5004.8,5033.9,1030
D_t5000_r5,1791037744.837,227,5147,4992.2,4997.1,1030
D_t5000_r5,1791037745.869,228,5161,5001.0,5628.1,917
D_t5000_r5,1791037746.79,229,4592,4985.9,4336.2,1058
D_t5000_r5,1791037747.85,230,5307,5006.6,5749.7,923
D_t5000_r5,1791037748.774,231,4632,5013.0,5129.6,903
D_t5000_r5,1791037749.678,232,4521,5001.1,4043.8,1118
D_t5000_r5,1791037750.798,233,5586,4987.5,5391.9,1036
D_t5000_r5,1791037751.835,234,5221,5034.7,5853.1,891
D_t5000_r5,1791037752.727,235,4459,4998.9,4476.9,996
D_t5000_r5,1791037753.723,236,4974,4994.0,4881.3,1019
D_t5000_r5,1791037754.743,237,5074,4974.5,5048.8,1005
D_t5000_r5,1791037755.749,238,5032,5002.0,5193.0,968
D_t5000_r5,1791037756.719,239,4841,4990.7,4865.3,995
D_t5000_r5,1791037757.716,240,4996,5011.0,5389.4,927
D_t5000_r5,1791037758.644,241,4661,5022.6,4633.2,1006
D_t5000_r5,1791037759.65,242,5021,4991.1,4710.1,1066
D_t5000_r5,1791037760.718,243,5342,5001.9,4950.9,1078
D_t5000_r5,1791037761.798,244,5391,4991.7,5462.0,987
D_t5000_r5,1791037762.786,245,4943,5003.0,5269.7,938
D_t5000_r5,1791037763.725,246,4688,4992.5,4265.7,1099
